location_id,business_date,labor_hours,labor_cost,marketing_spend,promo_redemptions,loyalty_signups,weather_severity_index,banquet_covers,banquet_sales,delivery_app_spend,delivery_orders,discount_depth,promo_margin
1,2025-06-15,15.55,280.04,81.87,17,2,0.753,12,456.0,42.38,17,6.0,325.11
2,2025-06-15,39.02,702.07,193.54,19,10,0.319,0,0.0,177.14,47,6.0,680.19
3,2025-06-15,24.54,435.84,112.91,19,8,0.286,0,0.0,139.2,29,6.0,379.54
4,2025-06-15,26.47,462.05,113.25,11,6,0.819,0,0.0,68.16,29,6.0,799.77
5,2025-06-15,18.61,335.07,131.38,19,4,0.233,0,0.0,68.71,30,6.0,810.64
6,2025-06-15,29.81,676.3,110.24,28,11,0.878,18,684.0,53.04,20,6.0,468.88
7,2025-06-15,21.5,463.93,98.93,13,4,0.051,0,0.0,49.99,23,6.0,640.77
8,2025-06-15,19.94,443.71,141.8,18,4,0.064,18,684.0,136.38,39,6.0,482.02
9,2025-06-15,22.9,500.47,112.73,19,4,0.898,12,456.0,99.31,26,6.0,627.83
10,2025-06-15,18.67,413.28,69.64,15,5,0.26,12,456.0,89.3,29,6.0,369.37
11,2025-06-15,23.23,522.26,112.05,15,6,0.104,0,0.0,0.0,0,6.0,627.83
12,2025-06-15,24.35,532.84,152.56,20,4,0.678,0,0.0,76.15,31,6.0,658.21
13,2025-06-15,32.05,664.11,62.59,9,3,0.005,0,0.0,303.86,60,6.0,562.19
14,2025-06-15,28.49,585.67,139.71,20,3,0.128,24,912.0,109.66,37,6.0,349.98
15,2025-06-15,35.12,731.63,94.6,18,5,0.335,0,0.0,45.52,21,6.0,798.41
16,2025-06-15,23.68,495.46,127.59,19,4,0.559,12,456.0,394.9,51,6.0,317.74
17,2025-06-15,20.68,430.53,78.96,21,6,0.236,0,0.0,179.91,40,6.0,351.49
18,2025-06-15,21.08,437.96,219.56,27,7,0.687,0,0.0,0.0,0,6.0,856.03
19,2025-06-15,39.22,795.76,114.96,24,7,0.833,12,456.0,372.96,40,6.0,717.63
20,2025-06-15,15.75,258.25,59.16,9,4,0.899,0,0.0,259.99,46,6.0,332.44
21,2025-06-15,29.29,478.94,126.09,24,8,0.207,0,0.0,322.27,46,6.0,903.6
22,2025-06-15,32.65,535.92,128.39,22,4,0.31,40,1520.0,144.6,37,6.0,420.16
23,2025-06-15,23.37,384.77,220.21,21,13,0.807,0,0.0,163.98,26,6.0,641.06
24,2025-06-15,14.43,233.0,151.64,31,8,0.847,0,0.0,111.73,28,6.0,638.64
1,2025-06-16,15.25,274.6,79.76,16,5,0.431,0,0.0,154.1,27,7.4,322.91
2,2025-06-16,23.93,430.67,180.08,31,8,0.648,0,0.0,56.6,29,7.4,681.43
3,2025-06-16,20.07,356.42,104.5,17,5,0.745,0,0.0,100.76,26,7.4,370.79
4,2025-06-16,15.73,274.7,117.58,13,3,0.069,24,912.0,44.55,23,7.4,800.1
5,2025-06-16,23.32,419.94,114.68,21,8,0.566,0,0.0,363.72,58,7.4,813.83
6,2025-06-16,24.37,552.84,129.95,22,6,0.445,0,0.0,118.99,28,7.4,471.98
7,2025-06-16,18.8,405.81,98.77,17,5,0.822,40,1520.0,172.28,43,7.4,651.04
8,2025-06-16,20.16,448.79,160.47,16,9,0.456,18,684.0,67.9,33,7.4,480.34
9,2025-06-16,26.34,575.76,106.8,14,3,0.674,0,0.0,223.85,37,7.4,627.94
10,2025-06-16,26.52,587.12,92.35,11,8,0.497,12,456.0,132.88,42,7.4,370.39
11,2025-06-16,21.76,489.36,141.28,17,6,0.244,0,0.0,131.61,24,7.4,628.5
12,2025-06-16,17.98,393.46,147.21,18,8,0.146,12,456.0,132.87,40,7.4,661.24
13,2025-06-16,25.31,524.5,95.1,8,6,0.234,0,0.0,74.57,32,7.4,566.93
14,2025-06-16,28.63,588.73,135.15,24,8,0.296,0,0.0,353.96,58,7.4,347.33
15,2025-06-16,14.84,309.25,88.35,19,6,0.692,0,0.0,150.4,33,7.4,796.71
16,2025-06-16,23.58,493.63,124.25,20,7,0.606,12,456.0,73.05,27,7.4,319.29
17,2025-06-16,16.69,347.5,72.6,17,6,0.506,18,684.0,53.38,22,7.4,357.51
18,2025-06-16,35.19,731.26,212.6,25,9,0.876,0,0.0,45.69,16,7.4,851.93
19,2025-06-16,45.13,915.77,170.85,18,12,0.053,40,1520.0,55.96,19,7.4,714.67
20,2025-06-16,13.56,222.4,70.35,12,3,0.524,0,0.0,46.98,24,7.4,339.36
21,2025-06-16,25.14,411.27,119.98,25,8,0.847,24,912.0,125.38,32,7.4,907.43
22,2025-06-16,21.74,356.8,171.69,11,9,0.359,0,0.0,49.61,23,7.4,418.57
23,2025-06-16,17.29,284.68,186.26,25,6,0.693,0,0.0,254.99,33,7.4,644.12
24,2025-06-16,26.32,424.99,142.01,22,6,0.854,18,684.0,328.01,39,7.4,646.56
1,2025-06-17,24.61,443.27,93.01,16,3,0.837,12,456.0,188.43,37,8.8,329.64
2,2025-06-17,29.52,531.22,181.54,26,10,0.499,40,1520.0,142.7,43,8.8,685.87
3,2025-06-17,25.2,447.67,118.15,16,6,0.261,0,0.0,60.43,21,8.8,376.08
4,2025-06-17,21.74,379.64,112.31,20,2,0.783,18,684.0,72.32,28,8.8,806.81
5,2025-06-17,23.49,423.09,127.03,17,4,0.817,0,0.0,145.36,42,8.8,809.56
6,2025-06-17,14.9,338.17,102.58,23,9,0.135,0,0.0,110.6,27,8.8,471.92
7,2025-06-17,17.67,381.38,106.78,13,3,0.354,0,0.0,109.27,37,8.8,646.44
8,2025-06-17,27.92,621.5,157.22,23,7,0.828,0,0.0,352.85,57,8.8,480.37
9,2025-06-17,21.54,470.82,95.68,18,8,0.923,0,0.0,98.71,24,8.8,626.0
10,2025-06-17,13.59,300.95,99.13,11,5,0.692,0,0.0,218.29,50,8.8,374.1
11,2025-06-17,22.38,503.32,147.89,18,3,0.744,18,684.0,92.81,20,8.8,632.48
12,2025-06-17,14.96,327.39,121.08,21,3,0.695,40,1520.0,0.0,0,8.8,663.85
13,2025-06-17,23.97,496.78,87.92,14,5,0.719,0,0.0,180.12,52,8.8,569.51
14,2025-06-17,23.51,483.43,109.65,19,10,0.559,0,0.0,105.03,34,8.8,352.44
15,2025-06-17,18.96,395.0,62.61,16,4,0.407,0,0.0,107.77,27,8.8,800.46
16,2025-06-17,22.89,479.24,130.66,17,6,0.466,18,684.0,222.01,42,8.8,321.39
17,2025-06-17,26.67,555.21,72.77,17,5,0.274,40,1520.0,67.31,25,8.8,361.03
18,2025-06-17,28.79,598.35,207.22,25,8,0.74,40,1520.0,306.49,37,8.8,852.14
19,2025-06-17,24.12,489.59,175.22,22,11,0.87,0,0.0,304.06,36,8.8,721.74
20,2025-06-17,12.1,198.37,55.41,12,6,0.137,0,0.0,393.4,60,8.8,337.4
21,2025-06-17,27.7,453.15,115.83,20,8,0.973,0,0.0,44.27,19,8.8,909.72
22,2025-06-17,22.36,367.12,193.8,16,6,0.029,0,0.0,168.96,44,8.8,430.95
23,2025-06-17,34.37,566.0,201.03,16,11,0.998,0,0.0,88.25,20,8.8,641.71
24,2025-06-17,37.1,599.12,112.06,25,6,0.785,18,684.0,49.39,16,8.8,648.66
1,2025-06-18,22.35,402.56,78.62,18,3,0.367,40,1520.0,135.14,26,10.2,328.67
2,2025-06-18,20.81,374.45,179.7,23,7,0.262,12,456.0,343.46,61,10.2,683.8
3,2025-06-18,21.3,378.44,85.53,17,6,0.045,0,0.0,55.99,19,10.2,379.62
4,2025-06-18,15.03,262.51,119.52,10,10,0.997,12,456.0,89.46,32,10.2,807.18
5,2025-06-18,24.08,433.74,151.83,18,10,0.479,0,0.0,252.72,46,10.2,815.22
6,2025-06-18,37.12,842.46,108.72,19,7,0.339,0,0.0,0.0,0,10.2,471.34
7,2025-06-18,19.72,425.74,128.76,9,4,0.034,12,456.0,220.34,51,10.2,643.12
8,2025-06-18,21.98,489.23,164.07,17,5,0.961,0,0.0,372.45,64,10.2,486.56
9,2025-06-18,22.05,482.11,121.37,16,6,0.475,0,0.0,79.92,25,10.2,633.77
10,2025-06-18,22.5,498.26,106.97,15,5,0.171,0,0.0,231.59,53,10.2,375.36
11,2025-06-18,22.04,495.65,170.38,14,8,0.2,40,1520.0,221.56,28,10.2,632.52
12,2025-06-18,26.1,571.29,144.62,16,5,0.635,0,0.0,43.92,23,10.2,658.59
13,2025-06-18,13.38,277.38,81.9,13,5,0.178,40,1520.0,47.58,26,10.2,571.94
14,2025-06-18,22.94,471.82,115.34,23,5,0.776,0,0.0,144.16,33,10.2,352.2
15,2025-06-18,24.43,509.17,66.22,14,6,0.374,0,0.0,79.77,24,10.2,794.16
16,2025-06-18,23.53,492.68,122.78,16,8,0.303,12,456.0,40.55,19,10.2,316.25
17,2025-06-18,32.63,679.48,111.7,11,5,0.726,12,456.0,145.8,39,10.2,358.38
18,2025-06-18,33.02,686.32,149.89,36,8,0.788,24,912.0,310.15,28,10.2,857.9
19,2025-06-18,24.22,491.56,199.1,14,6,0.618,0,0.0,79.97,21,10.2,716.88
20,2025-06-18,14.57,238.97,71.52,14,4,0.301,0,0.0,116.13,31,10.2,341.49
21,2025-06-18,30.79,503.76,140.04,11,4,0.751,0,0.0,65.01,20,10.2,909.58
22,2025-06-18,31.61,519.01,180.64,22,7,0.672,0,0.0,267.0,55,10.2,425.51
23,2025-06-18,22.98,378.51,153.99,36,7,0.221,12,456.0,187.23,28,10.2,640.76
24,2025-06-18,39.96,645.41,115.13,21,8,0.162,12,456.0,198.95,30,10.2,647.97
1,2025-06-19,22.66,408.26,74.47,12,7,0.895,0,0.0,44.21,17,11.6,325.04
2,2025-06-19,34.56,622.16,181.09,23,11,0.361,12,456.0,61.91,29,11.6,684.83
3,2025-06-19,19.93,354.14,123.87,15,5,0.712,0,0.0,270.26,38,11.6,389.02
4,2025-06-19,16.02,279.86,143.78,15,4,0.719,0,0.0,156.78,42,11.6,803.76
5,2025-06-19,24.91,448.78,142.88,24,8,0.461,0,0.0,274.77,54,11.6,810.64
6,2025-06-19,28.82,653.99,98.19,19,4,0.945,0,0.0,194.36,35,11.6,469.7
7,2025-06-19,24.5,529.05,101.97,19,3,0.805,0,0.0,148.01,38,11.6,647.23
8,2025-06-19,20.7,460.86,115.75,24,5,0.653,18,684.0,210.28,49,11.6,486.9
9,2025-06-19,22.19,485.14,157.21,11,5,0.571,0,0.0,0.0,0,11.6,633.11
10,2025-06-19,15.11,334.62,89.04,12,3,0.484,0,0.0,188.54,45,11.6,371.95
11,2025-06-19,21.79,490.03,154.65,17,6,0.13,40,1520.0,50.48,14,11.6,633.55
12,2025-06-19,25.3,553.83,169.63,17,2,0.821,0,0.0,123.9,34,11.6,671.8
13,2025-06-19,12.4,257.08,66.46,12,8,0.701,12,456.0,245.99,52,11.6,570.65
14,2025-06-19,29.1,598.46,119.98,18,10,0.956,0,0.0,0.0,0,11.6,356.7
15,2025-06-19,24.99,520.96,109.54,10,5,1.0,0,0.0,267.97,41,11.6,799.11
16,2025-06-19,24.66,516.36,128.92,15,7,0.941,18,684.0,46.39,22,11.6,316.67
17,2025-06-19,21.79,453.77,118.53,17,5,0.827,40,1520.0,176.29,41,11.6,359.45
18,2025-06-19,29.71,617.5,132.83,28,7,0.371,12,456.0,386.33,40,11.6,851.32
19,2025-06-19,23.28,472.66,190.69,22,7,0.72,18,684.0,75.01,22,11.6,720.82
20,2025-06-19,18.3,300.2,65.96,15,3,0.106,0,0.0,184.48,39,11.6,339.76
21,2025-06-19,28.21,461.56,129.16,20,7,0.081,0,0.0,105.7,31,11.6,910.84
22,2025-06-19,13.76,225.98,184.85,20,6,0.783,0,0.0,75.44,28,11.6,428.53
23,2025-06-19,27.79,457.75,159.43,29,9,0.604,12,456.0,218.26,26,11.6,642.43
24,2025-06-19,30.33,490.0,126.74,12,7,0.604,0,0.0,84.52,21,11.6,643.99
1,2025-06-20,22.16,399.31,93.05,12,6,0.589,18,684.0,137.57,32,13.0,329.67
2,2025-06-20,29.66,534.02,128.52,31,5,0.037,0,0.0,250.53,51,13.0,688.44
3,2025-06-20,20.94,372.1,144.35,14,5,0.137,0,0.0,235.93,37,13.0,379.02
4,2025-06-20,22.69,396.3,126.73,17,5,0.648,40,1520.0,131.75,36,13.0,801.88
5,2025-06-20,20.48,368.92,131.02,19,6,0.926,0,0.0,162.13,44,13.0,809.43
6,2025-06-20,27.48,623.85,131.51,17,8,0.343,0,0.0,42.85,18,13.0,474.27
7,2025-06-20,18.25,393.99,113.38,16,4,0.881,18,684.0,95.54,30,13.0,649.22
8,2025-06-20,34.38,765.51,132.56,17,7,0.468,0,0.0,203.52,45,13.0,488.23
9,2025-06-20,22.34,488.61,134.7,26,4,0.512,0,0.0,130.0,31,13.0,630.02
10,2025-06-20,16.63,368.31,126.71,9,6,0.306,12,456.0,214.77,45,13.0,367.75
11,2025-06-20,24.16,543.44,171.63,9,2,0.151,0,0.0,45.96,14,13.0,633.48
12,2025-06-20,31.19,682.91,135.29,20,6,0.608,0,0.0,372.38,58,13.0,663.1
13,2025-06-20,21.2,439.5,74.21,10,4,0.612,18,684.0,72.84,32,13.0,573.8
14,2025-06-20,24.22,498.26,126.92,16,5,0.778,24,912.0,275.31,54,13.0,354.17
15,2025-06-20,19.57,407.96,104.75,13,5,0.248,0,0.0,67.42,21,13.0,803.06
16,2025-06-20,24.75,518.32,123.78,16,6,0.431,0,0.0,176.9,38,13.0,318.61
17,2025-06-20,19.97,415.92,112.22,17,7,0.736,0,0.0,292.8,46,13.0,356.26
18,2025-06-20,30.71,638.5,149.85,23,5,0.795,0,0.0,111.39,21,13.0,859.55
19,2025-06-20,27.39,556.04,136.25,35,13,0.238,12,456.0,121.85,26,13.0,725.92
20,2025-06-20,17.63,289.19,83.6,11,5,0.808,0,0.0,96.6,30,13.0,344.49
21,2025-06-20,25.94,424.45,125.47,18,5,0.83,0,0.0,215.77,46,13.0,902.02
22,2025-06-20,24.16,396.71,185.11,19,5,0.658,18,684.0,69.81,25,13.0,422.93
23,2025-06-20,20.24,333.49,109.08,31,8,0.516,0,0.0,176.48,26,13.0,642.92
24,2025-06-20,33.25,537.13,121.28,26,7,0.283,0,0.0,137.1,28,13.0,649.66
1,2025-06-21,24.71,445.35,98.25,9,7,0.117,18,684.0,230.47,39,14.4,335.96
2,2025-06-21,26.73,481.23,128.57,26,5,0.509,0,0.0,56.35,28,14.4,682.08
3,2025-06-21,19.89,353.41,133.69,22,4,0.179,0,0.0,162.71,28,14.4,388.7
4,2025-06-21,11.81,206.29,110.59,18,11,0.715,0,0.0,142.85,39,14.4,807.5
5,2025-06-21,20.95,377.43,117.6,23,12,0.213,0,0.0,0.0,0,14.4,818.98
6,2025-06-21,24.32,552.04,161.69,13,4,0.377,0,0.0,371.36,56,14.4,472.83
7,2025-06-21,13.22,285.61,123.63,12,4,0.203,12,456.0,61.89,25,14.4,649.88
8,2025-06-21,22.09,491.99,117.69,20,5,0.792,0,0.0,64.53,26,14.4,490.75
9,2025-06-21,21.84,477.66,129.37,17,7,0.24,0,0.0,62.29,20,14.4,633.88
10,2025-06-21,22.35,495.24,118.41,13,5,0.144,0,0.0,337.93,59,14.4,376.3
11,2025-06-21,18.58,418.13,151.61,20,3,0.971,12,456.0,76.96,20,14.4,640.66
12,2025-06-21,21.38,468.1,132.23,23,5,0.057,0,0.0,384.92,70,14.4,665.46
13,2025-06-21,15.92,330.19,101.56,15,4,0.066,0,0.0,147.51,41,14.4,575.48
14,2025-06-21,32.31,664.72,96.16,24,9,0.304,12,456.0,299.57,53,14.4,351.59
15,2025-06-21,20.47,426.85,109.43,17,5,0.091,0,0.0,103.02,26,14.4,799.4
16,2025-06-21,19.59,410.27,121.46,19,3,0.203,18,684.0,62.12,24,14.4,326.47
17,2025-06-21,14.49,301.9,127.78,15,7,0.232,0,0.0,354.16,55,14.4,354.69
18,2025-06-21,45.7,950.22,172.82,24,8,0.052,0,0.0,83.21,18,14.4,859.57
19,2025-06-21,14.36,291.52,155.19,22,8,0.219,40,1520.0,116.69,25,14.4,714.71
20,2025-06-21,17.16,281.64,107.43,13,5,0.337,18,684.0,282.13,45,14.4,339.3
21,2025-06-21,15.42,252.33,132.41,18,7,0.159,0,0.0,77.51,23,14.4,915.5
22,2025-06-21,27.58,452.92,167.7,23,9,0.864,0,0.0,245.52,54,14.4,422.33
23,2025-06-21,49.81,820.69,93.23,19,9,0.135,0,0.0,110.25,24,14.4,643.37
24,2025-06-21,26.19,423.2,116.86,16,7,0.919,24,912.0,278.95,40,14.4,649.52
1,2025-06-22,17.68,318.62,100.67,16,3,0.421,0,0.0,0.0,0,15.8,328.75
2,2025-06-22,25.19,453.58,125.73,25,7,0.857,18,684.0,105.64,37,15.8,688.49
3,2025-06-22,20.37,361.94,133.12,17,5,0.81,0,0.0,74.06,21,15.8,385.35
4,2025-06-22,18.79,328.35,122.35,22,5,0.315,0,0.0,287.07,57,15.8,807.19
5,2025-06-22,31.7,571.21,128.74,20,7,0.321,0,0.0,239.19,52,15.8,816.86
6,2025-06-22,23.37,530.6,178.09,17,5,0.418,0,0.0,69.64,25,15.8,475.7
7,2025-06-22,25.6,552.9,123.96,20,3,0.299,40,1520.0,85.92,30,15.8,647.91
8,2025-06-22,33.09,737.12,151.17,13,4,0.612,0,0.0,98.32,35,15.8,485.21
9,2025-06-22,13.89,303.75,127.17,11,4,0.11,0,0.0,245.03,43,15.8,631.75
10,2025-06-22,17.98,398.32,103.38,15,5,0.124,40,1520.0,51.21,24,15.8,376.18
11,2025-06-22,23.4,526.64,149.41,17,8,0.165,24,912.0,164.23,26,15.8,638.01
12,2025-06-22,21.27,465.72,117.18,18,7,0.925,24,912.0,384.83,59,15.8,666.07
13,2025-06-22,21.48,445.36,86.44,13,4,0.332,18,684.0,60.36,27,15.8,566.14
14,2025-06-22,20.97,431.5,119.03,19,6,0.666,12,456.0,263.82,53,15.8,356.18
15,2025-06-22,14.58,304.03,106.9,14,6,0.575,12,456.0,376.33,45,15.8,805.18
16,2025-06-22,24.02,503.1,146.77,10,7,0.817,0,0.0,56.23,23,15.8,314.64
17,2025-06-22,24.08,501.7,130.3,17,7,0.405,12,456.0,146.86,37,15.8,354.33
18,2025-06-22,36.41,757.13,161.91,16,7,0.406,0,0.0,278.14,35,15.8,857.41
19,2025-06-22,27.35,555.31,161.84,18,4,0.945,0,0.0,228.68,35,15.8,717.64
20,2025-06-22,20.83,341.84,109.94,14,5,0.27,40,1520.0,163.77,37,15.8,335.91
21,2025-06-22,31.04,508.1,141.72,19,8,0.767,24,912.0,0.0,0,15.8,910.57
22,2025-06-22,29.18,479.27,182.35,13,8,0.817,18,684.0,306.63,52,15.8,432.08
23,2025-06-22,35.67,587.73,102.16,21,3,0.59,0,0.0,122.87,26,15.8,645.44
24,2025-06-22,19.2,310.32,148.03,21,7,0.267,0,0.0,50.94,19,15.8,648.44
1,2025-06-23,16.24,292.74,91.83,11,5,0.712,18,684.0,210.92,36,17.2,337.69
2,2025-06-23,38.38,691.2,157.16,26,7,0.236,24,912.0,121.75,36,17.2,685.09
3,2025-06-23,20.14,357.97,123.1,17,9,0.721,12,456.0,98.76,27,17.2,389.73
4,2025-06-23,25.98,454.01,99.9,18,5,0.052,18,684.0,372.39,56,17.2,808.38
5,2025-06-23,21.93,395.25,126.88,19,6,0.015,0,0.0,75.55,32,17.2,815.54
6,2025-06-23,19.6,445.17,111.66,28,6,0.266,0,0.0,281.6,46,17.2,479.27
7,2025-06-23,23.64,510.71,141.18,16,3,0.815,18,684.0,364.87,63,17.2,646.38
8,2025-06-23,23.01,512.61,121.31,23,7,0.109,18,684.0,269.23,52,17.2,490.69
9,2025-06-23,36.32,794.5,127.37,14,5,0.379,12,456.0,68.16,21,17.2,635.98
10,2025-06-23,14.31,317.04,117.62,17,5,0.493,0,0.0,258.73,49,17.2,377.17
11,2025-06-23,15.05,338.64,148.83,23,6,0.705,18,684.0,63.01,17,17.2,641.76
12,2025-06-23,26.18,573.5,102.24,19,6,0.439,0,0.0,137.32,44,17.2,669.57
13,2025-06-23,16.11,334.04,82.7,17,3,0.928,0,0.0,76.41,29,17.2,582.11
14,2025-06-23,20.6,423.97,136.62,17,3,0.153,0,0.0,91.56,32,17.2,351.87
15,2025-06-23,17.57,366.41,110.78,13,5,0.468,12,456.0,183.72,41,17.2,806.96
16,2025-06-23,22.64,474.33,143.46,21,5,0.496,24,912.0,350.09,48,17.2,321.15
17,2025-06-23,22.95,478.25,156.52,13,6,0.799,0,0.0,159.57,36,17.2,359.28
18,2025-06-23,30.76,639.78,169.43,17,7,0.569,18,684.0,189.04,28,17.2,857.62
19,2025-06-23,46.56,945.67,120.93,34,7,0.056,0,0.0,49.26,16,17.2,720.8
20,2025-06-23,14.83,243.34,120.17,11,4,0.719,18,684.0,288.92,51,17.2,343.19
21,2025-06-23,22.91,375.1,142.63,20,5,0.221,0,0.0,82.54,28,17.2,906.37
22,2025-06-23,26.62,437.39,184.84,22,4,0.491,0,0.0,97.89,32,17.2,431.15
23,2025-06-23,41.38,681.86,109.84,15,6,0.198,0,0.0,199.22,32,17.2,641.6
24,2025-06-23,32.0,517.08,139.68,19,7,0.874,0,0.0,358.69,45,17.2,648.54
1,2025-06-24,12.73,229.51,71.45,17,5,0.35,0,0.0,364.55,47,18.6,329.82
2,2025-06-24,29.9,538.49,149.26,27,4,0.961,0,0.0,77.9,33,18.6,687.58
3,2025-06-24,26.45,470.24,165.57,16,4,0.036,0,0.0,254.04,37,18.6,386.25
4,2025-06-24,26.34,460.24,105.03,14,5,0.521,0,0.0,388.43,54,18.6,808.23
5,2025-06-24,29.23,526.93,133.61,19,7,0.026,0,0.0,230.86,50,18.6,813.49
6,2025-06-24,16.53,375.45,145.56,14,6,0.515,12,456.0,321.27,46,18.6,475.54
7,2025-06-24,17.84,385.51,116.1,13,4,0.259,24,912.0,0.0,0,18.6,652.07
8,2025-06-24,27.16,605.12,83.46,24,4,0.873,0,0.0,161.32,41,18.6,486.97
9,2025-06-24,22.16,484.71,126.1,13,7,0.416,0,0.0,356.33,43,18.6,631.85
10,2025-06-24,17.04,377.63,141.62,12,3,0.811,0,0.0,71.46,32,18.6,370.88
11,2025-06-24,29.33,660.11,131.01,18,4,0.954,0,0.0,49.39,15,18.6,639.86
12,2025-06-24,26.92,589.64,141.3,11,4,0.231,0,0.0,76.51,34,18.6,663.57
13,2025-06-24,23.87,495.06,88.37,10,5,0.546,0,0.0,164.62,44,18.6,578.08
14,2025-06-24,34.0,699.72,174.01,13,7,0.36,18,684.0,48.6,23,18.6,360.18
15,2025-06-24,23.66,493.38,136.09,12,7,0.485,0,0.0,243.13,45,18.6,800.17
16,2025-06-24,25.83,541.06,128.94,18,5,0.747,0,0.0,345.13,42,18.6,323.37
17,2025-06-24,19.67,409.85,147.65,19,6,0.733,24,912.0,145.26,36,18.6,357.1
18,2025-06-24,29.13,605.91,170.96,28,8,0.67,12,456.0,101.09,22,18.6,865.23
19,2025-06-24,23.28,472.77,134.2,23,10,0.764,0,0.0,50.17,15,18.6,720.54
20,2025-06-24,16.53,271.41,95.91,11,5,0.184,0,0.0,297.67,52,18.6,343.95
21,2025-06-24,22.49,368.25,126.18,15,4,0.366,0,0.0,78.76,24,18.6,907.89
22,2025-06-24,31.55,518.35,150.43,27,4,0.564,12,456.0,285.99,59,18.6,428.64
23,2025-06-24,29.94,493.52,126.7,19,8,0.858,0,0.0,49.21,14,18.6,647.52
24,2025-06-24,21.48,347.22,139.47,16,7,0.463,18,684.0,130.15,27,18.6,653.93
1,2025-06-25,23.51,423.79,71.37,12,5,0.305,0,0.0,132.05,29,20.0,334.48
2,2025-06-25,28.46,512.71,173.77,22,8,0.537,0,0.0,338.09,67,20.0,689.74
3,2025-06-25,21.92,389.7,183.41,15,5,0.496,12,456.0,211.4,34,20.0,383.85
4,2025-06-25,28.8,503.34,100.15,14,6,0.13,40,1520.0,178.84,43,20.0,810.4
5,2025-06-25,22.2,400.28,136.63,23,8,0.393,0,0.0,102.05,34,20.0,814.71
6,2025-06-25,23.49,533.49,120.32,20,6,0.994,0,0.0,62.4,22,20.0,472.41
7,2025-06-25,25.27,545.99,140.21,13,7,0.293,40,1520.0,46.4,25,20.0,651.49
8,2025-06-25,16.26,362.33,90.99,20,7,0.411,24,912.0,223.84,55,20.0,487.01
9,2025-06-25,17.5,382.89,104.67,22,4,0.919,40,1520.0,250.27,37,20.0,639.55
10,2025-06-25,25.64,568.34,111.27,24,4,0.397,0,0.0,55.77,25,20.0,375.28
11,2025-06-25,24.33,547.76,115.85,17,7,0.668,0,0.0,214.22,28,20.0,638.87
12,2025-06-25,22.55,493.93,141.52,25,8,0.939,12,456.0,87.31,30,20.0,663.64
13,2025-06-25,16.36,339.45,92.98,9,4,0.398,18,684.0,261.9,57,20.0,582.39
14,2025-06-25,27.38,563.65,177.97,21,10,0.046,0,0.0,56.56,27,20.0,352.43
15,2025-06-25,20.39,425.26,147.87,14,5,0.744,0,0.0,119.3,27,20.0,803.86
16,2025-06-25,17.65,369.89,160.57,12,8,0.711,40,1520.0,66.67,24,20.0,324.18
17,2025-06-25,21.74,452.97,156.03,19,6,0.263,12,456.0,156.27,37,20.0,357.88
18,2025-06-25,20.44,425.14,200.07,18,9,0.247,0,0.0,236.02,28,20.0,860.24
19,2025-06-25,21.1,428.68,159.23,22,9,0.412,0,0.0,338.37,43,20.0,729.99
20,2025-06-25,16.85,276.69,120.43,16,2,0.822,24,912.0,287.79,54,20.0,344.74
21,2025-06-25,26.33,431.1,134.03,16,9,0.492,0,0.0,181.7,36,20.0,909.98
22,2025-06-25,18.23,299.53,161.33,14,6,0.874,0,0.0,182.0,42,20.0,428.67
23,2025-06-25,25.65,422.74,139.16,20,5,0.819,12,456.0,65.2,17,20.0,649.2
24,2025-06-25,23.37,377.73,154.18,24,6,0.176,18,684.0,45.24,17,20.0,647.88
1,2025-06-26,18.29,329.86,82.66,15,4,0.076,0,0.0,64.36,21,21.4,333.73
2,2025-06-26,28.99,522.33,154.48,23,4,0.681,0,0.0,51.64,24,21.4,690.9
3,2025-06-26,20.47,364.04,162.89,21,6,0.188,40,1520.0,237.7,35,21.4,388.44
4,2025-06-26,21.15,369.73,93.08,21,6,0.275,40,1520.0,0.0,0,21.4,816.11
5,2025-06-26,21.43,386.43,127.95,25,7,0.643,18,684.0,155.37,49,21.4,821.84
6,2025-06-26,36.25,823.41,145.43,15,9,0.974,0,0.0,328.37,48,21.4,479.93
7,2025-06-26,22.12,478.01,139.59,12,4,0.408,40,1520.0,90.39,32,21.4,654.08
8,2025-06-26,29.33,653.48,126.92,9,7,0.423,40,1520.0,80.75,30,21.4,490.24
9,2025-06-26,19.13,418.66,84.84,23,5,0.394,0,0.0,46.79,19,21.4,634.23
10,2025-06-26,26.39,584.97,125.82,7,7,0.925,24,912.0,341.95,65,21.4,380.66
11,2025-06-26,31.52,709.62,77.42,13,2,0.911,0,0.0,173.17,25,21.4,642.17
12,2025-06-26,24.1,527.96,126.96,23,8,0.2,0,0.0,41.93,23,21.4,676.29
13,2025-06-26,26.87,557.59,105.1,10,5,0.407,0,0.0,73.0,31,21.4,574.84
14,2025-06-26,22.57,464.6,161.03,27,7,0.09,0,0.0,279.25,54,21.4,357.19
15,2025-06-26,17.55,366.09,106.03,26,6,0.558,0,0.0,63.33,22,21.4,807.28
16,2025-06-26,24.4,511.29,124.6,18,5,0.212,40,1520.0,192.48,38,21.4,323.72
17,2025-06-26,18.07,376.56,150.78,18,5,0.158,0,0.0,41.99,21,21.4,366.77
18,2025-06-26,23.73,493.78,191.82,21,8,0.197,0,0.0,74.31,19,21.4,859.99
19,2025-06-26,43.36,880.97,128.25,24,13,0.406,0,0.0,123.57,24,21.4,724.21
20,2025-06-26,15.56,255.51,106.25,14,5,0.564,24,912.0,97.6,29,21.4,339.97
21,2025-06-26,27.98,458.16,109.53,18,6,0.084,0,0.0,136.11,34,21.4,913.01
22,2025-06-26,27.52,452.26,128.72,19,7,0.085,24,912.0,51.09,27,21.4,436.35
23,2025-06-26,16.8,276.94,121.32,24,4,0.7,0,0.0,378.69,37,21.4,643.65
24,2025-06-26,26.02,420.74,140.68,22,7,0.684,0,0.0,139.26,27,21.4,650.2
1,2025-06-27,25.26,455.5,72.47,18,7,0.792,0,0.0,264.19,37,22.8,331.48
2,2025-06-27,29.25,527.06,186.85,17,10,0.023,0,0.0,68.79,34,22.8,685.33
3,2025-06-27,21.34,379.48,135.6,24,5,0.19,0,0.0,186.06,31,22.8,386.64
4,2025-06-27,20.25,354.05,102.41,22,2,0.021,0,0.0,81.64,32,22.8,813.76
5,2025-06-27,23.26,419.39,177.49,14,6,0.081,0,0.0,188.41,47,22.8,813.85
6,2025-06-27,16.29,370.01,103.32,28,11,0.367,0,0.0,147.3,35,22.8,480.41
7,2025-06-27,22.34,482.76,158.64,12,5,0.058,18,684.0,99.81,32,22.8,651.08
8,2025-06-27,33.15,738.88,169.82,18,7,0.887,0,0.0,80.77,31,22.8,489.96
9,2025-06-27,17.76,388.75,85.5,15,7,0.241,0,0.0,272.76,38,22.8,640.49
10,2025-06-27,18.08,400.95,107.97,18,3,0.228,12,456.0,362.53,58,22.8,382.97
11,2025-06-27,25.7,578.59,79.03,18,8,0.424,24,912.0,124.52,23,22.8,640.44
12,2025-06-27,17.07,374.07,126.91,10,6,0.456,0,0.0,346.51,54,22.8,666.78
13,2025-06-27,16.61,344.66,95.75,14,4,0.817,12,456.0,219.61,46,22.8,575.44
14,2025-06-27,15.05,309.91,177.51,20,6,0.253,0,0.0,225.35,48,22.8,357.29
15,2025-06-27,17.24,359.74,118.75,14,5,0.183,40,1520.0,42.1,16,22.8,799.67
16,2025-06-27,28.08,588.43,150.9,13,5,0.86,0,0.0,99.34,29,22.8,318.46
17,2025-06-27,24.34,507.28,147.56,17,5,0.344,0,0.0,50.89,24,22.8,364.29
18,2025-06-27,36.37,756.69,170.87,28,9,0.961,0,0.0,133.51,23,22.8,862.84
19,2025-06-27,28.87,586.72,143.23,20,7,0.357,40,1520.0,56.81,17,22.8,729.04
20,2025-06-27,17.46,286.65,118.91,15,6,0.074,0,0.0,244.74,42,22.8,346.07
21,2025-06-27,22.67,371.24,103.35,21,6,0.636,0,0.0,148.72,35,22.8,915.74
22,2025-06-27,38.32,629.77,127.97,20,9,0.296,0,0.0,40.4,24,22.8,430.31
23,2025-06-27,24.19,398.76,142.21,27,14,0.295,12,456.0,245.75,34,22.8,646.6
24,2025-06-27,20.0,323.38,118.03,21,5,0.019,0,0.0,206.21,34,22.8,646.91
1,2025-06-28,19.06,343.72,83.13,12,5,0.033,0,0.0,73.08,23,24.2,330.27
2,2025-06-28,26.8,482.92,202.2,20,4,0.291,12,456.0,201.35,55,24.2,694.38
3,2025-06-28,19.64,349.35,116.3,19,7,0.243,0,0.0,207.37,33,24.2,392.78
4,2025-06-28,17.86,312.25,108.68,13,6,0.027,0,0.0,144.27,39,24.2,810.53
5,2025-06-28,31.68,571.3,168.4,23,6,0.32,18,684.0,139.87,39,24.2,813.92
6,2025-06-28,24.14,548.47,104.5,25,5,0.437,12,456.0,204.68,36,24.2,478.44
7,2025-06-28,18.61,402.33,146.64,18,6,0.044,40,1520.0,41.08,24,24.2,656.1
8,2025-06-28,24.96,556.44,132.57,19,11,0.242,12,456.0,189.55,43,24.2,493.39
9,2025-06-28,30.17,660.37,109.21,14,8,0.411,12,456.0,256.5,34,24.2,639.11
10,2025-06-28,30.38,673.64,138.81,10,6,0.852,12,456.0,60.55,27,24.2,376.21
11,2025-06-28,24.65,555.11,74.66,15,3,0.831,18,684.0,136.67,20,24.2,639.13
12,2025-06-28,32.8,718.75,146.61,15,8,0.055,0,0.0,389.65,63,24.2,671.96
13,2025-06-28,13.43,278.81,59.15,22,2,0.634,12,456.0,291.5,59,24.2,577.29
14,2025-06-28,28.42,585.26,178.55,16,6,0.903,0,0.0,111.45,39,24.2,357.88
15,2025-06-28,19.45,405.88,124.71,16,6,0.675,0,0.0,222.06,40,24.2,804.48
16,2025-06-28,16.06,336.69,172.64,19,5,0.713,0,0.0,45.69,17,24.2,324.46
17,2025-06-28,29.31,611.05,161.91,17,6,0.837,0,0.0,71.67,28,24.2,360.24
18,2025-06-28,20.66,429.93,164.51,25,9,0.588,0,0.0,68.12,18,24.2,859.35
19,2025-06-28,25.27,513.57,138.66,23,7,0.845,0,0.0,163.03,30,24.2,725.07
20,2025-06-28,21.61,354.87,81.69,19,4,0.222,0,0.0,40.66,21,24.2,344.17
21,2025-06-28,23.53,385.48,100.66,20,5,0.743,0,0.0,154.96,34,24.2,913.03
22,2025-06-28,20.13,330.88,123.54,18,6,0.218,0,0.0,332.26,56,24.2,428.15
23,2025-06-28,25.8,425.44,179.64,17,8,0.46,0,0.0,129.09,25,24.2,643.63
24,2025-06-28,32.61,527.29,138.96,20,8,0.89,0,0.0,85.63,22,24.2,643.12
1,2025-06-29,17.38,313.42,76.62,15,6,0.422,0,0.0,45.25,16,25.6,338.25
2,2025-06-29,28.11,506.55,208.59,28,10,0.021,0,0.0,109.29,39,25.6,686.1
3,2025-06-29,29.99,533.42,143.54,15,7,0.267,0,0.0,40.82,15,25.6,387.82
4,2025-06-29,24.62,430.62,110.04,21,6,0.067,0,0.0,167.48,41,25.6,807.62
5,2025-06-29,28.79,519.21,172.66,16,4,0.341,0,0.0,293.83,55,25.6,816.33
6,2025-06-29,18.81,427.4,134.44,19,3,0.259,12,456.0,90.96,27,25.6,476.91
7,2025-06-29,18.26,394.64,149.63,18,2,0.015,0,0.0,135.47,36,25.6,652.0
8,2025-06-29,13.17,293.58,125.57,21,6,0.671,0,0.0,248.85,49,25.6,493.62
9,2025-06-29,31.51,689.86,110.62,15,6,0.563,12,456.0,47.53,18,25.6,637.69
10,2025-06-29,10.67,236.56,141.54,12,5,0.298,0,0.0,325.73,62,25.6,375.34
11,2025-06-29,21.49,484.09,52.82,21,8,0.771,0,0.0,62.17,17,25.6,642.11
12,2025-06-29,29.74,651.83,132.41,16,4,0.946,0,0.0,71.5,32,25.6,670.33
13,2025-06-29,15.63,324.48,78.28,9,3,0.505,40,1520.0,184.77,53,25.6,578.74
14,2025-06-29,32.96,678.73,128.56,27,8,0.483,12,456.0,100.79,37,25.6,361.72
15,2025-06-29,35.57,742.29,123.0,15,5,0.262,18,684.0,75.55,25,25.6,804.6
16,2025-06-29,28.02,587.43,160.21,20,5,0.432,12,456.0,53.33,21,25.6,323.3
17,2025-06-29,28.32,590.47,138.97,21,7,0.927,24,912.0,293.36,55,25.6,364.16
18,2025-06-29,27.43,570.96,182.89,18,10,0.328,0,0.0,40.68,14,25.6,863.43
19,2025-06-29,28.22,573.66,148.88,21,6,0.259,0,0.0,86.99,20,25.6,730.13
20,2025-06-29,19.9,326.88,80.58,13,4,0.691,18,684.0,79.86,27,25.6,344.7
21,2025-06-29,21.96,359.76,96.63,22,7,0.759,0,0.0,104.53,30,25.6,916.58
22,2025-06-29,29.31,481.84,95.72,19,5,0.881,0,0.0,254.46,52,25.6,434.06
23,2025-06-29,30.31,499.81,237.24,20,5,0.003,12,456.0,359.35,40,25.6,642.35
24,2025-06-29,28.43,459.78,132.21,23,8,0.517,24,912.0,268.99,37,25.6,649.92
1,2025-06-30,24.24,437.22,66.95,14,5,0.44,0,0.0,229.61,35,27.0,339.89
2,2025-06-30,18.19,327.8,188.89,29,11,0.549,0,0.0,324.44,59,27.0,690.55
3,2025-06-30,32.04,569.93,145.69,13,3,0.202,0,0.0,61.08,21,27.0,383.28
4,2025-06-30,25.68,449.06,101.55,12,4,0.615,0,0.0,190.36,44,27.0,806.7
5,2025-06-30,15.46,278.79,149.65,24,9,0.799,0,0.0,49.47,29,27.0,814.93
6,2025-06-30,37.44,850.92,162.76,13,8,0.159,0,0.0,356.48,55,27.0,482.8
7,2025-06-30,18.48,399.57,125.04,18,7,0.965,0,0.0,175.35,43,27.0,656.85
8,2025-06-30,23.22,517.71,172.51,16,4,0.383,40,1520.0,61.61,26,27.0,491.17
9,2025-06-30,20.87,456.83,108.16,10,4,0.409,40,1520.0,88.65,25,27.0,636.74
10,2025-06-30,27.74,615.4,125.91,21,6,0.633,40,1520.0,327.6,60,27.0,380.5
11,2025-06-30,24.77,557.95,34.62,16,5,0.191,40,1520.0,234.98,31,27.0,642.58
12,2025-06-30,14.2,311.31,160.04,13,5,0.235,0,0.0,100.57,34,27.0,665.21
13,2025-06-30,19.59,406.72,85.21,17,3,0.145,0,0.0,76.99,31,27.0,577.18
14,2025-06-30,21.86,450.29,138.07,22,6,0.959,18,684.0,313.82,54,27.0,360.99
15,2025-06-30,18.17,379.18,137.4,14,4,0.547,0,0.0,40.54,18,27.0,813.81
16,2025-06-30,17.83,373.76,161.74,19,5,0.472,0,0.0,205.49,39,27.0,326.85
17,2025-06-30,24.0,500.38,155.13,16,5,0.211,0,0.0,125.08,36,27.0,360.96
18,2025-06-30,37.77,786.11,182.12,23,6,0.19,0,0.0,248.76,32,27.0,859.29
19,2025-06-30,24.6,500.13,209.97,21,11,0.281,18,684.0,176.91,28,27.0,729.11
20,2025-06-30,21.12,346.9,63.91,13,6,0.355,0,0.0,101.89,31,27.0,342.13
21,2025-06-30,28.2,462.04,91.22,21,6,0.297,0,0.0,118.03,30,27.0,915.85
22,2025-06-30,25.57,420.52,112.47,21,4,0.457,0,0.0,349.59,57,27.0,432.48
23,2025-06-30,34.28,565.37,216.92,19,11,0.828,0,0.0,68.28,17,27.0,642.39
24,2025-06-30,25.13,406.48,95.29,19,7,0.777,0,0.0,43.26,16,27.0,649.04
1,2025-07-01,16.82,303.51,60.19,13,6,0.779,24,912.0,134.56,30,28.4,339.52
2,2025-07-01,23.89,430.61,203.16,27,9,0.02,0,0.0,267.11,56,28.4,692.77
3,2025-07-01,24.38,433.73,99.34,29,8,0.283,0,0.0,157.27,30,28.4,389.83
4,2025-07-01,18.87,330.06,110.63,14,7,0.686,18,684.0,240.37,49,28.4,816.82
5,2025-07-01,25.69,463.53,139.09,22,5,0.06,0,0.0,189.65,41,28.4,816.55
6,2025-07-01,30.36,690.17,187.18,16,6,0.623,0,0.0,194.72,35,28.4,475.94
7,2025-07-01,26.41,570.98,132.93,13,4,0.474,0,0.0,295.42,54,28.4,650.1
8,2025-07-01,28.86,643.49,180.74,13,6,0.506,12,456.0,116.43,35,28.4,492.07
9,2025-07-01,19.92,436.12,132.94,16,6,0.996,24,912.0,75.89,22,28.4,644.41
10,2025-07-01,14.38,319.04,128.65,20,3,0.794,0,0.0,206.35,49,28.4,378.38
11,2025-07-01,21.94,494.26,33.51,11,5,0.242,0,0.0,83.06,17,28.4,638.69
12,2025-07-01,21.91,480.25,138.16,24,5,0.057,24,912.0,210.8,45,28.4,672.76
13,2025-07-01,34.95,725.5,85.85,13,5,0.423,18,684.0,48.83,25,28.4,582.36
14,2025-07-01,19.12,393.86,153.29,23,7,0.872,0,0.0,65.98,26,28.4,362.16
15,2025-07-01,24.41,509.5,122.18,20,3,0.802,12,456.0,193.38,36,28.4,806.35
16,2025-07-01,27.41,574.8,167.22,18,6,0.516,0,0.0,237.58,41,28.4,334.87
17,2025-07-01,22.76,474.61,147.34,21,7,0.136,0,0.0,0.0,0,28.4,363.45
18,2025-07-01,31.11,647.64,178.87,28,8,0.883,18,684.0,396.63,37,28.4,863.02
19,2025-07-01,30.6,621.99,205.43,27,9,0.489,0,0.0,58.83,19,28.4,724.03
20,2025-07-01,25.21,414.16,85.0,8,3,0.328,12,456.0,283.18,51,28.4,344.76
21,2025-07-01,22.83,374.09,140.25,12,6,0.631,40,1520.0,140.2,34,28.4,916.02
22,2025-07-01,26.23,431.41,122.57,15,5,0.121,0,0.0,255.49,53,28.4,432.43
23,2025-07-01,20.52,338.42,236.76,29,8,0.25,18,684.0,190.09,31,28.4,648.73
24,2025-07-01,26.43,427.52,118.8,16,7,0.187,0,0.0,102.37,22,28.4,652.56
1,2025-07-02,19.33,348.72,57.17,14,6,0.275,0,0.0,65.01,21,29.8,333.86
2,2025-07-02,32.53,586.55,180.57,27,9,0.527,0,0.0,48.85,27,29.8,684.94
3,2025-07-02,19.44,345.87,78.87,21,6,0.347,18,684.0,194.96,34,29.8,391.83
4,2025-07-02,24.43,427.29,127.79,16,5,0.702,0,0.0,82.34,31,29.8,812.34
5,2025-07-02,16.96,305.98,141.75,29,6,0.797,0,0.0,338.96,65,29.8,820.23
6,2025-07-02,27.44,623.7,183.0,22,7,0.49,24,912.0,59.3,22,29.8,480.89
7,2025-07-02,26.85,580.61,118.52,15,5,0.341,0,0.0,211.32,49,29.8,648.55
8,2025-07-02,27.05,603.12,169.84,17,8,0.212,0,0.0,349.53,68,29.8,496.71
9,2025-07-02,21.79,477.2,139.42,15,6,0.725,40,1520.0,228.48,39,29.8,636.58
10,2025-07-02,19.32,428.71,130.32,14,8,0.072,24,912.0,98.03,31,29.8,378.05
11,2025-07-02,28.86,650.23,84.84,11,4,0.654,0,0.0,381.85,39,29.8,638.44
12,2025-07-02,20.52,449.89,114.89,21,4,0.762,0,0.0,147.25,43,29.8,670.05
13,2025-07-02,11.87,246.54,88.61,9,6,0.232,18,684.0,161.62,45,29.8,574.48
14,2025-07-02,34.71,715.08,137.58,23,9,0.779,12,456.0,79.97,32,29.8,356.25
15,2025-07-02,21.26,443.78,117.34,19,8,0.527,18,684.0,65.51,22,29.8,808.12
16,2025-07-02,26.97,565.69,193.69,17,6,0.884,0,0.0,45.85,18,29.8,326.51
17,2025-07-02,27.14,566.12,128.41,23,6,0.368,0,0.0,362.97,53,29.8,366.16
18,2025-07-02,25.36,528.07,166.65,24,11,0.448,0,0.0,291.69,34,29.8,857.08
19,2025-07-02,26.19,532.48,189.59,24,10,0.807,0,0.0,0.0,0,29.8,725.48
20,2025-07-02,20.38,334.94,56.37,18,5,0.337,0,0.0,119.27,32,29.8,344.62
21,2025-07-02,29.75,487.62,116.1,17,6,0.355,24,912.0,272.68,43,29.8,911.24
22,2025-07-02,23.64,388.83,114.65,18,7,0.115,0,0.0,66.52,28,29.8,433.25
23,2025-07-02,25.94,427.96,223.34,20,8,0.048,12,456.0,51.05,16,29.8,648.13
24,2025-07-02,31.64,511.86,108.16,24,8,0.142,18,684.0,241.09,34,29.8,652.11
1,2025-07-03,18.54,334.5,74.08,13,5,0.197,0,0.0,196.8,36,31.2,332.07
2,2025-07-03,37.0,667.13,215.06,20,9,0.78,40,1520.0,72.88,30,31.2,684.1
3,2025-07-03,18.68,332.36,92.63,12,7,0.951,18,684.0,159.11,33,31.2,389.21
4,2025-07-03,15.73,275.14,128.22,15,5,0.561,0,0.0,323.54,58,31.2,817.02
5,2025-07-03,29.51,532.44,150.19,19,7,0.022,0,0.0,190.72,47,31.2,821.69
6,2025-07-03,15.58,354.17,184.74,16,6,0.299,0,0.0,322.51,43,31.2,478.42
7,2025-07-03,23.83,515.32,115.7,10,1,0.374,24,912.0,89.19,29,31.2,658.0
8,2025-07-03,18.26,407.35,149.78,19,5,0.19,24,912.0,93.51,32,31.2,500.12
9,2025-07-03,13.83,303.0,132.58,20,2,0.458,0,0.0,66.59,22,31.2,642.9
10,2025-07-03,30.74,682.09,131.84,9,6,0.002,24,912.0,42.85,24,31.2,378.28
11,2025-07-03,26.87,605.46,90.7,11,5,0.317,24,912.0,141.86,22,31.2,637.65
12,2025-07-03,15.72,344.73,104.13,15,5,0.534,18,684.0,151.75,45,31.2,675.58
13,2025-07-03,23.15,480.63,117.59,13,4,0.44,0,0.0,117.27,42,31.2,575.18
14,2025-07-03,28.24,581.89,151.31,21,8,0.472,12,456.0,352.5,57,31.2,358.16
15,2025-07-03,20.7,432.29,120.06,14,5,0.884,12,456.0,205.15,34,31.2,811.45
16,2025-07-03,24.56,515.07,208.66,12,5,0.063,0,0.0,85.54,25,31.2,325.73
17,2025-07-03,22.89,477.46,126.15,15,7,0.685,18,684.0,79.78,25,31.2,366.81
18,2025-07-03,33.27,692.83,178.3,22,7,0.595,24,912.0,60.07,16,31.2,863.51
19,2025-07-03,27.44,558.07,214.8,16,8,0.559,12,456.0,245.68,33,31.2,727.02
20,2025-07-03,18.42,302.74,50.93,15,5,0.558,0,0.0,240.66,44,31.2,344.59
21,2025-07-03,30.78,504.43,145.16,10,7,0.348,0,0.0,0.0,0,31.2,911.31
22,2025-07-03,30.52,502.04,129.1,14,6,0.621,12,456.0,80.52,30,31.2,436.2
23,2025-07-03,25.46,420.0,232.22,23,10,0.454,12,456.0,182.06,32,31.2,647.97
24,2025-07-03,24.85,402.08,126.14,22,9,0.074,0,0.0,269.74,42,31.2,652.13
1,2025-07-04,17.18,310.1,65.28,16,3,0.05,0,0.0,65.15,21,32.6,337.15
2,2025-07-04,27.92,503.51,190.61,25,10,0.424,0,0.0,43.31,25,32.6,690.42
3,2025-07-04,38.08,677.72,85.12,16,3,0.316,0,0.0,68.66,20,32.6,389.19
4,2025-07-04,17.87,312.65,106.12,22,5,0.083,0,0.0,88.1,31,32.6,811.94
5,2025-07-04,27.33,493.26,111.13,30,5,0.842,0,0.0,61.66,29,32.6,822.7
6,2025-07-04,19.57,445.06,191.67,19,5,0.011,12,456.0,382.59,49,32.6,474.58
7,2025-07-04,19.16,414.5,88.16,23,6,0.753,18,684.0,170.48,45,32.6,654.25
8,2025-07-04,20.15,449.54,111.25,31,5,0.318,0,0.0,224.24,49,32.6,491.14
9,2025-07-04,22.21,486.46,121.88,14,7,0.494,0,0.0,355.51,46,32.6,640.5
10,2025-07-04,27.97,620.68,135.52,14,7,0.407,0,0.0,292.44,57,32.6,379.61
11,2025-07-04,17.65,397.67,81.96,11,6,0.003,0,0.0,80.87,17,32.6,643.42
12,2025-07-04,30.77,674.85,111.42,14,5,0.831,24,912.0,67.13,29,32.6,673.96
13,2025-07-04,22.13,459.69,116.01,11,6,0.244,24,912.0,82.64,36,32.6,577.6
14,2025-07-04,29.42,606.28,145.94,20,7,0.464,40,1520.0,391.18,67,32.6,360.29
15,2025-07-04,26.17,546.5,122.92,17,3,0.599,0,0.0,163.74,34,32.6,810.53
16,2025-07-04,22.74,476.92,181.23,20,7,0.078,0,0.0,182.21,35,32.6,328.44
17,2025-07-04,29.96,625.0,134.82,18,3,0.975,0,0.0,270.8,46,32.6,365.38
18,2025-07-04,31.62,658.4,150.38,24,7,0.272,0,0.0,166.82,25,32.6,860.28
19,2025-07-04,34.91,710.04,248.2,25,10,0.596,12,456.0,376.27,38,32.6,729.14
20,2025-07-04,13.95,229.23,54.32,15,4,0.979,0,0.0,171.88,37,32.6,348.91
21,2025-07-04,16.17,265.08,134.65,20,7,0.819,0,0.0,165.96,38,32.6,918.81
22,2025-07-04,19.34,318.13,122.43,15,4,0.069,0,0.0,140.73,42,32.6,433.46
23,2025-07-04,37.18,613.6,235.65,27,7,0.98,0,0.0,65.94,18,32.6,649.19
24,2025-07-04,17.99,291.21,135.71,12,6,0.924,0,0.0,349.1,43,32.6,644.24
1,2025-07-05,19.46,351.23,82.98,16,6,0.397,0,0.0,79.91,23,34.0,339.67
2,2025-07-05,30.67,553.07,162.48,26,10,0.621,0,0.0,382.68,68,34.0,685.02
3,2025-07-05,28.11,500.36,95.32,13,5,0.656,18,684.0,108.15,24,34.0,394.09
4,2025-07-05,22.09,386.52,129.25,16,6,0.55,0,0.0,52.72,23,34.0,812.12
5,2025-07-05,31.52,568.83,166.64,16,7,0.073,18,684.0,351.49,61,34.0,818.03
6,2025-07-05,28.57,649.62,167.6,21,4,0.944,18,684.0,98.05,28,34.0,476.07
7,2025-07-05,22.67,490.36,83.57,15,5,0.805,12,456.0,52.95,27,34.0,653.22
8,2025-07-05,22.49,501.77,110.89,11,5,0.248,0,0.0,72.56,29,34.0,494.67
9,2025-07-05,20.33,445.4,133.17,21,6,0.911,12,456.0,318.75,45,34.0,637.97
10,2025-07-05,19.89,441.35,137.72,20,5,0.698,0,0.0,299.16,60,34.0,382.59
11,2025-07-05,16.29,367.22,85.95,9,5,0.883,0,0.0,150.18,25,34.0,640.84
12,2025-07-05,32.5,712.84,86.87,21,5,0.159,0,0.0,92.51,35,34.0,672.58
13,2025-07-05,15.88,329.85,110.71,12,8,0.343,0,0.0,113.22,37,34.0,578.75
14,2025-07-05,31.41,647.39,176.51,18,6,0.833,18,684.0,66.53,28,34.0,359.64
15,2025-07-05,24.99,521.82,137.18,17,6,0.913,40,1520.0,338.64,53,34.0,806.43
16,2025-07-05,24.47,513.43,146.92,24,4,0.975,12,456.0,49.19,18,34.0,322.29
17,2025-07-05,29.04,605.88,114.73,19,5,0.684,0,0.0,154.85,37,34.0,363.98
18,2025-07-05,32.33,673.45,162.86,26,10,0.105,18,684.0,145.73,23,34.0,862.05
19,2025-07-05,30.26,615.48,238.73,28,6,0.913,40,1520.0,132.19,28,34.0,728.47
20,2025-07-05,27.14,446.11,70.52,7,7,0.12,0,0.0,57.37,23,34.0,342.82
21,2025-07-05,26.12,428.21,163.96,16,8,0.265,24,912.0,70.09,25,34.0,914.45
22,2025-07-05,25.13,413.39,129.11,22,7,0.414,24,912.0,61.53,27,34.0,434.36
23,2025-07-05,24.2,399.47,219.81,33,9,0.919,0,0.0,52.15,17,34.0,645.21
24,2025-07-05,35.68,577.41,130.37,22,4,0.951,0,0.0,133.97,26,34.0,653.95
1,2025-07-06,16.11,290.89,87.32,7,5,0.256,0,0.0,273.24,39,35.4,330.25
2,2025-07-06,21.78,392.83,139.93,28,9,0.043,24,912.0,0.0,0,35.4,690.97
3,2025-07-06,18.46,328.59,72.55,22,4,0.44,0,0.0,193.73,34,35.4,387.77
4,2025-07-06,20.55,359.6,125.16,20,6,0.027,24,912.0,202.3,46,35.4,813.68
5,2025-07-06,23.87,430.88,178.05,15,7,0.705,0,0.0,311.55,57,35.4,818.03
6,2025-07-06,23.47,533.82,115.68,31,6,0.655,0,0.0,47.27,21,35.4,479.55
7,2025-07-06,18.04,390.43,67.83,14,3,0.032,0,0.0,150.76,46,35.4,657.32
8,2025-07-06,28.44,634.52,116.12,14,7,0.318,12,456.0,144.62,36,35.4,500.17
9,2025-07-06,26.15,573.04,140.35,13,4,0.389,12,456.0,387.81,46,35.4,636.96
10,2025-07-06,13.0,288.57,116.51,14,4,0.054,12,456.0,375.4,65,35.4,387.2
11,2025-07-06,15.24,343.51,116.94,17,9,0.586,12,456.0,114.93,20,35.4,641.37
12,2025-07-06,22.47,493.03,115.18,13,3,0.123,0,0.0,68.37,30,35.4,667.53
13,2025-07-06,18.26,379.32,99.3,11,4,0.746,18,684.0,112.33,41,35.4,578.86
14,2025-07-06,30.69,632.56,205.97,11,6,0.351,0,0.0,219.33,48,35.4,358.76
15,2025-07-06,18.16,379.41,136.93,16,5,0.149,0,0.0,344.71,47,35.4,806.51
16,2025-07-06,16.18,339.44,160.0,14,4,0.849,0,0.0,65.93,24,35.4,325.58
17,2025-07-06,20.55,428.8,144.89,16,5,0.191,18,684.0,162.9,41,35.4,357.41
18,2025-07-06,26.67,555.6,157.4,21,5,0.933,0,0.0,195.52,31,35.4,866.68
19,2025-07-06,17.55,357.03,221.43,23,9,0.125,24,912.0,71.34,21,35.4,728.56
20,2025-07-06,20.16,331.33,67.43,13,6,0.426,0,0.0,71.69,23,35.4,341.21
21,2025-07-06,12.97,212.59,157.57,24,5,0.451,24,912.0,212.13,39,35.4,914.62
22,2025-07-06,21.17,348.32,157.44,13,7,0.953,0,0.0,173.85,46,35.4,433.99
23,2025-07-06,31.88,526.24,145.2,36,8,0.377,0,0.0,0.0,0,35.4,640.4
24,2025-07-06,27.59,446.55,124.38,24,6,0.279,40,1520.0,182.4,32,35.4,650.45
1,2025-07-07,23.31,420.93,103.64,16,6,0.177,0,0.0,212.42,34,36.8,332.22
2,2025-07-07,32.82,592.11,131.9,23,9,0.096,0,0.0,117.59,36,36.8,691.04
3,2025-07-07,20.52,365.36,91.31,15,8,0.12,40,1520.0,168.9,30,36.8,386.63
4,2025-07-07,30.85,540.06,143.14,10,5,0.365,0,0.0,46.94,24,36.8,813.5
5,2025-07-07,35.62,643.04,172.31,22,5,0.364,24,912.0,63.79,28,36.8,820.67
6,2025-07-07,23.57,536.09,122.06,19,6,0.379,0,0.0,40.69,19,36.8,481.82
7,2025-07-07,35.26,763.07,50.28,15,6,0.138,0,0.0,85.24,30,36.8,653.13
8,2025-07-07,46.54,1038.4,93.12,26,4,0.947,0,0.0,83.44,29,36.8,489.32
9,2025-07-07,19.28,422.42,152.82,11,3,0.455,18,684.0,228.18,39,36.8,637.1
10,2025-07-07,21.71,481.86,115.81,21,2,0.754,0,0.0,42.47,25,36.8,381.15
11,2025-07-07,17.35,391.11,132.86,17,5,0.184,24,912.0,196.59,26,36.8,641.35
12,2025-07-07,19.22,421.68,90.94,23,10,0.93,0,0.0,344.23,49,36.8,672.62
13,2025-07-07,17.0,353.2,86.7,17,2,0.437,0,0.0,342.05,57,36.8,583.8
14,2025-07-07,23.23,478.84,169.8,25,6,0.019,12,456.0,52.93,25,36.8,364.99
15,2025-07-07,21.85,456.47,137.61,18,5,0.154,0,0.0,40.74,18,36.8,806.7
16,2025-07-07,27.71,581.49,139.55,18,3,0.349,0,0.0,282.31,46,36.8,323.59
17,2025-07-07,26.94,562.19,130.06,19,7,0.259,12,456.0,393.78,56,36.8,362.51
18,2025-07-07,27.89,581.01,147.94,24,8,0.56,0,0.0,81.82,21,36.8,864.61
19,2025-07-07,27.09,551.19,191.31,37,9,0.419,0,0.0,152.75,27,36.8,727.43
20,2025-07-07,20.89,343.53,69.3,10,5,0.252,0,0.0,106.52,31,36.8,344.02
21,2025-07-07,25.02,410.21,143.19,23,7,0.64,0,0.0,79.43,28,36.8,916.89
22,2025-07-07,22.73,374.13,128.19,25,7,0.222,0,0.0,95.08,35,36.8,430.13
23,2025-07-07,35.41,584.51,158.14,20,11,0.915,0,0.0,63.04,17,36.8,650.01
24,2025-07-07,16.02,259.39,134.88,18,8,0.833,0,0.0,131.33,27,36.8,650.01
1,2025-07-08,22.3,402.62,98.98,11,7,0.728,40,1520.0,42.17,17,38.2,334.3
2,2025-07-08,33.45,603.5,108.01,28,10,0.081,0,0.0,85.6,36,38.2,686.98
3,2025-07-08,16.52,294.17,98.95,17,10,0.931,0,0.0,59.41,19,38.2,388.42
4,2025-07-08,22.05,385.96,156.3,9,7,0.354,0,0.0,42.57,23,38.2,817.22
5,2025-07-08,19.37,349.69,199.14,15,11,0.31,18,684.0,58.36,29,38.2,817.86
6,2025-07-08,26.67,606.65,97.61,25,5,0.962,0,0.0,393.66,54,38.2,475.65
7,2025-07-08,21.09,456.38,62.85,11,5,0.989,0,0.0,120.52,35,38.2,652.34
8,2025-07-08,17.8,397.2,90.02,20,10,0.062,0,0.0,381.93,62,38.2,491.08
9,2025-07-08,29.45,645.54,145.04,23,6,0.283,0,0.0,147.29,31,38.2,640.13
10,2025-07-08,27.64,613.57,109.05,16,5,0.212,0,0.0,75.75,32,38.2,383.49
11,2025-07-08,13.42,302.6,130.44,10,5,0.784,0,0.0,98.32,22,38.2,640.92
12,2025-07-08,30.16,661.76,95.8,11,6,0.027,18,684.0,129.9,34,38.2,667.48
13,2025-07-08,18.88,392.24,98.17,16,6,0.72,0,0.0,250.34,59,38.2,578.85
14,2025-07-08,22.09,455.33,142.33,29,8,0.102,40,1520.0,210.13,44,38.2,363.03
15,2025-07-08,24.11,503.68,156.12,12,6,0.656,0,0.0,46.01,19,38.2,809.44
16,2025-07-08,34.18,717.39,124.29,17,5,0.608,0,0.0,88.83,24,38.2,329.07
17,2025-07-08,25.96,541.91,129.66,17,8,0.999,0,0.0,132.14,35,38.2,359.47
18,2025-07-08,30.85,642.81,135.27,24,7,0.626,0,0.0,105.74,20,38.2,858.72
19,2025-07-08,32.84,668.18,171.14,33,5,0.831,0,0.0,53.49,16,38.2,726.26
20,2025-07-08,12.16,199.88,72.9,16,4,0.271,24,912.0,56.84,25,38.2,344.51
21,2025-07-08,20.13,330.21,108.82,22,6,0.256,0,0.0,210.69,38,38.2,914.02
22,2025-07-08,24.21,398.47,103.69,18,6,0.075,0,0.0,141.69,43,38.2,433.03
23,2025-07-08,40.48,668.28,131.51,32,7,0.919,0,0.0,54.36,18,38.2,651.55
24,2025-07-08,28.58,462.75,158.9,19,10,0.852,18,684.0,99.58,26,38.2,649.66
1,2025-07-09,9.22,166.59,104.79,12,3,0.205,0,0.0,65.46,20,39.6,335.82
2,2025-07-09,36.92,666.29,95.77,22,7,0.902,12,456.0,304.73,66,39.6,686.07
3,2025-07-09,26.77,476.82,103.63,17,8,0.103,0,0.0,58.64,21,39.6,390.95
4,2025-07-09,28.27,495.05,133.51,27,6,0.858,18,684.0,254.11,48,39.6,811.34
5,2025-07-09,16.82,303.83,188.27,29,6,0.997,18,684.0,54.63,27,39.6,822.05
6,2025-07-09,41.89,953.07,78.94,21,5,0.788,0,0.0,342.35,48,39.6,483.57
7,2025-07-09,19.78,428.12,82.13,13,5,0.663,40,1520.0,50.82,23,39.6,659.71
8,2025-07-09,22.34,498.59,116.81,15,6,0.492,0,0.0,227.73,47,39.6,493.97
9,2025-07-09,17.43,382.13,125.66,19,2,0.552,12,456.0,384.07,44,39.6,637.01
10,2025-07-09,24.34,540.58,84.0,15,5,0.099,24,912.0,301.78,63,39.6,384.61
11,2025-07-09,20.79,468.72,132.49,23,8,0.191,24,912.0,144.75,24,39.6,640.86
12,2025-07-09,17.88,392.28,119.39,15,3,0.696,0,0.0,43.33,24,39.6,671.48
13,2025-07-09,18.41,382.55,93.28,14,4,0.93,18,684.0,89.95,37,39.6,574.51
14,2025-07-09,12.6,259.87,175.73,17,8,0.679,0,0.0,0.0,0,39.6,363.09
15,2025-07-09,22.66,473.54,145.79,19,5,0.75,0,0.0,188.0,36,39.6,811.99
16,2025-07-09,21.35,448.22,112.63,24,5,0.841,24,912.0,157.77,35,39.6,327.88
17,2025-07-09,25.16,525.13,147.4,17,2,0.209,0,0.0,81.11,28,39.6,358.92
18,2025-07-09,27.3,568.81,163.81,22,7,0.831,0,0.0,99.35,21,39.6,862.3
19,2025-07-09,24.81,504.85,186.55,20,7,0.235,0,0.0,386.73,39,39.6,725.46
20,2025-07-09,17.71,291.29,59.4,14,5,0.853,12,456.0,43.83,18,39.6,347.46
21,2025-07-09,30.04,492.8,135.12,14,5,0.542,0,0.0,149.74,34,39.6,914.87
22,2025-07-09,16.84,277.24,105.02,20,4,0.767,0,0.0,120.91,35,39.6,432.76
23,2025-07-09,43.29,714.77,127.7,21,9,0.791,18,684.0,218.89,30,39.6,642.78
24,2025-07-09,32.37,524.13,150.4,24,6,0.223,24,912.0,253.56,38,39.6,648.43
1,2025-07-10,17.88,322.98,83.47,18,4,0.107,12,456.0,247.65,37,6.0,324.23
2,2025-07-10,28.48,513.98,41.02,31,10,0.167,12,456.0,362.75,66,6.0,675.4
3,2025-07-10,21.99,391.63,110.9,15,5,0.899,0,0.0,200.69,31,6.0,380.65
4,2025-07-10,15.91,278.64,150.41,14,6,0.489,18,684.0,42.0,21,6.0,800.32
5,2025-07-10,27.3,493.1,176.27,22,7,0.098,12,456.0,98.47,37,6.0,804.79
6,2025-07-10,24.92,567.0,125.48,14,8,0.82,0,0.0,45.76,20,6.0,470.4
7,2025-07-10,22.54,487.84,96.52,10,3,0.93,12,456.0,107.87,31,6.0,639.8
8,2025-07-10,31.87,711.43,127.03,16,6,0.502,0,0.0,51.17,24,6.0,484.97
9,2025-07-10,17.65,386.91,108.51,16,6,0.024,18,684.0,213.31,36,6.0,623.91
10,2025-07-10,28.5,632.89,112.19,10,5,0.413,0,0.0,223.17,50,6.0,368.33
11,2025-07-10,24.01,541.42,99.19,16,4,0.78,12,456.0,74.05,20,6.0,627.74
12,2025-07-10,28.75,630.98,169.16,9,4,0.946,0,0.0,48.15,23,6.0,659.7
13,2025-07-10,21.96,456.31,64.87,21,4,0.555,0,0.0,51.15,26,6.0,571.03
14,2025-07-10,32.01,660.16,150.24,27,10,0.9,12,456.0,69.42,29,6.0,346.69
15,2025-07-10,27.61,576.88,142.19,15,6,0.398,12,456.0,105.66,29,6.0,796.2
16,2025-07-10,29.43,617.89,102.4,19,6,0.275,0,0.0,164.95,35,6.0,313.65
17,2025-07-10,25.33,528.91,154.01,16,6,0.381,0,0.0,118.88,35,6.0,354.66
18,2025-07-10,31.6,658.64,148.01,22,10,0.458,0,0.0,293.8,36,6.0,853.07
19,2025-07-10,47.91,975.15,231.62,21,7,0.25,0,0.0,90.39,22,6.0,718.54
20,2025-07-10,15.79,259.74,91.75,10,5,0.306,0,0.0,73.68,24,6.0,332.51
21,2025-07-10,31.35,514.24,150.2,20,4,0.953,0,0.0,52.05,22,6.0,908.95
22,2025-07-10,34.99,576.11,107.81,19,6,0.071,18,684.0,290.82,55,6.0,422.12
23,2025-07-10,21.4,353.45,92.93,25,9,0.052,0,0.0,117.9,23,6.0,641.92
24,2025-07-10,19.9,322.21,161.93,21,6,0.208,0,0.0,108.11,25,6.0,636.43
1,2025-07-11,15.51,280.23,98.5,17,6,0.419,18,684.0,85.5,25,7.4,326.79
2,2025-07-11,32.54,587.4,92.03,19,8,0.845,0,0.0,318.48,60,7.4,681.1
3,2025-07-11,19.68,350.56,113.8,15,7,0.541,0,0.0,99.59,26,7.4,380.43
4,2025-07-11,13.93,243.99,133.81,14,4,0.693,0,0.0,56.33,26,7.4,808.15
5,2025-07-11,17.61,318.08,171.96,20,6,0.352,0,0.0,123.01,39,7.4,807.23
6,2025-07-11,36.36,827.51,126.25,23,8,0.662,12,456.0,64.03,23,7.4,470.8
7,2025-07-11,18.86,408.39,114.48,12,4,0.04,40,1520.0,69.11,26,7.4,640.26
8,2025-07-11,26.12,583.16,135.4,20,7,0.468,0,0.0,50.2,26,7.4,484.31
9,2025-07-11,36.11,791.69,139.8,13,7,0.327,0,0.0,207.71,37,7.4,626.93
10,2025-07-11,24.86,552.13,96.04,16,3,0.556,0,0.0,53.74,24,7.4,369.97
11,2025-07-11,14.44,325.68,145.97,8,4,0.069,0,0.0,62.45,17,7.4,630.35
12,2025-07-11,15.99,350.98,163.02,18,4,0.725,0,0.0,140.55,43,7.4,660.55
13,2025-07-11,22.44,466.48,69.57,12,5,0.041,0,0.0,115.68,38,7.4,569.69
14,2025-07-11,37.56,774.71,141.9,18,8,0.02,40,1520.0,379.01,63,7.4,353.28
15,2025-07-11,17.52,366.18,124.01,17,6,0.248,0,0.0,66.51,23,7.4,801.03
16,2025-07-11,25.52,535.7,95.66,18,5,0.453,40,1520.0,265.97,45,7.4,318.64
17,2025-07-11,22.15,462.48,134.67,20,6,0.82,12,456.0,41.63,23,7.4,348.24
18,2025-07-11,31.06,647.38,190.97,16,13,0.975,0,0.0,246.31,30,7.4,855.2
19,2025-07-11,39.92,812.53,205.5,35,6,0.34,0,0.0,72.96,22,7.4,717.15
20,2025-07-11,21.04,346.13,83.83,14,5,0.7,40,1520.0,343.96,56,7.4,329.72
21,2025-07-11,30.98,508.2,148.3,16,5,0.061,0,0.0,126.37,31,7.4,904.61
22,2025-07-11,21.44,352.96,148.97,14,6,0.846,40,1520.0,203.84,46,7.4,424.61
23,2025-07-11,36.47,602.3,127.33,26,8,0.359,12,456.0,146.46,23,7.4,639.18
24,2025-07-11,21.18,343.05,137.09,20,11,0.891,0,0.0,189.39,36,7.4,644.37
1,2025-07-12,16.58,299.47,101.24,20,6,0.919,12,456.0,52.53,19,8.8,327.61
2,2025-07-12,28.56,515.63,88.22,16,9,0.126,24,912.0,50.23,24,8.8,682.64
3,2025-07-12,18.22,324.62,138.42,14,4,0.531,12,456.0,397.65,44,8.8,380.45
4,2025-07-12,33.46,586.05,97.19,29,6,0.954,0,0.0,236.73,48,8.8,804.03
5,2025-07-12,33.06,597.21,136.55,34,7,0.351,0,0.0,210.23,50,8.8,810.44
6,2025-07-12,28.03,637.89,141.17,13,7,0.327,0,0.0,342.57,50,8.8,471.49
7,2025-07-12,19.19,415.49,120.76,13,5,0.658,12,456.0,70.21,28,8.8,647.68
8,2025-07-12,17.35,387.48,189.23,15,5,0.719,0,0.0,196.91,51,8.8,481.5
9,2025-07-12,24.7,541.52,136.57,19,6,0.745,0,0.0,352.08,48,8.8,633.73
10,2025-07-12,21.59,479.63,108.73,16,4,0.217,0,0.0,138.57,44,8.8,371.32
11,2025-07-12,31.96,720.97,142.99,11,5,0.145,0,0.0,294.65,33,8.8,631.23
12,2025-07-12,22.03,483.67,191.21,17,3,0.905,0,0.0,133.54,36,8.8,662.46
13,2025-07-12,18.99,394.81,60.27,11,4,0.953,0,0.0,323.07,64,8.8,570.55
14,2025-07-12,23.33,481.19,122.7,26,6,0.433,0,0.0,319.27,55,8.8,355.68
15,2025-07-12,23.58,492.89,141.47,15,7,0.822,0,0.0,76.65,26,8.8,799.64
16,2025-07-12,31.62,663.87,110.65,11,3,0.339,12,456.0,289.07,41,8.8,320.96
17,2025-07-12,21.76,454.44,132.71,21,3,0.33,0,0.0,177.28,37,8.8,355.28
18,2025-07-12,24.86,518.16,183.12,24,3,0.718,0,0.0,114.42,21,8.8,849.16
19,2025-07-12,27.16,552.82,196.39,25,7,0.406,0,0.0,74.12,21,8.8,716.32
20,2025-07-12,15.86,260.92,83.31,15,3,0.469,0,0.0,115.1,34,8.8,339.44
21,2025-07-12,17.58,288.39,143.6,21,9,0.17,12,456.0,204.37,38,8.8,902.75
22,2025-07-12,25.48,419.54,149.49,25,8,0.819,0,0.0,151.6,40,8.8,425.7
23,2025-07-12,28.3,467.38,116.26,25,7,0.683,18,684.0,398.5,39,8.8,638.96
24,2025-07-12,27.72,448.98,146.77,22,4,0.52,12,456.0,86.66,21,8.8,643.36
1,2025-07-13,27.61,498.85,117.99,10,7,0.786,0,0.0,237.66,42,10.2,325.81
2,2025-07-13,36.55,659.9,98.48,23,6,0.768,24,912.0,267.98,62,10.2,683.95
3,2025-07-13,19.9,354.58,137.04,16,3,0.564,0,0.0,356.11,43,10.2,385.03
4,2025-07-13,18.96,332.14,99.66,18,5,0.87,12,456.0,73.64,27,10.2,810.63
5,2025-07-13,27.68,500.17,123.02,21,5,0.655,18,684.0,318.67,59,10.2,810.18
6,2025-07-13,17.94,408.26,116.61,15,5,0.732,0,0.0,44.32,18,10.2,469.07
7,2025-07-13,17.5,378.93,125.33,9,7,0.851,0,0.0,207.17,49,10.2,644.06
8,2025-07-13,19.8,442.07,195.73,15,5,0.023,12,456.0,82.13,33,10.2,486.74
9,2025-07-13,22.65,496.68,153.85,13,6,0.833,0,0.0,158.68,34,10.2,633.19
10,2025-07-13,17.12,380.34,122.2,14,3,0.153,40,1520.0,77.13,32,10.2,372.17
11,2025-07-13,21.62,487.79,133.12,24,5,0.664,0,0.0,128.76,23,10.2,635.32
12,2025-07-13,12.48,274.1,152.99,21,7,0.048,0,0.0,272.12,60,10.2,663.52
13,2025-07-13,28.4,590.4,53.58,13,4,0.98,18,684.0,227.17,51,10.2,568.73
14,2025-07-13,34.76,716.96,137.47,19,6,0.457,18,684.0,238.59,46,10.2,353.5
15,2025-07-13,20.95,438.05,119.62,17,7,0.545,0,0.0,80.36,26,10.2,802.63
16,2025-07-13,27.97,587.33,112.07,21,5,0.351,12,456.0,254.89,36,10.2,319.53
17,2025-07-13,21.38,446.51,142.45,21,3,0.934,0,0.0,374.53,50,10.2,357.93
18,2025-07-13,26.2,546.19,206.11,23,7,0.905,0,0.0,41.96,14,10.2,853.92
19,2025-07-13,27.3,555.88,204.36,16,9,0.65,0,0.0,66.94,20,10.2,725.83
20,2025-07-13,15.0,246.8,91.48,14,6,0.364,0,0.0,102.33,30,10.2,329.44
21,2025-07-13,26.51,435.12,133.5,23,9,0.278,0,0.0,223.3,38,10.2,906.35
22,2025-07-13,25.29,416.44,122.94,22,9,0.841,24,912.0,270.68,54,10.2,426.48
23,2025-07-13,29.74,491.32,118.24,13,9,0.702,0,0.0,130.54,25,10.2,640.82
24,2025-07-13,30.03,486.52,144.24,22,7,0.608,18,684.0,284.8,42,10.2,644.92
1,2025-07-14,18.96,342.71,119.04,17,3,0.983,0,0.0,80.2,22,11.6,327.91
2,2025-07-14,22.01,397.36,113.1,23,7,0.258,0,0.0,206.91,48,11.6,683.71
3,2025-07-14,20.08,357.81,96.58,25,10,0.438,0,0.0,339.97,41,11.6,376.79
4,2025-07-14,21.48,376.26,106.85,15,11,0.439,0,0.0,279.79,45,11.6,804.28
5,2025-07-14,22.78,411.64,130.25,19,5,0.431,0,0.0,108.19,31,11.6,810.24
6,2025-07-14,27.43,624.52,141.18,18,9,0.708,0,0.0,177.99,34,11.6,472.59
7,2025-07-14,20.12,435.79,153.19,12,4,0.446,12,456.0,155.37,41,11.6,647.34
8,2025-07-14,26.99,602.83,174.54,23,6,0.376,0,0.0,67.17,30,11.6,485.27
9,2025-07-14,19.21,421.25,131.17,15,5,0.562,0,0.0,46.16,18,11.6,633.74
10,2025-07-14,21.09,468.69,106.14,16,6,0.691,0,0.0,60.9,25,11.6,372.72
11,2025-07-14,12.31,277.74,126.17,17,5,0.025,24,912.0,163.33,26,11.6,628.51
12,2025-07-14,24.44,536.68,163.4,16,5,0.431,12,456.0,56.61,29,11.6,660.62
13,2025-07-14,17.2,357.55,56.0,9,7,0.646,18,684.0,73.55,29,11.6,569.38
14,2025-07-14,23.57,486.34,144.53,13,6,0.375,40,1520.0,109.03,39,11.6,352.32
15,2025-07-14,25.68,536.88,119.97,15,5,0.509,12,456.0,234.9,40,11.6,807.11
16,2025-07-14,22.08,463.73,98.75,14,5,0.66,0,0.0,199.8,40,11.6,321.27
17,2025-07-14,27.52,574.75,129.36,18,5,0.491,0,0.0,42.9,21,11.6,359.68
18,2025-07-14,20.6,429.51,180.76,21,8,0.362,0,0.0,82.53,19,11.6,853.74
19,2025-07-14,43.89,893.79,231.82,24,10,0.58,18,684.0,0.0,0,11.6,717.3
20,2025-07-14,19.26,316.85,99.56,13,4,0.141,18,684.0,103.63,32,11.6,337.94
21,2025-07-14,22.37,367.18,141.12,17,6,0.663,0,0.0,111.6,28,11.6,910.76
22,2025-07-14,17.3,284.93,120.03,12,6,0.82,0,0.0,49.03,25,11.6,426.54
23,2025-07-14,34.79,574.82,173.8,18,12,0.454,24,912.0,233.09,36,11.6,645.39
24,2025-07-14,25.36,410.89,146.67,20,6,0.108,12,456.0,318.29,46,11.6,646.28
1,2025-07-15,24.09,435.34,113.45,15,4,0.45,24,912.0,220.87,39,13.0,328.83
2,2025-07-15,16.99,306.85,140.59,14,7,0.592,0,0.0,91.56,33,13.0,685.29
3,2025-07-15,16.59,295.76,125.92,15,6,0.652,0,0.0,46.44,18,13.0,383.38
4,2025-07-15,35.52,622.34,110.86,15,6,0.291,24,912.0,127.16,36,13.0,809.21
5,2025-07-15,40.89,738.91,112.36,20,7,0.514,0,0.0,82.72,33,13.0,812.63
6,2025-07-15,17.32,394.42,140.98,18,8,0.983,18,684.0,106.71,29,13.0,474.24
7,2025-07-15,18.81,407.4,140.23,13,4,0.099,12,456.0,274.41,47,13.0,649.15
8,2025-07-15,17.07,381.22,168.05,16,8,0.144,12,456.0,178.9,44,13.0,490.6
9,2025-07-15,27.67,606.96,114.39,20,6,0.473,0,0.0,397.81,46,13.0,629.7
10,2025-07-15,22.54,500.82,97.91,11,3,0.724,12,456.0,132.11,42,13.0,376.19
11,2025-07-15,16.97,383.03,131.22,12,4,0.86,18,684.0,67.1,16,13.0,631.8
12,2025-07-15,22.83,501.42,172.97,13,6,0.186,0,0.0,64.34,30,13.0,664.35
13,2025-07-15,20.13,418.69,54.67,15,2,0.116,0,0.0,43.21,25,13.0,568.85
14,2025-07-15,34.03,702.23,148.98,20,5,0.645,12,456.0,76.67,30,13.0,349.4
15,2025-07-15,24.91,520.85,81.82,20,5,0.639,0,0.0,72.03,23,13.0,794.98
16,2025-07-15,15.37,322.81,122.74,13,3,0.253,0,0.0,45.4,21,13.0,324.99
17,2025-07-15,29.08,607.58,142.7,17,5,0.772,18,684.0,91.15,29,13.0,362.47
18,2025-07-15,30.04,626.44,174.35,24,9,0.334,0,0.0,85.37,19,13.0,858.93
19,2025-07-15,30.83,627.85,230.73,28,6,0.801,0,0.0,295.43,39,13.0,716.8
20,2025-07-15,21.13,347.8,87.59,16,4,0.491,0,0.0,58.98,25,13.0,346.89
21,2025-07-15,26.43,433.81,144.62,14,9,0.318,24,912.0,41.91,20,13.0,908.73
22,2025-07-15,29.62,487.93,134.86,13,8,0.164,12,456.0,196.99,44,13.0,431.3
23,2025-07-15,29.31,484.39,167.12,24,9,0.041,18,684.0,154.32,25,13.0,642.33
24,2025-07-15,27.21,441.02,168.36,20,6,0.036,0,0.0,142.97,29,13.0,646.08
1,2025-07-16,14.92,269.72,136.05,15,7,0.995,40,1520.0,103.15,26,14.4,327.19
2,2025-07-16,25.32,457.22,167.37,23,12,0.141,12,456.0,209.35,47,14.4,684.5
3,2025-07-16,21.5,383.18,132.25,16,4,0.523,12,456.0,123.05,26,14.4,383.88
4,2025-07-16,26.47,463.79,105.22,19,4,0.228,24,912.0,55.84,26,14.4,811.64
5,2025-07-16,25.27,456.81,118.43,24,9,0.793,24,912.0,68.58,30,14.4,818.1
6,2025-07-16,18.7,425.73,150.75,19,7,0.635,0,0.0,233.88,39,14.4,473.1
7,2025-07-16,15.52,336.31,128.32,19,3,0.897,0,0.0,235.48,53,14.4,650.79
8,2025-07-16,20.04,447.68,172.86,21,9,0.455,0,0.0,65.8,32,14.4,490.19
9,2025-07-16,19.41,425.9,130.34,13,4,0.524,12,456.0,56.6,20,14.4,632.47
10,2025-07-16,20.39,453.12,148.77,13,5,0.251,12,456.0,68.53,28,14.4,377.43
11,2025-07-16,37.49,846.04,112.03,21,3,0.135,0,0.0,0.0,0,14.4,636.08
12,2025-07-16,28.51,626.28,150.71,23,5,0.096,0,0.0,79.96,31,14.4,668.55
13,2025-07-16,20.88,434.26,73.71,12,4,0.993,12,456.0,76.26,32,14.4,576.12
14,2025-07-16,25.84,533.19,159.71,26,3,0.77,24,912.0,89.3,30,14.4,357.56
15,2025-07-16,25.2,527.02,116.08,16,6,0.937,18,684.0,362.16,47,14.4,806.26
16,2025-07-16,27.37,574.91,100.29,22,3,0.182,0,0.0,152.71,36,14.4,320.13
17,2025-07-16,29.72,621.03,153.55,17,3,0.919,0,0.0,52.97,20,14.4,358.81
18,2025-07-16,31.64,659.78,184.47,25,9,0.534,0,0.0,155.65,25,14.4,857.1
19,2025-07-16,18.44,375.5,247.46,27,8,0.983,0,0.0,396.63,40,14.4,715.56
20,2025-07-16,17.56,289.0,109.43,9,3,0.969,12,456.0,77.84,26,14.4,339.78
21,2025-07-16,31.45,516.25,130.65,24,7,0.558,0,0.0,109.23,31,14.4,903.96
22,2025-07-16,29.09,479.18,150.33,18,3,0.116,18,684.0,67.88,26,14.4,425.07
23,2025-07-16,17.3,285.86,184.87,16,8,0.854,0,0.0,174.83,28,14.4,640.45
24,2025-07-16,30.08,487.56,183.68,21,7,0.23,0,0.0,307.58,41,14.4,647.82
1,2025-07-17,21.64,391.17,154.64,11,7,0.615,0,0.0,335.99,46,15.8,332.1
2,2025-07-17,29.55,533.79,206.42,14,9,0.497,0,0.0,74.4,34,15.8,684.15
3,2025-07-17,30.65,546.35,121.83,18,6,0.163,0,0.0,97.91,25,15.8,379.93
4,2025-07-17,18.4,322.55,107.95,19,5,0.981,0,0.0,65.75,28,15.8,810.12
5,2025-07-17,24.9,450.09,97.09,21,4,0.256,0,0.0,153.53,46,15.8,810.26
6,2025-07-17,23.15,527.14,151.01,25,4,0.046,0,0.0,58.06,21,15.8,475.85
7,2025-07-17,18.6,402.95,101.19,13,8,0.974,18,684.0,47.55,26,15.8,649.08
8,2025-07-17,29.14,651.01,164.54,18,5,0.46,24,912.0,383.5,62,15.8,490.76
9,2025-07-17,23.01,504.94,125.15,14,5,0.145,24,912.0,364.18,46,15.8,635.08
10,2025-07-17,22.95,510.14,129.69,18,5,0.064,0,0.0,247.32,52,15.8,378.41
11,2025-07-17,24.41,550.94,116.38,8,5,0.99,40,1520.0,41.04,13,15.8,636.84
12,2025-07-17,20.23,444.48,117.73,23,3,0.721,18,684.0,190.85,48,15.8,668.12
13,2025-07-17,14.69,305.52,76.13,14,5,0.184,18,684.0,138.99,43,15.8,575.94
14,2025-07-17,16.49,340.4,146.26,19,8,0.03,0,0.0,184.83,47,15.8,359.46
15,2025-07-17,21.83,456.52,105.75,17,7,0.996,18,684.0,42.38,18,15.8,802.99
16,2025-07-17,20.18,424.07,106.31,17,5,0.083,0,0.0,339.92,50,15.8,324.22
17,2025-07-17,22.41,468.28,173.32,15,5,0.996,0,0.0,52.6,23,15.8,357.36
18,2025-07-17,27.96,583.17,179.38,22,9,0.578,40,1520.0,0.0,0,15.8,859.32
19,2025-07-17,29.57,602.23,218.73,38,5,0.596,0,0.0,68.81,19,15.8,725.0
20,2025-07-17,18.57,305.71,96.5,17,6,0.579,24,912.0,390.85,56,15.8,335.31
21,2025-07-17,24.16,396.72,136.99,20,6,0.336,0,0.0,48.66,20,15.8,909.31
22,2025-07-17,16.88,278.17,131.56,20,5,0.51,40,1520.0,268.52,55,15.8,426.27
23,2025-07-17,23.26,384.42,230.56,15,8,0.744,12,456.0,241.82,32,15.8,644.26
24,2025-07-17,26.17,424.17,186.85,21,6,0.695,12,456.0,348.8,45,15.8,644.54
1,2025-07-18,18.87,341.23,115.3,21,6,0.392,12,456.0,44.78,20,17.2,332.75
2,2025-07-18,17.91,323.51,186.42,28,8,0.178,0,0.0,83.6,35,17.2,687.28
3,2025-07-18,21.14,376.82,113.17,17,5,0.232,0,0.0,216.78,30,17.2,384.02
4,2025-07-18,18.6,326.06,108.79,9,6,0.711,0,0.0,0.0,0,17.2,808.83
5,2025-07-18,26.55,480.07,102.38,20,9,0.798,12,456.0,275.81,51,17.2,815.3
6,2025-07-18,24.08,548.51,112.66,30,5,0.802,0,0.0,77.65,24,17.2,473.4
7,2025-07-18,20.05,434.56,107.79,15,3,0.498,0,0.0,82.67,34,17.2,652.04
8,2025-07-18,24.27,542.33,160.01,21,5,0.906,0,0.0,46.64,26,17.2,492.43
9,2025-07-18,29.7,651.6,119.82,21,4,0.528,0,0.0,94.27,26,17.2,631.87
10,2025-07-18,17.8,395.62,157.74,11,5,0.16,0,0.0,157.34,44,17.2,372.38
11,2025-07-18,20.06,452.94,92.92,22,6,0.407,0,0.0,101.96,22,17.2,632.81
12,2025-07-18,20.96,460.37,125.8,17,4,0.924,0,0.0,66.13,29,17.2,664.46
13,2025-07-18,20.91,435.11,77.43,12,4,0.555,0,0.0,60.41,27,17.2,576.75
14,2025-07-18,26.77,552.62,179.85,19,10,0.794,18,684.0,47.01,23,17.2,359.14
15,2025-07-18,28.32,592.46,80.48,16,5,0.799,0,0.0,49.43,19,17.2,802.08
16,2025-07-18,17.36,364.88,120.73,15,8,0.3,18,684.0,139.86,31,17.2,323.62
17,2025-07-18,23.19,484.7,150.36,16,5,0.413,0,0.0,136.64,36,17.2,360.11
18,2025-07-18,33.43,697.28,161.6,27,11,0.643,18,684.0,74.16,15,17.2,856.8
19,2025-07-18,33.78,688.2,232.8,24,8,0.404,12,456.0,132.36,25,17.2,719.36
20,2025-07-18,22.88,376.72,90.24,17,4,0.544,0,0.0,0.0,0,17.2,343.0
21,2025-07-18,19.03,312.47,134.16,19,7,0.51,0,0.0,245.13,46,17.2,908.42
22,2025-07-18,16.73,275.7,93.34,27,8,0.812,40,1520.0,336.36,62,17.2,427.1
23,2025-07-18,30.76,508.43,184.34,40,7,0.679,24,912.0,112.05,23,17.2,649.85
24,2025-07-18,25.73,417.11,184.3,18,6,0.443,24,912.0,159.32,28,17.2,648.96
1,2025-07-19,20.69,374.17,127.57,16,5,0.648,0,0.0,240.99,38,18.6,332.24
2,2025-07-19,26.09,471.37,245.04,16,8,0.749,12,456.0,69.17,27,18.6,687.15
3,2025-07-19,21.52,383.79,111.07,19,5,0.681,12,456.0,138.14,29,18.6,387.69
4,2025-07-19,27.05,474.17,118.37,19,4,0.478,0,0.0,126.62,36,18.6,813.39
5,2025-07-19,27.27,493.1,108.76,18,4,0.951,24,912.0,350.31,64,18.6,814.74
6,2025-07-19,23.45,534.16,88.18,15,5,0.698,0,0.0,59.74,23,18.6,477.49
7,2025-07-19,27.49,595.84,96.22,18,3,0.21,12,456.0,85.95,28,18.6,649.62
8,2025-07-19,29.53,659.83,125.85,30,3,0.454,0,0.0,222.54,53,18.6,493.6
9,2025-07-19,18.22,399.93,108.84,21,6,0.55,0,0.0,242.52,41,18.6,638.81
10,2025-07-19,18.7,415.66,124.78,17,5,0.446,0,0.0,66.75,26,18.6,381.15
11,2025-07-19,30.06,678.7,116.25,11,7,0.932,0,0.0,195.99,26,18.6,637.8
12,2025-07-19,32.47,713.41,92.7,23,7,0.192,12,456.0,84.48,29,18.6,670.34
13,2025-07-19,16.19,336.89,116.85,8,6,0.845,18,684.0,55.36,27,18.6,571.79
14,2025-07-19,36.21,747.43,165.13,18,6,0.212,0,0.0,52.26,25,18.6,359.15
15,2025-07-19,20.94,438.14,93.17,18,4,0.086,18,684.0,183.1,36,18.6,804.69
16,2025-07-19,25.93,544.86,111.94,16,8,0.413,12,456.0,361.69,49,18.6,325.75
17,2025-07-19,24.94,521.36,135.43,18,8,0.615,0,0.0,70.09,25,18.6,354.7
18,2025-07-19,36.48,760.99,173.21,27,5,0.625,0,0.0,180.07,25,18.6,853.9
19,2025-07-19,31.62,644.25,210.41,21,9,0.585,0,0.0,83.83,21,18.6,724.83
20,2025-07-19,13.25,218.24,107.01,12,6,0.477,0,0.0,44.1,21,18.6,339.13
21,2025-07-19,31.98,525.28,143.07,17,6,0.286,0,0.0,196.88,40,18.6,910.23
22,2025-07-19,23.24,382.98,94.28,18,4,0.944,40,1520.0,128.48,37,18.6,427.98
23,2025-07-19,18.92,312.8,193.93,25,9,0.702,0,0.0,203.09,31,18.6,646.41
24,2025-07-19,28.84,467.6,152.4,24,10,0.41,0,0.0,371.97,46,18.6,647.56
1,2025-07-20,15.3,276.66,120.81,18,4,0.752,0,0.0,71.02,24,20.0,330.53
2,2025-07-20,16.9,305.36,240.53,28,6,0.862,0,0.0,64.93,29,20.0,686.8
3,2025-07-20,21.89,390.29,89.75,20,7,0.447,0,0.0,197.39,33,20.0,382.87
4,2025-07-20,21.6,378.64,119.23,17,7,0.454,0,0.0,303.33,54,20.0,815.45
5,2025-07-20,27.76,502.02,116.01,13,4,0.172,12,456.0,48.91,26,20.0,814.4
6,2025-07-20,28.31,644.98,114.38,11,5,0.809,0,0.0,196.31,41,20.0,474.64
7,2025-07-20,22.48,487.16,102.73,9,6,0.248,0,0.0,50.16,25,20.0,654.33
8,2025-07-20,26.41,590.2,136.02,17,4,0.548,40,1520.0,265.17,53,20.0,489.38
9,2025-07-20,17.2,377.48,82.9,18,6,0.524,12,456.0,274.0,42,20.0,637.05
10,2025-07-20,26.54,590.08,151.83,15,3,0.147,18,684.0,67.1,29,20.0,379.67
11,2025-07-20,12.11,273.42,132.7,24,2,0.308,0,0.0,109.98,22,20.0,641.16
12,2025-07-20,31.24,686.42,96.72,15,5,0.616,0,0.0,61.84,28,20.0,665.77
13,2025-07-20,21.57,448.85,134.62,10,6,0.732,40,1520.0,156.32,44,20.0,574.94
14,2025-07-20,23.71,489.54,148.59,23,7,0.396,0,0.0,51.94,25,20.0,352.64
15,2025-07-20,23.14,484.16,99.39,15,7,0.363,0,0.0,91.28,28,20.0,803.95
16,2025-07-20,22.7,477.1,100.87,15,4,0.84,0,0.0,84.01,27,20.0,314.14
17,2025-07-20,21.32,445.61,111.59,20,7,0.554,12,456.0,128.93,35,20.0,363.56
18,2025-07-20,25.83,538.87,138.33,27,11,0.166,0,0.0,266.07,34,20.0,867.15
19,2025-07-20,47.38,965.46,265.94,20,5,0.758,12,456.0,194.42,27,20.0,722.76
20,2025-07-20,22.12,364.32,114.58,14,4,0.443,0,0.0,147.46,35,20.0,340.0
21,2025-07-20,24.56,403.37,126.78,21,6,0.287,18,684.0,49.56,21,20.0,909.36
22,2025-07-20,27.88,459.57,118.57,16,6,0.485,12,456.0,212.34,46,20.0,431.52
23,2025-07-20,16.63,274.9,218.32,16,6,0.87,40,1520.0,105.62,22,20.0,646.35
24,2025-07-20,26.71,433.13,148.58,23,7,0.679,24,912.0,74.53,20,20.0,650.76
1,2025-07-21,29.17,527.55,129.34,15,5,0.765,40,1520.0,341.9,43,21.4,334.8
2,2025-07-21,32.86,593.74,243.63,31,7,0.552,18,684.0,50.35,26,21.4,694.5
3,2025-07-21,19.26,343.58,124.23,10,3,0.481,0,0.0,69.44,23,21.4,390.13
4,2025-07-21,13.36,234.25,126.46,13,7,0.805,12,456.0,0.0,0,21.4,807.66
5,2025-07-21,22.23,401.97,69.13,26,4,0.143,40,1520.0,137.44,39,21.4,817.58
6,2025-07-21,35.86,817.02,99.78,24,7,0.895,0,0.0,367.05,55,21.4,478.96
7,2025-07-21,24.41,529.14,81.14,21,4,0.262,0,0.0,231.22,50,21.4,649.75
8,2025-07-21,30.47,680.98,129.81,16,6,0.659,12,456.0,147.4,38,21.4,492.5
9,2025-07-21,28.64,628.59,95.7,12,7,0.019,40,1520.0,0.0,0,21.4,637.91
10,2025-07-21,16.76,372.62,113.18,18,3,0.72,18,684.0,49.13,29,21.4,376.05
11,2025-07-21,30.8,695.51,126.75,16,8,0.667,0,0.0,44.27,14,21.4,639.38
12,2025-07-21,22.87,502.67,134.28,16,5,0.385,18,684.0,178.11,41,21.4,661.76
13,2025-07-21,18.98,394.98,133.84,10,4,0.813,12,456.0,184.99,53,21.4,583.62
14,2025-07-21,24.91,514.32,170.65,19,6,0.479,0,0.0,59.27,27,21.4,362.25
15,2025-07-21,23.32,487.96,111.72,13,6,0.117,0,0.0,40.15,17,21.4,808.38
16,2025-07-21,19.94,419.18,97.75,15,7,0.026,0,0.0,297.27,48,21.4,323.6
17,2025-07-21,20.43,427.13,131.84,17,6,0.285,18,684.0,51.92,23,21.4,361.79
18,2025-07-21,34.06,710.85,156.28,19,7,0.337,0,0.0,196.44,29,21.4,865.34
19,2025-07-21,29.08,592.61,241.15,32,9,0.236,12,456.0,187.52,33,21.4,724.77
20,2025-07-21,23.24,382.69,117.2,17,6,0.226,0,0.0,146.0,36,21.4,342.26
21,2025-07-21,26.49,435.13,145.03,18,6,0.583,0,0.0,44.7,20,21.4,912.19
22,2025-07-21,39.34,648.46,138.65,13,6,0.827,0,0.0,40.43,23,21.4,430.71
23,2025-07-21,50.65,837.53,201.93,31,9,0.256,0,0.0,51.37,17,21.4,647.05
24,2025-07-21,24.36,395.09,148.63,22,5,0.884,0,0.0,56.95,19,21.4,656.15
1,2025-07-22,23.79,430.31,145.75,18,8,0.551,0,0.0,173.23,30,22.8,332.88
2,2025-07-22,17.52,316.73,229.64,28,9,0.334,12,456.0,269.98,57,22.8,688.51
3,2025-07-22,23.89,426.18,148.15,21,5,0.606,0,0.0,63.11,20,22.8,391.47
4,2025-07-22,22.18,388.89,114.88,21,8,0.006,40,1520.0,73.55,32,22.8,807.87
5,2025-07-22,20.75,375.28,144.79,16,8,0.143,24,912.0,200.0,49,22.8,816.12
6,2025-07-22,23.41,533.49,97.49,18,9,0.271,0,0.0,267.95,39,22.8,482.47
7,2025-07-22,25.07,543.51,91.72,12,8,0.076,0,0.0,149.15,42,22.8,651.55
8,2025-07-22,34.32,767.29,132.62,18,5,0.507,24,912.0,112.82,37,22.8,491.9
9,2025-07-22,30.18,662.59,84.1,18,6,0.907,0,0.0,95.98,25,22.8,639.18
10,2025-07-22,25.76,572.97,128.01,8,6,0.269,0,0.0,115.51,40,22.8,375.07
11,2025-07-22,15.59,352.15,123.72,13,5,0.274,40,1520.0,75.5,17,22.8,637.28
12,2025-07-22,33.53,737.1,133.27,15,5,0.261,0,0.0,96.91,36,22.8,667.23
13,2025-07-22,14.05,292.45,134.34,16,3,0.712,18,684.0,357.93,57,22.8,576.61
14,2025-07-22,24.54,506.69,159.12,23,5,0.461,0,0.0,350.49,59,22.8,359.69
15,2025-07-22,25.04,523.96,131.33,10,4,0.001,18,684.0,299.08,44,22.8,803.05
16,2025-07-22,23.63,496.83,90.36,17,6,0.108,18,684.0,128.19,31,22.8,324.59
17,2025-07-22,27.53,575.64,109.93,21,5,0.426,18,684.0,153.09,35,22.8,370.33
18,2025-07-22,33.86,706.71,138.98,24,10,0.985,40,1520.0,242.3,33,22.8,866.38
19,2025-07-22,28.73,585.59,217.83,23,7,0.171,40,1520.0,172.86,31,22.8,719.44
20,2025-07-22,16.83,277.19,121.45,10,3,0.915,0,0.0,65.3,24,22.8,344.03
21,2025-07-22,22.72,373.3,140.45,20,5,0.692,0,0.0,189.39,40,22.8,909.99
22,2025-07-22,24.69,407.11,154.45,16,8,0.476,24,912.0,122.63,35,22.8,428.68
23,2025-07-22,30.56,505.4,200.66,24,4,0.634,0,0.0,58.76,16,22.8,649.75
24,2025-07-22,33.03,535.79,193.76,22,7,0.075,0,0.0,273.83,36,22.8,648.16
1,2025-07-23,22.05,398.86,117.63,19,2,0.21,0,0.0,43.3,15,24.2,331.39
2,2025-07-23,32.67,590.6,212.52,26,10,0.393,0,0.0,77.58,28,24.2,691.85
3,2025-07-23,25.46,454.25,162.78,17,5,0.001,0,0.0,63.68,19,24.2,385.34
4,2025-07-23,23.71,415.84,118.51,17,8,0.918,0,0.0,61.9,24,24.2,808.64
5,2025-07-23,16.89,305.46,139.05,19,8,0.173,0,0.0,227.03,45,24.2,816.0
6,2025-07-23,12.56,286.16,82.77,19,7,0.393,0,0.0,309.75,46,24.2,480.4
7,2025-07-23,14.15,306.81,98.6,14,6,0.024,12,456.0,278.09,52,24.2,652.37
8,2025-07-23,27.24,609.08,134.7,24,5,0.121,0,0.0,252.1,53,24.2,497.59
9,2025-07-23,24.9,546.61,64.79,16,5,0.22,0,0.0,194.92,36,24.2,634.71
10,2025-07-23,20.41,453.96,108.33,22,5,0.896,0,0.0,80.49,30,24.2,378.86
11,2025-07-23,32.5,734.01,155.17,13,6,0.051,0,0.0,83.82,20,24.2,639.31
12,2025-07-23,19.46,427.89,129.9,13,10,0.959,0,0.0,132.69,44,24.2,672.71
13,2025-07-23,15.22,316.88,108.01,17,6,0.877,0,0.0,149.82,41,24.2,576.74
14,2025-07-23,30.62,632.42,146.55,25,7,0.396,0,0.0,274.61,51,24.2,356.52
15,2025-07-23,21.74,454.94,119.03,22,4,0.423,0,0.0,135.1,30,24.2,800.94
16,2025-07-23,22.3,468.96,73.26,19,7,0.11,18,684.0,47.84,19,24.2,326.15
17,2025-07-23,27.79,581.06,104.3,18,6,0.394,0,0.0,43.52,21,24.2,363.68
18,2025-07-23,28.35,591.67,128.86,30,9,0.456,0,0.0,87.79,20,24.2,855.09
19,2025-07-23,21.75,443.33,174.99,29,5,0.016,12,456.0,51.4,16,24.2,728.07
20,2025-07-23,21.6,355.88,114.44,16,6,0.521,0,0.0,99.51,28,24.2,341.9
21,2025-07-23,24.27,398.82,145.93,19,8,0.075,0,0.0,257.19,45,24.2,910.35
22,2025-07-23,20.34,335.45,107.44,22,11,0.509,18,684.0,90.53,32,24.2,431.54
23,2025-07-23,21.33,352.82,217.18,24,8,0.731,0,0.0,0.0,0,24.2,643.32
24,2025-07-23,25.99,421.6,154.8,24,9,0.846,0,0.0,119.33,25,24.2,643.57
1,2025-07-24,20.23,365.96,98.38,16,4,0.563,24,912.0,43.59,19,25.6,338.14
2,2025-07-24,35.62,643.91,222.75,28,9,0.461,0,0.0,147.7,43,25.6,689.23
3,2025-07-24,12.09,215.72,152.98,19,6,0.019,0,0.0,91.1,25,25.6,389.3
4,2025-07-24,19.16,336.0,117.18,16,3,0.996,0,0.0,53.46,23,25.6,815.88
5,2025-07-24,31.81,575.42,126.6,21,6,0.363,0,0.0,160.95,47,25.6,824.52
6,2025-07-24,31.31,713.77,81.78,19,6,0.005,12,456.0,88.4,23,25.6,480.28
7,2025-07-24,30.6,663.56,103.24,5,5,0.001,0,0.0,211.31,50,25.6,654.78
8,2025-07-24,22.22,496.9,125.82,18,7,0.478,0,0.0,47.01,25,25.6,485.39
9,2025-07-24,17.39,381.97,78.34,9,3,0.527,40,1520.0,262.67,38,25.6,641.25
10,2025-07-24,24.59,547.1,110.46,17,3,0.905,0,0.0,41.87,23,25.6,378.05
11,2025-07-24,22.9,517.31,154.75,15,3,0.891,12,456.0,0.0,0,25.6,639.07
12,2025-07-24,25.3,556.27,103.19,17,6,0.349,0,0.0,116.67,34,25.6,666.37
13,2025-07-24,14.78,307.69,130.49,11,4,0.308,18,684.0,128.2,41,25.6,577.69
14,2025-07-24,21.93,452.92,165.55,22,4,0.329,12,456.0,83.62,32,25.6,359.71
15,2025-07-24,18.64,390.11,126.8,16,6,0.114,0,0.0,104.31,30,25.6,804.88
16,2025-07-24,19.84,417.18,91.85,15,5,0.134,18,684.0,363.72,51,25.6,330.21
17,2025-07-24,25.08,524.45,76.31,22,6,0.844,12,456.0,204.67,41,25.6,363.31
18,2025-07-24,24.86,519.04,156.31,22,8,0.776,12,456.0,40.47,15,25.6,860.59
19,2025-07-24,38.73,789.69,164.64,26,6,0.56,12,456.0,52.15,17,25.6,727.45
20,2025-07-24,22.68,373.65,119.97,16,4,0.237,0,0.0,142.63,31,25.6,343.64
21,2025-07-24,21.78,357.95,125.59,21,6,0.564,0,0.0,43.93,20,25.6,913.26
22,2025-07-24,16.14,266.22,138.98,15,5,0.56,0,0.0,94.16,34,25.6,433.47
23,2025-07-24,39.45,652.64,211.5,29,9,0.436,12,456.0,60.17,16,25.6,647.23
24,2025-07-24,28.51,462.44,146.64,23,5,0.793,0,0.0,217.63,31,25.6,649.65
1,2025-07-25,23.61,427.21,117.83,11,4,0.918,0,0.0,371.75,51,27.0,338.78
2,2025-07-25,31.67,572.51,196.47,30,6,0.064,24,912.0,46.56,25,27.0,692.95
3,2025-07-25,26.96,481.1,177.43,12,7,0.819,0,0.0,91.69,22,27.0,388.35
4,2025-07-25,26.6,466.57,107.84,15,5,0.432,12,456.0,177.11,47,27.0,813.05
5,2025-07-25,18.13,327.97,135.14,18,7,0.954,0,0.0,44.73,23,27.0,822.02
6,2025-07-25,25.86,589.43,94.26,16,8,0.031,0,0.0,41.87,17,27.0,483.54
7,2025-07-25,17.64,382.6,82.09,16,5,0.414,40,1520.0,63.45,26,27.0,658.03
8,2025-07-25,24.17,540.47,135.11,17,6,0.928,24,912.0,147.46,42,27.0,490.1
9,2025-07-25,23.62,518.65,81.02,18,6,0.509,12,456.0,296.69,45,27.0,640.19
10,2025-07-25,12.67,281.96,83.24,18,7,0.285,0,0.0,331.36,55,27.0,378.28
11,2025-07-25,18.63,420.98,146.7,18,4,0.216,12,456.0,0.0,0,27.0,637.75
12,2025-07-25,22.78,500.84,95.99,15,6,0.548,0,0.0,106.59,36,27.0,669.46
13,2025-07-25,25.77,536.64,109.51,16,4,0.953,0,0.0,291.14,67,27.0,582.35
14,2025-07-25,30.17,623.34,168.98,22,4,0.25,0,0.0,283.89,49,27.0,360.52
15,2025-07-25,16.75,350.62,144.54,9,5,0.789,24,912.0,241.34,41,27.0,806.34
16,2025-07-25,23.71,498.55,90.94,19,3,0.037,0,0.0,51.91,19,27.0,331.32
17,2025-07-25,27.26,570.12,111.4,11,7,0.443,12,456.0,122.42,37,27.0,364.4
18,2025-07-25,31.77,663.22,207.53,22,6,0.109,0,0.0,101.83,22,27.0,861.16
19,2025-07-25,30.18,615.26,149.96,28,11,0.16,0,0.0,86.63,22,27.0,727.49
20,2025-07-25,13.54,223.1,128.85,13,4,0.604,0,0.0,163.64,37,27.0,340.86
21,2025-07-25,26.64,437.78,110.59,21,6,0.285,24,912.0,95.35,32,27.0,915.36
22,2025-07-25,23.69,390.67,138.62,14,7,0.146,24,912.0,46.07,23,27.0,432.81
23,2025-07-25,28.23,467.02,211.12,24,8,0.495,0,0.0,152.89,26,27.0,648.64
24,2025-07-25,31.6,512.69,162.64,19,6,0.479,40,1520.0,103.52,26,27.0,650.83
1,2025-07-26,25.75,465.96,113.4,17,4,0.618,0,0.0,82.17,23,28.4,336.84
2,2025-07-26,32.75,592.21,189.85,30,14,0.922,0,0.0,41.02,24,28.4,692.01
3,2025-07-26,22.99,410.27,161.83,16,5,0.762,0,0.0,51.54,18,28.4,392.43
4,2025-07-26,20.64,362.09,115.67,18,8,0.916,0,0.0,221.44,48,28.4,819.03
5,2025-07-26,23.19,419.58,142.73,19,5,0.988,0,0.0,89.92,34,28.4,816.58
6,2025-07-26,26.44,602.87,121.22,13,7,0.434,0,0.0,224.57,43,28.4,478.88
7,2025-07-26,20.77,450.5,79.14,16,6,0.335,0,0.0,47.13,24,28.4,649.01
8,2025-07-26,30.75,687.68,125.59,16,4,0.582,0,0.0,54.39,27,28.4,492.03
9,2025-07-26,23.38,513.52,85.37,17,4,0.511,0,0.0,132.46,28,28.4,636.27
10,2025-07-26,33.84,752.93,94.13,13,4,0.908,0,0.0,42.94,25,28.4,378.88
11,2025-07-26,20.52,463.57,137.74,16,6,0.405,18,684.0,341.32,35,28.4,644.53
12,2025-07-26,19.04,418.82,81.4,15,6,0.357,0,0.0,322.97,63,28.4,673.8
13,2025-07-26,24.46,509.3,84.41,22,3,0.206,40,1520.0,150.79,41,28.4,577.83
14,2025-07-26,32.59,673.38,162.76,18,9,0.939,0,0.0,207.89,49,28.4,361.56
15,2025-07-26,26.82,561.66,144.93,19,2,0.817,0,0.0,141.52,36,28.4,805.35
16,2025-07-26,26.32,553.56,83.58,13,5,0.253,0,0.0,88.76,26,28.4,323.66
17,2025-07-26,24.41,510.69,76.09,16,4,0.648,0,0.0,78.64,29,28.4,355.83
18,2025-07-26,35.16,734.23,163.07,27,10,0.814,0,0.0,263.63,32,28.4,862.43
19,2025-07-26,40.89,833.93,180.98,21,8,0.724,0,0.0,42.99,18,28.4,724.61
20,2025-07-26,19.85,327.1,103.4,20,5,0.784,40,1520.0,76.77,26,28.4,345.4
21,2025-07-26,27.31,448.88,114.08,23,9,0.517,12,456.0,197.4,41,28.4,912.91
22,2025-07-26,31.2,514.71,138.64,20,8,0.712,0,0.0,50.7,24,28.4,437.61
23,2025-07-26,30.25,500.48,204.98,24,13,0.612,0,0.0,266.81,34,28.4,652.74
24,2025-07-26,35.55,576.81,168.15,17,5,0.726,0,0.0,300.02,42,28.4,649.94
1,2025-07-27,23.65,428.14,119.47,16,7,0.999,0,0.0,125.95,29,29.8,335.98
2,2025-07-27,30.95,559.81,169.66,27,10,0.56,0,0.0,40.58,22,29.8,691.52
3,2025-07-27,24.58,438.8,160.84,14,3,0.526,24,912.0,384.62,45,29.8,388.64
4,2025-07-27,20.52,360.03,102.99,19,7,0.864,0,0.0,337.43,55,29.8,815.6
5,2025-07-27,26.94,487.57,141.71,20,6,0.3,24,912.0,303.3,58,29.8,818.93
6,2025-07-27,24.88,567.36,109.78,17,4,0.67,0,0.0,226.52,42,29.8,478.47
7,2025-07-27,11.21,243.11,98.22,11,3,0.569,0,0.0,361.66,61,29.8,657.67
8,2025-07-27,21.91,490.2,131.58,19,7,0.082,0,0.0,128.89,38,29.8,493.72
9,2025-07-27,13.73,301.67,100.85,13,3,0.606,12,456.0,119.12,27,29.8,640.35
10,2025-07-27,21.91,487.51,82.93,12,4,0.455,18,684.0,96.32,36,29.8,383.64
11,2025-07-27,19.58,442.57,125.5,24,5,0.897,40,1520.0,284.92,34,29.8,639.97
12,2025-07-27,26.83,590.09,99.87,14,4,0.057,0,0.0,128.8,38,29.8,670.33
13,2025-07-27,17.69,368.48,81.58,14,3,0.451,0,0.0,83.31,34,29.8,574.1
14,2025-07-27,26.47,546.92,149.63,19,7,0.314,0,0.0,114.22,35,29.8,356.56
15,2025-07-27,20.14,421.76,149.86,15,5,0.224,0,0.0,0.0,0,29.8,808.77
16,2025-07-27,18.42,387.44,90.05,12,7,0.901,18,684.0,95.33,25,29.8,328.79
17,2025-07-27,30.92,646.91,65.93,15,6,0.323,18,684.0,165.77,37,29.8,366.17
18,2025-07-27,24.65,514.79,179.71,16,9,0.227,0,0.0,122.24,23,29.8,860.32
19,2025-07-27,35.42,722.29,145.0,27,8,0.641,0,0.0,174.16,29,29.8,731.7
20,2025-07-27,21.85,360.06,100.01,18,6,0.362,0,0.0,271.21,49,29.8,348.74
21,2025-07-27,27.7,455.32,147.69,15,5,0.1,0,0.0,347.67,51,29.8,912.05
22,2025-07-27,19.44,320.67,159.52,21,6,0.687,18,684.0,65.36,30,29.8,433.48
23,2025-07-27,35.7,590.71,200.88,24,8,0.063,0,0.0,72.04,20,29.8,653.21
24,2025-07-27,29.2,473.93,168.55,18,5,1.0,0,0.0,215.07,34,29.8,649.88
1,2025-07-28,15.87,287.32,95.8,17,5,0.483,24,912.0,318.71,42,31.2,331.69
2,2025-07-28,31.78,574.81,173.11,27,9,0.885,18,684.0,86.76,35,31.2,692.06
3,2025-07-28,15.47,276.17,150.54,23,4,0.437,18,684.0,325.01,42,31.2,388.69
4,2025-07-28,19.32,339.12,132.34,15,3,0.843,12,456.0,211.32,48,31.2,815.61
5,2025-07-28,19.85,359.37,157.37,16,5,0.883,0,0.0,191.27,49,31.2,819.79
6,2025-07-28,19.58,446.52,144.36,17,10,0.992,24,912.0,135.18,34,31.2,482.8
7,2025-07-28,23.19,503.17,80.46,18,6,0.448,24,912.0,42.11,22,31.2,649.34
8,2025-07-28,24.16,540.44,135.67,15,7,0.589,0,0.0,162.45,42,31.2,491.99
9,2025-07-28,23.44,515.05,113.24,12,6,0.691,18,684.0,123.85,27,31.2,640.29
10,2025-07-28,28.06,624.62,88.92,8,7,0.387,18,684.0,45.91,24,31.2,378.29
11,2025-07-28,25.0,565.13,118.36,16,8,0.538,0,0.0,64.9,17,31.2,645.84
12,2025-07-28,21.41,470.83,52.8,28,6,0.383,0,0.0,234.18,52,31.2,671.44
13,2025-07-28,24.28,505.74,121.78,8,4,0.338,0,0.0,341.22,68,31.2,578.52
14,2025-07-28,28.26,584.01,160.29,20,9,0.06,40,1520.0,175.69,45,31.2,361.66
15,2025-07-28,15.07,315.53,150.1,16,6,0.574,0,0.0,350.27,49,31.2,803.85
16,2025-07-28,24.89,523.68,85.19,12,6,0.564,0,0.0,123.64,30,31.2,324.74
17,2025-07-28,14.64,306.31,46.26,22,6,0.868,0,0.0,168.05,40,31.2,367.44
18,2025-07-28,26.66,556.92,178.48,24,9,0.203,0,0.0,42.41,13,31.2,861.67
19,2025-07-28,34.25,698.59,148.59,27,11,0.273,0,0.0,64.35,18,31.2,723.06
20,2025-07-28,17.93,295.63,90.03,15,5,0.624,0,0.0,72.23,25,31.2,345.2
21,2025-07-28,24.64,405.19,145.46,20,6,0.927,12,456.0,74.58,25,31.2,914.46
22,2025-07-28,19.26,317.82,155.39,21,4,0.715,18,684.0,290.02,59,31.2,436.48
23,2025-07-28,28.46,470.94,192.23,31,6,0.376,0,0.0,85.46,20,31.2,646.63
24,2025-07-28,24.07,390.74,175.34,23,5,0.328,0,0.0,44.98,16,31.2,654.45
1,2025-07-29,23.7,429.01,72.71,19,3,0.636,0,0.0,79.85,26,32.6,336.09
2,2025-07-29,34.79,629.27,138.2,30,6,0.262,0,0.0,98.38,36,32.6,689.45
3,2025-07-29,22.75,406.12,132.92,26,5,0.728,0,0.0,83.91,22,32.6,389.92
4,2025-07-29,23.6,414.17,144.25,20,10,0.886,0,0.0,49.52,25,32.6,820.45
5,2025-07-29,22.05,399.12,118.7,32,6,0.137,40,1520.0,342.35,72,32.6,815.52
6,2025-07-29,16.07,366.5,161.53,15,4,0.465,0,0.0,206.62,37,32.6,482.65
7,2025-07-29,23.99,520.48,67.71,15,5,0.545,0,0.0,93.66,35,32.6,651.05
8,2025-07-29,20.9,467.54,132.13,26,6,0.122,0,0.0,149.74,41,32.6,490.79
9,2025-07-29,27.03,593.94,117.0,15,8,0.009,0,0.0,49.48,20,32.6,642.15
10,2025-07-29,19.27,428.92,85.33,15,4,0.903,0,0.0,82.25,32,32.6,382.1
11,2025-07-29,22.36,505.49,102.14,15,5,0.886,0,0.0,53.23,17,32.6,639.86
12,2025-07-29,19.16,421.42,69.32,16,9,0.489,0,0.0,146.05,37,32.6,670.9
13,2025-07-29,30.51,635.5,84.29,17,5,0.003,0,0.0,226.05,53,32.6,577.01
14,2025-07-29,23.88,493.49,139.34,22,8,0.035,0,0.0,51.19,25,32.6,356.98
15,2025-07-29,25.17,527.31,149.94,18,6,0.706,0,0.0,0.0,0,32.6,806.83
16,2025-07-29,21.91,460.91,90.18,14,6,0.815,12,456.0,215.43,39,32.6,331.85
17,2025-07-29,22.51,471.03,42.43,23,11,0.833,0,0.0,199.98,38,32.6,361.34
18,2025-07-29,34.21,714.58,200.0,20,6,0.66,0,0.0,42.82,14,32.6,862.32
19,2025-07-29,21.34,435.31,174.33,17,6,0.45,0,0.0,77.28,23,32.6,726.44
20,2025-07-29,26.16,431.3,90.25,13,5,0.551,0,0.0,386.25,56,32.6,344.14
21,2025-07-29,29.53,485.51,160.57,18,6,0.433,0,0.0,98.13,32,32.6,912.79
22,2025-07-29,27.35,451.29,179.73,18,9,0.752,0,0.0,393.63,61,32.6,430.89
23,2025-07-29,27.64,457.52,229.09,23,7,0.545,24,912.0,358.29,37,32.6,650.83
24,2025-07-29,19.66,319.13,125.32,29,9,0.251,0,0.0,40.06,17,32.6,644.21
1,2025-07-30,22.78,412.44,104.27,11,4,0.424,12,456.0,64.42,21,34.0,334.53
2,2025-07-30,30.58,553.22,187.79,22,9,0.127,0,0.0,118.67,39,34.0,692.82
3,2025-07-30,19.6,349.96,107.0,23,7,0.477,0,0.0,199.17,32,34.0,391.81
4,2025-07-30,25.44,446.55,125.3,18,5,0.58,0,0.0,141.13,39,34.0,819.91
5,2025-07-30,21.76,393.99,127.14,18,10,0.466,40,1520.0,57.2,26,34.0,820.09
6,2025-07-30,23.35,532.52,184.12,14,9,0.815,0,0.0,87.74,26,34.0,484.44
7,2025-07-30,15.89,344.88,54.33,15,5,0.004,0,0.0,383.71,63,34.0,650.33
8,2025-07-30,24.69,552.39,143.97,19,5,0.046,0,0.0,63.16,26,34.0,498.9
9,2025-07-30,19.23,422.66,137.78,9,7,0.195,40,1520.0,280.93,44,34.0,633.85
10,2025-07-30,20.79,462.86,77.02,14,7,0.346,0,0.0,246.26,56,34.0,377.52
11,2025-07-30,33.62,759.97,72.48,21,3,0.564,12,456.0,73.45,17,34.0,640.69
12,2025-07-30,18.92,416.37,78.22,10,6,0.842,12,456.0,221.13,46,34.0,672.09
13,2025-07-30,20.32,423.42,90.9,13,5,0.018,24,912.0,42.4,27,34.0,578.48
14,2025-07-30,25.0,516.73,115.53,22,5,0.943,12,456.0,94.67,31,34.0,358.04
15,2025-07-30,23.74,497.33,149.95,14,7,0.935,0,0.0,103.06,27,34.0,807.96
16,2025-07-30,17.88,376.31,72.66,15,4,0.76,0,0.0,108.33,28,34.0,320.89
17,2025-07-30,20.7,433.28,52.35,8,5,0.447,12,456.0,87.27,29,34.0,367.03
18,2025-07-30,19.38,404.78,225.14,23,8,0.501,40,1520.0,131.55,23,34.0,860.85
19,2025-07-30,41.19,840.38,184.16,21,9,0.416,40,1520.0,111.45,26,34.0,726.6
20,2025-07-30,21.47,354.03,77.99,13,7,0.07,0,0.0,53.38,23,34.0,343.62
21,2025-07-30,19.38,318.64,175.36,18,6,0.805,24,912.0,76.05,24,34.0,915.98
22,2025-07-30,30.77,507.89,173.26,13,6,0.416,0,0.0,153.56,40,34.0,430.53
23,2025-07-30,29.9,494.91,230.01,28,8,0.834,0,0.0,40.77,13,34.0,642.51
24,2025-07-30,23.62,383.49,144.84,17,9,0.626,40,1520.0,299.09,39,34.0,649.69
1,2025-07-31,23.7,429.1,114.64,13,3,0.647,0,0.0,71.92,20,35.4,335.39
2,2025-07-31,31.17,563.93,156.01,29,5,0.964,0,0.0,48.0,25,35.4,694.62
3,2025-07-31,28.25,504.43,109.93,16,5,0.074,0,0.0,128.33,27,35.4,384.86
4,2025-07-31,18.57,326.03,108.91,19,6,0.383,0,0.0,82.29,30,35.4,809.25
5,2025-07-31,20.29,367.39,110.44,20,7,0.138,0,0.0,55.3,29,35.4,821.34
6,2025-07-31,23.52,536.65,168.44,23,8,0.953,24,912.0,84.34,24,35.4,476.43
7,2025-07-31,22.82,495.37,86.6,9,2,0.943,0,0.0,361.26,62,35.4,651.69
8,2025-07-31,21.4,478.91,162.67,18,8,0.65,0,0.0,236.98,46,35.4,493.38
9,2025-07-31,14.76,324.4,136.11,18,7,0.187,0,0.0,88.55,26,35.4,644.14
10,2025-07-31,13.6,302.73,91.55,15,5,0.683,24,912.0,73.33,31,35.4,382.88
11,2025-07-31,21.39,483.59,84.5,13,6,0.312,0,0.0,136.19,24,35.4,637.57
12,2025-07-31,37.5,825.19,84.37,12,5,0.105,0,0.0,247.73,51,35.4,665.86
13,2025-07-31,13.5,281.31,106.22,12,7,0.815,18,684.0,89.51,34,35.4,576.96
14,2025-07-31,25.57,528.61,97.82,27,8,0.917,18,684.0,0.0,0,35.4,362.88
15,2025-07-31,21.94,459.69,154.79,19,8,0.577,12,456.0,342.7,52,35.4,806.99
16,2025-07-31,17.55,369.45,48.22,20,4,0.571,24,912.0,142.26,35,35.4,325.89
17,2025-07-31,28.62,599.0,36.42,16,5,0.41,0,0.0,0.0,0,35.4,368.97
18,2025-07-31,28.9,603.86,213.72,27,7,0.969,40,1520.0,111.53,23,35.4,859.82
19,2025-07-31,32.77,668.59,161.82,24,10,0.012,0,0.0,165.38,28,35.4,727.55
20,2025-07-31,20.68,340.96,84.66,14,6,0.122,0,0.0,222.44,43,35.4,343.63
21,2025-07-31,27.25,448.2,179.64,13,8,0.721,12,456.0,192.62,39,35.4,913.19
22,2025-07-31,26.9,444.02,178.53,17,7,0.422,0,0.0,315.56,58,35.4,433.82
23,2025-07-31,39.94,661.2,212.02,25,9,0.597,0,0.0,71.65,18,35.4,644.99
24,2025-07-31,33.48,543.66,133.31,19,8,0.031,18,684.0,303.58,36,35.4,652.06
1,2025-08-01,26.83,485.85,100.68,18,8,0.178,0,0.0,149.21,32,36.8,337.88
2,2025-08-01,32.25,583.68,173.65,24,4,0.017,12,456.0,144.48,41,36.8,696.34
3,2025-08-01,34.36,613.69,76.94,21,4,0.631,18,684.0,252.32,37,36.8,381.25
4,2025-08-01,25.98,456.16,124.97,11,5,0.994,0,0.0,270.79,48,36.8,815.46
5,2025-08-01,38.13,690.58,138.1,17,8,0.95,0,0.0,196.16,51,36.8,817.31
6,2025-08-01,21.96,500.94,146.63,24,5,0.272,24,912.0,77.91,24,36.8,482.4
7,2025-08-01,23.73,515.0,86.95,11,7,0.613,0,0.0,123.26,39,36.8,655.61
8,2025-08-01,30.65,686.03,123.99,20,7,0.002,12,456.0,53.83,24,36.8,499.34
9,2025-08-01,21.58,474.37,116.86,19,5,0.816,0,0.0,159.55,31,36.8,638.3
10,2025-08-01,20.44,455.2,92.1,11,5,0.671,0,0.0,293.22,54,36.8,376.39
11,2025-08-01,21.98,496.99,100.51,13,8,0.709,0,0.0,40.43,12,36.8,637.17
12,2025-08-01,23.92,526.48,60.33,15,7,0.337,0,0.0,175.85,44,36.8,671.69
13,2025-08-01,28.48,593.56,89.91,14,4,0.381,0,0.0,206.67,52,36.8,579.0
14,2025-08-01,28.8,595.44,115.66,23,6,0.537,0,0.0,221.59,55,36.8,362.04
15,2025-08-01,28.82,603.99,140.31,18,8,0.306,40,1520.0,196.97,37,36.8,812.82
16,2025-08-01,15.89,334.38,71.57,16,5,0.942,0,0.0,80.43,24,36.8,332.87
17,2025-08-01,25.05,524.46,31.18,20,5,0.559,18,684.0,82.32,27,36.8,362.56
18,2025-08-01,24.55,512.94,218.41,36,9,0.247,40,1520.0,41.87,14,36.8,861.8
19,2025-08-01,19.71,402.12,142.71,21,10,0.001,0,0.0,53.95,18,36.8,725.89
20,2025-08-01,16.83,277.51,73.8,14,5,0.555,12,456.0,50.29,23,36.8,340.79
21,2025-08-01,23.09,379.84,201.44,16,6,0.096,40,1520.0,327.66,55,36.8,914.79
22,2025-08-01,24.08,397.53,202.49,18,6,0.174,0,0.0,102.23,36,36.8,438.03
23,2025-08-01,28.81,477.06,214.23,25,5,0.947,40,1520.0,139.51,25,36.8,649.73
24,2025-08-01,38.97,632.77,106.34,31,6,0.65,0,0.0,337.44,45,36.8,657.01
1,2025-08-02,13.21,239.34,97.42,17,3,0.847,0,0.0,109.99,27,38.2,337.05
2,2025-08-02,24.66,446.37,174.36,27,9,0.93,18,684.0,206.79,48,38.2,693.34
3,2025-08-02,31.48,562.24,86.24,13,5,0.171,0,0.0,59.18,19,38.2,386.78
4,2025-08-02,23.16,406.61,124.82,18,2,0.668,18,684.0,132.68,37,38.2,807.87
5,2025-08-02,24.71,447.58,129.24,22,5,0.928,0,0.0,171.37,47,38.2,823.98
6,2025-08-02,19.7,449.47,142.32,19,6,0.583,18,684.0,254.44,42,38.2,478.49
7,2025-08-02,21.11,458.16,81.14,14,5,0.115,0,0.0,99.36,34,38.2,659.77
8,2025-08-02,26.16,585.61,130.59,15,6,0.992,12,456.0,82.36,31,38.2,493.87
9,2025-08-02,12.81,281.66,114.07,18,3,0.402,0,0.0,201.9,37,38.2,640.18
10,2025-08-02,22.12,492.71,86.46,14,4,0.54,0,0.0,322.74,55,38.2,381.46
11,2025-08-02,28.59,646.51,130.91,15,6,0.657,40,1520.0,60.73,17,38.2,646.49
12,2025-08-02,14.32,315.13,94.83,11,5,0.799,18,684.0,74.23,29,38.2,672.94
13,2025-08-02,17.24,359.3,97.3,13,5,0.464,0,0.0,163.07,44,38.2,576.53
14,2025-08-02,28.94,598.48,103.75,19,11,0.45,0,0.0,293.46,56,38.2,363.22
15,2025-08-02,21.69,454.48,138.65,20,4,0.179,0,0.0,112.33,29,38.2,807.31
16,2025-08-02,21.9,461.04,107.26,12,5,0.669,0,0.0,76.43,23,38.2,328.27
17,2025-08-02,11.32,237.03,73.12,11,6,0.163,18,684.0,217.24,39,38.2,369.24
18,2025-08-02,28.81,602.05,230.6,13,6,0.4,18,684.0,125.28,24,38.2,862.33
19,2025-08-02,26.42,539.17,155.91,22,7,0.015,18,684.0,51.01,17,38.2,729.27
20,2025-08-02,18.45,304.27,81.63,12,6,0.611,24,912.0,168.74,41,38.2,340.15
21,2025-08-02,23.08,379.69,189.66,25,6,0.9,18,684.0,337.35,52,38.2,914.12
22,2025-08-02,16.79,277.24,169.06,23,7,0.518,0,0.0,368.69,55,38.2,428.25
23,2025-08-02,37.79,625.79,203.15,22,8,0.728,18,684.0,67.68,18,38.2,648.85
24,2025-08-02,23.12,375.55,156.54,12,7,0.993,24,912.0,342.58,38,38.2,652.75
1,2025-08-03,16.25,294.39,75.11,21,3,0.493,0,0.0,40.47,16,39.6,332.85
2,2025-08-03,35.71,646.37,181.8,19,7,0.222,18,684.0,80.87,31,39.6,693.49
3,2025-08-03,19.39,346.3,129.94,11,6,0.579,0,0.0,41.1,17,39.6,382.25
4,2025-08-03,25.29,444.08,123.18,15,6,0.667,0,0.0,40.63,23,39.6,821.91
5,2025-08-03,22.64,410.01,100.19,18,6,0.444,18,684.0,84.55,34,39.6,820.12
6,2025-08-03,28.37,647.34,118.52,16,9,0.003,0,0.0,109.14,31,39.6,476.34
7,2025-08-03,14.93,324.11,84.77,19,9,0.259,0,0.0,59.79,26,39.6,654.07
8,2025-08-03,22.6,506.06,125.33,15,7,0.189,0,0.0,80.45,31,39.6,494.15
9,2025-08-03,25.11,551.97,109.58,17,8,0.358,0,0.0,110.68,27,39.6,642.85
10,2025-08-03,23.91,532.61,84.84,10,5,0.37,0,0.0,230.43,54,39.6,375.48
11,2025-08-03,18.31,414.16,88.45,16,4,0.429,40,1520.0,49.2,15,39.6,645.76
12,2025-08-03,15.99,351.98,81.0,21,5,0.717,12,456.0,44.14,21,39.6,666.49
13,2025-08-03,18.34,382.2,119.26,12,7,0.733,12,456.0,67.48,33,39.6,578.96
14,2025-08-03,33.81,699.27,123.08,19,8,0.395,0,0.0,273.57,49,39.6,361.62
15,2025-08-03,24.0,502.94,134.58,20,7,0.472,40,1520.0,0.0,0,39.6,808.37
16,2025-08-03,28.38,597.55,88.27,16,7,0.549,0,0.0,43.04,18,39.6,327.99
17,2025-08-03,21.78,456.02,101.75,10,8,0.727,0,0.0,109.4,36,39.6,362.98
18,2025-08-03,37.93,792.83,251.23,24,6,0.555,0,0.0,0.0,0,39.6,863.13
19,2025-08-03,31.4,640.93,129.87,25,8,0.693,12,456.0,122.32,25,39.6,733.4
20,2025-08-03,22.25,367.05,71.82,18,5,0.281,0,0.0,208.76,36,39.6,344.41
21,2025-08-03,17.03,280.17,162.18,25,7,0.017,24,912.0,156.68,34,39.6,908.79
22,2025-08-03,26.01,429.43,139.25,27,5,0.492,24,912.0,51.19,30,39.6,432.44
23,2025-08-03,32.14,532.26,196.72,24,7,0.72,0,0.0,45.67,15,39.6,650.23
24,2025-08-03,25.05,406.92,175.29,22,6,0.041,18,684.0,399.38,47,39.6,653.62
1,2025-08-04,23.27,421.67,94.19,9,7,0.486,0,0.0,308.89,43,6.0,325.08
2,2025-08-04,24.08,435.93,178.02,22,12,0.35,40,1520.0,192.8,47,6.0,684.48
3,2025-08-04,24.99,446.55,96.52,27,4,0.413,0,0.0,71.06,22,6.0,375.75
4,2025-08-04,13.98,245.52,85.51,29,7,0.932,0,0.0,105.29,33,6.0,807.81
5,2025-08-04,24.22,438.79,106.96,17,7,0.653,0,0.0,0.0,0,6.0,812.19
6,2025-08-04,29.94,683.31,120.0,25,7,0.018,0,0.0,181.52,35,6.0,466.6
7,2025-08-04,15.7,340.94,91.56,12,4,0.563,0,0.0,315.23,52,6.0,645.14
8,2025-08-04,26.68,597.41,136.67,18,5,0.582,0,0.0,166.88,43,6.0,483.65
9,2025-08-04,27.46,603.74,119.97,16,5,0.72,12,456.0,234.58,39,6.0,627.44
10,2025-08-04,16.74,372.91,73.46,18,4,0.09,18,684.0,126.2,37,6.0,368.12
11,2025-08-04,17.76,401.69,115.46,14,10,0.017,24,912.0,126.68,23,6.0,632.95
12,2025-08-04,20.19,444.51,79.09,15,8,0.921,0,0.0,170.71,39,6.0,659.75
13,2025-08-04,19.26,401.47,92.5,20,3,0.406,0,0.0,0.0,0,6.0,564.49
14,2025-08-04,30.53,631.54,119.21,17,8,0.821,18,684.0,150.15,45,6.0,349.16
15,2025-08-04,24.32,509.87,158.19,16,6,0.652,12,456.0,42.65,21,6.0,795.72
16,2025-08-04,22.18,467.12,106.8,16,3,0.925,0,0.0,315.95,51,6.0,319.8
17,2025-08-04,25.15,526.61,114.28,16,4,0.851,0,0.0,72.63,29,6.0,349.28
18,2025-08-04,44.72,934.92,244.72,23,7,0.745,24,912.0,48.46,15,6.0,857.06
19,2025-08-04,29.28,597.79,110.83,29,11,0.684,0,0.0,105.99,22,6.0,719.91
20,2025-08-04,20.21,333.39,85.86,12,5,0.584,0,0.0,52.41,23,6.0,337.81
21,2025-08-04,20.17,331.9,161.72,20,8,0.875,0,0.0,133.72,34,6.0,902.75
22,2025-08-04,21.03,347.33,151.21,20,8,0.534,0,0.0,313.6,52,6.0,418.7
23,2025-08-04,31.88,528.08,181.25,34,7,0.801,0,0.0,303.88,37,6.0,639.5
24,2025-08-04,35.54,577.4,174.05,19,7,0.915,0,0.0,162.03,31,6.0,641.96
1,2025-08-05,21.56,390.66,123.88,11,4,0.854,40,1520.0,89.72,22,7.4,320.15
2,2025-08-05,31.17,564.35,188.99,22,9,0.381,0,0.0,133.95,43,7.4,677.57
3,2025-08-05,19.69,351.78,81.86,17,7,0.629,0,0.0,98.63,27,7.4,382.78
4,2025-08-05,22.72,399.12,111.52,17,5,0.475,0,0.0,366.84,53,7.4,803.27
5,2025-08-05,27.51,498.5,103.69,22,6,0.846,12,456.0,70.6,36,7.4,811.8
6,2025-08-05,24.78,565.74,135.64,23,6,0.284,24,912.0,66.2,22,7.4,461.32
7,2025-08-05,19.21,417.16,129.46,11,6,0.465,18,684.0,125.83,35,7.4,645.22
8,2025-08-05,17.95,402.02,99.11,25,5,0.763,12,456.0,76.92,30,7.4,485.66
9,2025-08-05,22.71,499.48,139.28,18,7,0.961,0,0.0,85.98,23,7.4,628.58
10,2025-08-05,23.71,528.16,95.48,9,5,0.717,0,0.0,85.0,30,7.4,369.24
11,2025-08-05,20.62,466.43,129.3,13,3,0.59,0,0.0,123.56,21,7.4,629.07
12,2025-08-05,15.49,340.98,86.29,17,6,0.79,0,0.0,392.83,64,7.4,663.23
13,2025-08-05,19.37,403.76,104.93,9,3,0.498,0,0.0,370.82,65,7.4,566.96
14,2025-08-05,23.57,487.65,122.46,16,5,0.649,24,912.0,239.96,51,7.4,350.58
15,2025-08-05,28.19,590.92,135.05,15,5,0.894,40,1520.0,199.07,38,7.4,801.72
16,2025-08-05,15.9,334.9,130.03,11,7,0.523,0,0.0,83.27,25,7.4,314.42
17,2025-08-05,14.14,296.24,107.6,16,5,0.604,12,456.0,217.38,45,7.4,354.98
18,2025-08-05,16.72,349.57,253.03,29,7,0.639,0,0.0,161.62,26,7.4,848.18
19,2025-08-05,32.39,661.37,111.02,20,13,0.178,12,456.0,42.11,16,7.4,714.48
20,2025-08-05,14.72,242.8,76.39,13,6,0.784,0,0.0,287.41,42,7.4,331.57
21,2025-08-05,29.71,488.95,138.15,25,5,0.557,0,0.0,92.85,25,7.4,904.25
22,2025-08-05,31.11,513.86,140.47,24,8,0.013,0,0.0,286.13,48,7.4,425.52
23,2025-08-05,26.62,441.02,153.25,27,7,0.511,0,0.0,82.32,19,7.4,636.2
24,2025-08-05,17.4,282.64,167.39,20,7,0.774,0,0.0,85.86,23,7.4,644.88
1,2025-08-06,27.58,499.76,102.54,19,7,0.037,0,0.0,41.41,18,8.8,324.69
2,2025-08-06,21.65,392.0,172.15,32,4,0.153,24,912.0,87.77,35,8.8,680.38
3,2025-08-06,13.71,245.09,84.93,13,9,0.564,24,912.0,323.08,40,8.8,380.93
4,2025-08-06,19.97,350.83,145.98,13,6,0.205,18,684.0,44.73,24,8.8,807.65
5,2025-08-06,21.92,397.28,95.71,26,10,0.06,12,456.0,81.02,31,8.8,802.65
6,2025-08-06,23.75,542.29,139.14,20,4,0.231,0,0.0,116.6,29,8.8,471.02
7,2025-08-06,24.63,534.95,131.69,11,4,0.127,0,0.0,71.49,28,8.8,647.42
8,2025-08-06,23.65,529.79,77.39,26,4,0.085,0,0.0,390.67,63,8.8,485.04
9,2025-08-06,25.92,570.06,137.46,13,5,0.843,12,456.0,178.45,36,8.8,628.23
10,2025-08-06,14.23,317.03,98.24,14,3,0.596,40,1520.0,0.0,0,8.8,377.53
11,2025-08-06,24.46,553.39,146.33,10,6,0.123,12,456.0,212.43,27,8.8,635.02
12,2025-08-06,27.82,612.59,125.18,16,6,0.212,18,684.0,154.65,41,8.8,660.73
13,2025-08-06,19.34,403.33,122.31,13,4,0.977,0,0.0,103.01,38,8.8,566.84
14,2025-08-06,22.03,455.87,134.89,12,9,0.76,0,0.0,113.77,32,8.8,350.55
15,2025-08-06,24.64,516.67,137.27,16,8,0.96,0,0.0,69.63,24,8.8,799.74
16,2025-08-06,20.81,438.35,142.43,11,3,0.835,40,1520.0,284.76,43,8.8,315.56
17,2025-08-06,12.68,265.52,133.38,9,7,0.79,0,0.0,385.69,59,8.8,354.68
18,2025-08-06,29.99,627.12,243.25,27,10,0.821,12,456.0,223.77,31,8.8,856.16
19,2025-08-06,33.12,676.36,85.03,26,6,0.372,18,684.0,201.46,32,8.8,721.81
20,2025-08-06,26.41,435.88,95.35,10,4,0.993,0,0.0,259.37,42,8.8,333.27
21,2025-08-06,35.63,586.41,140.11,22,6,0.063,0,0.0,84.89,23,8.8,903.73
22,2025-08-06,35.28,582.67,192.49,12,3,0.598,0,0.0,91.27,36,8.8,423.61
23,2025-08-06,27.65,458.15,145.82,26,8,0.485,0,0.0,76.37,17,8.8,635.85
24,2025-08-06,26.16,424.99,192.78,22,7,0.84,0,0.0,239.61,38,8.8,642.55
1,2025-08-07,12.43,225.33,74.35,21,4,0.487,24,912.0,47.71,18,10.2,332.9
2,2025-08-07,25.28,457.79,182.52,27,8,0.831,0,0.0,89.37,34,10.2,686.75
3,2025-08-07,30.58,546.55,95.48,16,6,0.475,12,456.0,253.2,38,10.2,382.74
4,2025-08-07,34.45,605.27,155.8,16,5,0.402,0,0.0,110.04,33,10.2,806.44
5,2025-08-07,20.92,379.18,111.57,15,7,0.375,0,0.0,141.92,46,10.2,812.17
6,2025-08-07,29.11,664.74,143.6,15,5,0.921,0,0.0,82.0,23,10.2,468.67
7,2025-08-07,15.9,345.46,111.39,21,5,0.982,12,456.0,341.36,55,10.2,646.65
8,2025-08-07,24.23,542.7,102.92,16,10,0.674,18,684.0,120.31,38,10.2,484.37
9,2025-08-07,22.4,492.8,124.51,17,5,0.111,0,0.0,59.02,20,10.2,637.95
10,2025-08-07,24.41,543.87,71.71,16,5,0.519,24,912.0,196.77,46,10.2,373.59
11,2025-08-07,21.65,489.99,135.41,15,5,0.414,0,0.0,0.0,0,10.2,637.78
12,2025-08-07,18.49,407.2,143.31,12,3,0.255,0,0.0,119.06,37,10.2,659.96
13,2025-08-07,28.08,585.55,106.67,15,1,0.937,24,912.0,41.76,24,10.2,572.09
14,2025-08-07,22.36,462.72,110.97,23,4,0.72,0,0.0,289.32,50,10.2,357.1
15,2025-08-07,22.98,481.78,115.88,22,6,0.665,0,0.0,377.89,47,10.2,802.33
16,2025-08-07,21.54,453.7,155.99,12,8,0.844,0,0.0,115.55,33,10.2,319.29
17,2025-08-07,20.82,436.09,146.34,14,6,0.797,0,0.0,112.11,35,10.2,354.97
18,2025-08-07,29.16,609.89,231.68,26,7,0.408,24,912.0,198.0,27,10.2,857.6
19,2025-08-07,30.94,631.9,120.82,16,6,0.554,0,0.0,45.42,16,10.2,717.43
20,2025-08-07,16.42,271.04,80.33,18,4,0.865,0,0.0,262.41,50,10.2,335.87
21,2025-08-07,27.39,450.93,138.16,19,6,0.43,0,0.0,161.92,41,10.2,904.64
22,2025-08-07,29.31,484.18,186.1,16,4,0.254,0,0.0,244.68,52,10.2,417.04
23,2025-08-07,42.64,706.58,158.18,24,7,0.599,24,912.0,84.9,19,10.2,640.28
24,2025-08-07,27.91,453.55,189.38,20,8,0.823,0,0.0,149.3,32,10.2,644.39
1,2025-08-08,15.66,283.88,78.1,16,6,0.227,0,0.0,327.65,40,11.6,325.61
2,2025-08-08,25.43,460.64,150.98,26,6,0.54,0,0.0,174.69,49,11.6,678.93
3,2025-08-08,21.14,377.87,107.48,15,8,0.265,0,0.0,157.41,30,11.6,382.38
4,2025-08-08,22.35,392.78,130.11,18,4,0.155,12,456.0,154.82,43,11.6,805.49
5,2025-08-08,25.44,461.06,85.95,27,7,0.095,0,0.0,68.72,28,11.6,816.99
6,2025-08-08,28.68,654.86,167.13,18,4,0.729,12,456.0,54.13,19,11.6,471.17
7,2025-08-08,18.83,409.1,128.32,10,6,0.157,0,0.0,212.44,44,11.6,652.99
8,2025-08-08,35.14,787.16,109.99,16,7,0.774,0,0.0,257.15,52,11.6,490.48
9,2025-08-08,23.17,509.79,145.94,12,4,0.277,0,0.0,72.68,24,11.6,631.73
10,2025-08-08,14.02,312.53,94.03,13,4,0.424,12,456.0,73.07,31,11.6,374.84
11,2025-08-08,17.4,393.86,115.15,18,6,0.23,18,684.0,129.28,23,11.6,629.49
12,2025-08-08,22.62,498.15,143.35,13,5,0.152,24,912.0,138.46,37,11.6,664.77
13,2025-08-08,13.08,272.8,128.29,11,3,0.648,0,0.0,61.86,31,11.6,575.39
14,2025-08-08,18.85,390.02,85.41,30,10,0.072,0,0.0,341.53,59,11.6,354.22
15,2025-08-08,26.26,550.63,127.26,15,5,0.358,12,456.0,67.33,21,11.6,796.64
16,2025-08-08,15.13,318.83,103.8,23,8,0.416,0,0.0,285.65,44,11.6,316.7
17,2025-08-08,23.97,502.18,163.77,14,4,0.239,0,0.0,176.4,40,11.6,355.87
18,2025-08-08,35.63,745.14,196.61,33,9,0.587,12,456.0,160.85,24,11.6,853.27
19,2025-08-08,26.58,542.87,147.19,23,6,0.648,0,0.0,292.93,36,11.6,715.97
20,2025-08-08,17.72,292.47,78.67,12,6,0.87,12,456.0,41.52,20,11.6,336.46
21,2025-08-08,30.47,501.64,129.14,22,5,0.558,40,1520.0,314.99,49,11.6,901.04
22,2025-08-08,35.84,592.16,167.81,24,6,0.057,18,684.0,193.15,46,11.6,427.55
23,2025-08-08,33.79,560.02,159.3,21,7,0.274,40,1520.0,262.97,33,11.6,645.71
24,2025-08-08,26.56,431.6,173.76,18,8,0.397,0,0.0,69.09,20,11.6,644.01
1,2025-08-09,24.42,442.68,82.16,16,5,0.8,12,456.0,308.91,42,13.0,329.99
2,2025-08-09,36.08,653.5,170.36,25,7,0.023,40,1520.0,323.89,65,13.0,687.96
3,2025-08-09,16.65,297.61,97.79,15,7,0.581,0,0.0,71.79,24,13.0,382.64
4,2025-08-09,18.75,329.61,141.3,14,4,0.892,0,0.0,93.7,31,13.0,806.18
5,2025-08-09,32.94,597.14,90.08,13,6,0.267,0,0.0,109.97,40,13.0,812.08
6,2025-08-09,25.44,580.9,155.32,16,5,0.71,12,456.0,63.25,23,13.0,475.5
7,2025-08-09,17.58,381.93,147.35,10,3,0.247,0,0.0,357.41,55,13.0,643.96
8,2025-08-09,39.06,875.22,113.47,12,7,0.52,18,684.0,45.41,25,13.0,487.06
9,2025-08-09,19.12,420.75,116.47,19,4,0.768,40,1520.0,81.51,23,13.0,632.4
10,2025-08-09,20.14,448.86,86.65,14,5,0.773,0,0.0,132.07,43,13.0,375.19
11,2025-08-09,15.76,356.72,95.3,20,7,0.847,0,0.0,50.31,14,13.0,632.26
12,2025-08-09,19.3,425.13,141.65,19,8,0.683,0,0.0,367.33,59,13.0,668.64
13,2025-08-09,18.87,393.59,109.17,18,3,0.815,24,912.0,60.57,25,13.0,579.74
14,2025-08-09,17.79,368.21,105.11,18,7,0.378,0,0.0,81.96,31,13.0,356.45
15,2025-08-09,22.86,479.42,124.33,13,4,0.117,24,912.0,67.39,24,13.0,800.65
16,2025-08-09,17.28,363.99,99.38,24,6,0.318,12,456.0,74.67,23,13.0,320.43
17,2025-08-09,14.03,294.08,112.55,22,5,0.37,0,0.0,243.64,47,13.0,356.28
18,2025-08-09,30.48,637.65,220.19,19,7,0.09,0,0.0,40.11,14,13.0,856.42
19,2025-08-09,32.29,659.51,142.98,25,9,0.923,24,912.0,396.13,45,13.0,719.2
20,2025-08-09,15.23,251.33,71.16,18,4,0.901,24,912.0,41.61,22,13.0,335.92
21,2025-08-09,26.2,431.43,166.78,18,6,0.668,12,456.0,146.49,33,13.0,906.36
22,2025-08-09,16.82,277.95,192.63,13,6,0.273,0,0.0,164.18,45,13.0,427.04
23,2025-08-09,31.72,525.67,191.13,27,3,0.325,0,0.0,358.97,38,13.0,642.37
24,2025-08-09,29.19,474.52,142.61,29,11,0.52,0,0.0,89.38,23,13.0,634.59
1,2025-08-10,28.05,508.48,90.84,12,6,0.583,0,0.0,189.58,31,14.4,329.62
2,2025-08-10,31.89,577.75,185.22,21,9,0.896,0,0.0,111.39,34,14.4,685.75
3,2025-08-10,22.27,398.18,58.15,21,4,0.334,18,684.0,334.4,42,14.4,384.0
4,2025-08-10,19.66,345.64,134.15,20,6,0.47,18,684.0,57.86,28,14.4,806.63
5,2025-08-10,17.45,316.31,102.6,13,5,0.127,40,1520.0,217.49,51,14.4,806.92
6,2025-08-10,21.27,485.84,156.06,15,3,0.771,24,912.0,229.66,41,14.4,472.07
7,2025-08-10,29.15,633.45,130.48,17,4,0.074,0,0.0,41.77,23,14.4,649.43
8,2025-08-10,20.99,470.31,139.75,15,5,0.841,0,0.0,61.83,26,14.4,493.77
9,2025-08-10,22.12,486.71,107.35,16,4,0.835,0,0.0,162.13,32,14.4,635.18
10,2025-08-10,23.65,527.16,97.96,10,4,0.425,0,0.0,132.38,41,14.4,372.52
11,2025-08-10,24.33,550.69,107.03,9,4,0.984,0,0.0,290.18,33,14.4,637.62
12,2025-08-10,17.1,376.76,137.66,14,6,0.545,0,0.0,385.28,63,14.4,665.7
13,2025-08-10,24.29,506.79,102.2,18,4,0.777,12,456.0,53.63,29,14.4,572.03
14,2025-08-10,27.58,570.89,101.54,21,7,0.151,0,0.0,73.74,25,14.4,355.94
15,2025-08-10,26.56,557.24,89.67,21,5,0.777,0,0.0,133.03,31,14.4,798.91
16,2025-08-10,16.51,347.84,124.22,11,9,0.876,0,0.0,51.35,19,14.4,326.16
17,2025-08-10,18.96,397.35,117.3,20,7,0.776,0,0.0,57.75,24,14.4,362.29
18,2025-08-10,35.72,747.31,216.36,33,9,0.112,0,0.0,355.66,35,14.4,850.82
19,2025-08-10,21.0,429.06,169.83,19,9,0.476,0,0.0,271.4,36,14.4,721.02
20,2025-08-10,23.72,391.57,75.82,12,4,0.167,0,0.0,129.15,33,14.4,339.84
21,2025-08-10,26.92,443.32,140.2,20,4,0.662,0,0.0,247.2,39,14.4,909.68
22,2025-08-10,22.44,370.79,199.99,18,6,0.345,0,0.0,127.52,35,14.4,426.35
23,2025-08-10,31.56,523.19,199.3,19,10,0.304,40,1520.0,53.53,16,14.4,641.59
24,2025-08-10,24.52,398.69,121.94,22,5,0.849,0,0.0,47.83,18,14.4,643.56
1,2025-08-11,17.28,313.42,92.29,14,6,0.627,0,0.0,75.21,21,15.8,332.26
2,2025-08-11,27.72,502.29,220.42,22,9,0.758,0,0.0,203.04,48,15.8,684.39
3,2025-08-11,18.64,333.38,76.83,11,6,0.142,0,0.0,135.61,30,15.8,385.81
4,2025-08-11,23.46,412.5,133.55,19,5,0.189,0,0.0,66.88,26,15.8,809.55
5,2025-08-11,34.93,633.34,108.53,14,4,0.579,0,0.0,153.15,44,15.8,817.65
6,2025-08-11,28.33,647.1,196.36,22,5,0.983,12,456.0,47.76,20,15.8,473.27
7,2025-08-11,15.13,328.75,144.81,12,2,0.059,24,912.0,115.43,36,15.8,650.59
8,2025-08-11,20.48,458.91,125.35,20,7,0.725,12,456.0,67.67,30,15.8,489.54
9,2025-08-11,18.14,399.19,112.4,20,4,0.676,12,456.0,93.29,27,15.8,636.81
10,2025-08-11,21.42,477.52,127.63,10,5,0.343,0,0.0,316.69,54,15.8,376.28
11,2025-08-11,24.5,554.63,110.17,22,3,0.37,0,0.0,173.36,29,15.8,636.61
12,2025-08-11,18.51,407.89,147.52,16,7,0.699,12,456.0,382.07,58,15.8,667.25
13,2025-08-11,15.83,330.26,101.26,12,2,0.625,12,456.0,60.9,28,15.8,572.5
14,2025-08-11,35.18,728.27,123.6,20,3,0.796,18,684.0,93.25,34,15.8,355.88
15,2025-08-11,19.2,402.76,79.43,18,7,0.568,0,0.0,50.3,16,15.8,808.53
16,2025-08-11,33.6,708.04,127.22,19,4,0.225,0,0.0,43.67,19,15.8,325.09
17,2025-08-11,20.41,427.8,112.4,18,4,0.594,0,0.0,378.55,64,15.8,362.05
18,2025-08-11,44.52,931.49,229.82,22,9,0.409,12,456.0,318.45,32,15.8,850.83
19,2025-08-11,26.95,550.7,199.9,26,6,0.707,0,0.0,59.58,19,15.8,724.88
20,2025-08-11,16.11,266.02,61.18,17,7,0.645,0,0.0,57.79,22,15.8,340.14
21,2025-08-11,29.0,477.61,154.35,17,7,0.788,0,0.0,48.35,21,15.8,907.48
22,2025-08-11,33.53,554.24,188.89,19,3,0.514,12,456.0,41.47,22,15.8,428.2
23,2025-08-11,26.22,434.76,186.33,28,6,0.297,0,0.0,87.37,22,15.8,644.87
24,2025-08-11,24.23,393.89,116.94,18,7,0.189,0,0.0,108.13,23,15.8,638.95
1,2025-08-12,19.26,349.25,70.98,21,3,0.199,0,0.0,70.92,23,17.2,331.53
2,2025-08-12,31.32,567.46,187.83,26,6,0.405,0,0.0,358.84,60,17.2,682.84
3,2025-08-12,21.4,382.67,63.8,17,4,0.939,0,0.0,0.0,0,17.2,389.23
4,2025-08-12,17.0,298.81,154.8,23,8,0.366,18,684.0,200.31,47,17.2,809.89
5,2025-08-12,18.11,328.33,98.98,22,8,0.698,18,684.0,120.15,37,17.2,816.68
6,2025-08-12,22.46,513.07,148.55,27,7,0.69,0,0.0,216.9,41,17.2,477.94
7,2025-08-12,16.49,358.34,118.39,22,4,0.306,12,456.0,211.48,45,17.2,651.48
8,2025-08-12,15.18,340.13,139.86,17,7,0.038,12,456.0,0.0,0,17.2,495.72
9,2025-08-12,27.13,597.12,106.17,18,5,0.357,0,0.0,47.72,19,17.2,636.48
10,2025-08-12,17.32,386.14,108.9,18,8,0.596,18,684.0,76.68,31,17.2,374.45
11,2025-08-12,28.9,654.46,133.54,15,4,0.885,0,0.0,53.93,16,17.2,634.07
12,2025-08-12,24.08,530.73,190.06,14,4,0.571,12,456.0,201.47,45,17.2,665.78
13,2025-08-12,24.08,502.43,105.18,11,3,0.695,0,0.0,142.94,42,17.2,578.86
14,2025-08-12,20.64,427.29,151.05,16,6,0.586,0,0.0,187.52,42,17.2,358.25
15,2025-08-12,18.02,378.02,97.15,14,7,0.344,0,0.0,99.75,29,17.2,804.74
16,2025-08-12,33.63,708.76,133.62,18,7,0.186,12,456.0,147.49,31,17.2,325.68
17,2025-08-12,31.36,657.39,167.13,16,5,0.844,24,912.0,55.84,23,17.2,369.33
18,2025-08-12,23.1,483.32,199.51,29,9,0.273,18,684.0,188.04,29,17.2,856.71
19,2025-08-12,31.76,649.1,194.16,23,11,0.501,12,456.0,123.42,26,17.2,726.14
20,2025-08-12,23.83,393.56,90.59,9,6,0.466,12,456.0,265.34,45,17.2,340.42
21,2025-08-12,24.3,400.31,154.1,17,7,0.245,0,0.0,342.67,47,17.2,908.64
22,2025-08-12,15.77,260.59,177.83,24,7,0.509,0,0.0,371.44,65,17.2,432.67
23,2025-08-12,28.7,475.91,203.96,15,8,0.645,0,0.0,66.62,19,17.2,644.49
24,2025-08-12,40.68,661.47,124.72,23,11,0.356,0,0.0,111.64,27,17.2,648.2
1,2025-08-13,16.69,302.76,76.39,8,5,0.556,0,0.0,309.2,39,18.6,332.88
2,2025-08-13,22.51,407.87,196.63,27,8,0.737,18,684.0,49.87,25,18.6,682.7
3,2025-08-13,27.83,497.82,88.11,15,5,0.499,12,456.0,92.68,26,18.6,384.78
4,2025-08-13,23.78,418.12,135.31,24,6,0.687,0,0.0,107.01,33,18.6,814.77
5,2025-08-13,17.03,308.91,108.85,23,3,0.845,24,912.0,246.63,49,18.6,813.38
6,2025-08-13,20.6,470.72,164.06,21,8,0.076,0,0.0,301.72,43,18.6,472.87
7,2025-08-13,27.18,590.76,112.85,15,6,0.871,18,684.0,49.6,25,18.6,652.18
8,2025-08-13,19.43,435.58,122.61,16,9,0.035,0,0.0,147.07,40,18.6,490.04
9,2025-08-13,19.88,437.53,129.23,15,6,0.009,0,0.0,275.86,40,18.6,637.66
10,2025-08-13,16.52,368.38,114.97,14,5,0.519,18,684.0,142.28,39,18.6,380.97
11,2025-08-13,13.57,307.42,100.79,18,5,0.027,0,0.0,59.81,17,18.6,636.45
12,2025-08-13,21.25,468.29,173.61,26,6,0.654,0,0.0,51.64,25,18.6,665.35
13,2025-08-13,26.38,550.59,97.87,18,4,0.867,12,456.0,82.28,33,18.6,575.56
14,2025-08-13,26.42,547.06,149.6,22,6,0.26,0,0.0,128.93,36,18.6,357.32
15,2025-08-13,32.28,677.35,110.9,12,3,0.889,0,0.0,370.06,45,18.6,804.06
16,2025-08-13,13.82,291.4,108.83,18,4,0.249,0,0.0,0.0,0,18.6,320.71
17,2025-08-13,24.69,517.68,165.87,19,4,0.821,40,1520.0,311.2,56,18.6,359.2
18,2025-08-13,40.2,841.36,185.87,26,10,0.954,0,0.0,168.84,28,18.6,859.09
19,2025-08-13,22.98,469.59,199.53,18,6,0.366,0,0.0,44.84,14,18.6,721.15
20,2025-08-13,17.22,284.33,109.9,15,4,0.765,0,0.0,250.64,49,18.6,342.39
21,2025-08-13,26.42,435.16,155.58,21,7,0.852,0,0.0,355.26,52,18.6,903.19
22,2025-08-13,23.83,393.91,141.77,31,6,0.387,12,456.0,73.07,30,18.6,428.92
23,2025-08-13,23.5,389.72,184.34,25,11,0.525,0,0.0,92.4,20,18.6,651.1
24,2025-08-13,30.33,493.3,111.93,27,4,0.404,0,0.0,52.46,18,18.6,654.85
1,2025-08-14,20.22,366.77,68.92,11,4,0.785,0,0.0,243.2,37,20.0,332.02
2,2025-08-14,23.52,426.2,154.44,27,7,0.956,40,1520.0,126.33,40,20.0,682.93
3,2025-08-14,15.23,272.37,74.97,18,5,0.094,12,456.0,278.77,44,20.0,388.24
4,2025-08-14,21.58,379.56,132.67,12,5,0.943,24,912.0,197.26,44,20.0,808.76
5,2025-08-14,18.57,336.87,102.63,20,6,0.591,0,0.0,101.76,33,20.0,819.23
6,2025-08-14,25.35,579.21,183.11,16,6,0.349,12,456.0,101.33,27,20.0,477.37
7,2025-08-14,18.73,407.13,106.62,14,6,0.938,24,912.0,278.04,51,20.0,649.92
8,2025-08-14,26.3,589.59,140.92,22,8,0.332,12,456.0,93.39,32,20.0,484.09
9,2025-08-14,28.7,631.82,150.09,12,6,0.964,0,0.0,83.91,22,20.0,628.32
10,2025-08-14,14.51,323.64,132.83,11,4,0.355,40,1520.0,45.81,22,20.0,378.98
11,2025-08-14,29.31,663.88,121.41,11,4,0.685,12,456.0,333.27,33,20.0,639.78
12,2025-08-14,21.24,468.25,144.06,17,5,0.268,0,0.0,267.36,47,20.0,669.12
13,2025-08-14,17.04,355.71,116.95,13,6,0.617,0,0.0,105.21,40,20.0,572.64
14,2025-08-14,23.75,491.81,156.34,15,9,0.327,0,0.0,127.21,36,20.0,356.13
15,2025-08-14,25.4,533.09,136.16,17,7,0.701,0,0.0,74.01,22,20.0,801.11
16,2025-08-14,24.87,524.26,110.02,15,10,0.118,18,684.0,71.39,21,20.0,326.86
17,2025-08-14,25.93,543.71,161.2,17,8,0.276,0,0.0,233.38,45,20.0,358.74
18,2025-08-14,25.5,533.73,204.02,25,9,0.649,40,1520.0,65.65,19,20.0,862.05
19,2025-08-14,31.56,645.1,208.72,22,9,0.262,18,684.0,205.6,32,20.0,723.88
20,2025-08-14,23.71,391.64,113.68,14,4,0.151,12,456.0,274.26,43,20.0,340.8
21,2025-08-14,22.63,372.85,156.76,20,4,0.42,0,0.0,88.49,29,20.0,908.8
22,2025-08-14,25.82,426.9,159.26,16,7,0.075,24,912.0,42.67,24,20.0,428.21
23,2025-08-14,37.1,615.29,193.36,27,9,0.815,0,0.0,144.78,24,20.0,644.91
24,2025-08-14,22.62,367.93,150.12,15,7,0.435,12,456.0,172.95,32,20.0,641.3
1,2025-08-15,30.17,547.37,104.47,12,5,0.715,18,684.0,182.19,36,21.4,331.4
2,2025-08-15,32.87,595.75,156.57,18,6,0.126,0,0.0,130.19,35,21.4,687.03
3,2025-08-15,18.57,332.32,79.17,19,7,0.246,12,456.0,48.97,19,21.4,387.66
4,2025-08-15,26.38,463.99,136.12,13,8,0.802,0,0.0,204.1,44,21.4,807.66
5,2025-08-15,25.6,464.37,107.47,23,6,0.795,0,0.0,80.85,36,21.4,818.21
6,2025-08-15,34.76,794.41,167.95,24,7,0.913,0,0.0,293.46,46,21.4,475.47
7,2025-08-15,34.15,742.43,124.33,14,5,0.895,12,456.0,63.65,26,21.4,648.83
8,2025-08-15,25.26,566.4,156.66,19,8,0.446,18,684.0,0.0,0,21.4,499.22
9,2025-08-15,28.28,622.61,130.02,18,5,0.549,40,1520.0,339.16,44,21.4,637.41
10,2025-08-15,25.53,569.49,127.32,19,4,0.012,0,0.0,315.88,59,21.4,379.04
11,2025-08-15,21.01,475.98,160.86,12,4,0.001,0,0.0,337.33,34,21.4,644.11
12,2025-08-15,23.33,514.41,150.0,20,3,0.911,40,1520.0,97.25,34,21.4,667.83
13,2025-08-15,17.77,370.88,105.16,13,5,0.636,0,0.0,195.05,46,21.4,575.53
14,2025-08-15,19.41,402.03,168.42,15,8,0.131,0,0.0,53.53,23,21.4,357.6
15,2025-08-15,22.41,470.47,153.96,16,4,0.181,0,0.0,389.86,52,21.4,802.21
16,2025-08-15,27.32,576.13,131.82,9,2,0.501,40,1520.0,53.39,21,21.4,328.34
17,2025-08-15,24.4,511.71,156.99,18,3,0.204,0,0.0,137.73,38,21.4,364.82
18,2025-08-15,37.24,779.45,178.71,21,8,0.24,0,0.0,115.07,20,21.4,858.56
19,2025-08-15,22.01,450.02,206.06,31,6,0.312,0,0.0,94.0,23,21.4,723.32
20,2025-08-15,13.4,221.34,135.51,11,4,0.984,0,0.0,183.38,42,21.4,341.38
21,2025-08-15,20.51,338.02,163.35,19,5,0.632,0,0.0,156.15,42,21.4,912.74
22,2025-08-15,36.63,605.65,156.2,19,5,0.483,0,0.0,174.87,40,21.4,433.05
23,2025-08-15,19.41,321.9,156.27,25,8,0.612,12,456.0,0.0,0,21.4,646.88
24,2025-08-15,28.28,460.05,162.39,18,6,0.214,0,0.0,84.97,23,21.4,646.13
1,2025-08-16,12.28,222.74,85.34,13,6,0.849,24,912.0,76.71,19,22.8,338.5
2,2025-08-16,32.41,587.55,121.29,37,8,0.409,0,0.0,317.14,62,22.8,688.48
3,2025-08-16,19.36,346.4,67.66,14,5,0.115,18,684.0,87.65,23,22.8,386.36
4,2025-08-16,30.34,533.74,117.32,22,6,0.774,0,0.0,48.78,23,22.8,811.02
5,2025-08-16,29.71,538.98,121.99,16,8,0.711,40,1520.0,54.05,25,22.8,819.22
6,2025-08-16,27.04,618.09,158.64,23,5,0.784,0,0.0,119.26,30,22.8,481.16
7,2025-08-16,20.25,440.38,119.45,16,5,0.721,0,0.0,47.85,24,22.8,653.14
8,2025-08-16,23.83,534.46,161.6,15,6,0.9,12,456.0,152.22,39,22.8,495.39
9,2025-08-16,20.03,441.08,136.56,12,6,0.368,12,456.0,45.43,17,22.8,631.18
10,2025-08-16,23.03,513.89,133.37,12,4,0.506,0,0.0,363.45,53,22.8,375.87
11,2025-08-16,22.8,516.44,158.9,16,6,0.609,0,0.0,55.0,16,22.8,636.61
12,2025-08-16,34.03,750.3,135.4,17,3,0.088,0,0.0,364.88,59,22.8,668.64
13,2025-08-16,29.42,614.21,119.77,12,3,0.885,0,0.0,299.48,62,22.8,578.31
14,2025-08-16,24.37,504.89,176.82,26,7,0.547,0,0.0,225.94,52,22.8,356.71
15,2025-08-16,15.61,327.78,175.53,8,4,0.582,0,0.0,266.87,47,22.8,804.67
16,2025-08-16,24.98,526.76,122.25,16,7,0.956,0,0.0,201.93,38,22.8,321.32
17,2025-08-16,22.43,470.36,163.33,11,9,0.065,12,456.0,41.1,21,22.8,368.81
18,2025-08-16,36.15,756.72,157.35,29,6,0.789,0,0.0,54.05,17,22.8,864.02
19,2025-08-16,19.32,395.09,194.38,24,5,0.114,24,912.0,89.11,21,22.8,722.37
20,2025-08-16,21.76,359.55,140.26,15,5,0.229,0,0.0,52.86,24,22.8,342.18
21,2025-08-16,26.56,437.63,142.51,26,4,0.005,0,0.0,119.14,34,22.8,912.72
22,2025-08-16,39.07,646.14,167.51,22,7,0.384,0,0.0,326.35,56,22.8,427.11
23,2025-08-16,31.52,522.9,128.59,38,7,0.753,12,456.0,213.52,33,22.8,641.59
24,2025-08-16,38.74,630.31,162.33,16,5,0.876,18,684.0,89.72,24,22.8,645.53
1,2025-08-17,16.82,305.17,60.32,20,5,0.541,0,0.0,101.9,25,24.2,331.29
2,2025-08-17,33.49,607.28,125.09,27,6,0.147,0,0.0,44.7,24,24.2,682.25
3,2025-08-17,21.52,385.11,82.86,10,6,0.587,24,912.0,287.09,42,24.2,388.06
4,2025-08-17,17.54,308.5,106.93,18,7,0.386,0,0.0,86.67,30,24.2,808.16
5,2025-08-17,23.12,419.46,121.62,18,8,0.844,0,0.0,56.09,26,24.2,813.4
6,2025-08-17,21.68,495.67,178.24,15,8,0.386,0,0.0,225.24,44,24.2,473.2
7,2025-08-17,19.38,421.4,154.98,11,3,0.506,12,456.0,77.08,29,24.2,652.25
8,2025-08-17,27.84,624.42,168.91,21,5,0.921,12,456.0,66.26,28,24.2,491.91
9,2025-08-17,19.58,431.25,167.89,11,5,0.683,0,0.0,106.49,27,24.2,637.66
10,2025-08-17,16.69,372.32,113.52,13,6,0.748,0,0.0,151.22,42,24.2,378.96
11,2025-08-17,17.64,399.7,144.27,16,4,0.048,0,0.0,125.96,22,24.2,638.5
12,2025-08-17,24.75,545.75,141.48,14,7,0.643,0,0.0,302.09,54,24.2,670.49
13,2025-08-17,20.08,419.32,135.16,11,5,0.989,0,0.0,83.52,35,24.2,579.68
14,2025-08-17,17.92,371.29,177.44,20,7,0.141,12,456.0,42.21,22,24.2,358.05
15,2025-08-17,26.31,552.31,178.11,14,4,0.784,24,912.0,179.0,41,24.2,811.77
16,2025-08-17,21.31,449.52,123.61,21,6,0.312,0,0.0,204.07,36,24.2,320.5
17,2025-08-17,25.37,532.18,190.73,16,6,0.314,40,1520.0,234.49,47,24.2,359.09
18,2025-08-17,31.32,655.83,138.9,30,5,0.469,12,456.0,74.87,19,24.2,860.44
19,2025-08-17,31.18,637.5,162.99,24,9,0.782,0,0.0,45.36,16,24.2,720.18
20,2025-08-17,18.42,304.39,128.32,17,6,0.048,0,0.0,240.02,49,24.2,342.42
21,2025-08-17,28.09,462.91,150.0,16,7,0.228,12,456.0,48.57,21,24.2,912.89
22,2025-08-17,19.9,329.11,138.75,18,4,0.025,40,1520.0,43.3,21,24.2,430.01
23,2025-08-17,34.23,567.85,110.81,23,6,0.245,0,0.0,97.4,21,24.2,648.36
24,2025-08-17,19.76,321.54,186.0,15,4,0.62,0,0.0,343.04,39,24.2,654.32
1,2025-08-18,16.32,296.19,80.7,16,4,0.935,0,0.0,343.89,43,25.6,336.4
2,2025-08-18,19.98,362.28,145.6,26,8,0.862,0,0.0,105.1,39,25.6,687.23
3,2025-08-18,24.03,430.13,85.68,13,3,0.823,0,0.0,125.02,27,25.6,385.02
4,2025-08-18,18.12,318.8,130.43,12,5,0.156,12,456.0,370.86,59,25.6,809.94
5,2025-08-18,26.09,473.42,136.49,17,8,0.528,0,0.0,96.72,35,25.6,821.23
6,2025-08-18,32.6,745.25,149.44,29,6,0.153,12,456.0,83.76,24,25.6,476.55
7,2025-08-18,20.44,444.68,125.99,18,5,0.908,0,0.0,264.13,54,25.6,651.89
8,2025-08-18,24.21,542.96,168.75,21,6,0.942,0,0.0,51.59,27,25.6,490.74
9,2025-08-18,26.77,589.74,152.76,18,4,0.933,24,912.0,233.87,38,25.6,637.08
10,2025-08-18,27.4,611.45,102.14,20,6,0.604,12,456.0,124.33,38,25.6,377.72
11,2025-08-18,16.76,379.87,173.78,21,3,0.568,0,0.0,42.73,14,25.6,639.12
12,2025-08-18,25.72,567.13,172.0,19,4,0.677,12,456.0,49.6,24,25.6,671.08
13,2025-08-18,20.88,436.07,117.46,12,3,0.075,12,456.0,89.97,36,25.6,580.8
14,2025-08-18,19.01,393.84,159.85,28,4,0.092,0,0.0,49.9,25,25.6,357.02
15,2025-08-18,21.23,445.84,176.89,18,4,0.73,0,0.0,76.19,26,25.6,806.71
16,2025-08-18,14.64,308.87,94.29,18,4,0.365,0,0.0,80.69,28,25.6,323.92
17,2025-08-18,25.13,527.18,176.89,19,6,0.936,0,0.0,192.15,43,25.6,360.7
18,2025-08-18,27.61,578.14,109.96,26,7,0.944,12,456.0,381.26,38,25.6,859.73
19,2025-08-18,37.87,774.41,174.44,32,11,0.601,0,0.0,339.17,41,25.6,723.4
20,2025-08-18,13.88,229.35,135.82,14,2,0.217,12,456.0,76.24,27,25.6,344.14
21,2025-08-18,23.18,382.08,154.5,22,4,0.51,12,456.0,53.04,21,25.6,917.64
22,2025-08-18,25.85,427.54,171.09,14,6,0.869,18,684.0,49.39,23,25.6,436.16
23,2025-08-18,28.09,466.12,117.48,18,7,0.961,0,0.0,73.47,19,25.6,650.25
24,2025-08-18,21.23,345.49,189.51,15,6,0.27,0,0.0,378.28,43,25.6,645.75
1,2025-08-19,20.02,363.44,73.17,11,8,0.743,12,456.0,282.99,43,27.0,335.66
2,2025-08-19,40.42,733.01,162.87,19,9,0.49,0,0.0,181.81,43,27.0,689.72
3,2025-08-19,18.35,328.45,105.19,14,7,0.239,24,912.0,70.44,21,27.0,387.27
4,2025-08-19,28.81,507.05,115.79,28,3,0.782,40,1520.0,178.33,42,27.0,809.94
5,2025-08-19,21.63,392.53,130.67,19,5,0.114,12,456.0,165.71,41,27.0,817.91
6,2025-08-19,26.64,609.26,158.1,14,6,0.459,0,0.0,94.26,27,27.0,481.0
7,2025-08-19,21.31,463.51,149.74,15,1,0.696,0,0.0,202.12,47,27.0,652.73
8,2025-08-19,20.1,450.9,152.01,18,3,0.865,0,0.0,120.39,36,27.0,490.1
9,2025-08-19,15.99,352.23,151.74,22,5,0.676,0,0.0,75.46,23,27.0,641.77
10,2025-08-19,18.32,408.9,119.2,10,2,0.675,0,0.0,0.0,0,27.0,378.53
11,2025-08-19,23.82,539.87,135.57,17,6,0.836,0,0.0,88.94,18,27.0,639.86
12,2025-08-19,23.12,509.89,136.53,25,10,0.699,0,0.0,223.37,49,27.0,672.66
13,2025-08-19,19.45,406.29,110.9,16,8,0.305,0,0.0,205.61,53,27.0,576.71
14,2025-08-19,34.64,717.76,149.8,22,5,0.957,0,0.0,130.92,38,27.0,358.41
15,2025-08-19,13.67,287.15,179.92,18,5,0.202,0,0.0,50.37,19,27.0,805.6
16,2025-08-19,20.71,436.81,95.88,18,7,0.389,0,0.0,139.27,35,27.0,324.81
17,2025-08-19,14.99,314.61,133.66,30,6,0.709,12,456.0,315.51,54,27.0,359.18
18,2025-08-19,35.54,744.36,122.9,19,9,0.227,24,912.0,55.71,16,27.0,860.81
19,2025-08-19,28.47,582.32,216.46,20,11,0.611,0,0.0,278.22,33,27.0,723.55
20,2025-08-19,17.9,295.87,137.83,17,4,0.978,0,0.0,314.78,49,27.0,344.05
21,2025-08-19,33.32,549.21,141.41,18,4,0.609,0,0.0,386.73,54,27.0,914.23
22,2025-08-19,30.38,502.55,162.58,24,4,0.283,12,456.0,356.51,62,27.0,434.33
23,2025-08-19,49.07,814.3,121.15,22,8,0.189,0,0.0,196.64,31,27.0,651.11
24,2025-08-19,23.01,374.42,162.94,27,6,0.438,0,0.0,41.57,17,27.0,650.83
1,2025-08-20,22.92,416.1,92.3,12,3,0.476,0,0.0,146.37,32,28.4,331.32
2,2025-08-20,29.32,531.82,126.58,27,7,0.396,18,684.0,202.46,49,28.4,688.77
3,2025-08-20,13.63,243.97,116.38,21,6,0.687,0,0.0,165.04,35,28.4,386.69
4,2025-08-20,22.14,389.59,119.96,15,6,0.529,0,0.0,81.61,25,28.4,813.9
5,2025-08-20,22.0,399.3,165.58,27,9,0.129,18,684.0,167.37,49,28.4,820.86
6,2025-08-20,16.86,385.6,124.72,24,8,0.662,12,456.0,90.88,25,28.4,480.08
7,2025-08-20,16.68,362.94,138.32,14,5,0.512,24,912.0,71.91,30,28.4,651.32
8,2025-08-20,27.78,623.32,145.05,14,8,0.094,0,0.0,61.15,27,28.4,491.81
9,2025-08-20,14.29,314.89,134.27,21,6,0.555,24,912.0,204.65,35,28.4,638.78
10,2025-08-20,20.72,462.39,108.08,20,5,0.102,18,684.0,58.72,28,28.4,375.77
11,2025-08-20,22.39,507.44,157.62,10,7,0.287,0,0.0,0.0,0,28.4,641.29
12,2025-08-20,18.68,412.01,142.38,20,4,0.774,18,684.0,44.56,24,28.4,670.36
13,2025-08-20,18.07,377.47,101.71,13,7,0.705,18,684.0,93.47,35,28.4,579.48
14,2025-08-20,25.67,531.99,173.68,18,7,0.724,12,456.0,220.52,43,28.4,360.09
15,2025-08-20,21.0,440.98,181.7,20,3,0.851,18,684.0,270.86,45,28.4,808.9
16,2025-08-20,30.67,647.0,81.89,12,4,0.337,24,912.0,88.35,27,28.4,326.36
17,2025-08-20,21.69,455.1,145.16,16,5,0.722,18,684.0,167.89,40,28.4,367.49
18,2025-08-20,36.06,755.36,138.71,24,11,0.76,0,0.0,66.42,17,28.4,860.31
19,2025-08-20,31.83,651.1,210.92,24,9,0.777,0,0.0,0.0,0,28.4,724.43
20,2025-08-20,21.47,354.82,116.2,20,5,0.632,0,0.0,177.15,39,28.4,344.41
21,2025-08-20,19.85,327.21,161.12,20,6,0.86,12,456.0,117.66,35,28.4,914.08
22,2025-08-20,22.56,373.24,159.28,19,3,0.208,12,456.0,111.89,37,28.4,428.82
23,2025-08-20,26.27,435.92,115.58,24,6,0.88,18,684.0,159.6,25,28.4,649.18
24,2025-08-20,19.44,316.46,149.82,27,8,0.784,24,912.0,75.62,18,28.4,650.6
1,2025-08-21,22.21,403.23,91.68,10,4,0.834,0,0.0,50.42,18,29.8,335.57
2,2025-08-21,31.24,566.66,129.63,17,7,0.678,0,0.0,325.56,68,29.8,689.61
3,2025-08-21,15.65,280.16,113.28,17,5,0.221,18,684.0,135.76,30,29.8,390.91
4,2025-08-21,17.99,316.61,105.44,18,3,0.841,24,912.0,50.34,22,29.8,810.36
5,2025-08-21,21.29,386.49,162.3,19,5,0.39,12,456.0,133.04,38,29.8,816.69
6,2025-08-21,39.17,895.99,94.01,21,7,0.699,0,0.0,0.0,0,29.8,472.53
7,2025-08-21,27.73,603.39,166.17,9,5,0.976,0,0.0,49.38,24,29.8,650.71
8,2025-08-21,25.38,569.45,152.12,25,8,0.64,0,0.0,156.24,42,29.8,491.28
9,2025-08-21,28.12,619.55,131.01,19,7,0.278,12,456.0,129.07,27,29.8,642.75
10,2025-08-21,26.62,594.32,83.05,16,6,0.073,0,0.0,126.4,37,29.8,379.18
11,2025-08-21,29.77,674.88,153.02,18,6,0.703,0,0.0,284.71,29,29.8,638.65
12,2025-08-21,24.56,541.74,141.28,14,6,0.504,12,456.0,52.33,24,29.8,672.01
13,2025-08-21,18.45,385.33,61.84,19,3,0.019,0,0.0,256.46,51,29.8,577.53
14,2025-08-21,37.12,769.45,156.06,23,9,0.244,0,0.0,47.41,24,29.8,362.85
15,2025-08-21,25.6,537.68,171.54,23,3,0.076,12,456.0,334.6,48,29.8,807.81
16,2025-08-21,27.57,581.79,97.27,12,4,0.048,40,1520.0,67.85,23,29.8,331.08
17,2025-08-21,26.81,562.53,143.89,16,7,0.852,0,0.0,58.05,25,29.8,363.29
18,2025-08-21,34.31,718.63,151.78,23,6,0.287,24,912.0,398.57,37,29.8,868.54
19,2025-08-21,37.51,767.36,194.46,28,9,0.006,24,912.0,259.83,34,29.8,726.43
20,2025-08-21,17.93,296.47,116.04,18,4,0.902,24,912.0,48.37,23,29.8,342.31
21,2025-08-21,26.93,444.12,122.43,22,5,0.826,12,456.0,143.44,35,29.8,915.36
22,2025-08-21,20.4,337.63,133.44,22,6,0.261,0,0.0,137.23,40,29.8,435.43
23,2025-08-21,25.05,415.78,130.89,25,7,0.069,40,1520.0,41.03,15,29.8,647.8
24,2025-08-21,16.5,268.57,155.11,25,3,0.989,0,0.0,396.46,46,29.8,651.41
1,2025-08-22,16.82,305.4,70.36,23,7,0.66,0,0.0,51.49,18,31.2,340.59
2,2025-08-22,21.19,384.35,157.82,14,7,0.009,0,0.0,160.68,45,31.2,686.97
3,2025-08-22,17.22,308.33,141.32,12,5,0.571,0,0.0,281.51,36,31.2,388.3
4,2025-08-22,33.54,590.38,101.91,15,8,0.982,18,684.0,51.69,25,31.2,813.21
5,2025-08-22,22.24,403.75,153.75,24,6,0.278,0,0.0,391.52,60,31.2,817.76
6,2025-08-22,19.77,452.23,115.44,15,7,0.877,24,912.0,344.06,48,31.2,483.67
7,2025-08-22,23.51,511.53,147.51,20,2,0.5,18,684.0,159.25,42,31.2,653.64
8,2025-08-22,28.56,640.88,167.2,21,8,0.163,24,912.0,155.37,41,31.2,497.87
9,2025-08-22,30.41,670.14,121.46,15,7,0.603,0,0.0,92.31,22,31.2,640.13
10,2025-08-22,15.62,348.82,98.09,15,4,0.353,0,0.0,59.21,30,31.2,377.24
11,2025-08-22,25.47,577.49,147.72,24,7,0.628,0,0.0,70.45,18,31.2,641.23
12,2025-08-22,37.84,834.88,116.08,20,3,0.774,0,0.0,49.82,25,31.2,671.83
13,2025-08-22,22.35,466.94,71.11,14,3,0.271,0,0.0,99.27,33,31.2,579.97
14,2025-08-22,27.77,575.62,182.75,18,8,0.349,0,0.0,67.41,28,31.2,358.53
15,2025-08-22,23.33,490.18,145.3,22,6,0.969,0,0.0,68.98,24,31.2,800.35
16,2025-08-22,24.97,526.9,138.39,15,7,0.81,0,0.0,111.04,32,31.2,326.9
17,2025-08-22,45.92,963.86,130.71,15,5,0.539,0,0.0,81.82,30,31.2,361.99
18,2025-08-22,22.24,465.95,152.39,25,5,0.061,24,912.0,44.52,16,31.2,856.81
19,2025-08-22,24.28,496.81,180.85,28,9,0.197,0,0.0,62.53,18,31.2,722.12
20,2025-08-22,21.6,357.12,124.83,14,7,0.858,0,0.0,153.23,36,31.2,340.38
21,2025-08-22,26.58,438.26,123.68,17,3,0.52,0,0.0,112.27,32,31.2,914.71
22,2025-08-22,33.28,550.75,127.44,19,5,0.011,12,456.0,136.9,38,31.2,431.19
23,2025-08-22,25.34,420.65,124.59,17,8,0.515,18,684.0,42.28,14,31.2,648.19
24,2025-08-22,35.29,574.51,164.51,21,8,0.615,0,0.0,89.08,24,31.2,649.48
1,2025-08-23,18.5,335.92,94.24,11,10,0.957,0,0.0,157.58,30,32.6,334.88
2,2025-08-23,31.72,575.55,132.29,28,8,0.921,24,912.0,49.15,28,32.6,689.37
3,2025-08-23,28.18,504.61,157.2,14,6,0.62,0,0.0,240.43,35,32.6,391.75
4,2025-08-23,21.03,370.26,115.98,9,8,0.249,12,456.0,138.95,38,32.6,813.14
5,2025-08-23,29.22,530.57,173.07,15,4,0.29,24,912.0,63.61,30,32.6,818.16
6,2025-08-23,32.72,748.61,105.91,18,7,0.885,0,0.0,254.01,42,32.6,476.12
7,2025-08-23,19.63,427.28,132.06,15,4,0.775,12,456.0,114.15,32,32.6,656.06
8,2025-08-23,20.22,453.78,150.1,18,8,0.468,12,456.0,72.38,30,32.6,490.77
9,2025-08-23,28.99,638.92,126.24,12,5,0.09,18,684.0,85.73,25,32.6,638.94
10,2025-08-23,26.94,601.62,98.4,12,4,0.948,0,0.0,88.72,33,32.6,381.08
11,2025-08-23,14.09,319.42,139.37,17,5,0.593,0,0.0,112.14,22,32.6,639.44
12,2025-08-23,26.04,574.56,156.13,16,7,0.046,12,456.0,42.32,24,32.6,674.71
13,2025-08-23,19.88,415.43,45.93,16,6,0.333,40,1520.0,90.59,37,32.6,581.74
14,2025-08-23,22.81,472.92,161.05,29,5,0.951,12,456.0,268.76,54,32.6,357.03
15,2025-08-23,27.67,581.37,137.1,14,8,0.626,0,0.0,329.56,45,32.6,813.04
16,2025-08-23,16.38,345.8,141.98,16,6,0.422,0,0.0,397.36,51,32.6,329.76
17,2025-08-23,22.39,470.03,139.84,17,9,0.937,0,0.0,91.91,31,32.6,360.44
18,2025-08-23,29.98,628.12,187.27,19,4,0.368,0,0.0,73.86,19,32.6,857.22
19,2025-08-23,26.65,545.22,193.27,20,11,0.263,0,0.0,107.53,22,32.6,727.96
20,2025-08-23,27.41,453.21,123.39,16,6,0.418,0,0.0,167.99,38,32.6,345.68
21,2025-08-23,24.64,406.33,136.75,21,9,0.682,0,0.0,349.32,51,32.6,914.91
22,2025-08-23,23.27,385.16,131.35,20,9,0.795,12,456.0,0.0,0,32.6,435.67
23,2025-08-23,28.83,478.67,87.78,25,6,0.315,12,456.0,284.98,33,32.6,647.68
24,2025-08-23,34.53,562.18,190.56,23,5,0.793,0,0.0,97.88,24,32.6,652.81
1,2025-08-24,14.1,256.03,106.48,11,4,0.194,0,0.0,156.58,31,34.0,334.31
2,2025-08-24,19.25,349.35,149.82,23,10,0.419,0,0.0,114.96,37,34.0,692.77
3,2025-08-24,24.58,440.21,130.69,17,3,0.409,0,0.0,198.89,34,34.0,388.7
4,2025-08-24,23.62,415.85,119.45,19,3,0.826,0,0.0,46.67,23,34.0,812.51
5,2025-08-24,23.26,422.49,150.76,21,7,0.061,0,0.0,41.01,26,34.0,819.45
6,2025-08-24,29.33,671.19,72.75,25,6,0.867,0,0.0,209.73,39,34.0,482.84
7,2025-08-24,12.43,270.58,97.81,24,6,0.994,0,0.0,176.08,42,34.0,660.18
8,2025-08-24,34.25,768.73,136.56,22,3,0.344,24,912.0,44.04,25,34.0,491.78
9,2025-08-24,28.07,618.7,109.08,23,7,0.11,0,0.0,41.03,18,34.0,632.56
10,2025-08-24,23.25,519.22,97.78,15,4,0.703,0,0.0,139.22,39,34.0,378.24
11,2025-08-24,25.14,570.14,141.63,14,6,0.164,0,0.0,216.51,30,34.0,640.64
12,2025-08-24,18.02,397.63,166.27,15,6,0.827,0,0.0,49.49,24,34.0,672.3
13,2025-08-24,27.14,567.28,41.81,18,4,0.518,40,1520.0,50.85,28,34.0,575.05
14,2025-08-24,25.44,527.5,163.73,24,7,0.977,12,456.0,164.84,41,34.0,358.49
15,2025-08-24,30.29,636.44,139.49,20,3,0.037,0,0.0,87.05,27,34.0,808.9
16,2025-08-24,19.61,414.01,153.68,21,5,0.985,24,912.0,367.22,52,34.0,331.0
17,2025-08-24,22.52,472.71,128.54,24,7,0.231,0,0.0,71.63,27,34.0,364.56
18,2025-08-24,27.81,582.82,196.83,18,5,0.288,0,0.0,0.0,0,34.0,860.98
19,2025-08-24,34.85,713.16,199.98,25,10,0.23,12,456.0,195.61,32,34.0,729.04
20,2025-08-24,25.17,416.21,106.48,15,3,0.501,0,0.0,42.15,20,34.0,347.72
21,2025-08-24,30.79,507.84,114.51,20,7,0.853,0,0.0,48.83,22,34.0,917.84
22,2025-08-24,25.31,418.95,131.98,16,7,0.98,0,0.0,173.03,42,34.0,430.97
23,2025-08-24,28.5,473.21,138.89,21,9,0.64,0,0.0,138.55,24,34.0,654.07
24,2025-08-24,30.84,502.28,173.95,17,7,0.942,0,0.0,116.35,26,34.0,657.06
1,2025-08-25,27.66,502.34,107.25,19,2,0.154,40,1520.0,301.61,43,35.4,331.16
2,2025-08-25,17.84,323.79,126.37,36,7,0.138,0,0.0,128.41,43,35.4,686.18
3,2025-08-25,15.21,272.51,143.03,12,7,0.526,0,0.0,339.18,49,35.4,386.57
4,2025-08-25,21.26,374.32,87.18,21,8,0.18,0,0.0,112.18,33,35.4,810.71
5,2025-08-25,31.03,563.61,137.45,21,4,0.071,18,684.0,55.62,27,35.4,819.49
6,2025-08-25,19.6,448.46,54.95,22,8,0.431,24,912.0,59.53,21,35.4,477.8
7,2025-08-25,31.78,691.8,80.95,12,7,0.888,0,0.0,295.04,56,35.4,654.26
8,2025-08-25,27.87,625.63,131.32,17,5,0.173,0,0.0,45.89,25,35.4,499.24
9,2025-08-25,21.57,475.49,103.78,15,4,0.701,0,0.0,59.19,22,35.4,640.87
10,2025-08-25,19.5,435.56,113.48,12,5,0.484,18,684.0,131.48,41,35.4,379.5
11,2025-08-25,28.71,651.01,105.92,26,7,0.389,0,0.0,81.43,19,35.4,645.67
12,2025-08-25,27.63,609.9,146.54,23,2,0.031,0,0.0,70.99,29,35.4,671.74
13,2025-08-25,19.21,401.44,28.28,8,3,0.895,0,0.0,145.23,43,35.4,584.58
14,2025-08-25,21.81,452.37,123.76,24,8,0.611,0,0.0,40.08,24,35.4,352.65
15,2025-08-25,33.97,713.81,149.39,17,5,0.496,0,0.0,244.84,42,35.4,810.15
16,2025-08-25,22.45,473.86,182.24,10,7,0.894,0,0.0,64.96,24,35.4,335.08
17,2025-08-25,21.36,448.43,110.99,15,8,0.925,0,0.0,325.01,51,35.4,362.91
18,2025-08-25,29.19,611.82,212.4,24,7,0.777,0,0.0,82.96,20,35.4,861.2
19,2025-08-25,33.44,684.39,160.46,31,7,0.258,18,684.0,76.74,22,35.4,724.64
20,2025-08-25,19.5,322.5,115.87,16,5,0.043,24,912.0,193.88,38,35.4,345.15
21,2025-08-25,21.47,354.13,107.78,24,8,0.185,0,0.0,44.54,22,35.4,912.36
22,2025-08-25,24.93,412.71,100.76,23,6,0.939,12,456.0,124.74,42,35.4,439.38
23,2025-08-25,19.75,328.02,120.22,19,10,0.239,12,456.0,62.57,19,35.4,649.92
24,2025-08-25,28.59,465.57,195.31,21,7,0.218,0,0.0,366.66,46,35.4,653.36
1,2025-08-26,15.07,273.76,102.83,12,3,0.013,0,0.0,298.44,41,36.8,339.89
2,2025-08-26,31.02,563.07,118.03,28,8,0.018,0,0.0,89.07,33,36.8,691.01
3,2025-08-26,19.91,356.61,130.51,21,4,0.342,0,0.0,210.21,35,36.8,388.93
4,2025-08-26,14.35,252.7,109.39,16,4,0.27,0,0.0,358.73,58,36.8,817.79
5,2025-08-26,17.12,311.0,127.5,20,7,0.55,0,0.0,67.61,27,36.8,818.33
6,2025-08-26,21.55,493.26,65.89,16,7,0.669,24,912.0,86.8,25,36.8,479.3
7,2025-08-26,19.74,429.89,79.7,18,5,0.575,12,456.0,260.04,55,36.8,659.43
8,2025-08-26,25.13,564.13,142.89,16,7,0.37,24,912.0,43.89,26,36.8,492.33
9,2025-08-26,14.86,327.72,83.66,20,6,0.158,0,0.0,120.84,30,36.8,642.02
10,2025-08-26,18.78,419.47,146.07,15,4,0.818,24,912.0,88.54,35,36.8,384.78
11,2025-08-26,26.19,594.12,118.66,11,4,0.973,0,0.0,42.96,13,36.8,643.17
12,2025-08-26,19.12,422.08,141.2,18,4,0.951,40,1520.0,0.0,0,36.8,669.2
13,2025-08-26,25.41,531.19,37.83,11,2,0.929,18,684.0,88.86,33,36.8,587.1
14,2025-08-26,34.53,716.05,125.23,17,8,0.201,0,0.0,56.2,25,36.8,354.96
15,2025-08-26,17.25,362.46,162.68,14,5,0.155,0,0.0,115.44,30,36.8,812.32
16,2025-08-26,20.01,422.53,196.63,19,5,0.308,0,0.0,0.0,0,36.8,323.35
17,2025-08-26,24.46,513.7,121.11,17,9,0.75,40,1520.0,242.66,45,36.8,363.15
18,2025-08-26,21.7,454.78,206.47,22,4,0.515,24,912.0,47.51,15,36.8,867.47
19,2025-08-26,27.37,560.26,153.64,35,5,0.012,0,0.0,81.36,22,36.8,726.88
20,2025-08-26,21.29,352.1,113.47,17,7,0.118,0,0.0,43.5,21,36.8,343.9
21,2025-08-26,28.74,474.19,123.26,15,7,0.489,0,0.0,252.42,42,36.8,915.08
22,2025-08-26,25.38,420.18,86.65,23,5,0.743,0,0.0,157.12,40,36.8,438.15
23,2025-08-26,30.37,504.36,152.71,21,7,0.462,12,456.0,54.74,18,36.8,649.42
24,2025-08-26,29.95,487.9,203.72,23,8,0.656,12,456.0,79.12,23,36.8,655.48
1,2025-08-27,15.05,273.41,90.35,19,4,0.58,12,456.0,54.93,21,38.2,335.24
2,2025-08-27,23.16,420.42,143.17,14,2,0.288,0,0.0,122.86,38,38.2,694.27
3,2025-08-27,20.83,373.18,98.74,25,5,0.094,0,0.0,299.53,37,38.2,384.89
4,2025-08-27,23.61,415.85,90.95,19,6,0.741,0,0.0,70.61,28,38.2,806.41
5,2025-08-27,28.33,514.64,81.26,29,4,0.372,24,912.0,50.83,25,38.2,821.68
6,2025-08-27,32.96,754.51,110.1,13,8,0.834,0,0.0,171.83,35,38.2,479.62
7,2025-08-27,33.07,720.18,90.22,13,3,0.42,18,684.0,296.85,58,38.2,650.42
8,2025-08-27,30.51,685.13,199.96,13,6,0.645,12,456.0,58.67,26,38.2,491.64
9,2025-08-27,30.56,673.93,79.04,14,6,0.101,0,0.0,47.47,21,38.2,640.39
10,2025-08-27,20.59,460.01,150.23,11,3,0.173,18,684.0,46.07,24,38.2,376.43
11,2025-08-27,20.29,460.22,95.03,18,4,0.734,0,0.0,180.4,27,38.2,640.19
12,2025-08-27,20.22,446.46,130.38,18,8,0.504,12,456.0,191.26,44,38.2,669.27
13,2025-08-27,23.84,498.36,37.83,14,5,0.741,0,0.0,155.35,42,38.2,578.37
14,2025-08-27,28.33,587.58,105.36,26,11,0.759,0,0.0,61.56,30,38.2,359.24
15,2025-08-27,25.13,528.26,144.23,24,4,0.966,0,0.0,279.01,45,38.2,805.75
16,2025-08-27,26.88,567.58,203.92,9,6,0.463,0,0.0,322.13,44,38.2,318.75
17,2025-08-27,30.99,650.75,100.37,20,8,0.362,0,0.0,214.07,47,38.2,363.17
18,2025-08-27,19.33,405.25,199.67,28,6,0.243,0,0.0,99.02,20,38.2,861.46
19,2025-08-27,31.42,643.32,149.78,20,7,0.051,0,0.0,40.37,14,38.2,729.46
20,2025-08-27,20.16,333.59,115.7,13,4,0.442,0,0.0,216.21,48,38.2,349.03
21,2025-08-27,25.95,428.23,125.35,18,6,0.192,40,1520.0,222.76,38,38.2,913.58
22,2025-08-27,20.25,335.35,100.41,12,5,0.191,0,0.0,59.76,24,38.2,435.04
23,2025-08-27,26.07,433.08,161.17,24,10,0.042,0,0.0,252.06,34,38.2,653.18
24,2025-08-27,23.88,388.98,199.38,21,6,0.302,0,0.0,213.37,35,38.2,652.79
1,2025-08-28,23.61,428.93,103.82,13,2,0.953,0,0.0,60.54,21,39.6,337.63
2,2025-08-28,43.87,796.57,139.8,22,8,0.561,0,0.0,282.41,63,39.6,689.31
3,2025-08-28,16.83,301.5,102.19,17,7,0.947,0,0.0,92.88,24,39.6,394.69
4,2025-08-28,27.54,485.17,95.21,16,5,0.891,24,912.0,0.0,0,39.6,816.64
5,2025-08-28,24.28,441.17,76.05,20,7,0.682,0,0.0,123.23,37,39.6,819.31
6,2025-08-28,27.32,625.3,106.91,15,4,0.155,0,0.0,134.37,34,39.6,475.2
7,2025-08-28,17.41,379.25,90.47,15,4,0.444,12,456.0,90.55,32,39.6,655.35
8,2025-08-28,21.97,493.38,178.43,27,8,0.915,0,0.0,340.34,65,39.6,496.67
9,2025-08-28,18.89,416.66,96.22,15,4,0.936,18,684.0,0.0,0,39.6,636.1
10,2025-08-28,16.37,365.71,148.4,16,5,0.231,0,0.0,136.61,40,39.6,382.49
11,2025-08-28,34.92,792.2,89.56,16,5,0.475,0,0.0,304.36,37,39.6,643.44
12,2025-08-28,37.31,823.88,145.24,11,5,0.489,24,912.0,49.3,27,39.6,671.92
13,2025-08-28,12.97,271.23,60.83,6,3,0.494,0,0.0,262.43,51,39.6,580.13
14,2025-08-28,29.89,620.05,151.91,12,6,0.695,0,0.0,155.98,44,39.6,360.97
15,2025-08-28,24.53,515.73,129.88,18,4,0.371,12,456.0,140.52,35,39.6,811.38
16,2025-08-28,12.67,267.5,226.67,24,3,0.164,0,0.0,317.24,48,39.6,327.6
17,2025-08-28,20.43,429.16,118.11,18,6,0.814,12,456.0,53.67,23,39.6,361.37
18,2025-08-28,31.15,653.1,226.72,23,6,0.88,0,0.0,58.85,15,39.6,860.09
19,2025-08-28,40.06,820.22,167.25,19,9,0.307,0,0.0,0.0,0,39.6,724.65
20,2025-08-28,23.71,392.24,114.15,13,3,0.643,0,0.0,124.31,36,39.6,345.24
21,2025-08-28,32.9,542.94,109.23,18,6,0.615,0,0.0,107.79,28,39.6,914.23
22,2025-08-28,31.27,517.87,107.04,13,4,0.111,24,912.0,40.52,24,39.6,429.29
23,2025-08-28,23.2,385.46,158.31,24,10,0.891,40,1520.0,0.0,0,39.6,651.63
24,2025-08-28,24.88,405.33,201.91,23,4,0.006,40,1520.0,192.69,31,39.6,653.78
1,2025-08-29,16.03,291.3,87.62,17,4,0.848,0,0.0,212.77,37,6.0,329.12
2,2025-08-29,29.69,539.16,147.23,18,4,0.369,0,0.0,104.63,37,6.0,682.18
3,2025-08-29,24.44,437.96,82.18,23,3,0.639,24,912.0,371.54,43,6.0,376.84
4,2025-08-29,20.89,368.1,130.97,11,5,0.724,0,0.0,365.31,60,6.0,803.51
5,2025-08-29,26.34,478.6,76.5,22,6,0.964,12,456.0,68.03,31,6.0,810.06
6,2025-08-29,21.25,486.56,117.14,14,7,0.409,0,0.0,398.13,51,6.0,467.44
7,2025-08-29,26.04,567.11,86.89,17,5,0.532,0,0.0,97.05,35,6.0,645.57
8,2025-08-29,24.01,539.28,193.89,21,5,0.474,0,0.0,166.83,45,6.0,489.69
9,2025-08-29,29.93,660.2,112.43,13,4,0.865,0,0.0,303.52,44,6.0,629.55
10,2025-08-29,24.93,557.05,139.58,13,4,0.632,12,456.0,160.84,44,6.0,363.56
11,2025-08-29,15.62,354.44,87.38,16,5,0.924,0,0.0,52.63,15,6.0,632.57
12,2025-08-29,24.37,538.17,135.77,15,6,0.903,12,456.0,224.58,50,6.0,659.15
13,2025-08-29,14.96,312.82,82.64,11,6,0.508,0,0.0,89.13,34,6.0,566.53
14,2025-08-29,21.54,446.95,130.03,30,8,0.834,0,0.0,196.26,40,6.0,353.71
15,2025-08-29,19.05,400.51,131.16,16,6,0.646,0,0.0,51.27,20,6.0,798.97
16,2025-08-29,22.54,476.15,176.14,23,9,0.869,12,456.0,257.6,44,6.0,319.68
17,2025-08-29,23.38,491.16,99.28,11,4,0.693,0,0.0,52.64,24,6.0,360.04
18,2025-08-29,26.81,562.19,237.25,27,8,0.851,40,1520.0,187.28,28,6.0,845.73
19,2025-08-29,42.53,870.87,153.35,19,6,0.754,0,0.0,171.99,29,6.0,712.67
20,2025-08-29,23.33,386.1,91.47,17,6,0.156,0,0.0,245.99,46,6.0,330.28
21,2025-08-29,19.87,327.98,126.54,16,4,0.101,40,1520.0,45.13,19,6.0,904.16
22,2025-08-29,33.51,555.06,100.6,19,9,0.6,0,0.0,143.98,39,6.0,422.61
23,2025-08-29,25.05,416.26,153.34,19,8,0.233,12,456.0,206.54,32,6.0,638.52
24,2025-08-29,30.46,496.29,191.19,23,6,0.491,0,0.0,109.17,22,6.0,637.18
1,2025-08-30,25.09,455.95,102.6,14,4,0.581,0,0.0,124.06,29,7.4,326.57
2,2025-08-30,15.09,274.08,142.15,23,7,0.835,0,0.0,79.64,33,7.4,680.96
3,2025-08-30,31.11,557.59,91.45,19,5,0.911,0,0.0,292.06,40,7.4,378.97
4,2025-08-30,23.87,420.66,138.71,14,4,0.58,12,456.0,335.47,62,7.4,803.29
5,2025-08-30,31.98,581.19,83.34,18,10,0.324,0,0.0,286.85,58,7.4,807.97
6,2025-08-30,18.12,414.84,114.29,16,4,0.065,0,0.0,54.92,22,7.4,465.77
7,2025-08-30,18.54,403.83,98.81,9,6,0.066,0,0.0,57.86,24,7.4,642.07
8,2025-08-30,19.15,430.04,206.28,21,8,0.982,40,1520.0,309.7,57,7.4,488.34
9,2025-08-30,21.11,465.7,117.7,12,8,0.719,24,912.0,96.76,23,7.4,630.41
10,2025-08-30,15.99,357.23,118.81,16,5,0.075,24,912.0,59.35,29,7.4,369.32
11,2025-08-30,24.33,552.19,69.11,20,5,0.777,0,0.0,248.16,30,7.4,630.76
12,2025-08-30,26.62,587.94,86.07,23,5,0.168,12,456.0,174.83,44,7.4,656.02
13,2025-08-30,21.99,459.92,60.64,11,7,0.04,0,0.0,131.68,36,7.4,572.9
14,2025-08-30,30.52,633.34,145.94,22,8,0.095,18,684.0,278.4,60,7.4,352.41
15,2025-08-30,32.19,676.91,127.29,12,4,0.587,18,684.0,63.02,25,7.4,801.87
16,2025-08-30,14.94,315.5,171.1,18,5,0.138,12,456.0,210.4,36,7.4,315.75
17,2025-08-30,27.99,587.97,132.06,15,4,0.356,0,0.0,187.41,38,7.4,348.33
18,2025-08-30,34.68,727.29,217.65,23,10,0.86,0,0.0,206.58,27,7.4,855.09
19,2025-08-30,23.33,477.7,109.62,28,9,0.539,0,0.0,300.26,42,7.4,719.45
20,2025-08-30,20.09,332.44,98.39,13,5,0.11,0,0.0,52.61,23,7.4,332.22
21,2025-08-30,24.59,405.84,98.54,20,6,0.756,12,456.0,68.36,23,7.4,907.16
22,2025-08-30,19.16,317.41,102.77,19,7,0.258,12,456.0,78.88,30,7.4,425.5
23,2025-08-30,30.35,504.27,178.25,14,10,0.116,24,912.0,146.3,26,7.4,640.43
24,2025-08-30,27.42,446.9,150.11,31,5,0.396,24,912.0,43.03,17,7.4,641.82
1,2025-08-31,16.32,296.72,104.0,16,3,0.617,0,0.0,341.37,51,8.8,325.15
2,2025-08-31,25.4,461.24,129.32,28,8,0.887,0,0.0,161.49,45,8.8,679.58
3,2025-08-31,23.37,418.96,84.32,15,6,0.333,0,0.0,258.0,35,8.8,377.71
4,2025-08-31,20.48,360.91,149.31,18,6,0.599,0,0.0,48.46,25,8.8,807.78
5,2025-08-31,26.63,484.06,111.75,16,7,0.506,12,456.0,335.22,68,8.8,814.47
6,2025-08-31,19.08,436.89,160.47,12,4,0.303,24,912.0,318.21,46,8.8,471.49
7,2025-08-31,25.55,556.52,101.92,11,3,0.926,0,0.0,145.81,42,8.8,652.72
8,2025-08-31,34.45,773.99,191.08,16,4,0.305,40,1520.0,206.35,44,8.8,486.68
9,2025-08-31,22.9,505.19,112.2,14,3,0.181,0,0.0,115.9,28,8.8,628.95
10,2025-08-31,21.11,471.79,130.11,10,4,0.012,0,0.0,55.37,28,8.8,369.61
11,2025-08-31,21.5,487.99,75.1,12,5,0.874,18,684.0,182.92,29,8.8,634.11
12,2025-08-31,16.62,367.02,99.79,18,7,0.975,0,0.0,295.66,57,8.8,662.15
13,2025-08-31,10.7,223.8,68.79,12,3,0.117,0,0.0,0.0,0,8.8,566.46
14,2025-08-31,14.73,305.73,136.16,19,6,0.988,18,684.0,147.28,41,8.8,355.14
15,2025-08-31,25.5,536.35,104.44,16,7,0.085,0,0.0,137.21,32,8.8,802.06
16,2025-08-31,31.42,663.88,143.54,27,6,0.558,0,0.0,236.24,43,8.8,315.62
17,2025-08-31,26.89,565.05,140.28,21,6,0.85,0,0.0,339.73,54,8.8,354.79
18,2025-08-31,29.04,608.98,177.25,25,9,0.682,40,1520.0,98.25,21,8.8,857.28
19,2025-08-31,24.33,498.41,131.9,27,9,0.049,0,0.0,93.62,22,8.8,716.49
20,2025-08-31,17.98,297.61,124.13,12,5,0.962,12,456.0,297.74,49,8.8,334.15
21,2025-08-31,21.18,349.63,127.11,14,6,0.318,12,456.0,160.61,37,8.8,904.93
22,2025-08-31,16.27,269.54,112.99,17,4,0.494,40,1520.0,165.04,37,8.8,422.65
23,2025-08-31,30.83,512.38,133.96,31,12,0.899,12,456.0,120.76,23,8.8,645.71
24,2025-08-31,27.94,455.31,155.82,17,13,0.366,0,0.0,66.47,21,8.8,638.55
1,2025-09-01,23.81,432.84,91.03,17,9,0.734,0,0.0,50.29,20,10.2,332.32
2,2025-09-01,19.55,355.17,104.47,26,5,0.733,18,684.0,194.15,51,10.2,682.23
3,2025-09-01,28.97,519.44,90.22,17,6,0.712,0,0.0,106.76,27,10.2,379.88
4,2025-09-01,17.13,301.92,150.53,15,4,0.31,0,0.0,286.11,53,10.2,806.78
5,2025-09-01,26.71,485.54,108.62,13,7,0.681,12,456.0,251.3,48,10.2,809.4
6,2025-09-01,21.02,481.52,153.68,17,5,0.469,18,684.0,71.59,22,10.2,477.11
7,2025-09-01,24.04,523.71,122.15,8,5,0.155,12,456.0,88.48,34,10.2,640.45
8,2025-09-01,26.59,597.33,192.28,19,5,0.766,0,0.0,146.16,42,10.2,485.62
9,2025-09-01,17.04,375.91,115.04,13,6,0.494,0,0.0,0.0,0,10.2,635.43
10,2025-09-01,23.9,534.12,128.29,16,6,0.575,0,0.0,136.89,41,10.2,375.12
11,2025-09-01,23.05,523.19,70.09,11,4,0.562,0,0.0,336.31,37,10.2,635.67
12,2025-09-01,19.98,441.32,84.88,20,5,0.059,0,0.0,63.54,28,10.2,660.28
13,2025-09-01,16.46,344.3,88.77,9,3,0.141,0,0.0,277.32,62,10.2,568.29
14,2025-09-01,40.07,831.74,141.89,13,6,0.797,0,0.0,305.6,59,10.2,348.31
15,2025-09-01,20.41,429.3,98.18,20,6,0.318,24,912.0,80.96,25,10.2,801.73
16,2025-09-01,32.64,689.56,132.84,14,4,0.013,0,0.0,278.07,45,10.2,315.35
17,2025-09-01,15.91,334.35,152.67,16,7,0.428,0,0.0,49.52,21,10.2,350.57
18,2025-09-01,35.28,740.05,154.75,25,10,0.916,12,456.0,340.54,39,10.2,861.65
19,2025-09-01,22.41,459.0,170.64,18,6,0.211,12,456.0,65.55,20,10.2,720.05
20,2025-09-01,23.87,395.06,88.17,19,6,0.526,0,0.0,101.65,28,10.2,338.71
21,2025-09-01,22.26,367.47,107.17,22,7,0.935,18,684.0,69.02,26,10.2,910.37
22,2025-09-01,25.12,416.17,121.84,12,6,0.078,0,0.0,248.81,47,10.2,428.13
23,2025-09-01,24.9,413.79,137.36,20,5,0.525,18,684.0,289.61,34,10.2,639.11
24,2025-09-01,32.34,527.24,140.98,21,9,0.627,0,0.0,90.24,21,10.2,641.15
1,2025-09-02,20.39,370.73,127.7,10,7,0.684,0,0.0,83.79,23,11.6,326.88
2,2025-09-02,27.97,508.12,131.35,21,9,0.546,0,0.0,286.34,52,11.6,685.49
3,2025-09-02,22.44,402.41,104.2,12,5,0.452,18,684.0,41.58,16,11.6,378.35
4,2025-09-02,19.37,341.49,126.62,23,4,0.248,0,0.0,320.74,56,11.6,809.58
5,2025-09-02,24.77,450.39,102.43,24,9,0.135,0,0.0,241.03,52,11.6,810.09
6,2025-09-02,24.22,554.78,135.8,20,8,0.38,0,0.0,0.0,0,11.6,467.66
7,2025-09-02,15.29,333.25,102.96,12,5,0.746,12,456.0,283.11,57,11.6,643.8
8,2025-09-02,26.16,587.83,169.96,21,7,0.352,0,0.0,42.42,23,11.6,482.67
9,2025-09-02,17.75,391.69,107.92,15,8,0.478,0,0.0,80.59,22,11.6,634.76
10,2025-09-02,25.37,567.21,71.98,24,7,0.572,18,684.0,134.19,43,11.6,374.25
11,2025-09-02,27.91,633.68,77.45,13,8,0.945,12,456.0,115.9,22,11.6,630.99
12,2025-09-02,33.13,731.9,136.71,13,6,0.439,0,0.0,144.25,40,11.6,667.33
13,2025-09-02,19.55,409.03,109.17,9,5,0.414,18,684.0,232.8,54,11.6,571.32
14,2025-09-02,27.06,561.65,131.82,18,5,0.495,0,0.0,44.99,24,11.6,359.28
15,2025-09-02,18.08,380.36,72.17,20,7,0.357,18,684.0,71.78,24,11.6,799.62
16,2025-09-02,24.53,518.39,142.52,20,5,0.009,40,1520.0,49.22,21,11.6,320.18
17,2025-09-02,20.49,430.7,147.71,16,5,0.636,0,0.0,192.36,43,11.6,353.74
18,2025-09-02,29.91,627.38,170.72,25,9,0.1,0,0.0,297.78,33,11.6,849.08
19,2025-09-02,37.57,769.68,179.78,31,3,0.637,0,0.0,294.21,41,11.6,721.3
20,2025-09-02,20.42,338.04,69.94,17,4,0.757,24,912.0,286.75,52,11.6,338.22
21,2025-09-02,27.01,446.04,76.94,22,11,0.236,0,0.0,57.48,22,11.6,906.8
22,2025-09-02,27.65,458.17,94.32,21,7,0.839,0,0.0,66.88,26,11.6,423.13
23,2025-09-02,17.04,283.3,164.13,22,7,0.881,0,0.0,129.92,30,11.6,639.75
24,2025-09-02,40.08,653.37,96.98,29,9,0.807,40,1520.0,205.76,36,11.6,650.06
1,2025-09-03,23.6,429.06,101.64,14,4,0.467,0,0.0,43.32,16,13.0,332.6
2,2025-09-03,32.54,591.18,140.74,23,10,0.612,24,912.0,268.4,63,13.0,683.48
3,2025-09-03,17.53,314.38,108.07,16,7,0.458,12,456.0,83.17,24,13.0,385.07
4,2025-09-03,22.92,404.12,128.62,17,5,0.027,24,912.0,255.21,54,13.0,807.3
5,2025-09-03,18.76,341.12,142.62,13,9,0.056,0,0.0,113.24,36,13.0,810.46
6,2025-09-03,16.01,366.8,134.16,23,7,0.398,0,0.0,0.0,0,13.0,476.8
7,2025-09-03,16.51,359.8,85.86,18,7,0.051,0,0.0,89.18,36,13.0,650.58
8,2025-09-03,23.43,526.48,162.38,26,6,0.771,0,0.0,321.27,55,13.0,483.8
9,2025-09-03,20.97,462.87,108.87,17,6,0.347,18,684.0,195.44,35,13.0,627.83
10,2025-09-03,14.56,325.46,73.35,17,3,0.523,0,0.0,55.63,26,13.0,374.39
11,2025-09-03,17.11,388.55,102.87,14,9,0.936,24,912.0,372.81,37,13.0,630.97
12,2025-09-03,23.05,509.38,111.09,18,6,0.8,12,456.0,172.41,45,13.0,669.29
13,2025-09-03,17.53,366.71,134.09,13,3,0.772,0,0.0,217.26,50,13.0,568.44
14,2025-09-03,23.7,492.06,118.85,19,6,0.326,0,0.0,170.69,41,13.0,352.51
15,2025-09-03,22.76,478.93,67.31,11,8,0.882,0,0.0,103.44,29,13.0,803.08
16,2025-09-03,39.16,827.57,126.88,13,4,0.925,0,0.0,126.36,29,13.0,316.93
17,2025-09-03,27.32,574.27,164.22,13,5,0.83,0,0.0,248.77,44,13.0,356.21
18,2025-09-03,30.56,641.09,165.76,27,5,0.687,18,684.0,337.83,35,13.0,853.15
19,2025-09-03,34.46,706.08,202.48,19,6,0.271,0,0.0,105.48,24,13.0,721.57
20,2025-09-03,16.75,277.36,75.29,13,4,0.206,0,0.0,78.8,29,13.0,338.96
21,2025-09-03,18.99,313.68,73.09,20,5,0.064,0,0.0,63.27,23,13.0,910.04
22,2025-09-03,21.43,355.12,74.9,16,4,0.803,0,0.0,157.6,41,13.0,432.21
23,2025-09-03,39.57,657.94,127.48,30,8,0.765,0,0.0,370.73,38,13.0,645.31
24,2025-09-03,22.51,366.94,114.94,16,7,0.19,0,0.0,45.8,17,13.0,642.94
1,2025-09-04,23.55,428.29,106.55,13,5,0.47,0,0.0,177.11,33,14.4,322.95
2,2025-09-04,28.59,519.49,144.45,22,6,0.378,24,912.0,99.25,34,14.4,687.62
3,2025-09-04,22.03,395.14,100.13,17,4,0.789,24,912.0,272.21,41,14.4,380.7
4,2025-09-04,17.96,316.61,110.98,17,8,0.941,12,456.0,205.14,46,14.4,808.83
5,2025-09-04,16.23,295.2,144.43,18,6,0.499,24,912.0,167.67,50,14.4,820.4
6,2025-09-04,20.23,463.52,145.83,18,5,0.947,0,0.0,87.31,26,14.4,471.97
7,2025-09-04,12.33,268.66,77.08,17,5,0.737,40,1520.0,290.54,54,14.4,649.44
8,2025-09-04,24.33,546.86,163.09,23,6,0.042,0,0.0,271.43,51,14.4,489.25
9,2025-09-04,19.38,427.75,97.83,18,7,0.072,40,1520.0,82.83,27,14.4,637.91
10,2025-09-04,24.23,541.82,85.24,11,6,0.874,18,684.0,57.04,27,14.4,373.6
11,2025-09-04,16.14,366.52,115.73,14,7,0.932,0,0.0,244.26,31,14.4,630.62
12,2025-09-04,31.78,702.31,126.93,16,6,0.32,0,0.0,40.17,23,14.4,662.2
13,2025-09-04,14.53,304.07,123.63,15,6,0.824,0,0.0,87.84,31,14.4,570.17
14,2025-09-04,15.28,317.26,130.81,25,10,0.125,12,456.0,197.01,46,14.4,351.96
15,2025-09-04,27.1,570.18,30.08,20,3,0.789,0,0.0,110.82,31,14.4,807.75
16,2025-09-04,21.36,451.39,84.93,28,6,0.146,0,0.0,66.56,22,14.4,323.31
17,2025-09-04,19.55,410.91,144.55,23,7,0.423,0,0.0,66.11,24,14.4,360.19
18,2025-09-04,32.33,678.43,151.36,26,7,0.052,18,684.0,94.4,19,14.4,851.04
19,2025-09-04,19.74,404.47,216.5,25,9,0.68,12,456.0,64.28,18,14.4,722.55
20,2025-09-04,24.55,406.58,80.29,14,5,0.588,12,456.0,189.53,41,14.4,340.52
21,2025-09-04,29.25,483.16,81.62,14,5,0.916,0,0.0,121.69,35,14.4,905.6
22,2025-09-04,16.32,270.59,76.94,19,6,0.082,0,0.0,40.75,25,14.4,428.21
23,2025-09-04,21.49,357.33,132.01,26,7,0.545,24,912.0,70.57,17,14.4,643.94
24,2025-09-04,30.26,493.4,103.09,21,8,0.282,18,684.0,87.3,21,14.4,644.75
1,2025-09-05,13.68,248.75,115.96,17,3,0.909,12,456.0,184.05,33,15.8,332.64
2,2025-09-05,26.1,474.28,140.62,20,6,0.449,0,0.0,392.23,61,15.8,684.77
3,2025-09-05,15.67,281.07,80.23,20,4,0.573,0,0.0,47.61,17,15.8,384.53
4,2025-09-05,27.42,483.54,97.27,23,9,0.073,0,0.0,61.59,26,15.8,810.79
5,2025-09-05,25.33,460.67,121.22,18,5,0.474,0,0.0,45.67,27,15.8,810.68
6,2025-09-05,29.7,680.6,140.0,20,9,0.013,0,0.0,98.97,25,15.8,470.49
7,2025-09-05,20.23,441.0,69.37,14,9,0.432,18,684.0,121.2,37,15.8,649.72
8,2025-09-05,25.8,579.93,165.22,23,9,0.133,12,456.0,184.53,50,15.8,490.73
9,2025-09-05,22.54,497.6,112.11,16,6,0.098,40,1520.0,45.72,20,15.8,631.81
10,2025-09-05,35.89,802.56,84.17,11,5,0.562,12,456.0,91.66,33,15.8,377.88
11,2025-09-05,18.96,430.47,114.44,13,4,0.175,12,456.0,361.41,36,15.8,634.47
12,2025-09-05,18.48,408.49,118.5,10,3,0.663,0,0.0,104.93,37,15.8,663.12
13,2025-09-05,14.24,298.01,92.44,16,9,0.86,0,0.0,0.0,0,15.8,568.78
14,2025-09-05,25.58,531.18,133.72,24,5,0.36,12,456.0,43.76,23,15.8,358.98
15,2025-09-05,28.26,594.74,43.92,12,8,0.152,0,0.0,87.11,24,15.8,800.25
16,2025-09-05,26.95,569.61,116.61,7,4,0.934,12,456.0,164.91,34,15.8,324.62
17,2025-09-05,21.52,452.52,166.02,10,8,0.069,0,0.0,121.87,38,15.8,362.01
18,2025-09-05,33.26,698.01,131.02,24,8,0.649,40,1520.0,66.0,16,15.8,853.55
19,2025-09-05,36.82,754.53,232.4,18,10,0.105,0,0.0,159.87,29,15.8,723.22
20,2025-09-05,23.08,382.24,101.37,11,4,0.096,12,456.0,0.0,0,15.8,341.76
21,2025-09-05,28.15,465.04,56.86,18,7,0.683,0,0.0,0.0,0,15.8,911.81
22,2025-09-05,29.12,482.79,100.43,17,5,0.383,0,0.0,99.62,35,15.8,424.62
23,2025-09-05,26.34,437.98,145.21,24,8,0.181,0,0.0,42.63,15,15.8,646.27
24,2025-09-05,41.86,682.65,116.37,19,6,0.937,0,0.0,44.46,18,15.8,645.45
1,2025-09-06,21.74,395.55,131.25,17,6,0.042,0,0.0,139.25,26,17.2,331.91
2,2025-09-06,26.47,481.11,145.09,25,6,0.502,0,0.0,48.59,28,17.2,690.6
3,2025-09-06,19.87,356.36,83.29,17,7,0.868,0,0.0,205.86,33,17.2,383.34
4,2025-09-06,22.69,400.1,119.06,19,6,0.8,0,0.0,229.2,41,17.2,812.21
5,2025-09-06,14.69,267.19,101.89,21,5,0.585,0,0.0,224.32,48,17.2,814.55
6,2025-09-06,31.89,730.8,144.59,15,9,0.46,12,456.0,186.22,37,17.2,475.68
7,2025-09-06,28.24,615.62,65.83,15,3,0.601,24,912.0,98.12,33,17.2,647.41
8,2025-09-06,37.28,838.01,165.99,19,6,0.552,0,0.0,342.08,60,17.2,492.15
9,2025-09-06,24.93,550.35,98.43,17,4,0.338,18,684.0,54.39,18,17.2,637.46
10,2025-09-06,24.03,537.38,84.86,12,4,0.843,0,0.0,212.76,55,17.2,375.89
11,2025-09-06,20.05,455.39,104.28,17,5,0.117,0,0.0,50.71,13,17.2,635.61
12,2025-09-06,23.32,515.57,168.26,10,4,0.845,12,456.0,45.78,23,17.2,666.36
13,2025-09-06,18.73,392.12,113.91,11,4,0.249,0,0.0,322.99,69,17.2,574.26
14,2025-09-06,27.2,564.85,116.02,23,9,0.887,18,684.0,180.36,45,17.2,352.25
15,2025-09-06,14.95,314.68,65.85,13,4,0.651,0,0.0,103.65,28,17.2,802.91
16,2025-09-06,19.85,419.76,127.65,19,5,0.792,0,0.0,63.89,22,17.2,324.55
17,2025-09-06,20.38,428.56,150.69,25,6,0.84,0,0.0,137.49,36,17.2,360.73
18,2025-09-06,34.06,714.81,122.21,19,8,0.353,24,912.0,242.82,35,17.2,854.14
19,2025-09-06,21.41,438.92,273.93,17,8,0.329,0,0.0,152.15,30,17.2,718.84
20,2025-09-06,18.69,309.55,98.96,16,5,0.266,18,684.0,71.91,27,17.2,337.25
21,2025-09-06,23.53,388.76,94.12,13,6,0.566,0,0.0,54.96,24,17.2,911.53
22,2025-09-06,20.86,345.85,123.91,19,7,0.076,0,0.0,398.6,62,17.2,430.45
23,2025-09-06,38.74,644.27,129.77,21,11,0.873,0,0.0,60.72,17,17.2,649.47
24,2025-09-06,21.66,353.27,110.02,18,4,0.661,12,456.0,132.37,30,17.2,653.48
1,2025-09-07,19.7,358.35,130.49,14,6,0.734,0,0.0,59.83,20,18.6,325.92
2,2025-09-07,26.27,477.55,154.72,19,10,0.414,0,0.0,156.2,44,18.6,683.99
3,2025-09-07,24.92,447.11,75.98,17,5,0.626,40,1520.0,209.68,30,18.6,385.55
4,2025-09-07,21.54,379.95,91.53,21,4,0.462,0,0.0,243.73,50,18.6,811.02
5,2025-09-07,23.44,426.41,96.6,24,6,0.387,12,456.0,307.91,61,18.6,813.7
6,2025-09-07,23.93,548.45,130.01,22,8,0.051,0,0.0,255.3,40,18.6,481.84
7,2025-09-07,23.67,516.19,78.08,12,5,0.317,18,684.0,49.23,24,18.6,646.02
8,2025-09-07,29.98,674.13,165.26,18,8,0.205,18,684.0,0.0,0,18.6,487.16
9,2025-09-07,28.09,620.26,127.71,15,4,0.297,40,1520.0,58.35,20,18.6,638.66
10,2025-09-07,17.14,383.31,68.68,17,4,0.835,18,684.0,254.72,62,18.6,374.34
11,2025-09-07,20.64,468.89,135.56,12,6,0.261,12,456.0,85.69,19,18.6,634.58
12,2025-09-07,21.85,483.12,154.32,20,6,0.741,0,0.0,152.27,46,18.6,668.27
13,2025-09-07,22.88,478.96,102.98,15,2,0.863,0,0.0,70.8,32,18.6,570.33
14,2025-09-07,30.49,633.26,124.12,21,7,0.062,0,0.0,266.26,44,18.6,355.06
15,2025-09-07,29.24,615.49,72.55,12,8,0.208,0,0.0,158.2,34,18.6,799.81
16,2025-09-07,38.62,816.62,121.2,19,6,0.539,0,0.0,42.31,20,18.6,318.96
17,2025-09-07,32.28,678.81,153.35,17,5,0.701,18,684.0,251.07,47,18.6,357.63
18,2025-09-07,35.24,739.77,123.98,16,11,0.766,24,912.0,133.84,22,18.6,861.13
19,2025-09-07,32.92,674.92,270.35,29,10,0.523,0,0.0,83.48,23,18.6,724.43
20,2025-09-07,19.14,317.03,72.48,18,2,0.851,0,0.0,209.0,40,18.6,344.41
21,2025-09-07,17.67,291.94,101.36,22,6,0.662,0,0.0,81.54,28,18.6,904.94
22,2025-09-07,24.77,410.81,136.86,13,8,0.844,0,0.0,206.79,50,18.6,426.49
23,2025-09-07,29.25,486.46,176.3,17,5,0.689,0,0.0,283.4,34,18.6,647.76
24,2025-09-07,25.42,414.6,128.11,16,8,0.339,40,1520.0,248.11,36,18.6,646.09
1,2025-09-08,21.19,385.62,116.85,11,5,0.509,0,0.0,132.39,32,20.0,331.73
2,2025-09-08,22.2,403.51,158.82,24,7,0.772,12,456.0,121.84,39,20.0,690.94
3,2025-09-08,23.68,424.84,111.09,11,5,0.287,0,0.0,167.51,35,20.0,389.46
4,2025-09-08,29.92,527.7,126.86,15,5,0.581,0,0.0,44.37,23,20.0,807.15
5,2025-09-08,20.79,378.19,85.81,23,6,0.365,0,0.0,142.69,43,20.0,812.37
6,2025-09-08,27.93,640.17,148.46,18,6,0.461,24,912.0,352.85,46,20.0,478.06
7,2025-09-08,17.27,376.58,107.23,16,7,0.915,18,684.0,347.9,63,20.0,649.32
8,2025-09-08,33.86,761.41,137.27,19,6,0.874,24,912.0,41.7,25,20.0,490.63
9,2025-09-08,23.05,508.91,136.37,11,6,0.849,0,0.0,120.88,29,20.0,640.6
10,2025-09-08,16.45,367.93,62.63,16,3,0.696,12,456.0,119.54,37,20.0,381.11
11,2025-09-08,19.17,435.41,154.8,11,3,0.062,0,0.0,307.45,33,20.0,642.05
12,2025-09-08,13.71,303.13,133.52,15,4,0.321,0,0.0,0.0,0,20.0,667.33
13,2025-09-08,25.85,541.17,97.0,11,6,0.933,0,0.0,204.31,53,20.0,573.23
14,2025-09-08,30.11,625.42,144.3,15,8,0.211,12,456.0,131.52,36,20.0,355.58
15,2025-09-08,18.27,384.5,59.99,12,4,0.367,0,0.0,171.73,41,20.0,805.21
16,2025-09-08,12.17,257.36,119.19,13,6,1.0,0,0.0,57.23,21,20.0,319.94
17,2025-09-08,14.73,309.72,173.13,16,8,0.721,12,456.0,119.54,32,20.0,355.26
18,2025-09-08,35.24,739.85,138.32,20,9,0.181,0,0.0,381.34,41,20.0,859.33
19,2025-09-08,21.06,431.74,249.4,30,8,0.151,0,0.0,251.57,36,20.0,720.92
20,2025-09-08,15.77,261.29,97.8,7,3,0.389,18,684.0,143.78,32,20.0,337.3
21,2025-09-08,24.87,410.92,135.17,14,6,0.274,0,0.0,195.73,44,20.0,910.21
22,2025-09-08,23.13,383.67,133.62,18,3,0.171,0,0.0,115.42,36,20.0,429.64
23,2025-09-08,27.32,454.47,180.57,21,11,0.038,12,456.0,204.22,30,20.0,644.1
24,2025-09-08,24.82,404.86,132.31,20,8,0.438,0,0.0,141.24,30,20.0,648.84
1,2025-09-09,22.68,412.71,71.98,22,4,0.704,0,0.0,47.2,18,21.4,337.55
2,2025-09-09,28.18,512.39,167.07,28,9,0.338,18,684.0,160.65,48,21.4,689.1
3,2025-09-09,20.32,364.66,87.57,20,4,0.52,0,0.0,136.27,28,21.4,387.29
4,2025-09-09,24.55,433.1,115.44,11,5,0.183,24,912.0,64.79,26,21.4,812.82
5,2025-09-09,24.65,448.45,110.01,16,9,0.476,0,0.0,217.34,51,21.4,810.37
6,2025-09-09,19.72,452.16,156.52,16,9,0.427,24,912.0,90.11,28,21.4,477.74
7,2025-09-09,21.06,459.31,136.05,5,4,0.878,0,0.0,44.45,22,21.4,647.54
8,2025-09-09,26.93,605.63,180.09,12,3,0.815,0,0.0,126.61,37,21.4,493.66
9,2025-09-09,23.97,529.47,169.4,14,6,0.366,0,0.0,122.9,27,21.4,634.31
10,2025-09-09,15.06,336.95,81.13,7,6,0.456,40,1520.0,95.43,33,21.4,377.63
11,2025-09-09,25.49,579.08,146.01,17,5,0.904,0,0.0,211.41,27,21.4,635.86
12,2025-09-09,13.82,305.52,92.74,28,3,0.471,0,0.0,265.98,57,21.4,665.81
13,2025-09-09,15.0,314.17,71.06,21,6,0.124,0,0.0,114.83,39,21.4,571.48
14,2025-09-09,27.76,576.81,178.85,15,6,0.841,12,456.0,74.54,30,21.4,357.28
15,2025-09-09,17.61,370.8,65.76,14,4,0.055,0,0.0,90.89,24,21.4,801.85
16,2025-09-09,24.72,522.78,103.21,22,6,0.157,18,684.0,70.81,24,21.4,323.17
17,2025-09-09,37.61,791.04,194.77,17,5,0.778,18,684.0,56.49,26,21.4,358.36
18,2025-09-09,24.1,506.09,87.7,25,7,0.428,0,0.0,0.0,0,21.4,861.21
19,2025-09-09,17.93,367.68,213.25,32,5,0.588,0,0.0,65.82,20,21.4,729.52
20,2025-09-09,23.06,382.19,128.73,11,3,0.568,40,1520.0,52.59,22,21.4,342.27
21,2025-09-09,17.69,292.34,141.61,13,8,0.1,18,684.0,118.07,33,21.4,910.86
22,2025-09-09,25.84,428.59,159.97,13,6,0.589,0,0.0,54.63,24,21.4,428.64
23,2025-09-09,27.34,454.8,174.94,25,10,0.457,0,0.0,241.19,36,21.4,642.99
24,2025-09-09,23.38,381.49,137.61,19,9,0.555,0,0.0,311.3,39,21.4,645.6
1,2025-09-10,21.28,387.25,91.97,9,6,0.354,0,0.0,171.28,33,22.8,335.03
2,2025-09-10,21.55,391.93,125.71,23,12,0.121,0,0.0,61.27,31,22.8,684.42
3,2025-09-10,19.47,349.42,77.55,17,3,0.73,18,684.0,72.31,21,22.8,385.59
4,2025-09-10,24.57,433.5,111.43,17,4,0.721,0,0.0,69.03,27,22.8,813.98
5,2025-09-10,29.17,530.84,79.07,26,5,0.853,12,456.0,140.76,39,22.8,814.36
6,2025-09-10,29.49,676.25,156.54,23,6,0.16,0,0.0,282.67,43,22.8,475.45
7,2025-09-10,17.98,392.28,110.62,17,4,0.571,0,0.0,331.99,54,22.8,650.33
8,2025-09-10,22.11,497.41,157.38,24,6,0.637,0,0.0,75.03,29,22.8,495.52
9,2025-09-10,17.27,381.46,152.9,19,10,0.208,0,0.0,251.34,40,22.8,640.57
10,2025-09-10,22.82,510.76,55.66,16,4,0.88,0,0.0,82.33,31,22.8,378.05
11,2025-09-10,17.04,387.14,141.89,21,4,0.11,0,0.0,214.6,31,22.8,640.84
12,2025-09-10,27.92,617.52,107.29,14,6,0.239,0,0.0,199.98,48,22.8,670.71
13,2025-09-10,21.03,440.39,51.06,20,5,0.654,12,456.0,71.8,27,22.8,577.64
14,2025-09-10,27.01,561.3,220.62,19,7,0.434,18,684.0,0.0,0,22.8,363.01
15,2025-09-10,17.77,374.21,88.41,10,8,0.168,12,456.0,167.14,35,22.8,805.44
16,2025-09-10,23.66,500.52,131.39,13,8,0.984,0,0.0,58.65,26,22.8,325.21
17,2025-09-10,25.27,531.53,208.95,16,5,0.742,0,0.0,66.04,26,22.8,360.82
18,2025-09-10,20.76,435.97,60.05,30,7,0.572,0,0.0,41.34,13,22.8,855.23
19,2025-09-10,41.76,856.3,217.47,29,8,0.197,18,684.0,88.1,21,22.8,721.59
20,2025-09-10,24.75,410.2,107.98,15,3,0.312,12,456.0,218.3,42,22.8,342.87
21,2025-09-10,30.68,507.15,144.91,18,4,0.788,12,456.0,0.0,0,22.8,912.62
22,2025-09-10,19.1,316.81,156.56,12,5,0.207,24,912.0,374.22,58,22.8,436.87
23,2025-09-10,19.39,322.66,186.82,22,5,0.146,24,912.0,66.57,18,22.8,645.94
24,2025-09-10,18.34,299.35,121.99,24,8,0.556,0,0.0,66.08,20,22.8,650.54
1,2025-09-11,16.59,301.95,74.47,13,4,0.522,0,0.0,113.33,28,24.2,331.88
2,2025-09-11,28.31,514.87,142.21,23,6,0.57,0,0.0,240.64,56,24.2,692.91
3,2025-09-11,17.04,305.86,86.58,15,5,0.873,12,456.0,339.01,40,24.2,386.17
4,2025-09-11,18.98,334.96,128.83,9,6,0.294,0,0.0,76.51,26,24.2,810.13
5,2025-09-11,26.44,481.25,98.75,16,8,0.748,40,1520.0,136.29,41,24.2,819.66
6,2025-09-11,22.31,511.69,127.41,22,5,0.775,0,0.0,144.25,31,24.2,478.78
7,2025-09-11,21.48,468.66,104.15,15,6,0.827,18,684.0,0.0,0,24.2,650.81
8,2025-09-11,24.3,546.65,146.14,23,5,0.101,18,684.0,56.88,26,24.2,495.75
9,2025-09-11,17.84,394.0,142.89,19,5,0.848,12,456.0,71.37,23,24.2,637.84
10,2025-09-11,24.72,553.15,64.56,16,5,0.184,18,684.0,218.35,47,24.2,370.35
11,2025-09-11,14.61,332.14,127.46,16,4,0.854,0,0.0,80.73,18,24.2,639.05
12,2025-09-11,23.69,523.86,99.61,19,4,0.655,18,684.0,158.77,45,24.2,666.99
13,2025-09-11,17.18,359.8,63.58,9,5,0.442,0,0.0,124.05,37,24.2,572.2
14,2025-09-11,17.58,365.3,186.08,25,8,0.542,24,912.0,263.13,51,24.2,359.97
15,2025-09-11,18.48,389.15,82.45,11,5,0.543,12,456.0,106.11,27,24.2,812.19
16,2025-09-11,19.93,421.55,130.38,13,5,0.215,0,0.0,185.38,41,24.2,326.5
17,2025-09-11,23.49,494.15,213.48,19,8,0.94,0,0.0,74.59,28,24.2,362.55
18,2025-09-11,22.1,464.17,23.27,21,5,0.407,0,0.0,115.76,21,24.2,859.41
19,2025-09-11,39.68,813.83,203.34,27,7,0.736,0,0.0,0.0,0,24.2,720.72
20,2025-09-11,11.61,192.43,111.5,12,5,0.867,0,0.0,236.75,44,24.2,338.19
21,2025-09-11,19.94,329.64,151.31,16,6,0.094,0,0.0,313.6,49,24.2,911.05
22,2025-09-11,24.59,408.03,145.69,18,8,0.685,18,684.0,48.25,26,24.2,428.88
23,2025-09-11,30.32,504.54,191.89,22,8,0.875,0,0.0,384.7,38,24.2,651.39
24,2025-09-11,24.75,403.91,129.16,13,6,0.788,0,0.0,68.7,19,24.2,650.16
1,2025-09-12,27.11,493.52,49.25,20,5,0.26,12,456.0,162.72,32,25.6,335.02
2,2025-09-12,34.55,628.47,111.87,23,9,0.476,0,0.0,137.06,42,25.6,691.44
3,2025-09-12,23.91,429.32,82.73,15,9,0.714,12,456.0,135.88,28,25.6,384.54
4,2025-09-12,14.95,263.77,117.26,22,4,0.163,0,0.0,142.87,35,25.6,810.54
5,2025-09-12,22.57,410.86,103.53,18,9,0.794,0,0.0,0.0,0,25.6,816.85
6,2025-09-12,22.13,507.52,140.16,18,5,0.118,0,0.0,120.8,30,25.6,475.16
7,2025-09-12,9.88,215.48,115.88,9,5,0.496,12,456.0,44.62,24,25.6,657.6
8,2025-09-12,14.45,325.16,141.09,23,5,0.002,0,0.0,44.79,24,25.6,488.24
9,2025-09-12,19.09,421.7,122.77,18,7,0.608,0,0.0,97.11,27,25.6,642.83
10,2025-09-12,8.64,193.29,64.49,13,6,0.476,0,0.0,355.15,59,25.6,375.07
11,2025-09-12,24.5,556.87,119.28,19,5,0.786,0,0.0,287.73,32,25.6,638.5
12,2025-09-12,39.78,879.87,103.01,11,7,0.051,12,456.0,65.63,28,25.6,670.45
13,2025-09-12,26.17,548.26,79.63,8,4,0.922,24,912.0,190.74,48,25.6,574.82
14,2025-09-12,17.93,372.6,181.17,22,7,0.479,0,0.0,41.38,22,25.6,358.5
15,2025-09-12,19.96,420.36,87.52,18,4,0.137,0,0.0,251.86,39,25.6,805.43
16,2025-09-12,28.19,596.41,141.17,19,4,0.388,24,912.0,71.9,24,25.6,327.47
17,2025-09-12,24.77,521.27,200.74,15,3,0.858,0,0.0,149.47,37,25.6,360.64
18,2025-09-12,30.61,642.94,67.81,16,8,0.018,0,0.0,57.02,15,25.6,860.89
19,2025-09-12,42.52,872.18,181.39,28,14,0.095,0,0.0,142.24,24,25.6,728.2
20,2025-09-12,15.26,252.87,106.34,19,3,0.841,0,0.0,328.82,53,25.6,341.25
21,2025-09-12,15.84,261.96,157.46,12,5,0.66,0,0.0,133.58,36,25.6,914.23
22,2025-09-12,15.03,249.44,174.91,17,6,0.73,0,0.0,45.8,21,25.6,430.82
23,2025-09-12,29.76,495.27,204.66,26,12,0.192,0,0.0,168.15,28,25.6,647.11
24,2025-09-12,23.41,382.17,97.47,23,10,0.952,0,0.0,381.76,45,25.6,654.39
1,2025-09-13,12.45,226.59,21.32,26,5,0.385,0,0.0,62.21,19,27.0,330.63
2,2025-09-13,25.5,463.93,113.69,24,8,0.954,0,0.0,169.5,46,27.0,688.08
3,2025-09-13,21.69,389.41,93.06,17,6,0.437,0,0.0,53.04,18,27.0,384.82
4,2025-09-13,23.45,413.94,88.97,23,4,0.489,0,0.0,250.46,57,27.0,812.17
5,2025-09-13,29.73,541.26,140.94,12,8,0.093,24,912.0,63.03,28,27.0,817.1
6,2025-09-13,32.99,756.55,114.16,18,5,0.233,0,0.0,103.3,29,27.0,478.45
7,2025-09-13,23.39,510.44,137.67,14,3,0.94,0,0.0,253.09,53,27.0,654.32
8,2025-09-13,31.76,714.58,136.39,23,7,0.711,0,0.0,143.14,36,27.0,496.18
9,2025-09-13,24.39,538.98,144.9,16,5,0.892,0,0.0,177.33,32,27.0,645.77
10,2025-09-13,20.67,462.81,82.43,12,5,0.38,0,0.0,325.75,64,27.0,378.24
11,2025-09-13,27.63,628.02,115.38,15,5,0.543,12,456.0,56.94,15,27.0,638.71
12,2025-09-13,17.98,397.67,104.99,22,5,0.934,0,0.0,341.22,63,27.0,670.3
13,2025-09-13,31.14,652.35,79.82,18,6,0.687,0,0.0,231.64,50,27.0,580.42
14,2025-09-13,21.98,456.9,208.3,15,5,0.191,0,0.0,60.8,27,27.0,361.22
15,2025-09-13,13.47,283.8,51.23,22,5,0.59,12,456.0,114.72,30,27.0,802.9
16,2025-09-13,16.37,346.29,139.9,17,8,0.876,18,684.0,92.39,28,27.0,330.41
17,2025-09-13,24.25,510.34,146.14,26,5,0.393,0,0.0,375.78,55,27.0,362.81
18,2025-09-13,40.1,842.29,94.09,14,8,0.296,0,0.0,195.5,29,27.0,859.36
19,2025-09-13,35.33,724.69,148.27,30,11,0.765,0,0.0,133.45,30,27.0,730.18
20,2025-09-13,22.01,364.83,107.57,17,4,0.026,12,456.0,216.66,41,27.0,345.71
21,2025-09-13,22.85,377.8,138.66,25,8,0.304,12,456.0,82.31,24,27.0,917.12
22,2025-09-13,16.29,270.36,146.01,26,7,0.668,0,0.0,367.32,58,27.0,436.05
23,2025-09-13,31.67,527.1,220.51,20,5,0.777,0,0.0,399.19,41,27.0,645.28
24,2025-09-13,29.78,486.17,95.6,17,6,0.003,0,0.0,47.14,18,27.0,652.75
1,2025-09-14,17.7,322.36,20.0,13,4,0.374,0,0.0,285.3,44,28.4,334.4
2,2025-09-14,27.15,493.97,112.02,29,6,0.245,0,0.0,173.01,46,28.4,688.21
3,2025-09-14,20.94,375.99,118.39,10,4,0.555,0,0.0,0.0,0,28.4,395.78
4,2025-09-14,13.61,240.34,109.63,11,5,0.507,0,0.0,205.79,44,28.4,811.53
5,2025-09-14,20.84,379.38,154.52,22,5,0.508,18,684.0,381.67,69,28.4,818.03
6,2025-09-14,25.27,579.65,104.82,18,10,0.325,0,0.0,139.58,29,28.4,474.25
7,2025-09-14,22.92,500.13,113.96,16,7,0.54,40,1520.0,0.0,0,28.4,657.64
8,2025-09-14,31.81,715.86,122.88,12,8,0.11,18,684.0,286.85,59,28.4,494.31
9,2025-09-14,26.67,589.43,123.26,20,6,0.504,0,0.0,100.2,25,28.4,642.3
10,2025-09-14,21.41,479.31,80.84,12,6,0.783,0,0.0,293.57,55,28.4,377.01
11,2025-09-14,20.72,471.04,103.13,19,6,0.176,0,0.0,82.65,17,28.4,638.86
12,2025-09-14,26.92,595.56,82.96,18,5,0.955,0,0.0,73.81,29,28.4,669.25
13,2025-09-14,13.54,283.78,73.99,13,4,0.001,0,0.0,197.24,50,28.4,578.82
14,2025-09-14,37.17,772.78,213.85,21,7,0.268,18,684.0,89.59,29,28.4,360.94
15,2025-09-14,15.43,325.02,93.04,10,5,0.372,12,456.0,161.5,32,28.4,811.27
16,2025-09-14,18.1,383.13,120.73,16,5,0.016,24,912.0,363.79,52,28.4,325.14
17,2025-09-14,26.43,556.21,147.47,18,6,0.507,12,456.0,215.94,45,28.4,367.37
18,2025-09-14,27.4,575.73,140.07,18,6,0.581,0,0.0,186.08,28,28.4,857.91
19,2025-09-14,33.28,682.76,154.65,30,9,0.224,40,1520.0,300.13,35,28.4,725.41
20,2025-09-14,16.91,280.31,118.23,11,5,0.208,12,456.0,44.13,20,28.4,337.47
21,2025-09-14,20.58,340.4,118.1,22,5,0.201,12,456.0,141.17,32,28.4,911.87
22,2025-09-14,26.76,444.14,132.93,20,8,0.881,12,456.0,44.63,23,28.4,433.63
23,2025-09-14,28.3,471.05,258.09,25,5,0.992,40,1520.0,332.37,32,28.4,647.3
24,2025-09-14,18.23,297.56,138.12,22,8,0.015,0,0.0,161.79,32,28.4,648.12
1,2025-09-15,27.53,501.25,54.95,10,4,0.537,0,0.0,67.76,20,29.8,337.59
2,2025-09-15,26.56,483.31,102.69,22,11,0.865,12,456.0,103.0,37,29.8,690.72
3,2025-09-15,16.24,291.63,90.79,21,7,0.622,0,0.0,150.42,30,29.8,394.74
4,2025-09-15,27.11,478.63,64.16,22,6,0.683,0,0.0,76.1,30,29.8,810.25
5,2025-09-15,22.55,410.63,155.35,13,4,0.051,24,912.0,358.53,58,29.8,816.91
6,2025-09-15,24.53,562.86,97.36,21,8,0.266,0,0.0,42.5,19,29.8,477.0
7,2025-09-15,12.66,276.35,82.81,21,5,0.246,12,456.0,266.17,56,29.8,652.36
8,2025-09-15,30.64,689.66,123.22,15,7,0.97,12,456.0,271.49,56,29.8,494.84
9,2025-09-15,24.68,545.42,116.78,15,4,0.354,0,0.0,260.01,41,29.8,640.87
10,2025-09-15,20.65,462.38,91.96,14,4,0.301,0,0.0,81.16,34,29.8,379.27
11,2025-09-15,25.14,571.63,85.56,20,7,0.705,0,0.0,161.74,25,29.8,642.94
12,2025-09-15,16.85,372.85,127.02,9,3,0.32,12,456.0,114.02,41,29.8,675.06
13,2025-09-15,14.68,307.53,75.61,10,9,0.908,0,0.0,226.25,53,29.8,580.32
14,2025-09-15,29.13,605.61,187.65,24,8,0.99,0,0.0,58.74,27,29.8,361.58
15,2025-09-15,23.84,502.26,100.49,16,4,0.657,0,0.0,122.46,30,29.8,806.72
16,2025-09-15,24.03,508.66,121.69,22,4,0.549,0,0.0,115.37,30,29.8,324.3
17,2025-09-15,20.58,433.15,140.39,22,3,0.943,18,684.0,355.97,52,29.8,361.11
18,2025-09-15,20.07,421.8,134.97,21,9,0.529,0,0.0,348.31,36,29.8,858.68
19,2025-09-15,34.58,709.66,141.87,23,9,0.12,0,0.0,100.61,23,29.8,728.86
20,2025-09-15,25.76,427.17,116.59,15,5,0.651,0,0.0,344.52,53,29.8,343.33
21,2025-09-15,15.13,250.33,102.27,24,5,0.734,0,0.0,255.11,43,29.8,914.22
22,2025-09-15,24.19,401.56,137.94,17,5,0.525,0,0.0,52.61,24,29.8,430.45
23,2025-09-15,28.05,467.08,207.3,30,9,0.143,12,456.0,0.0,0,29.8,649.93
24,2025-09-15,30.74,501.9,151.62,22,7,0.175,24,912.0,0.0,0,29.8,653.56
1,2025-09-16,31.61,575.79,86.1,9,8,0.777,0,0.0,117.12,27,31.2,335.17
2,2025-09-16,24.21,440.54,100.83,26,8,0.338,0,0.0,136.07,44,31.2,688.63
3,2025-09-16,23.44,421.08,100.95,14,7,0.473,24,912.0,64.96,21,31.2,389.94
4,2025-09-16,29.17,515.1,74.44,11,5,0.187,0,0.0,139.77,43,31.2,810.53
5,2025-09-16,16.85,306.78,163.3,23,7,0.141,12,456.0,332.15,58,31.2,815.41
6,2025-09-16,23.8,546.12,115.06,20,8,0.807,0,0.0,77.08,25,31.2,476.32
7,2025-09-16,20.48,447.07,85.44,14,4,0.925,24,912.0,348.89,60,31.2,654.29
8,2025-09-16,32.2,724.83,138.78,20,5,0.526,0,0.0,0.0,0,31.2,493.45
9,2025-09-16,20.43,451.65,126.91,19,5,0.154,0,0.0,50.19,18,31.2,641.81
10,2025-09-16,15.94,357.01,112.48,12,5,0.964,0,0.0,188.01,45,31.2,382.76
11,2025-09-16,21.54,489.82,105.29,13,5,0.216,0,0.0,233.08,28,31.2,643.32
12,2025-09-16,28.91,639.89,143.79,14,2,0.281,12,456.0,40.08,23,31.2,670.51
13,2025-09-16,24.39,511.13,105.31,8,5,0.085,24,912.0,119.67,42,31.2,583.31
14,2025-09-16,23.18,482.06,168.21,24,6,0.184,0,0.0,355.23,59,31.2,361.32
15,2025-09-16,32.43,683.26,109.63,16,4,0.888,0,0.0,266.97,43,31.2,810.64
16,2025-09-16,25.47,539.19,137.53,14,5,0.104,0,0.0,123.67,32,31.2,325.17
17,2025-09-16,36.16,761.36,106.64,24,5,0.494,24,912.0,40.28,22,31.2,365.27
18,2025-09-16,17.16,360.55,175.73,14,9,0.51,0,0.0,388.26,39,31.2,858.42
19,2025-09-16,36.45,748.09,114.38,18,6,0.117,0,0.0,112.65,25,31.2,729.67
20,2025-09-16,20.05,332.5,97.69,20,4,0.192,0,0.0,103.44,31,31.2,342.58
21,2025-09-16,32.82,542.86,140.96,20,5,0.647,0,0.0,92.83,28,31.2,919.45
22,2025-09-16,38.56,640.15,150.16,17,7,0.739,0,0.0,0.0,0,31.2,434.04
23,2025-09-16,24.32,404.95,222.29,22,8,0.293,0,0.0,281.99,35,31.2,650.2
24,2025-09-16,23.08,376.95,161.93,23,10,0.997,0,0.0,218.37,33,31.2,651.87
1,2025-09-17,17.49,318.56,101.59,12,7,0.747,18,684.0,200.27,38,32.6,331.61
2,2025-09-17,28.54,519.39,133.68,12,7,0.069,18,684.0,0.0,0,32.6,690.44
3,2025-09-17,17.53,314.95,111.87,14,3,0.496,0,0.0,262.94,36,32.6,388.83
4,2025-09-17,15.77,278.57,62.94,16,5,0.644,0,0.0,47.74,24,32.6,810.44
5,2025-09-17,23.95,436.3,191.94,16,7,0.38,12,456.0,191.93,46,32.6,818.57
6,2025-09-17,23.45,538.09,94.68,23,6,0.784,0,0.0,53.15,22,32.6,481.95
7,2025-09-17,22.41,489.25,109.67,10,5,0.177,12,456.0,162.59,45,32.6,655.51
8,2025-09-17,19.9,447.94,126.13,19,7,0.752,0,0.0,160.14,45,32.6,495.01
9,2025-09-17,27.11,599.28,132.2,16,6,0.517,0,0.0,201.99,36,32.6,640.32
10,2025-09-17,18.89,423.02,123.81,8,3,0.017,0,0.0,68.4,28,32.6,382.28
11,2025-09-17,26.47,601.97,143.01,12,4,0.479,12,456.0,324.56,34,32.6,641.51
12,2025-09-17,21.03,465.39,140.54,22,8,0.231,0,0.0,241.44,48,32.6,664.1
13,2025-09-17,17.79,372.77,92.27,15,6,0.611,12,456.0,0.0,0,32.6,577.26
14,2025-09-17,26.04,541.54,122.49,32,9,0.883,24,912.0,329.54,61,32.6,361.12
15,2025-09-17,13.33,280.95,151.7,13,4,0.915,0,0.0,96.29,26,32.6,809.39
16,2025-09-17,22.19,469.86,113.76,19,5,0.308,0,0.0,73.1,24,32.6,320.93
17,2025-09-17,25.88,544.89,106.61,23,5,0.476,0,0.0,287.74,44,32.6,357.14
18,2025-09-17,22.45,471.84,164.11,18,10,0.952,24,912.0,87.52,20,32.6,866.02
19,2025-09-17,37.94,778.79,110.2,22,8,0.03,12,456.0,61.06,19,32.6,724.72
20,2025-09-17,16.87,279.86,87.29,12,7,0.954,0,0.0,105.73,31,32.6,343.7
21,2025-09-17,33.2,549.18,151.82,17,7,0.065,0,0.0,41.54,21,32.6,914.29
22,2025-09-17,29.48,489.41,146.93,16,5,0.303,0,0.0,67.92,31,32.6,429.17
23,2025-09-17,33.44,556.88,210.82,27,4,0.489,0,0.0,79.37,18,32.6,646.89
24,2025-09-17,28.2,460.5,167.97,19,6,0.884,12,456.0,50.1,17,32.6,654.87
1,2025-09-18,13.53,246.4,119.65,9,3,0.829,0,0.0,184.16,33,34.0,334.35
2,2025-09-18,25.39,462.16,123.94,25,10,0.471,0,0.0,65.42,31,34.0,687.37
3,2025-09-18,26.62,478.29,85.24,21,5,0.668,12,456.0,48.43,17,34.0,384.64
4,2025-09-18,30.08,531.19,83.7,18,5,0.816,40,1520.0,106.41,36,34.0,815.01
5,2025-09-18,16.56,301.59,182.86,22,5,0.171,0,0.0,312.35,58,34.0,822.13
6,2025-09-18,27.36,628.0,113.39,12,7,0.671,24,912.0,50.47,19,34.0,476.87
7,2025-09-18,32.29,705.1,121.97,11,5,0.952,12,456.0,74.21,31,34.0,651.34
8,2025-09-18,19.38,436.3,118.26,22,5,0.224,0,0.0,190.77,44,34.0,496.75
9,2025-09-18,24.33,538.01,158.49,14,3,0.108,0,0.0,165.63,32,34.0,643.4
10,2025-09-18,21.9,490.65,120.11,16,2,0.789,12,456.0,59.86,28,34.0,382.85
11,2025-09-18,29.74,676.53,170.78,15,5,0.163,0,0.0,322.82,32,34.0,643.16
12,2025-09-18,14.35,317.73,132.64,15,6,0.308,0,0.0,167.95,42,34.0,674.78
13,2025-09-18,14.86,311.53,112.77,10,9,0.316,0,0.0,356.36,63,34.0,578.93
14,2025-09-18,35.89,746.51,148.17,19,8,0.827,0,0.0,92.24,32,34.0,363.89
15,2025-09-18,20.28,427.48,135.73,14,3,0.589,12,456.0,162.77,40,34.0,811.82
16,2025-09-18,26.29,556.71,137.47,10,3,0.825,0,0.0,229.22,38,34.0,324.88
17,2025-09-18,30.12,634.17,111.8,19,8,0.725,0,0.0,188.86,41,34.0,368.67
18,2025-09-18,25.09,527.31,182.91,20,10,0.535,0,0.0,326.15,36,34.0,865.43
19,2025-09-18,32.15,659.86,107.04,27,11,0.074,0,0.0,241.5,37,34.0,726.23
20,2025-09-18,19.56,324.51,101.82,10,4,0.012,0,0.0,261.89,50,34.0,345.35
21,2025-09-18,31.8,526.16,143.06,18,4,0.889,0,0.0,181.27,36,34.0,914.63
22,2025-09-18,20.21,335.53,147.75,14,7,0.757,12,456.0,218.23,45,34.0,430.32
23,2025-09-18,38.27,637.49,183.54,30,7,0.986,0,0.0,207.12,28,34.0,652.37
24,2025-09-18,26.22,428.21,196.42,15,7,0.429,18,684.0,140.97,31,34.0,653.39
1,2025-09-19,12.64,230.34,117.82,12,4,0.688,0,0.0,0.0,0,35.4,336.81
2,2025-09-19,32.97,600.19,135.44,15,11,0.062,12,456.0,40.0,24,35.4,694.38
3,2025-09-19,16.63,298.8,104.67,11,2,0.098,0,0.0,295.38,40,35.4,383.1
4,2025-09-19,14.76,260.73,116.69,15,6,0.805,12,456.0,76.66,27,35.4,815.85
5,2025-09-19,30.78,560.84,185.97,19,5,0.569,40,1520.0,107.27,39,35.4,816.67
6,2025-09-19,25.43,583.78,127.1,21,6,0.601,24,912.0,69.06,25,35.4,475.24
7,2025-09-19,23.46,512.21,173.43,14,3,0.162,0,0.0,47.36,25,35.4,651.79
8,2025-09-19,27.75,624.95,140.82,16,6,0.369,0,0.0,91.38,32,35.4,495.12
9,2025-09-19,27.68,611.99,176.32,12,6,0.301,24,912.0,77.69,24,35.4,640.92
10,2025-09-19,16.09,360.54,130.18,13,4,0.999,0,0.0,336.68,66,35.4,380.99
11,2025-09-19,20.25,460.71,170.1,13,5,0.478,0,0.0,133.27,24,35.4,645.17
12,2025-09-19,18.61,411.9,116.74,18,6,0.712,18,684.0,40.47,23,35.4,671.33
13,2025-09-19,12.35,258.95,131.09,17,3,0.886,0,0.0,71.5,31,35.4,580.59
14,2025-09-19,30.99,644.71,133.34,24,9,0.908,0,0.0,281.95,51,35.4,357.1
15,2025-09-19,19.89,419.29,160.96,15,3,0.1,24,912.0,0.0,0,35.4,809.06
16,2025-09-19,21.44,454.05,113.11,23,6,0.355,24,912.0,189.12,38,35.4,329.12
17,2025-09-19,36.98,778.88,130.72,13,9,0.961,0,0.0,55.04,24,35.4,362.04
18,2025-09-19,16.11,338.62,153.49,25,9,0.719,0,0.0,73.26,18,35.4,865.75
19,2025-09-19,20.96,430.37,154.39,18,6,0.411,18,684.0,372.28,39,35.4,731.39
20,2025-09-19,27.8,461.15,91.22,18,6,0.645,0,0.0,245.37,44,35.4,341.69
21,2025-09-19,24.08,398.5,162.22,14,7,0.176,0,0.0,72.41,27,35.4,915.3
22,2025-09-19,23.95,397.76,124.6,26,5,0.508,0,0.0,170.25,46,35.4,434.6
23,2025-09-19,29.53,491.83,187.17,24,9,0.15,0,0.0,202.69,31,35.4,646.82
24,2025-09-19,28.42,464.31,197.11,19,9,0.781,0,0.0,66.0,20,35.4,648.75
1,2025-09-20,17.01,309.94,142.03,14,4,0.581,0,0.0,213.31,37,36.8,334.76
2,2025-09-20,13.39,243.83,111.46,22,9,0.239,0,0.0,82.97,33,36.8,688.93
3,2025-09-20,15.9,285.75,99.8,15,4,0.88,0,0.0,40.59,16,36.8,389.52
4,2025-09-20,18.7,330.43,128.08,12,5,0.339,24,912.0,159.57,42,36.8,818.41
5,2025-09-20,21.92,399.34,136.15,29,7,0.832,0,0.0,163.5,48,36.8,812.42
6,2025-09-20,29.53,677.87,163.91,11,7,0.209,0,0.0,48.42,20,36.8,478.02
7,2025-09-20,13.19,288.03,137.77,19,3,0.526,24,912.0,122.98,33,36.8,654.43
8,2025-09-20,26.49,596.47,132.8,23,4,0.414,0,0.0,137.4,43,36.8,491.65
9,2025-09-20,20.34,449.82,151.53,23,7,0.243,0,0.0,198.7,36,36.8,633.11
10,2025-09-20,12.49,279.91,126.93,15,7,0.322,24,912.0,147.89,40,36.8,380.35
11,2025-09-20,20.35,463.0,154.36,17,3,0.25,12,456.0,301.18,32,36.8,642.83
12,2025-09-20,26.72,591.54,112.98,17,5,0.211,0,0.0,98.75,35,36.8,674.38
13,2025-09-20,20.86,437.31,125.16,18,3,0.883,0,0.0,164.91,47,36.8,580.33
14,2025-09-20,39.33,818.16,153.29,23,6,0.75,0,0.0,64.08,30,36.8,365.83
15,2025-09-20,17.63,371.74,156.65,13,5,0.976,24,912.0,312.04,48,36.8,808.51
16,2025-09-20,27.71,586.9,105.18,16,5,0.323,12,456.0,181.7,37,36.8,332.57
17,2025-09-20,28.94,609.62,153.21,12,3,0.227,12,456.0,149.55,32,36.8,364.29
18,2025-09-20,21.61,454.26,142.85,29,10,0.692,12,456.0,40.25,14,36.8,862.94
19,2025-09-20,26.39,541.84,157.23,25,6,0.04,12,456.0,129.6,24,36.8,723.77
20,2025-09-20,17.63,292.6,90.33,14,4,0.521,0,0.0,107.72,31,36.8,345.22
21,2025-09-20,24.27,401.59,152.37,19,5,0.937,0,0.0,55.58,22,36.8,916.55
22,2025-09-20,21.12,350.81,128.08,22,5,0.173,0,0.0,44.76,24,36.8,432.55
23,2025-09-20,31.3,521.51,180.59,29,8,0.829,0,0.0,134.05,25,36.8,651.19
24,2025-09-20,22.86,373.54,191.18,16,6,0.799,12,456.0,307.83,43,36.8,647.09
1,2025-09-21,12.49,227.57,164.69,9,2,0.438,0,0.0,253.43,40,38.2,336.8
2,2025-09-21,28.68,522.32,124.5,23,7,0.873,0,0.0,202.29,53,38.2,692.85
3,2025-09-21,28.3,508.54,95.2,19,6,0.937,0,0.0,112.8,27,38.2,393.57
4,2025-09-21,25.01,441.84,112.87,19,6,0.639,24,912.0,184.28,44,38.2,809.8
5,2025-09-21,25.97,473.17,158.6,21,6,0.359,0,0.0,143.82,40,38.2,822.55
6,2025-09-21,18.03,413.98,184.09,14,5,0.63,12,456.0,63.14,23,38.2,482.32
7,2025-09-21,15.16,331.04,144.82,9,6,0.434,18,684.0,0.0,0,38.2,654.95
8,2025-09-21,31.03,698.82,172.61,11,3,0.854,18,684.0,0.0,0,38.2,489.99
9,2025-09-21,23.33,515.91,164.13,12,7,0.753,0,0.0,124.13,32,38.2,640.09
10,2025-09-21,26.72,598.73,141.3,13,5,0.419,0,0.0,157.36,45,38.2,378.32
11,2025-09-21,20.0,454.98,156.29,14,5,0.08,18,684.0,234.01,33,38.2,643.55
12,2025-09-21,21.7,480.54,111.51,20,5,0.517,12,456.0,271.47,55,38.2,667.59
13,2025-09-21,17.26,361.98,120.91,9,3,0.665,0,0.0,65.76,27,38.2,578.93
14,2025-09-21,25.71,534.82,142.32,19,8,0.634,12,456.0,93.58,34,38.2,357.04
15,2025-09-21,19.1,402.81,173.5,19,6,0.736,0,0.0,125.23,33,38.2,808.7
16,2025-09-21,17.03,360.7,107.51,18,6,0.561,12,456.0,134.19,31,38.2,327.7
17,2025-09-21,25.41,535.24,147.71,17,5,0.672,0,0.0,250.2,48,38.2,364.6
18,2025-09-21,24.83,522.03,158.54,27,8,0.388,0,0.0,217.55,30,38.2,859.29
19,2025-09-21,31.63,649.6,153.48,26,7,0.963,0,0.0,75.35,22,38.2,722.75
20,2025-09-21,14.93,247.83,82.17,13,6,0.159,0,0.0,53.83,21,38.2,341.66
21,2025-09-21,21.47,355.35,142.38,18,9,0.334,12,456.0,219.05,42,38.2,913.59
22,2025-09-21,22.47,373.21,147.8,13,5,0.372,0,0.0,70.53,30,38.2,435.22
23,2025-09-21,36.4,606.53,130.76,33,10,0.455,0,0.0,143.95,25,38.2,653.4
24,2025-09-21,17.91,292.73,168.92,36,6,0.415,0,0.0,236.12,38,38.2,651.81
1,2025-09-22,15.46,281.72,126.83,26,6,0.224,24,912.0,43.92,16,39.6,332.16
2,2025-09-22,19.43,353.75,141.2,19,8,0.753,0,0.0,288.49,61,39.6,689.68
3,2025-09-22,16.94,304.5,80.92,16,6,0.627,0,0.0,284.14,40,39.6,386.48
4,2025-09-22,19.92,351.93,115.36,13,4,0.806,0,0.0,259.32,54,39.6,816.49
5,2025-09-22,22.05,401.94,134.32,20,8,0.612,0,0.0,173.9,42,39.6,824.42
6,2025-09-22,26.31,604.01,186.57,18,10,0.931,0,0.0,97.91,29,39.6,475.27
7,2025-09-22,21.59,471.63,180.48,15,4,0.029,0,0.0,328.89,56,39.6,656.08
8,2025-09-22,21.78,490.61,178.13,16,5,0.505,12,456.0,186.24,39,39.6,495.43
9,2025-09-22,17.46,386.17,167.55,18,2,0.797,0,0.0,369.04,47,39.6,638.91
10,2025-09-22,17.84,399.77,119.09,17,5,0.329,12,456.0,71.61,27,39.6,381.01
11,2025-09-22,17.01,387.12,158.47,15,5,0.828,18,684.0,187.76,28,39.6,640.69
12,2025-09-22,19.4,429.61,97.11,17,5,0.641,12,456.0,42.87,20,39.6,664.47
13,2025-09-22,24.06,504.64,130.18,11,4,0.578,0,0.0,372.25,70,39.6,574.9
14,2025-09-22,29.45,612.86,169.93,21,8,0.715,24,912.0,79.95,27,39.6,364.12
15,2025-09-22,21.35,450.2,155.45,17,4,0.352,0,0.0,399.29,54,39.6,808.05
16,2025-09-22,30.52,646.47,139.84,14,5,0.947,24,912.0,98.56,27,39.6,324.62
17,2025-09-22,17.85,376.14,139.59,20,3,0.822,0,0.0,44.57,22,39.6,364.8
18,2025-09-22,30.47,640.81,155.12,27,6,0.873,0,0.0,151.39,25,39.6,861.51
19,2025-09-22,20.4,418.86,162.83,20,8,0.841,0,0.0,164.37,28,39.6,726.86
20,2025-09-22,25.52,423.55,60.91,17,4,0.378,0,0.0,318.38,52,39.6,346.4
21,2025-09-22,20.06,332.13,135.01,21,7,0.831,0,0.0,40.84,18,39.6,917.3
22,2025-09-22,37.56,624.05,132.77,18,4,0.886,0,0.0,139.11,42,39.6,431.17
23,2025-09-22,28.68,477.96,182.54,17,10,0.278,12,456.0,46.06,16,39.6,651.14
24,2025-09-22,20.96,342.52,163.41,26,7,0.676,0,0.0,97.6,24,39.6,656.09
1,2025-09-23,17.33,315.97,101.19,20,4,0.912,12,456.0,0.0,0,6.0,324.17
2,2025-09-23,29.21,532.01,133.87,27,6,0.285,12,456.0,175.05,43,6.0,683.46
3,2025-09-23,19.89,357.5,79.65,16,6,0.53,24,912.0,79.46,21,6.0,379.89
4,2025-09-23,15.41,272.29,125.19,11,7,0.802,12,456.0,138.67,42,6.0,802.94
5,2025-09-23,34.86,635.4,129.12,27,8,0.302,0,0.0,357.11,64,6.0,807.55
6,2025-09-23,15.99,367.1,178.07,23,5,0.598,24,912.0,67.51,21,6.0,466.44
7,2025-09-23,29.19,637.69,162.43,14,2,0.388,12,456.0,0.0,0,6.0,643.89
8,2025-09-23,30.91,696.42,130.52,22,5,0.271,0,0.0,0.0,0,6.0,483.11
9,2025-09-23,29.97,662.95,132.41,23,6,0.272,0,0.0,144.33,32,6.0,629.23
10,2025-09-23,21.81,488.83,109.65,20,5,0.891,24,912.0,222.25,49,6.0,372.24
11,2025-09-23,26.88,611.79,140.64,23,3,0.156,0,0.0,158.03,26,6.0,625.42
12,2025-09-23,24.66,546.24,66.01,18,3,0.725,0,0.0,73.08,26,6.0,660.91
13,2025-09-23,26.64,558.82,152.35,17,3,0.447,18,684.0,208.51,54,6.0,569.25
14,2025-09-23,30.98,644.82,165.85,17,6,0.119,24,912.0,142.81,33,6.0,354.91
15,2025-09-23,16.61,350.2,135.11,20,5,0.656,0,0.0,41.57,19,6.0,797.41
16,2025-09-23,24.69,523.14,150.73,16,4,0.138,0,0.0,43.64,21,6.0,316.68
17,2025-09-23,15.87,334.32,147.69,15,6,0.647,0,0.0,134.97,33,6.0,352.86
18,2025-09-23,35.7,750.78,154.03,26,10,0.742,0,0.0,320.89,37,6.0,850.07
19,2025-09-23,32.21,661.61,171.07,14,6,0.032,0,0.0,208.18,33,6.0,715.48
20,2025-09-23,19.82,328.97,59.98,13,4,0.937,18,684.0,148.78,37,6.0,337.17
21,2025-09-23,27.37,453.11,111.81,31,5,0.611,0,0.0,146.27,35,6.0,906.36
22,2025-09-23,27.39,455.02,111.98,21,6,0.005,24,912.0,40.36,21,6.0,423.78
23,2025-09-23,38.61,643.4,188.34,22,10,0.209,0,0.0,51.58,15,6.0,640.25
24,2025-09-23,22.98,375.54,185.2,25,5,0.806,0,0.0,384.91,43,6.0,641.6
1,2025-09-24,12.8,233.3,116.84,13,4,0.567,12,456.0,169.68,31,7.4,325.82
2,2025-09-24,24.11,439.14,136.15,29,6,0.223,0,0.0,41.12,22,7.4,684.51
3,2025-09-24,23.53,422.94,60.55,19,5,0.798,12,456.0,76.38,25,7.4,383.14
4,2025-09-24,23.45,414.47,119.32,16,8,0.211,0,0.0,43.54,24,7.4,805.69
5,2025-09-24,26.21,477.72,94.01,27,6,0.617,0,0.0,197.05,48,7.4,807.65
6,2025-09-24,17.08,392.28,198.75,20,6,0.38,0,0.0,314.99,46,7.4,470.79
7,2025-09-24,13.48,294.56,141.62,20,5,0.118,12,456.0,251.71,47,7.4,648.34
8,2025-09-24,13.17,296.64,130.54,18,3,0.269,40,1520.0,137.24,40,7.4,486.65
9,2025-09-24,16.78,371.23,164.09,18,5,0.8,0,0.0,40.94,18,7.4,627.15
10,2025-09-24,17.33,388.41,111.45,10,4,0.673,0,0.0,388.73,66,7.4,372.14
11,2025-09-24,19.44,442.47,98.91,24,5,0.873,12,456.0,163.4,27,7.4,632.69
12,2025-09-24,24.85,550.42,45.98,16,4,0.431,18,684.0,64.42,29,7.4,655.17
13,2025-09-24,13.91,291.76,159.69,9,4,0.231,0,0.0,58.64,26,7.4,568.63
14,2025-09-24,24.39,507.63,186.15,19,5,0.055,18,684.0,128.53,42,7.4,350.88
15,2025-09-24,28.21,595.02,127.14,22,5,0.706,40,1520.0,58.25,22,7.4,796.97
16,2025-09-24,24.52,519.53,181.52,13,5,0.096,0,0.0,245.8,43,7.4,315.24
17,2025-09-24,24.3,512.06,134.82,17,6,0.858,12,456.0,51.26,22,7.4,352.03
18,2025-09-24,32.22,677.64,200.66,16,11,0.407,18,684.0,136.77,23,7.4,847.95
19,2025-09-24,38.12,782.99,170.72,19,5,0.129,0,0.0,66.9,19,7.4,718.56
20,2025-09-24,16.81,279.08,63.1,12,4,0.638,0,0.0,205.56,47,7.4,333.1
21,2025-09-24,20.11,332.94,110.7,17,8,0.625,24,912.0,287.17,48,7.4,902.04
22,2025-09-24,17.99,298.93,137.54,13,5,0.058,18,684.0,83.45,28,7.4,424.02
23,2025-09-24,42.04,700.74,186.08,25,8,0.469,0,0.0,181.93,29,7.4,634.11
24,2025-09-24,45.12,737.53,191.99,21,9,0.189,12,456.0,59.03,21,7.4,643.82
1,2025-09-25,33.4,609.02,104.97,16,5,0.516,18,684.0,0.0,0,8.8,329.04
2,2025-09-25,21.44,390.55,147.72,20,8,0.766,0,0.0,52.07,28,8.8,688.43
3,2025-09-25,20.51,368.8,59.77,12,9,0.25,0,0.0,41.34,16,8.8,384.09
4,2025-09-25,16.51,291.77,91.56,22,5,0.928,0,0.0,159.1,42,8.8,804.44
5,2025-09-25,21.66,394.85,116.74,18,10,0.225,0,0.0,200.62,52,8.8,808.8
6,2025-09-25,25.17,578.04,155.64,16,9,0.014,12,456.0,84.05,24,8.8,473.52
7,2025-09-25,20.82,454.88,139.1,15,6,0.894,40,1520.0,67.58,30,8.8,642.29
8,2025-09-25,22.2,500.34,126.96,18,6,0.747,12,456.0,183.35,51,8.8,484.75
9,2025-09-25,20.51,453.96,166.44,18,5,0.414,0,0.0,151.59,32,8.8,631.43
10,2025-09-25,22.47,503.85,113.7,18,4,0.819,0,0.0,52.71,29,8.8,377.57
11,2025-09-25,18.78,427.44,95.11,21,5,0.322,0,0.0,146.4,23,8.8,637.78
12,2025-09-25,23.62,523.28,57.29,18,2,0.51,0,0.0,337.12,62,8.8,661.43
13,2025-09-25,18.4,386.02,151.29,16,3,0.447,40,1520.0,92.77,34,8.8,571.04
14,2025-09-25,28.28,588.61,165.75,29,9,0.861,0,0.0,214.79,47,8.8,353.51
15,2025-09-25,23.11,487.42,157.43,11,4,0.269,0,0.0,99.81,25,8.8,797.94
16,2025-09-25,18.64,395.07,153.18,18,5,0.389,0,0.0,114.59,31,8.8,312.32
17,2025-09-25,29.27,616.95,136.18,21,7,0.484,18,684.0,353.3,61,8.8,361.9
18,2025-09-25,32.76,689.2,174.74,21,9,0.764,0,0.0,164.74,25,8.8,850.77
19,2025-09-25,22.63,464.86,197.01,24,7,0.537,24,912.0,144.87,27,8.8,720.96
20,2025-09-25,22.53,374.07,51.15,15,6,0.331,0,0.0,375.58,59,8.8,340.62
21,2025-09-25,30.16,499.46,109.91,15,4,0.554,0,0.0,151.55,35,8.8,908.13
22,2025-09-25,25.99,431.85,135.82,18,3,0.36,0,0.0,282.37,53,8.8,431.31
23,2025-09-25,20.36,339.34,176.1,21,6,0.563,12,456.0,81.07,19,8.8,636.85
24,2025-09-25,29.62,484.25,180.34,24,9,0.81,0,0.0,135.45,28,8.8,642.9
1,2025-09-26,26.25,478.58,98.13,10,3,0.465,0,0.0,281.4,43,10.2,321.82
2,2025-09-26,29.14,530.93,150.57,20,9,0.516,0,0.0,250.09,56,10.2,683.42
3,2025-09-26,22.08,397.0,77.3,14,7,0.723,0,0.0,114.84,28,10.2,380.94
4,2025-09-26,12.16,214.94,63.9,26,5,0.605,12,456.0,43.6,24,10.2,803.74
5,2025-09-26,34.68,632.4,145.15,16,6,0.324,12,456.0,77.46,30,10.2,809.66
6,2025-09-26,30.11,691.69,132.58,25,6,0.551,0,0.0,176.82,36,10.2,472.58
7,2025-09-26,22.73,496.67,106.87,25,2,0.501,0,0.0,266.13,53,10.2,649.73
8,2025-09-26,29.37,661.84,111.58,25,6,0.444,12,456.0,330.14,62,10.2,484.32
9,2025-09-26,36.49,807.52,165.27,19,6,0.621,0,0.0,264.22,39,10.2,632.88
10,2025-09-26,28.24,633.07,105.14,16,7,0.046,18,684.0,78.15,33,10.2,369.84
11,2025-09-26,31.65,720.55,85.44,12,5,0.354,0,0.0,96.29,19,10.2,631.29
12,2025-09-26,28.27,626.37,75.99,10,6,0.676,0,0.0,65.87,25,10.2,662.04
13,2025-09-26,23.58,494.73,111.44,23,5,0.443,18,684.0,371.07,62,10.2,571.89
14,2025-09-26,20.92,435.53,167.53,17,6,0.686,12,456.0,50.68,30,10.2,353.74
15,2025-09-26,26.99,569.38,143.33,21,7,0.291,0,0.0,301.51,48,10.2,797.55
16,2025-09-26,23.9,506.45,151.93,12,4,0.269,0,0.0,81.48,27,10.2,320.39
17,2025-09-26,20.18,425.27,106.79,22,7,0.683,0,0.0,298.88,48,10.2,355.49
18,2025-09-26,30.16,634.59,180.03,23,4,0.03,18,684.0,288.29,36,10.2,854.58
19,2025-09-26,14.71,302.16,226.86,29,10,0.198,40,1520.0,253.66,38,10.2,717.71
20,2025-09-26,14.59,242.22,45.45,13,6,0.818,0,0.0,230.68,44,10.2,336.08
21,2025-09-26,38.83,643.05,112.77,21,6,0.954,24,912.0,315.19,51,10.2,905.49
22,2025-09-26,27.79,461.92,135.65,18,8,0.66,24,912.0,42.22,22,10.2,423.4
23,2025-09-26,25.87,431.22,206.12,25,9,0.916,18,684.0,112.35,20,10.2,638.87
24,2025-09-26,33.02,539.83,193.6,20,13,0.966,0,0.0,61.71,20,10.2,643.99
1,2025-09-27,18.98,346.21,85.72,17,3,0.614,0,0.0,65.54,23,11.6,327.85
2,2025-09-27,38.07,693.8,171.83,18,11,0.496,0,0.0,129.28,38,11.6,683.8
3,2025-09-27,25.43,457.33,98.45,21,4,0.379,18,684.0,50.9,19,11.6,382.23
4,2025-09-27,19.92,352.16,58.22,17,6,0.207,0,0.0,155.6,43,11.6,800.8
5,2025-09-27,30.38,554.07,171.65,16,7,0.108,0,0.0,131.02,42,11.6,808.76
6,2025-09-27,25.97,596.75,114.65,26,6,0.032,0,0.0,139.08,36,11.6,476.77
7,2025-09-27,29.38,642.27,110.76,9,3,0.033,12,456.0,63.79,29,11.6,641.39
8,2025-09-27,23.74,535.15,103.16,18,7,0.236,0,0.0,48.94,26,11.6,487.94
9,2025-09-27,23.71,524.86,158.86,14,5,0.342,24,912.0,374.84,44,11.6,632.43
10,2025-09-27,15.05,337.39,96.22,13,5,0.541,0,0.0,56.77,24,11.6,377.66
11,2025-09-27,31.34,713.61,91.84,15,6,0.136,12,456.0,299.63,34,11.6,632.66
12,2025-09-27,23.61,523.32,81.1,14,7,0.78,12,456.0,327.51,59,11.6,664.41
13,2025-09-27,16.15,338.81,112.51,13,5,0.048,0,0.0,122.84,37,11.6,566.87
14,2025-09-27,20.69,430.71,142.56,26,5,0.692,0,0.0,284.68,53,11.6,355.62
15,2025-09-27,30.73,648.38,138.76,13,5,0.898,0,0.0,307.94,49,11.6,806.91
16,2025-09-27,18.74,397.26,155.48,16,6,0.991,0,0.0,0.0,0,11.6,319.83
17,2025-09-27,25.15,530.19,98.06,16,6,0.669,0,0.0,344.02,55,11.6,353.07
18,2025-09-27,19.09,401.68,175.64,24,6,0.429,12,456.0,193.97,30,11.6,853.1
19,2025-09-27,25.3,519.98,219.06,27,8,0.841,0,0.0,127.95,24,11.6,719.2
20,2025-09-27,15.48,257.12,39.69,15,3,0.04,0,0.0,67.3,26,11.6,338.13
21,2025-09-27,25.98,430.33,135.53,19,10,0.268,0,0.0,176.58,39,11.6,909.7
22,2025-09-27,18.73,311.29,113.01,21,11,0.081,40,1520.0,376.98,59,11.6,426.71
23,2025-09-27,28.9,481.9,169.08,33,10,0.62,18,684.0,86.47,21,11.6,636.83
24,2025-09-27,26.41,431.8,215.65,15,7,0.485,0,0.0,185.34,31,11.6,642.97
1,2025-09-28,23.16,422.49,57.35,18,4,0.912,0,0.0,57.63,18,13.0,332.92
2,2025-09-28,18.49,336.92,131.94,28,5,0.345,40,1520.0,73.23,35,13.0,685.11
3,2025-09-28,17.52,315.16,99.22,15,6,0.277,12,456.0,279.67,41,13.0,378.69
4,2025-09-28,32.12,568.05,58.06,14,4,0.772,24,912.0,172.55,46,13.0,802.14
5,2025-09-28,22.52,410.68,152.72,19,10,0.511,0,0.0,249.65,53,13.0,813.04
6,2025-09-28,23.39,537.35,118.7,24,8,0.316,0,0.0,85.99,26,13.0,471.57
7,2025-09-28,22.99,502.61,130.92,14,4,0.688,12,456.0,85.98,30,13.0,646.23
8,2025-09-28,25.73,579.92,94.96,24,6,0.678,0,0.0,187.22,46,13.0,488.53
9,2025-09-28,28.92,640.25,168.79,13,6,0.129,0,0.0,79.25,24,13.0,636.33
10,2025-09-28,25.84,579.4,120.42,10,5,0.735,18,684.0,145.92,42,13.0,373.89
11,2025-09-28,30.9,703.69,78.6,18,3,0.795,0,0.0,84.61,18,13.0,630.87
12,2025-09-28,23.9,529.75,79.89,19,4,0.134,18,684.0,73.74,31,13.0,663.49
13,2025-09-28,23.87,500.92,137.24,8,5,0.862,0,0.0,86.21,34,13.0,572.59
14,2025-09-28,39.77,828.06,147.58,19,7,0.76,18,684.0,137.61,41,13.0,355.67
15,2025-09-28,16.43,346.68,129.22,23,6,0.826,24,912.0,231.5,38,13.0,801.0
16,2025-09-28,27.3,578.74,142.65,18,5,0.096,0,0.0,125.83,34,13.0,320.54
17,2025-09-28,27.92,588.63,116.09,15,8,0.623,18,684.0,379.29,59,13.0,356.86
18,2025-09-28,22.55,474.51,133.71,32,10,0.342,0,0.0,136.48,25,13.0,860.32
19,2025-09-28,26.59,546.49,210.0,28,9,0.65,0,0.0,88.12,22,13.0,718.02
20,2025-09-28,21.08,350.09,57.25,8,6,0.14,18,684.0,124.82,29,13.0,339.56
21,2025-09-28,20.76,343.97,131.6,16,8,0.314,24,912.0,120.11,33,13.0,905.19
22,2025-09-28,22.5,374.03,135.86,23,5,0.715,0,0.0,95.17,34,13.0,431.3
23,2025-09-28,26.16,436.31,166.84,17,8,0.483,40,1520.0,193.28,32,13.0,642.69
24,2025-09-28,29.45,481.67,214.77,23,5,0.985,18,684.0,60.71,20,13.0,647.8
1,2025-09-29,16.2,295.45,71.43,13,7,0.557,18,684.0,135.28,28,14.4,325.5
2,2025-09-29,21.82,397.64,163.22,20,8,0.427,0,0.0,273.47,60,14.4,685.04
3,2025-09-29,17.6,316.64,115.67,16,9,0.487,0,0.0,311.87,39,14.4,382.71
4,2025-09-29,31.42,555.67,63.44,15,4,0.701,0,0.0,156.27,41,14.4,810.03
5,2025-09-29,19.13,348.93,132.69,20,8,0.288,12,456.0,100.9,32,14.4,813.66
6,2025-09-29,31.86,732.06,132.53,18,5,0.045,0,0.0,184.81,36,14.4,474.16
7,2025-09-29,39.58,865.36,116.37,20,3,0.752,0,0.0,151.46,43,14.4,650.1
8,2025-09-29,33.84,762.82,119.99,18,6,0.539,0,0.0,255.81,52,14.4,484.95
9,2025-09-29,25.1,555.63,160.32,16,2,0.259,18,684.0,48.67,18,14.4,635.37
10,2025-09-29,25.42,570.14,118.71,9,5,0.375,0,0.0,220.76,48,14.4,380.99
11,2025-09-29,17.5,398.65,120.0,9,6,0.703,12,456.0,203.58,26,14.4,636.36
12,2025-09-29,13.91,308.38,57.92,13,12,0.505,18,684.0,89.82,32,14.4,666.39
13,2025-09-29,35.3,740.99,140.59,18,6,0.273,18,684.0,82.18,34,14.4,570.35
14,2025-09-29,24.18,503.65,141.33,22,7,0.768,12,456.0,337.37,57,14.4,358.47
15,2025-09-29,29.34,619.18,114.15,14,5,0.614,0,0.0,290.79,47,14.4,802.34
16,2025-09-29,16.6,352.01,118.41,19,5,0.198,18,684.0,180.89,34,14.4,318.2
17,2025-09-29,27.79,585.91,88.48,23,5,0.454,0,0.0,47.67,23,14.4,364.64
18,2025-09-29,28.27,594.97,135.61,26,7,0.615,0,0.0,83.23,20,14.4,857.29
19,2025-09-29,40.93,841.29,224.72,24,7,0.205,18,684.0,47.45,16,14.4,725.24
20,2025-09-29,20.12,334.17,68.64,10,4,0.336,0,0.0,233.17,46,14.4,340.71
21,2025-09-29,23.78,394.04,108.69,18,13,0.483,24,912.0,122.37,34,14.4,909.15
22,2025-09-29,27.46,456.63,153.43,11,5,0.616,12,456.0,139.32,40,14.4,426.9
23,2025-09-29,30.84,514.43,151.98,31,10,0.688,24,912.0,64.02,17,14.4,641.0
24,2025-09-29,27.12,443.64,194.49,24,7,0.405,0,0.0,330.22,42,14.4,645.21
1,2025-09-30,26.22,478.37,83.44,13,3,0.102,0,0.0,310.52,45,15.8,328.88
2,2025-09-30,18.11,330.17,159.14,27,11,0.284,0,0.0,270.94,56,15.8,684.23
3,2025-09-30,23.71,426.52,133.76,12,3,0.969,18,684.0,148.32,29,15.8,384.14
4,2025-09-30,20.51,362.84,79.72,15,5,0.233,0,0.0,0.0,0,15.8,806.07
5,2025-09-30,19.91,363.28,146.46,26,8,0.024,0,0.0,252.96,53,15.8,812.2
6,2025-09-30,33.08,760.41,126.71,25,10,0.652,0,0.0,0.0,0,15.8,472.4
7,2025-09-30,14.24,311.45,118.49,13,2,0.178,18,684.0,106.81,33,15.8,653.78
8,2025-09-30,26.4,595.3,129.81,11,9,0.958,0,0.0,284.64,57,15.8,487.18
9,2025-09-30,20.92,463.29,150.65,18,6,0.508,0,0.0,313.17,44,15.8,635.14
10,2025-09-30,20.58,461.74,127.57,16,5,0.516,0,0.0,77.89,31,15.8,378.62
11,2025-09-30,21.76,495.61,111.95,15,3,0.391,0,0.0,169.9,23,15.8,642.9
12,2025-09-30,17.05,377.94,61.64,11,8,0.586,0,0.0,110.68,37,15.8,669.93
13,2025-09-30,19.96,419.02,136.71,17,3,0.648,0,0.0,246.86,54,15.8,570.71
14,2025-09-30,34.56,719.8,139.63,18,3,0.357,0,0.0,154.35,39,15.8,356.15
15,2025-09-30,17.43,367.81,123.57,13,7,0.076,0,0.0,130.79,33,15.8,807.33
16,2025-09-30,24.41,517.47,112.98,18,8,0.418,0,0.0,69.36,24,15.8,322.54
17,2025-09-30,22.37,471.74,98.29,14,5,0.926,18,684.0,148.22,35,15.8,361.79
18,2025-09-30,28.02,589.78,163.69,24,10,0.775,24,912.0,109.58,21,15.8,852.64
19,2025-09-30,34.28,704.63,225.89,18,10,0.949,18,684.0,117.01,26,15.8,721.09
20,2025-09-30,23.34,387.73,62.07,10,5,0.068,12,456.0,355.39,55,15.8,340.43
21,2025-09-30,24.33,403.07,104.87,23,6,0.206,0,0.0,396.7,57,15.8,908.6
22,2025-09-30,29.59,492.05,153.93,18,5,0.555,0,0.0,74.91,29,15.8,426.8
23,2025-09-30,38.13,636.04,148.09,31,8,0.903,12,456.0,0.0,0,15.8,644.9
24,2025-09-30,18.66,305.27,214.07,27,7,0.08,0,0.0,90.92,24,15.8,647.16
1,2025-10-01,23.21,423.49,88.98,16,4,0.949,12,456.0,58.56,20,17.2,326.55
2,2025-10-01,36.21,660.08,132.86,34,9,0.96,0,0.0,108.18,39,17.2,689.22
3,2025-10-01,17.94,322.75,136.93,10,7,0.827,0,0.0,298.93,42,17.2,384.7
4,2025-10-01,16.39,289.94,89.86,13,5,0.064,0,0.0,48.3,24,17.2,807.12
5,2025-10-01,23.27,424.51,154.5,19,4,0.666,0,0.0,381.15,74,17.2,815.15
6,2025-10-01,30.82,708.41,130.39,18,6,0.245,0,0.0,45.59,20,17.2,472.04
7,2025-10-01,20.7,452.71,117.0,13,6,0.342,12,456.0,44.84,24,17.2,653.67
8,2025-10-01,32.72,737.93,151.43,17,5,0.834,0,0.0,173.5,43,17.2,489.41
9,2025-10-01,19.57,433.27,110.81,29,6,0.823,0,0.0,167.62,33,17.2,637.49
10,2025-10-01,15.56,349.17,109.42,13,5,0.153,0,0.0,91.35,35,17.2,371.64
11,2025-10-01,24.43,556.52,112.81,13,5,0.433,0,0.0,87.8,20,17.2,639.31
12,2025-10-01,28.27,626.89,89.68,17,4,0.224,0,0.0,64.38,31,17.2,666.99
13,2025-10-01,12.45,261.43,148.8,15,6,0.009,0,0.0,74.6,34,17.2,573.25
14,2025-10-01,27.41,571.06,174.17,19,7,0.551,0,0.0,105.83,32,17.2,351.74
15,2025-10-01,30.35,640.73,91.51,22,4,0.358,0,0.0,176.01,36,17.2,802.84
16,2025-10-01,25.15,533.3,88.17,23,5,0.372,0,0.0,121.8,29,17.2,322.05
17,2025-10-01,20.52,432.82,87.44,16,6,0.264,0,0.0,208.94,44,17.2,361.62
18,2025-10-01,40.82,859.33,165.47,20,6,0.496,0,0.0,40.27,14,17.2,856.81
19,2025-10-01,33.91,697.12,242.23,26,10,0.678,0,0.0,66.66,17,17.2,721.68
20,2025-10-01,13.04,216.73,92.34,11,5,0.024,0,0.0,89.15,32,17.2,339.4
21,2025-10-01,24.88,412.37,108.09,14,8,0.161,12,456.0,74.44,24,17.2,908.82
22,2025-10-01,31.2,518.87,160.75,16,7,0.273,12,456.0,43.25,22,17.2,429.42
23,2025-10-01,18.86,314.65,153.81,18,8,0.578,0,0.0,56.27,16,17.2,642.34
24,2025-10-01,31.54,515.98,186.5,25,7,0.827,0,0.0,63.8,19,17.2,645.9
1,2025-10-02,17.66,322.17,83.58,13,3,0.623,12,456.0,145.52,32,18.6,327.6
2,2025-10-02,22.91,417.74,168.02,20,9,0.949,0,0.0,45.37,25,18.6,681.2
3,2025-10-02,20.18,363.14,145.57,16,6,0.438,12,456.0,198.53,35,18.6,381.9
4,2025-10-02,18.39,325.39,87.59,16,6,0.687,0,0.0,92.14,26,18.6,806.59
5,2025-10-02,20.84,380.24,150.42,24,8,0.115,0,0.0,270.67,59,18.6,815.62
6,2025-10-02,23.5,540.19,152.78,15,5,0.979,12,456.0,113.56,30,18.6,473.89
7,2025-10-02,30.06,657.39,117.05,18,4,0.771,0,0.0,57.14,27,18.6,648.7
8,2025-10-02,21.17,477.35,150.34,17,9,0.472,18,684.0,81.15,35,18.6,489.53
9,2025-10-02,22.19,491.43,86.53,16,6,0.175,40,1520.0,295.78,43,18.6,634.65
10,2025-10-02,15.97,358.38,100.53,16,3,0.711,0,0.0,325.89,59,18.6,380.67
11,2025-10-02,14.22,323.89,110.38,14,5,0.752,0,0.0,377.09,34,18.6,642.02
12,2025-10-02,17.88,396.45,92.94,14,7,0.91,0,0.0,47.68,25,18.6,667.74
13,2025-10-02,28.7,602.58,173.39,15,5,0.223,0,0.0,143.03,43,18.6,575.87
14,2025-10-02,28.27,588.89,168.61,23,7,0.691,0,0.0,266.57,53,18.6,358.16
15,2025-10-02,18.77,396.28,67.35,15,4,0.501,0,0.0,137.63,33,18.6,803.02
16,2025-10-02,29.64,628.59,73.21,16,6,0.547,40,1520.0,397.42,52,18.6,323.27
17,2025-10-02,26.84,566.24,103.5,22,5,0.883,0,0.0,126.04,39,18.6,359.38
18,2025-10-02,35.13,739.63,185.98,17,6,0.292,0,0.0,298.79,34,18.6,856.42
19,2025-10-02,28.89,594.04,258.18,23,9,0.392,0,0.0,261.75,32,18.6,722.93
20,2025-10-02,15.32,254.63,84.52,14,5,0.526,0,0.0,79.42,26,18.6,339.23
21,2025-10-02,24.83,411.55,123.37,17,4,0.241,0,0.0,139.2,30,18.6,909.17
22,2025-10-02,17.46,290.41,167.87,21,6,0.934,40,1520.0,0.0,0,18.6,432.82
23,2025-10-02,36.14,602.89,127.0,24,7,0.769,0,0.0,71.89,20,18.6,650.37
24,2025-10-02,30.27,495.32,172.13,18,5,0.286,0,0.0,47.93,17,18.6,649.46
1,2025-10-03,16.83,307.15,101.73,13,4,0.5,24,912.0,115.69,25,20.0,334.67
2,2025-10-03,30.2,550.77,189.56,25,8,0.92,12,456.0,261.28,57,20.0,688.0
3,2025-10-03,15.15,272.63,99.86,25,5,0.385,18,684.0,53.11,18,20.0,387.21
4,2025-10-03,17.75,314.06,101.67,15,2,0.723,12,456.0,308.14,53,20.0,809.94
5,2025-10-03,32.36,590.47,99.6,27,6,0.092,12,456.0,54.51,25,20.0,817.19
6,2025-10-03,34.01,782.07,174.59,14,7,0.155,0,0.0,351.14,48,20.0,472.18
7,2025-10-03,17.68,386.77,92.98,17,8,0.793,0,0.0,190.23,44,20.0,651.01
8,2025-10-03,15.29,344.97,153.12,16,6,0.906,0,0.0,40.98,23,20.0,494.14
9,2025-10-03,26.22,580.68,86.41,21,7,0.292,12,456.0,57.33,20,20.0,632.31
10,2025-10-03,20.24,454.1,88.08,18,4,0.582,0,0.0,319.03,64,20.0,380.0
11,2025-10-03,23.21,528.96,97.14,16,4,0.133,0,0.0,314.0,31,20.0,638.52
12,2025-10-03,14.63,324.44,88.29,20,7,0.109,0,0.0,114.57,31,20.0,671.12
13,2025-10-03,25.25,530.18,186.42,12,6,0.288,0,0.0,63.51,29,20.0,577.13
14,2025-10-03,20.64,430.06,182.68,22,11,0.767,0,0.0,47.16,26,20.0,355.64
15,2025-10-03,16.8,354.72,36.66,14,5,0.84,0,0.0,320.63,40,20.0,801.17
16,2025-10-03,25.55,541.91,81.62,11,8,0.47,0,0.0,102.89,29,20.0,324.12
17,2025-10-03,18.97,400.11,130.02,10,6,0.129,0,0.0,157.62,40,20.0,365.63
18,2025-10-03,29.44,619.9,198.57,23,6,0.628,18,684.0,358.48,36,20.0,860.43
19,2025-10-03,21.36,439.3,184.81,40,6,0.176,0,0.0,115.92,25,20.0,725.75
20,2025-10-03,14.88,247.28,97.93,12,5,0.145,0,0.0,48.13,23,20.0,337.27
21,2025-10-03,27.23,451.39,121.21,17,3,0.07,0,0.0,101.82,30,20.0,907.67
22,2025-10-03,22.2,369.36,173.35,19,7,0.836,18,684.0,103.77,37,20.0,434.88
23,2025-10-03,34.82,581.06,129.49,34,11,0.732,40,1520.0,209.63,28,20.0,645.58
24,2025-10-03,33.8,553.04,178.06,28,11,0.714,0,0.0,194.96,33,20.0,645.21
1,2025-10-04,22.37,408.34,94.45,15,5,0.503,24,912.0,113.44,28,21.4,331.16
2,2025-10-04,34.64,631.81,192.05,24,5,0.166,24,912.0,228.93,55,21.4,693.68
3,2025-10-04,13.42,241.62,91.14,19,5,0.263,0,0.0,125.89,29,21.4,384.31
4,2025-10-04,16.41,290.46,106.62,14,5,0.844,40,1520.0,251.34,49,21.4,814.32
5,2025-10-04,22.25,406.14,99.73,22,5,0.161,0,0.0,199.08,51,21.4,815.3
6,2025-10-04,27.28,627.38,174.95,16,5,0.669,24,912.0,46.31,18,21.4,481.83
7,2025-10-04,19.68,430.59,93.94,9,5,0.308,0,0.0,98.76,35,21.4,650.47
8,2025-10-04,20.07,452.68,135.07,20,7,0.987,18,684.0,201.5,48,21.4,489.6
9,2025-10-04,38.35,849.66,102.44,14,6,0.97,18,684.0,229.73,35,21.4,633.82
10,2025-10-04,20.1,451.01,110.23,15,5,0.086,0,0.0,96.5,37,21.4,380.15
11,2025-10-04,18.09,412.32,111.44,14,6,0.373,0,0.0,151.66,24,21.4,641.36
12,2025-10-04,20.0,443.56,87.08,16,5,0.359,0,0.0,125.8,38,21.4,670.14
13,2025-10-04,20.65,433.63,156.36,15,4,0.844,0,0.0,140.19,44,21.4,575.54
14,2025-10-04,28.21,587.92,185.11,17,7,0.76,0,0.0,304.44,55,21.4,360.44
15,2025-10-04,34.41,726.62,35.84,15,4,0.677,0,0.0,272.78,45,21.4,806.07
16,2025-10-04,32.35,686.35,72.92,21,3,0.601,0,0.0,117.61,30,21.4,322.52
17,2025-10-04,23.0,485.21,126.95,16,4,0.113,40,1520.0,86.15,29,21.4,364.2
18,2025-10-04,26.39,555.69,217.08,23,8,0.118,0,0.0,382.52,39,21.4,860.41
19,2025-10-04,31.2,641.62,176.7,32,6,0.295,0,0.0,93.98,23,21.4,726.85
20,2025-10-04,14.11,234.57,112.38,13,3,0.343,18,684.0,0.0,0,21.4,336.79
21,2025-10-04,19.85,329.03,114.17,24,6,0.799,40,1520.0,70.58,26,21.4,914.56
22,2025-10-04,20.2,336.1,148.83,21,4,0.756,0,0.0,223.41,51,21.4,434.53
23,2025-10-04,22.04,367.8,133.74,18,7,0.791,12,456.0,211.47,30,21.4,646.8
24,2025-10-04,32.25,527.85,169.9,18,9,0.764,0,0.0,69.54,20,21.4,648.1
1,2025-10-05,16.93,308.96,88.33,13,3,0.627,0,0.0,174.93,31,22.8,335.72
2,2025-10-05,21.65,394.97,214.88,19,5,0.536,0,0.0,350.83,60,22.8,689.73
3,2025-10-05,19.35,348.29,99.73,14,9,0.051,12,456.0,143.4,30,22.8,391.5
4,2025-10-05,19.42,343.75,116.29,15,5,0.33,0,0.0,113.14,36,22.8,812.47
5,2025-10-05,27.49,501.8,99.79,17,6,0.584,0,0.0,292.77,57,22.8,817.82
6,2025-10-05,14.66,337.18,134.09,27,6,0.232,0,0.0,128.15,30,22.8,473.92
7,2025-10-05,24.25,530.47,90.59,21,6,0.038,0,0.0,53.2,24,22.8,654.03
8,2025-10-05,26.54,598.88,107.87,22,6,0.324,0,0.0,0.0,0,22.8,490.29
9,2025-10-05,24.76,548.48,107.63,17,10,0.333,0,0.0,381.39,48,22.8,640.14
10,2025-10-05,23.96,537.71,108.08,16,3,0.117,0,0.0,46.09,27,22.8,381.51
11,2025-10-05,21.01,478.87,98.72,17,4,0.578,12,456.0,201.98,27,22.8,635.91
12,2025-10-05,21.42,475.17,90.61,15,5,0.439,0,0.0,329.69,60,22.8,668.62
13,2025-10-05,22.34,469.3,150.04,13,6,0.72,12,456.0,97.58,35,22.8,576.52
14,2025-10-05,28.47,593.29,184.81,22,5,0.761,18,684.0,169.89,46,22.8,360.33
15,2025-10-05,24.22,511.6,35.94,16,3,0.572,0,0.0,60.24,23,22.8,808.55
16,2025-10-05,21.24,450.69,75.89,14,4,0.544,12,456.0,337.6,48,22.8,322.94
17,2025-10-05,30.79,649.61,122.7,18,4,0.106,0,0.0,116.18,33,22.8,360.97
18,2025-10-05,18.51,389.83,249.43,20,10,0.634,0,0.0,54.9,16,22.8,859.28
19,2025-10-05,33.59,690.99,152.76,28,8,0.672,12,456.0,155.97,30,22.8,724.74
20,2025-10-05,19.21,319.33,116.08,16,6,0.596,40,1520.0,98.31,30,22.8,338.78
21,2025-10-05,22.38,370.99,123.74,16,5,0.924,0,0.0,91.34,28,22.8,907.85
22,2025-10-05,27.05,450.03,131.91,24,8,0.949,12,456.0,285.72,54,22.8,432.48
23,2025-10-05,29.93,499.5,152.59,18,10,0.058,24,912.0,40.36,15,22.8,647.3
24,2025-10-05,26.41,432.29,170.88,24,5,0.698,0,0.0,234.31,37,22.8,654.11
1,2025-10-06,15.47,282.38,93.22,14,5,0.555,0,0.0,158.75,34,24.2,331.71
2,2025-10-06,27.53,502.24,192.8,32,8,0.23,0,0.0,129.49,43,24.2,686.19
3,2025-10-06,30.29,545.32,104.37,20,5,0.592,0,0.0,52.01,19,24.2,384.72
4,2025-10-06,18.23,322.71,99.26,18,6,0.106,0,0.0,303.92,53,24.2,811.65
5,2025-10-06,33.2,606.09,105.34,15,3,0.112,0,0.0,188.6,49,24.2,821.11
6,2025-10-06,16.81,386.67,162.81,22,9,0.432,0,0.0,212.53,39,24.2,475.68
7,2025-10-06,22.66,495.76,95.09,15,7,0.923,0,0.0,216.69,47,24.2,652.93
8,2025-10-06,21.11,476.25,81.98,20,6,0.631,12,456.0,341.31,55,24.2,488.86
9,2025-10-06,28.29,626.79,104.24,13,6,0.931,0,0.0,221.17,38,24.2,636.31
10,2025-10-06,25.37,569.48,114.67,12,5,0.469,0,0.0,182.54,45,24.2,380.72
11,2025-10-06,22.66,516.51,88.74,18,8,0.45,0,0.0,238.92,32,24.2,638.96
12,2025-10-06,28.71,636.89,102.46,11,6,0.401,12,456.0,184.32,44,24.2,670.21
13,2025-10-06,17.55,368.66,113.84,23,4,0.832,12,456.0,368.77,65,24.2,577.43
14,2025-10-06,28.37,591.43,193.08,23,7,0.344,0,0.0,199.91,45,24.2,360.82
15,2025-10-06,25.45,537.5,52.26,13,4,0.134,0,0.0,285.27,45,24.2,807.41
16,2025-10-06,17.35,368.07,100.14,13,5,0.115,12,456.0,40.95,20,24.2,322.85
17,2025-10-06,14.45,305.03,115.48,13,4,0.04,12,456.0,148.15,39,24.2,361.67
18,2025-10-06,28.35,597.15,219.41,27,7,0.952,0,0.0,93.69,21,24.2,859.69
19,2025-10-06,49.23,1012.79,146.73,29,9,0.417,12,456.0,364.76,41,24.2,728.47
20,2025-10-06,16.59,275.86,113.35,14,3,0.404,24,912.0,196.14,40,24.2,341.19
21,2025-10-06,23.79,394.45,153.84,14,6,0.774,0,0.0,386.0,51,24.2,910.63
22,2025-10-06,22.96,382.02,129.29,17,3,0.707,0,0.0,45.65,21,24.2,427.64
23,2025-10-06,37.16,620.3,171.79,27,8,0.83,24,912.0,44.83,15,24.2,651.42
24,2025-10-06,38.26,626.32,163.96,21,5,0.601,0,0.0,196.27,35,24.2,643.34
1,2025-10-07,18.35,335.08,75.08,19,2,0.261,12,456.0,114.95,28,25.6,335.34
2,2025-10-07,25.2,459.81,188.33,24,9,0.532,12,456.0,313.95,67,25.6,687.51
3,2025-10-07,27.48,494.83,73.61,21,7,0.962,12,456.0,79.96,22,25.6,384.45
4,2025-10-07,18.67,330.51,111.61,17,4,0.616,12,456.0,158.41,45,25.6,808.57
5,2025-10-07,26.43,482.63,129.17,21,6,0.989,0,0.0,227.9,52,25.6,814.26
6,2025-10-07,20.97,482.43,137.52,23,5,0.555,0,0.0,49.8,23,25.6,482.72
7,2025-10-07,13.39,293.03,71.83,13,6,0.71,0,0.0,64.65,26,25.6,654.19
8,2025-10-07,24.72,557.86,91.67,16,6,0.167,12,456.0,44.88,22,25.6,490.75
9,2025-10-07,18.2,403.35,103.29,13,3,0.399,0,0.0,346.76,44,25.6,638.85
10,2025-10-07,20.17,452.95,116.35,14,3,0.852,40,1520.0,159.44,47,25.6,382.88
11,2025-10-07,20.95,477.7,85.49,15,7,0.687,0,0.0,176.69,27,25.6,641.65
12,2025-10-07,21.6,479.16,102.79,8,6,0.729,0,0.0,290.0,54,25.6,670.33
13,2025-10-07,23.9,502.22,105.98,14,5,0.553,24,912.0,44.42,26,25.6,577.54
14,2025-10-07,21.1,439.85,194.06,18,9,0.753,0,0.0,57.77,27,25.6,364.22
15,2025-10-07,21.93,463.26,65.69,12,5,0.204,12,456.0,51.83,20,25.6,809.02
16,2025-10-07,27.68,587.42,82.34,16,7,0.068,0,0.0,43.61,21,25.6,327.43
17,2025-10-07,18.95,399.87,134.15,15,6,0.248,12,456.0,322.25,50,25.6,357.97
18,2025-10-07,31.02,653.51,232.17,28,11,0.417,12,456.0,58.24,17,25.6,859.58
19,2025-10-07,36.51,751.21,116.11,19,10,0.952,12,456.0,78.67,22,25.6,730.29
20,2025-10-07,16.43,273.12,94.16,13,4,0.996,0,0.0,296.18,51,25.6,340.05
21,2025-10-07,31.33,519.59,133.81,17,7,0.018,18,684.0,79.44,27,25.6,908.87
22,2025-10-07,26.07,433.96,113.86,21,3,0.152,24,912.0,340.49,60,25.6,431.15
23,2025-10-07,23.34,389.6,194.34,24,8,0.457,0,0.0,344.95,34,25.6,647.59
24,2025-10-07,26.28,430.25,145.97,28,5,0.115,0,0.0,98.0,27,25.6,649.74
1,2025-10-08,18.78,342.99,67.23,20,5,0.654,0,0.0,103.49,25,27.0,339.56
2,2025-10-08,20.16,367.88,184.91,22,8,0.053,40,1520.0,79.05,36,27.0,685.51
3,2025-10-08,19.61,353.23,91.71,11,4,0.678,0,0.0,145.56,28,27.0,390.94
4,2025-10-08,19.14,338.79,123.83,15,7,0.868,0,0.0,93.77,34,27.0,820.35
5,2025-10-08,19.77,360.92,122.76,20,5,0.657,18,684.0,139.15,40,27.0,815.62
6,2025-10-08,34.7,798.35,132.72,19,6,0.836,18,684.0,139.73,33,27.0,478.73
7,2025-10-08,29.24,640.02,79.49,15,5,0.033,0,0.0,186.36,45,27.0,652.89
8,2025-10-08,26.45,596.89,61.11,22,7,0.79,0,0.0,281.63,57,27.0,492.31
9,2025-10-08,24.54,543.99,114.54,17,9,0.231,0,0.0,159.11,32,27.0,634.39
10,2025-10-08,22.89,513.87,128.55,11,5,0.7,0,0.0,225.25,48,27.0,375.75
11,2025-10-08,23.25,530.1,78.53,14,4,0.233,24,912.0,85.58,20,27.0,644.6
12,2025-10-08,17.65,391.72,75.92,23,5,0.39,0,0.0,155.77,41,27.0,669.63
13,2025-10-08,18.27,383.81,101.28,16,5,0.289,24,912.0,159.49,45,27.0,583.68
14,2025-10-08,29.55,616.19,162.61,28,7,0.415,0,0.0,186.13,45,27.0,365.78
15,2025-10-08,23.76,501.95,80.16,13,7,0.165,0,0.0,94.73,28,27.0,805.78
16,2025-10-08,21.59,458.26,101.65,13,6,0.196,0,0.0,367.1,54,27.0,325.18
17,2025-10-08,25.11,530.14,139.23,17,8,0.177,0,0.0,74.49,27,27.0,358.98
18,2025-10-08,25.65,540.36,260.15,28,9,0.402,24,912.0,335.48,32,27.0,863.78
19,2025-10-08,31.42,646.58,96.46,22,10,0.177,24,912.0,65.52,20,27.0,723.04
20,2025-10-08,22.64,376.44,86.59,18,5,0.044,0,0.0,277.55,45,27.0,343.29
21,2025-10-08,22.62,375.23,159.64,21,7,0.388,0,0.0,309.74,51,27.0,915.29
22,2025-10-08,35.23,586.48,114.46,16,5,0.305,0,0.0,373.9,58,27.0,434.22
23,2025-10-08,22.17,370.1,205.88,16,5,0.024,12,456.0,241.82,31,27.0,649.18
24,2025-10-08,30.1,492.81,178.66,19,6,0.771,0,0.0,177.25,30,27.0,648.47
1,2025-10-09,22.53,411.54,81.65,10,6,0.692,12,456.0,95.97,25,28.4,331.29
2,2025-10-09,34.49,629.44,169.75,30,10,0.114,0,0.0,62.91,28,28.4,696.09
3,2025-10-09,25.41,457.59,117.45,16,7,0.885,40,1520.0,49.65,19,28.4,388.87
4,2025-10-09,23.57,417.33,131.8,15,5,0.066,12,456.0,44.12,25,28.4,810.52
5,2025-10-09,20.66,377.35,142.01,17,7,0.287,0,0.0,128.11,42,28.4,821.79
6,2025-10-09,26.31,605.32,150.06,20,4,0.416,24,912.0,298.33,41,28.4,479.96
7,2025-10-09,21.66,474.19,75.47,14,5,0.544,0,0.0,354.55,57,28.4,651.82
8,2025-10-09,28.26,637.78,48.12,16,9,0.006,0,0.0,173.19,38,28.4,491.02
9,2025-10-09,18.72,414.87,114.15,9,4,0.091,12,456.0,170.8,34,28.4,637.74
10,2025-10-09,18.94,425.43,139.01,10,4,0.808,24,912.0,183.49,47,28.4,383.15
11,2025-10-09,25.64,584.78,75.8,16,7,0.435,0,0.0,42.63,13,28.4,640.75
12,2025-10-09,15.33,340.15,50.94,17,4,0.333,0,0.0,364.38,63,28.4,665.98
13,2025-10-09,34.39,722.81,71.82,25,8,0.793,0,0.0,340.63,64,28.4,583.34
14,2025-10-09,27.39,571.21,166.62,22,8,0.381,0,0.0,122.5,41,28.4,358.82
15,2025-10-09,18.06,381.54,85.24,11,7,0.29,0,0.0,192.02,37,28.4,811.02
16,2025-10-09,17.91,380.09,113.97,12,3,0.652,12,456.0,0.0,0,28.4,322.9
17,2025-10-09,19.73,416.6,123.61,24,5,0.805,0,0.0,90.43,29,28.4,361.21
18,2025-10-09,32.95,694.41,235.89,28,11,0.362,0,0.0,49.98,15,28.4,864.71
19,2025-10-09,36.73,755.81,62.96,30,8,0.491,12,456.0,50.73,16,28.4,719.81
20,2025-10-09,18.41,306.1,98.8,11,3,0.858,24,912.0,0.0,0,28.4,347.35
21,2025-10-09,20.9,346.75,147.39,15,6,0.542,0,0.0,101.9,30,28.4,912.72
22,2025-10-09,24.54,408.48,86.18,22,5,0.044,0,0.0,201.32,41,28.4,432.81
23,2025-10-09,30.73,513.16,198.43,21,9,0.957,0,0.0,88.41,22,28.4,649.91
24,2025-10-09,29.29,479.63,208.76,19,5,0.016,0,0.0,193.06,32,28.4,650.27
1,2025-10-10,24.79,452.81,67.77,14,5,0.06,24,912.0,288.31,40,29.8,337.12
2,2025-10-10,27.77,506.86,161.36,32,8,0.071,12,456.0,94.92,37,29.8,688.81
3,2025-10-10,28.69,516.8,134.3,9,8,0.629,12,456.0,112.09,28,29.8,388.42
4,2025-10-10,22.59,400.08,116.72,19,5,0.85,0,0.0,218.82,52,29.8,809.9
5,2025-10-10,28.79,525.87,157.44,15,11,0.368,24,912.0,333.81,61,29.8,817.89
6,2025-10-10,30.02,690.84,142.37,19,9,0.409,0,0.0,54.69,21,29.8,481.76
7,2025-10-10,19.27,421.92,65.06,8,6,0.157,0,0.0,161.42,41,29.8,654.03
8,2025-10-10,21.78,491.73,59.33,18,4,0.694,24,912.0,351.27,60,29.8,488.89
9,2025-10-10,21.39,474.3,111.41,18,1,0.328,12,456.0,69.37,23,29.8,646.92
10,2025-10-10,20.35,457.03,151.19,12,6,0.344,18,684.0,40.13,22,29.8,377.79
11,2025-10-10,21.56,491.73,85.03,15,6,0.886,18,684.0,260.12,29,29.8,642.18
12,2025-10-10,11.58,257.1,51.26,18,5,0.269,12,456.0,241.24,50,29.8,672.44
13,2025-10-10,21.04,442.32,72.15,11,2,0.9,0,0.0,278.48,50,29.8,576.95
14,2025-10-10,24.72,515.61,131.4,26,8,0.618,0,0.0,57.37,28,29.8,355.05
15,2025-10-10,15.85,334.94,120.23,10,5,0.168,12,456.0,50.63,22,29.8,804.94
16,2025-10-10,21.83,463.49,94.03,16,5,0.475,24,912.0,372.82,54,29.8,326.31
17,2025-10-10,20.47,432.2,111.73,24,5,0.83,0,0.0,82.96,30,29.8,362.9
18,2025-10-10,33.64,709.08,211.93,27,6,0.98,0,0.0,114.4,23,29.8,868.09
19,2025-10-10,24.47,503.55,96.6,21,7,0.332,0,0.0,40.33,15,29.8,724.55
20,2025-10-10,18.69,310.79,113.77,16,5,0.785,0,0.0,51.22,23,29.8,343.48
21,2025-10-10,23.16,384.17,147.34,21,5,0.213,0,0.0,263.4,45,29.8,913.11
22,2025-10-10,27.06,450.51,97.72,17,4,0.185,18,684.0,199.35,47,29.8,432.7
23,2025-10-10,28.71,479.44,218.14,27,8,0.411,18,684.0,183.09,27,29.8,650.4
24,2025-10-10,37.98,622.11,238.88,27,4,0.372,18,684.0,178.32,28,29.8,657.05
1,2025-10-11,27.1,494.99,54.0,13,5,0.5,12,456.0,88.78,24,31.2,336.35
2,2025-10-11,24.09,439.74,180.54,26,5,0.467,0,0.0,78.3,32,31.2,697.6
3,2025-10-11,14.56,262.36,139.23,15,9,0.602,0,0.0,124.48,29,31.2,384.08
4,2025-10-11,21.29,377.07,108.22,15,8,0.753,24,912.0,51.99,24,31.2,814.2
5,2025-10-11,27.49,502.09,156.65,21,9,0.497,0,0.0,124.44,41,31.2,819.87
6,2025-10-11,27.31,628.53,131.72,20,6,0.266,0,0.0,69.47,23,31.2,481.99
7,2025-10-11,21.17,463.47,73.16,10,5,0.61,18,684.0,148.48,38,31.2,656.62
8,2025-10-11,29.32,661.98,79.74,15,5,0.368,0,0.0,129.77,34,31.2,495.73
9,2025-10-11,22.32,494.82,99.92,21,8,0.523,24,912.0,93.81,29,31.2,641.68
10,2025-10-11,17.76,398.86,149.33,20,5,0.662,40,1520.0,294.54,58,31.2,377.55
11,2025-10-11,17.58,400.98,110.3,11,6,0.438,0,0.0,128.44,21,31.2,644.08
12,2025-10-11,34.95,775.93,53.82,16,9,0.693,0,0.0,318.12,59,31.2,670.74
13,2025-10-11,23.21,487.97,66.06,9,4,0.977,0,0.0,76.18,33,31.2,581.88
14,2025-10-11,31.96,666.65,136.78,18,8,0.524,18,684.0,193.92,46,31.2,363.43
15,2025-10-11,17.97,379.81,129.36,14,5,0.689,0,0.0,325.98,51,31.2,806.56
16,2025-10-11,18.23,387.16,104.3,16,7,0.755,0,0.0,71.69,24,31.2,325.94
17,2025-10-11,20.78,438.73,136.42,10,4,0.774,0,0.0,106.3,30,31.2,369.41
18,2025-10-11,31.17,656.97,189.75,30,7,0.818,18,684.0,253.91,31,31.2,863.58
19,2025-10-11,28.88,594.59,125.78,19,6,0.262,0,0.0,394.44,39,31.2,728.11
20,2025-10-11,24.05,400.08,92.61,12,3,0.717,0,0.0,264.95,42,31.2,340.42
21,2025-10-11,27.33,453.4,179.44,17,6,0.68,24,912.0,103.09,29,31.2,913.83
22,2025-10-11,21.84,363.71,132.31,15,6,0.757,24,912.0,157.72,37,31.2,433.45
23,2025-10-11,21.13,353.0,207.18,25,11,0.93,0,0.0,114.19,24,31.2,647.66
24,2025-10-11,22.15,362.83,227.5,21,11,0.927,0,0.0,258.75,37,31.2,653.53
1,2025-10-12,13.02,237.93,71.11,9,3,0.53,0,0.0,344.2,49,32.6,333.22
2,2025-10-12,34.92,637.54,157.85,22,8,0.81,0,0.0,190.13,47,32.6,690.54
3,2025-10-12,21.92,395.01,134.9,19,4,0.391,0,0.0,87.43,25,32.6,388.04
4,2025-10-12,21.29,377.09,101.41,17,7,0.379,0,0.0,66.91,27,32.6,814.58
5,2025-10-12,20.12,367.6,179.4,19,8,0.647,18,684.0,232.17,60,32.6,824.61
6,2025-10-12,27.47,632.21,167.44,15,5,0.826,0,0.0,106.25,29,32.6,478.92
7,2025-10-12,23.37,511.74,50.91,18,5,0.89,0,0.0,48.04,20,32.6,652.63
8,2025-10-12,21.7,490.06,92.33,11,6,0.161,0,0.0,288.13,55,32.6,497.91
9,2025-10-12,13.35,296.07,76.04,19,6,0.778,18,684.0,204.07,34,32.6,636.71
10,2025-10-12,16.22,364.4,144.11,14,6,0.458,0,0.0,0.0,0,32.6,377.44
11,2025-10-12,20.64,470.81,87.6,17,2,0.155,0,0.0,82.77,19,32.6,641.92
12,2025-10-12,20.96,465.35,59.02,15,7,0.487,18,684.0,148.4,39,32.6,673.39
13,2025-10-12,38.75,814.67,82.87,10,3,0.386,0,0.0,148.03,45,32.6,577.51
14,2025-10-12,27.75,578.8,138.94,22,8,0.305,24,912.0,148.01,41,32.6,360.97
15,2025-10-12,15.72,332.3,131.4,17,4,0.166,40,1520.0,40.34,18,32.6,811.22
16,2025-10-12,15.67,332.74,94.06,17,3,0.729,0,0.0,318.43,44,32.6,329.53
17,2025-10-12,33.1,698.99,159.89,17,6,0.483,0,0.0,75.08,30,32.6,367.84
18,2025-10-12,34.2,720.95,189.21,27,8,0.058,0,0.0,234.49,32,32.6,864.77
19,2025-10-12,37.13,764.38,116.47,21,7,0.902,18,684.0,180.15,31,32.6,728.04
20,2025-10-12,14.37,239.01,95.45,18,7,0.397,12,456.0,41.58,18,32.6,345.46
21,2025-10-12,20.19,335.07,194.78,26,3,0.989,40,1520.0,287.46,50,32.6,913.58
22,2025-10-12,26.17,435.74,150.25,16,4,0.172,0,0.0,86.94,32,32.6,435.85
23,2025-10-12,24.98,417.24,193.29,29,8,0.807,40,1520.0,46.69,13,32.6,652.4
24,2025-10-12,23.06,377.75,224.04,21,10,0.138,0,0.0,62.0,22,32.6,652.97
1,2025-10-13,19.17,350.21,67.3,17,5,0.138,0,0.0,57.42,21,34.0,339.39
2,2025-10-13,34.85,636.21,160.45,25,7,0.752,0,0.0,102.93,39,34.0,695.95
3,2025-10-13,11.19,201.56,144.53,18,6,0.312,0,0.0,235.48,37,34.0,390.86
4,2025-10-13,24.42,432.56,106.27,13,6,0.665,18,684.0,86.92,29,34.0,812.4
5,2025-10-13,17.56,320.93,182.46,23,9,0.462,0,0.0,0.0,0,34.0,818.64
6,2025-10-13,25.99,598.3,134.81,29,5,0.835,12,456.0,370.08,52,34.0,478.59
7,2025-10-13,12.24,268.0,54.55,13,5,0.138,0,0.0,45.17,24,34.0,655.16
8,2025-10-13,22.69,512.32,113.11,15,4,0.38,0,0.0,104.73,32,34.0,493.12
9,2025-10-13,24.83,550.65,72.03,9,8,0.705,12,456.0,346.59,46,34.0,633.61
10,2025-10-13,19.4,435.95,131.83,15,5,0.736,0,0.0,84.78,34,34.0,380.46
11,2025-10-13,20.53,468.4,87.69,15,4,0.022,0,0.0,85.36,19,34.0,641.36
12,2025-10-13,23.5,521.84,105.43,14,6,0.124,0,0.0,0.0,0,34.0,669.32
13,2025-10-13,19.21,403.94,88.98,13,5,0.948,12,456.0,395.4,67,34.0,576.97
14,2025-10-13,35.64,743.45,129.08,24,10,0.815,0,0.0,322.78,57,34.0,360.34
15,2025-10-13,12.78,270.28,142.07,14,3,0.86,0,0.0,159.36,31,34.0,807.93
16,2025-10-13,23.94,508.49,98.09,17,6,0.912,0,0.0,42.07,18,34.0,327.14
17,2025-10-13,33.78,713.45,164.54,11,7,0.413,0,0.0,101.47,31,34.0,367.13
18,2025-10-13,34.0,716.76,197.2,20,10,0.683,0,0.0,361.46,36,34.0,863.3
19,2025-10-13,23.32,480.14,125.62,25,5,0.899,12,456.0,226.85,30,34.0,728.85
20,2025-10-13,22.61,376.26,92.95,13,3,0.913,0,0.0,56.15,23,34.0,341.82
21,2025-10-13,26.31,436.6,234.06,20,4,0.998,0,0.0,239.81,41,34.0,916.34
22,2025-10-13,27.08,451.08,145.19,15,7,0.782,0,0.0,341.96,59,34.0,433.66
23,2025-10-13,34.3,573.09,175.0,32,8,0.589,0,0.0,122.0,22,34.0,650.16
24,2025-10-13,36.89,604.35,232.12,20,9,0.432,0,0.0,71.28,22,34.0,647.08
1,2025-10-14,17.4,317.93,61.4,14,5,0.485,0,0.0,154.97,29,35.4,330.53
2,2025-10-14,30.38,554.76,177.12,20,7,0.361,12,456.0,81.03,33,35.4,687.42
3,2025-10-14,21.68,390.64,119.52,17,4,0.023,0,0.0,371.79,44,35.4,389.98
4,2025-10-14,19.39,343.47,81.19,21,5,0.486,18,684.0,159.57,43,35.4,815.97
5,2025-10-14,23.34,426.59,169.77,23,10,0.32,18,684.0,70.08,28,35.4,819.31
6,2025-10-14,23.03,530.21,177.95,18,6,0.446,0,0.0,197.22,39,35.4,476.13
7,2025-10-14,15.38,336.86,44.81,7,4,0.2,40,1520.0,240.89,51,35.4,652.42
8,2025-10-14,20.74,468.45,136.18,15,5,0.255,0,0.0,66.15,29,35.4,498.37
9,2025-10-14,27.8,616.67,78.12,18,6,0.516,0,0.0,122.56,30,35.4,641.08
10,2025-10-14,34.6,777.45,142.82,15,2,0.941,18,684.0,370.15,65,35.4,381.56
11,2025-10-14,16.62,379.23,95.56,11,4,0.997,18,684.0,326.94,37,35.4,644.49
12,2025-10-14,20.8,462.0,139.69,9,6,0.964,0,0.0,325.86,61,35.4,671.57
13,2025-10-14,15.52,326.42,86.37,11,4,0.739,40,1520.0,223.57,51,35.4,584.44
14,2025-10-14,23.18,483.59,110.8,20,8,0.59,0,0.0,228.02,46,35.4,362.25
15,2025-10-14,20.08,424.65,155.96,17,5,0.608,0,0.0,230.73,43,35.4,813.85
16,2025-10-14,19.59,416.13,129.61,12,4,0.347,0,0.0,70.97,24,35.4,327.75
17,2025-10-14,12.31,259.96,151.91,19,5,0.932,0,0.0,49.54,23,35.4,367.64
18,2025-10-14,39.87,840.73,200.61,29,8,0.837,0,0.0,399.03,39,35.4,863.05
19,2025-10-14,23.9,492.1,163.27,18,8,0.753,0,0.0,274.48,37,35.4,733.14
20,2025-10-14,18.41,306.34,108.21,10,3,0.667,0,0.0,258.76,46,35.4,340.7
21,2025-10-14,22.92,380.38,243.44,15,4,0.057,0,0.0,284.9,47,35.4,917.21
22,2025-10-14,21.74,362.12,133.36,19,10,0.506,0,0.0,63.46,28,35.4,427.97
23,2025-10-14,29.89,499.4,166.54,29,10,0.318,0,0.0,135.62,24,35.4,651.19
24,2025-10-14,24.54,402.1,210.17,18,9,0.318,0,0.0,45.96,17,35.4,654.96
1,2025-10-15,14.78,270.07,46.12,13,4,0.827,0,0.0,62.66,21,36.8,326.86
2,2025-10-15,24.0,438.32,205.98,19,10,0.542,0,0.0,143.63,46,36.8,689.31
3,2025-10-15,23.07,415.87,136.23,14,4,0.171,0,0.0,0.0,0,36.8,389.44
4,2025-10-15,26.56,470.66,64.32,23,5,0.285,0,0.0,40.85,23,36.8,816.9
5,2025-10-15,23.3,425.82,171.31,19,10,0.852,0,0.0,80.0,29,36.8,814.91
6,2025-10-15,19.41,446.96,162.54,18,5,0.942,0,0.0,312.78,50,36.8,480.54
7,2025-10-15,28.69,628.41,49.87,14,8,0.178,24,912.0,143.55,37,36.8,648.1
8,2025-10-15,16.23,366.69,160.14,12,8,0.47,0,0.0,183.64,42,36.8,499.1
9,2025-10-15,24.6,545.65,79.0,14,4,0.044,0,0.0,65.97,21,36.8,639.8
10,2025-10-15,21.35,479.8,144.49,13,3,0.76,0,0.0,68.51,29,36.8,382.33
11,2025-10-15,23.77,542.54,97.02,14,4,0.183,0,0.0,137.68,23,36.8,643.97
12,2025-10-15,22.28,494.74,144.81,14,5,0.207,18,684.0,378.64,63,36.8,669.11
13,2025-10-15,15.26,320.83,97.97,13,6,0.131,24,912.0,49.55,27,36.8,579.04
14,2025-10-15,26.76,558.43,121.87,16,12,0.954,12,456.0,55.42,26,36.8,362.53
15,2025-10-15,24.77,523.77,144.76,15,5,0.099,0,0.0,127.05,31,36.8,804.71
16,2025-10-15,24.72,525.17,120.09,17,6,0.556,24,912.0,102.67,27,36.8,327.32
17,2025-10-15,21.21,448.1,146.36,19,6,0.653,0,0.0,184.78,43,36.8,361.31
18,2025-10-15,33.87,714.35,148.15,31,10,0.789,18,684.0,55.97,17,36.8,865.97
19,2025-10-15,26.83,552.46,209.11,16,7,0.666,0,0.0,43.7,15,36.8,728.38
20,2025-10-15,26.17,435.61,95.04,13,6,0.54,40,1520.0,66.04,24,36.8,339.09
21,2025-10-15,34.87,578.84,223.97,25,7,0.758,18,684.0,65.81,23,36.8,917.64
22,2025-10-15,21.22,353.57,149.71,16,6,0.534,12,456.0,133.93,37,36.8,437.88
23,2025-10-15,36.14,603.98,177.32,23,8,0.521,18,684.0,0.0,0,36.8,647.42
24,2025-10-15,25.05,410.45,211.4,27,5,0.166,0,0.0,0.0,0,36.8,656.12
1,2025-10-16,26.12,477.49,42.78,13,6,0.652,0,0.0,49.8,20,38.2,331.86
2,2025-10-16,32.7,597.3,205.68,26,7,0.661,12,456.0,273.79,62,38.2,696.78
3,2025-10-16,25.52,459.98,128.31,25,7,0.099,0,0.0,40.18,16,38.2,395.09
4,2025-10-16,16.02,283.96,65.33,15,6,0.136,40,1520.0,98.07,30,38.2,811.82
5,2025-10-16,27.93,510.51,136.05,29,9,0.501,40,1520.0,300.34,54,38.2,822.45
6,2025-10-16,35.87,826.0,156.06,25,7,0.108,0,0.0,139.08,30,38.2,480.66
7,2025-10-16,20.67,452.88,40.23,16,5,0.556,0,0.0,208.68,51,38.2,655.7
8,2025-10-16,18.02,406.98,171.52,18,5,0.856,40,1520.0,78.28,29,38.2,487.99
9,2025-10-16,14.59,323.71,95.71,15,5,0.921,40,1520.0,139.43,31,38.2,638.15
10,2025-10-16,23.91,537.5,148.05,12,3,0.561,12,456.0,182.84,43,38.2,380.65
11,2025-10-16,20.25,462.12,96.67,13,5,0.677,12,456.0,45.65,15,38.2,637.67
12,2025-10-16,20.35,451.98,170.67,8,9,0.109,24,912.0,198.59,48,38.2,669.46
13,2025-10-16,20.12,423.29,100.1,10,4,0.631,24,912.0,210.98,51,38.2,583.9
14,2025-10-16,30.33,632.93,125.4,25,4,0.317,0,0.0,259.81,56,38.2,359.29
15,2025-10-16,21.15,447.34,143.53,13,8,0.169,0,0.0,166.4,37,38.2,810.47
16,2025-10-16,24.18,513.78,118.45,15,6,0.698,0,0.0,52.76,20,38.2,328.82
17,2025-10-16,17.58,371.41,131.8,20,8,0.124,24,912.0,184.75,38,38.2,364.65
18,2025-10-16,25.72,542.4,128.29,25,7,0.909,12,456.0,131.65,22,38.2,860.07
19,2025-10-16,30.73,632.99,222.43,20,7,0.362,0,0.0,168.28,33,38.2,726.13
20,2025-10-16,19.14,318.54,97.6,16,2,0.314,0,0.0,71.32,28,38.2,341.1
21,2025-10-16,26.36,437.58,222.42,14,8,0.657,24,912.0,80.74,27,38.2,909.46
22,2025-10-16,20.8,346.5,148.24,13,6,0.383,18,684.0,149.28,41,38.2,436.9
23,2025-10-16,37.71,630.16,192.62,17,6,0.607,0,0.0,85.36,20,38.2,649.45
24,2025-10-16,26.57,435.44,189.04,24,5,0.916,0,0.0,50.45,18,38.2,651.14
1,2025-10-17,17.71,323.76,56.52,12,4,0.099,0,0.0,282.48,45,39.6,327.08
2,2025-10-17,25.03,457.27,208.4,27,8,0.728,0,0.0,193.66,51,39.6,691.27
3,2025-10-17,23.63,425.93,116.95,19,5,0.592,0,0.0,62.37,20,39.6,385.7
4,2025-10-17,27.61,489.31,49.64,16,6,0.8,0,0.0,52.48,27,39.6,815.57
5,2025-10-17,26.46,483.74,130.22,18,9,0.085,0,0.0,49.55,24,39.6,817.85
6,2025-10-17,22.56,519.66,146.24,19,5,0.695,0,0.0,51.08,21,39.6,484.88
7,2025-10-17,11.39,249.51,91.9,8,7,0.683,0,0.0,165.65,45,39.6,651.52
8,2025-10-17,22.65,511.78,153.85,20,6,0.853,0,0.0,75.5,29,39.6,494.82
9,2025-10-17,24.31,539.31,102.89,17,3,0.692,18,684.0,361.76,46,39.6,635.82
10,2025-10-17,20.88,469.38,124.69,22,5,0.708,0,0.0,139.09,39,39.6,378.67
11,2025-10-17,15.71,358.67,101.01,15,6,0.787,0,0.0,62.21,17,39.6,637.52
12,2025-10-17,12.91,286.79,188.24,17,4,0.23,12,456.0,250.04,50,39.6,672.34
13,2025-10-17,17.53,368.71,104.41,14,6,0.342,40,1520.0,254.91,60,39.6,577.61
14,2025-10-17,24.87,519.06,155.67,18,5,0.185,24,912.0,86.23,31,39.6,365.28
15,2025-10-17,22.97,485.75,131.99,21,5,0.627,0,0.0,191.97,40,39.6,809.95
16,2025-10-17,18.92,402.07,169.23,13,8,0.734,24,912.0,175.5,38,39.6,331.05
17,2025-10-17,26.22,554.04,129.69,21,6,0.826,24,912.0,130.73,34,39.6,363.77
18,2025-10-17,32.98,695.62,133.55,14,8,0.576,18,684.0,274.57,31,39.6,862.28
19,2025-10-17,20.14,414.81,194.88,28,8,0.489,24,912.0,305.2,40,39.6,728.04
20,2025-10-17,14.47,240.92,88.84,17,3,0.091,0,0.0,108.85,31,39.6,347.2
21,2025-10-17,21.79,361.79,217.15,18,2,0.299,0,0.0,99.99,32,39.6,914.9
22,2025-10-17,22.45,374.11,151.85,22,3,0.585,24,912.0,371.69,60,39.6,433.82
23,2025-10-17,33.61,561.74,210.84,28,8,0.547,0,0.0,232.6,29,39.6,651.13
24,2025-10-17,29.41,482.06,171.71,37,10,0.354,0,0.0,61.92,21,39.6,651.75
1,2025-10-18,20.71,378.65,67.26,9,4,0.404,0,0.0,0.0,0,6.0,334.39
2,2025-10-18,21.46,392.0,163.03,33,6,0.003,12,456.0,47.05,24,6.0,679.97
3,2025-10-18,17.91,322.95,117.79,14,7,0.786,24,912.0,121.18,28,6.0,378.75
4,2025-10-18,25.24,447.47,47.09,17,6,0.545,0,0.0,131.88,40,6.0,806.25
5,2025-10-18,21.96,401.42,131.04,20,8,0.128,12,456.0,192.9,47,6.0,806.94
6,2025-10-18,22.11,509.26,128.88,17,7,0.008,40,1520.0,175.93,33,6.0,462.2
7,2025-10-18,21.0,460.27,96.31,11,5,0.136,0,0.0,387.79,60,6.0,646.49
8,2025-10-18,15.11,341.45,167.65,21,8,0.753,0,0.0,40.34,22,6.0,482.33
9,2025-10-18,20.16,447.34,109.15,15,9,0.081,0,0.0,87.91,23,6.0,628.78
10,2025-10-18,21.27,478.17,109.86,16,7,0.697,24,912.0,348.61,60,6.0,366.61
11,2025-10-18,19.1,436.1,86.08,18,8,0.571,18,684.0,59.45,17,6.0,627.4
12,2025-10-18,19.2,426.62,182.91,19,7,0.664,0,0.0,47.08,23,6.0,661.24
13,2025-10-18,19.71,414.58,123.45,14,7,0.207,0,0.0,85.79,33,6.0,569.11
14,2025-10-18,19.01,396.93,173.09,17,8,0.204,0,0.0,68.36,27,6.0,352.73
15,2025-10-18,24.55,519.26,112.89,16,3,0.079,0,0.0,61.68,23,6.0,798.11
16,2025-10-18,23.67,502.93,141.98,17,4,0.113,0,0.0,175.75,35,6.0,315.76
17,2025-10-18,27.95,590.75,113.35,18,8,0.561,12,456.0,112.37,35,6.0,351.89
18,2025-10-18,40.09,845.84,164.82,19,6,0.722,12,456.0,49.34,13,6.0,850.73
19,2025-10-18,18.79,387.17,174.46,27,9,0.458,0,0.0,67.86,20,6.0,715.54
20,2025-10-18,17.61,293.14,92.72,10,7,0.179,0,0.0,235.88,39,6.0,333.11
21,2025-10-18,33.88,562.66,178.11,28,6,0.479,0,0.0,363.99,51,6.0,906.89
22,2025-10-18,21.46,357.68,107.19,31,7,0.804,0,0.0,218.58,52,6.0,419.71
23,2025-10-18,25.76,430.54,214.36,28,9,0.776,0,0.0,43.75,13,6.0,638.86
24,2025-10-18,35.64,584.28,177.75,21,7,0.716,0,0.0,372.61,43,6.0,639.28
1,2025-10-19,17.18,314.12,56.4,13,6,0.563,0,0.0,129.83,30,7.4,325.91
2,2025-10-19,30.42,555.78,169.46,15,6,0.944,12,456.0,398.77,64,7.4,681.07
3,2025-10-19,32.49,585.8,132.27,18,5,0.777,0,0.0,288.97,37,7.4,375.8
4,2025-10-19,21.15,374.95,65.6,13,7,0.772,18,684.0,360.56,57,7.4,797.99
5,2025-10-19,35.42,647.59,90.39,27,8,0.479,0,0.0,75.83,32,7.4,805.72
6,2025-10-19,29.71,684.36,127.72,24,6,0.994,0,0.0,212.61,39,7.4,469.6
7,2025-10-19,21.52,471.54,106.85,13,4,0.63,12,456.0,127.21,37,7.4,641.11
8,2025-10-19,22.5,508.49,158.09,18,3,0.767,12,456.0,127.78,37,7.4,492.05
9,2025-10-19,21.16,469.71,154.9,17,4,0.641,0,0.0,0.0,0,7.4,630.35
10,2025-10-19,17.65,396.77,95.69,16,3,0.176,0,0.0,41.17,25,7.4,371.87
11,2025-10-19,20.25,462.28,98.74,11,11,0.204,0,0.0,68.28,15,7.4,634.92
12,2025-10-19,10.73,238.53,189.19,14,5,0.555,0,0.0,121.36,34,7.4,661.79
13,2025-10-19,16.56,348.53,119.86,14,3,0.76,0,0.0,146.15,44,7.4,567.5
14,2025-10-19,30.43,635.38,143.3,22,6,0.457,0,0.0,224.73,51,7.4,348.55
15,2025-10-19,19.24,407.02,102.7,18,4,0.559,0,0.0,174.0,32,7.4,797.16
16,2025-10-19,22.4,475.95,120.16,16,5,0.736,0,0.0,361.13,44,7.4,319.62
17,2025-10-19,26.47,559.47,86.74,22,4,0.908,0,0.0,255.78,45,7.4,356.96
18,2025-10-19,30.7,647.78,140.28,29,6,0.356,0,0.0,44.77,14,7.4,850.32
19,2025-10-19,21.87,450.56,199.06,26,6,0.904,0,0.0,106.77,25,7.4,715.44
20,2025-10-19,19.68,327.71,97.17,16,3,0.375,0,0.0,60.03,25,7.4,338.57
21,2025-10-19,17.91,297.38,149.79,23,5,0.066,12,456.0,150.08,36,7.4,907.97
22,2025-10-19,15.27,254.54,136.76,15,6,0.508,0,0.0,162.9,42,7.4,424.7
23,2025-10-19,19.92,333.11,231.39,24,7,0.765,0,0.0,41.3,13,7.4,638.67
24,2025-10-19,33.12,543.02,175.46,16,9,0.994,0,0.0,241.84,35,7.4,632.32
1,2025-10-20,17.33,317.0,55.0,20,5,0.309,0,0.0,133.24,30,8.8,325.87
2,2025-10-20,32.24,589.15,177.35,22,10,0.98,24,912.0,107.65,37,8.8,683.53
3,2025-10-20,22.76,410.5,122.19,23,5,0.262,0,0.0,74.18,20,8.8,381.45
4,2025-10-20,18.54,328.79,61.36,15,5,0.456,0,0.0,81.62,29,8.8,800.89
5,2025-10-20,21.24,388.37,68.01,22,10,0.37,40,1520.0,40.3,22,8.8,811.2
6,2025-10-20,26.96,621.25,145.43,15,7,0.717,0,0.0,101.58,29,8.8,474.65
7,2025-10-20,11.61,254.57,133.26,11,3,0.566,0,0.0,77.11,29,8.8,643.16
8,2025-10-20,26.92,608.45,161.79,18,4,0.554,0,0.0,46.0,23,8.8,490.93
9,2025-10-20,23.44,520.19,174.58,9,4,0.353,40,1520.0,84.81,23,8.8,634.51
10,2025-10-20,31.49,708.18,103.55,16,3,0.068,0,0.0,296.76,55,8.8,373.77
11,2025-10-20,19.43,443.58,111.61,17,7,0.736,0,0.0,202.55,29,8.8,636.3
12,2025-10-20,28.23,627.46,136.77,32,8,0.508,0,0.0,69.87,30,8.8,660.4
13,2025-10-20,20.88,439.44,113.13,18,4,0.314,0,0.0,106.21,36,8.8,571.28
14,2025-10-20,21.93,457.82,141.31,22,7,0.777,0,0.0,99.15,35,8.8,350.94
15,2025-10-20,27.71,586.32,88.71,17,6,0.206,0,0.0,116.49,28,8.8,800.67
16,2025-10-20,17.82,378.74,111.09,15,3,0.797,0,0.0,70.68,24,8.8,316.74
17,2025-10-20,28.76,607.93,90.11,15,7,0.313,40,1520.0,46.64,23,8.8,356.11
18,2025-10-20,18.61,392.67,146.05,26,8,0.323,0,0.0,87.81,20,8.8,853.79
19,2025-10-20,38.81,799.7,209.24,22,7,0.508,0,0.0,57.0,18,8.8,717.95
20,2025-10-20,27.1,451.3,104.97,12,6,0.09,0,0.0,170.85,39,8.8,337.42
21,2025-10-20,24.66,409.65,88.49,37,5,0.672,12,456.0,73.66,26,8.8,902.15
22,2025-10-20,31.06,517.71,127.94,16,6,0.333,0,0.0,51.67,23,8.8,422.74
23,2025-10-20,36.85,616.23,239.09,26,8,0.513,0,0.0,399.24,37,8.8,636.65
24,2025-10-20,49.77,816.08,160.13,22,6,0.564,24,912.0,77.48,23,8.8,637.57
1,2025-10-21,13.05,238.66,53.28,8,5,0.788,0,0.0,305.21,42,10.2,323.02
2,2025-10-21,40.87,746.87,155.61,29,10,0.867,40,1520.0,44.55,23,10.2,681.76
3,2025-10-21,20.26,365.41,147.12,12,5,0.767,0,0.0,51.98,19,10.2,377.37
4,2025-10-21,20.2,358.13,63.73,15,3,0.448,18,684.0,356.76,60,10.2,801.37
5,2025-10-21,23.4,427.95,78.99,21,6,0.214,40,1520.0,96.57,34,10.2,810.71
6,2025-10-21,23.31,537.08,138.91,29,5,0.197,24,912.0,348.61,47,10.2,469.77
7,2025-10-21,18.26,400.2,161.8,8,2,0.943,12,456.0,182.99,45,10.2,643.65
8,2025-10-21,25.09,567.11,141.87,26,5,0.181,40,1520.0,190.41,45,10.2,484.69
9,2025-10-21,19.42,431.09,156.48,16,9,0.552,18,684.0,341.32,42,10.2,629.94
10,2025-10-21,25.42,571.69,71.34,16,5,0.675,18,684.0,40.43,24,10.2,371.96
11,2025-10-21,30.12,687.86,131.35,11,5,0.031,18,684.0,73.47,19,10.2,636.65
12,2025-10-21,27.58,613.05,137.94,23,6,0.398,40,1520.0,288.17,60,10.2,667.06
13,2025-10-21,18.75,394.62,123.87,10,6,0.644,0,0.0,148.47,44,10.2,568.02
14,2025-10-21,20.33,424.53,189.63,14,8,0.462,0,0.0,207.92,48,10.2,351.85
15,2025-10-21,23.93,506.49,86.49,20,7,0.849,0,0.0,213.64,40,10.2,799.73
16,2025-10-21,23.21,493.3,106.36,21,9,0.567,0,0.0,176.23,34,10.2,314.93
17,2025-10-21,24.1,509.54,102.18,16,4,0.977,0,0.0,70.96,26,10.2,348.59
18,2025-10-21,21.87,461.56,143.15,29,4,0.471,24,912.0,227.89,29,10.2,849.72
19,2025-10-21,32.2,663.68,198.2,31,8,0.647,12,456.0,274.66,33,10.2,724.1
20,2025-10-21,15.31,255.02,94.71,15,3,0.117,40,1520.0,54.81,22,10.2,333.19
21,2025-10-21,36.7,609.72,104.7,18,6,0.483,18,684.0,69.66,23,10.2,909.76
22,2025-10-21,37.88,631.44,122.93,16,5,0.972,18,684.0,152.26,41,10.2,421.25
23,2025-10-21,30.72,513.68,214.17,24,14,0.582,0,0.0,209.74,32,10.2,634.82
24,2025-10-21,27.62,453.03,151.41,21,6,0.522,0,0.0,313.6,43,10.2,645.44
1,2025-10-22,17.58,321.55,64.9,11,7,0.807,12,456.0,320.95,44,11.6,329.75
2,2025-10-22,16.06,293.46,134.62,28,14,0.286,0,0.0,179.69,47,11.6,683.45
3,2025-10-22,24.38,439.74,134.54,21,7,0.098,0,0.0,0.0,0,11.6,386.31
4,2025-10-22,18.07,320.51,86.77,15,7,0.603,0,0.0,363.32,62,11.6,804.13
5,2025-10-22,37.47,685.38,86.65,14,8,0.614,0,0.0,193.86,46,11.6,816.33
6,2025-10-22,29.31,675.55,126.92,19,8,0.985,0,0.0,293.77,47,11.6,470.93
7,2025-10-22,17.29,379.13,155.97,16,4,0.292,40,1520.0,76.42,30,11.6,646.59
8,2025-10-22,24.28,548.89,160.28,14,6,0.4,0,0.0,66.85,26,11.6,487.45
9,2025-10-22,21.13,469.12,187.21,17,6,0.929,0,0.0,194.57,32,11.6,633.25
10,2025-10-22,21.09,474.34,94.52,14,4,0.457,24,912.0,209.09,54,11.6,373.97
11,2025-10-22,14.64,334.34,134.52,15,3,0.01,12,456.0,325.96,32,11.6,627.58
12,2025-10-22,19.1,424.64,157.36,13,7,0.082,0,0.0,255.76,50,11.6,660.0
13,2025-10-22,20.36,428.62,112.24,16,5,0.542,24,912.0,360.65,57,11.6,575.13
14,2025-10-22,30.25,631.72,188.07,21,10,0.9,0,0.0,122.55,35,11.6,357.99
15,2025-10-22,24.88,526.52,101.5,14,5,0.356,18,684.0,160.67,37,11.6,800.46
16,2025-10-22,25.25,536.72,129.74,15,8,0.266,0,0.0,219.05,41,11.6,318.52
17,2025-10-22,31.94,675.43,117.48,19,7,0.302,0,0.0,81.77,30,11.6,355.74
18,2025-10-22,37.74,796.63,178.07,19,6,0.957,0,0.0,69.36,18,11.6,857.58
19,2025-10-22,28.26,582.42,199.77,28,5,0.829,0,0.0,121.06,26,11.6,722.1
20,2025-10-22,23.54,392.12,100.6,13,3,0.643,40,1520.0,374.74,55,11.6,337.39
21,2025-10-22,32.04,532.28,99.36,21,6,0.633,0,0.0,194.4,40,11.6,905.71
22,2025-10-22,21.5,358.48,118.09,20,8,0.914,0,0.0,174.35,45,11.6,424.62
23,2025-10-22,26.5,443.17,180.22,26,5,0.129,24,912.0,393.59,42,11.6,641.44
24,2025-10-22,21.79,357.36,146.77,23,6,0.426,0,0.0,134.47,27,11.6,648.46
1,2025-10-23,27.09,495.66,77.37,10,6,0.865,40,1520.0,113.95,24,13.0,334.62
2,2025-10-23,30.71,561.4,151.21,29,8,0.542,0,0.0,58.25,28,13.0,682.46
3,2025-10-23,26.28,474.19,135.84,17,9,0.554,0,0.0,380.58,47,13.0,383.32
4,2025-10-23,19.26,341.61,73.75,16,4,0.229,18,684.0,284.28,53,13.0,802.85
5,2025-10-23,24.14,441.64,103.98,23,7,0.322,0,0.0,74.39,30,13.0,815.21
6,2025-10-23,19.69,453.72,121.12,17,11,0.747,0,0.0,107.2,26,13.0,476.84
7,2025-10-23,17.14,375.87,160.35,13,6,0.134,18,684.0,119.01,38,13.0,645.86
8,2025-10-23,25.44,575.26,149.47,27,2,0.456,0,0.0,56.03,23,13.0,486.57
9,2025-10-23,12.02,266.94,183.38,18,5,0.73,0,0.0,107.79,26,13.0,628.89
10,2025-10-23,22.74,511.63,85.55,9,5,0.733,24,912.0,354.36,61,13.0,373.83
11,2025-10-23,23.17,529.31,155.46,15,6,0.26,0,0.0,86.26,18,13.0,632.42
12,2025-10-23,42.63,947.81,129.34,21,3,0.246,40,1520.0,152.79,45,13.0,661.25
13,2025-10-23,26.82,564.64,153.36,14,6,0.238,0,0.0,241.94,60,13.0,569.37
14,2025-10-23,28.26,590.19,187.67,22,8,0.245,40,1520.0,119.26,35,13.0,352.53
15,2025-10-23,23.51,497.7,129.42,14,5,0.733,18,684.0,234.5,45,13.0,799.44
16,2025-10-23,24.51,521.2,108.97,17,6,0.002,0,0.0,170.39,34,13.0,316.08
17,2025-10-23,18.57,392.78,116.91,17,5,0.287,0,0.0,135.85,34,13.0,359.88
18,2025-10-23,31.12,657.01,225.91,19,8,0.378,0,0.0,132.92,24,13.0,860.39
19,2025-10-23,26.58,547.95,180.37,25,8,0.223,0,0.0,304.05,41,13.0,723.42
20,2025-10-23,16.49,274.77,92.29,15,4,0.563,18,684.0,160.28,34,13.0,337.28
21,2025-10-23,47.78,793.9,113.13,14,9,0.345,18,684.0,44.01,21,13.0,915.37
22,2025-10-23,23.38,389.79,91.2,18,6,0.78,0,0.0,54.24,23,13.0,424.25
23,2025-10-23,35.57,594.92,170.84,23,5,0.597,0,0.0,0.0,0,13.0,637.82
24,2025-10-23,29.09,477.18,128.62,17,6,0.732,0,0.0,108.43,24,13.0,642.04
1,2025-10-24,12.52,229.07,74.18,13,5,0.363,0,0.0,63.65,21,14.4,326.01
2,2025-10-24,36.13,660.58,147.46,26,8,0.442,0,0.0,79.88,31,14.4,686.63
3,2025-10-24,15.1,272.38,177.55,14,4,0.056,18,684.0,54.68,19,14.4,379.89
4,2025-10-24,19.42,344.48,105.53,8,6,0.704,40,1520.0,185.59,45,14.4,809.14
5,2025-10-24,24.97,456.86,121.27,18,5,0.302,18,684.0,91.55,36,14.4,817.77
6,2025-10-24,34.86,803.62,129.8,19,9,0.687,0,0.0,113.06,32,14.4,474.45
7,2025-10-24,10.82,237.38,139.68,22,4,0.596,0,0.0,76.03,25,14.4,648.82
8,2025-10-24,34.29,775.33,142.49,18,8,0.862,12,456.0,335.35,63,14.4,482.4
9,2025-10-24,20.93,464.81,138.38,21,6,0.777,0,0.0,82.88,24,14.4,630.85
10,2025-10-24,27.54,619.68,93.05,14,8,0.784,0,0.0,320.89,62,14.4,374.01
11,2025-10-24,16.67,380.85,144.7,14,7,0.439,0,0.0,107.68,21,14.4,631.62
12,2025-10-24,28.8,640.34,112.65,20,4,0.034,0,0.0,134.28,39,14.4,670.24
13,2025-10-24,15.18,319.55,113.74,17,7,0.779,0,0.0,63.11,29,14.4,577.61
14,2025-10-24,16.76,350.19,165.07,30,5,0.988,0,0.0,213.0,51,14.4,358.83
15,2025-10-24,28.14,595.72,121.22,16,6,0.258,18,684.0,196.71,39,14.4,800.15
16,2025-10-24,27.3,580.62,75.03,22,6,0.432,18,684.0,236.56,41,14.4,319.54
17,2025-10-24,24.11,509.97,117.03,18,4,0.738,0,0.0,251.76,45,14.4,353.02
18,2025-10-24,37.93,800.72,224.74,19,10,0.306,0,0.0,83.33,20,14.4,855.67
19,2025-10-24,36.0,742.26,188.95,19,10,0.199,0,0.0,0.0,0,14.4,719.13
20,2025-10-24,18.92,315.31,78.17,14,5,0.77,0,0.0,241.13,45,14.4,342.48
21,2025-10-24,23.02,382.6,129.83,12,6,0.29,12,456.0,94.82,28,14.4,906.89
22,2025-10-24,20.05,334.35,85.08,20,5,0.88,0,0.0,59.49,26,14.4,429.83
23,2025-10-24,26.9,449.98,151.47,31,7,0.342,24,912.0,121.6,25,14.4,642.1
24,2025-10-24,26.03,426.97,74.89,31,4,0.996,18,684.0,260.97,36,14.4,643.41
1,2025-10-25,16.14,295.37,87.87,17,8,0.013,0,0.0,91.68,25,15.8,332.78
2,2025-10-25,31.18,570.05,153.49,18,8,0.502,18,684.0,220.97,55,15.8,680.17
3,2025-10-25,28.26,509.96,191.58,17,5,0.339,0,0.0,288.18,42,15.8,385.58
4,2025-10-25,16.34,289.81,122.93,15,8,0.415,0,0.0,42.19,24,15.8,806.11
5,2025-10-25,18.1,331.21,148.94,16,9,0.007,12,456.0,51.38,25,15.8,810.85
6,2025-10-25,24.65,568.37,146.38,15,8,0.839,0,0.0,152.94,33,15.8,475.68
7,2025-10-25,22.97,503.69,140.03,14,4,0.841,0,0.0,197.7,44,15.8,651.97
8,2025-10-25,20.49,463.51,119.78,19,4,0.25,0,0.0,0.0,0,15.8,485.46
9,2025-10-25,25.78,572.53,153.65,17,7,0.364,12,456.0,135.26,30,15.8,637.06
10,2025-10-25,18.99,427.3,95.05,16,4,0.604,0,0.0,135.91,39,15.8,381.42
11,2025-10-25,22.19,507.07,167.64,17,3,0.231,40,1520.0,122.53,21,15.8,638.01
12,2025-10-25,16.55,368.01,139.67,17,4,0.264,12,456.0,183.46,52,15.8,661.64
13,2025-10-25,26.79,564.07,136.22,12,3,0.767,0,0.0,277.24,58,15.8,572.85
14,2025-10-25,27.75,579.84,166.94,22,7,0.669,0,0.0,95.27,31,15.8,358.45
15,2025-10-25,19.34,409.43,125.0,12,2,0.842,0,0.0,58.79,21,15.8,800.51
16,2025-10-25,20.8,442.33,109.37,10,5,0.204,0,0.0,265.12,37,15.8,323.82
17,2025-10-25,23.43,495.55,117.61,13,8,0.74,0,0.0,328.14,54,15.8,361.65
18,2025-10-25,19.11,403.56,234.47,26,10,0.928,0,0.0,121.83,23,15.8,855.42
19,2025-10-25,34.89,719.34,181.73,22,9,0.233,0,0.0,126.73,24,15.8,722.26
20,2025-10-25,19.17,319.41,93.13,10,5,0.384,24,912.0,136.23,35,15.8,344.66
21,2025-10-25,29.2,485.28,133.37,20,6,0.588,0,0.0,108.18,30,15.8,912.07
22,2025-10-25,26.63,444.14,91.59,13,5,0.353,18,684.0,242.71,50,15.8,429.07
23,2025-10-25,34.97,585.08,174.57,20,7,0.575,12,456.0,288.35,35,15.8,645.39
24,2025-10-25,30.2,495.48,104.38,26,6,0.182,24,912.0,175.05,34,15.8,642.85
1,2025-10-26,14.35,262.64,84.76,11,5,0.382,18,684.0,141.17,30,17.2,332.85
2,2025-10-26,36.04,659.14,153.58,17,8,0.765,0,0.0,104.22,39,17.2,685.27
3,2025-10-26,24.85,448.45,162.66,24,6,0.35,12,456.0,121.85,28,17.2,389.61
4,2025-10-26,19.69,349.43,147.89,15,3,0.193,12,456.0,391.69,62,17.2,811.6
5,2025-10-26,29.63,542.23,182.85,16,6,0.43,40,1520.0,381.04,61,17.2,811.14
6,2025-10-26,21.7,500.23,139.36,19,6,0.051,12,456.0,68.09,24,17.2,475.74
7,2025-10-26,21.38,468.91,146.96,16,7,0.205,0,0.0,82.22,31,17.2,652.95
8,2025-10-26,35.08,793.41,110.68,18,4,0.411,0,0.0,233.0,48,17.2,488.66
9,2025-10-26,24.39,541.74,125.11,29,6,0.766,0,0.0,98.36,23,17.2,634.73
10,2025-10-26,15.94,358.69,100.55,11,4,0.59,40,1520.0,71.85,28,17.2,374.36
11,2025-10-26,20.52,468.79,150.34,14,5,0.005,0,0.0,68.9,16,17.2,642.37
12,2025-10-26,28.34,630.28,162.17,15,7,0.92,18,684.0,154.27,39,17.2,668.02
13,2025-10-26,21.21,446.62,118.37,16,3,0.436,0,0.0,47.83,26,17.2,573.91
14,2025-10-26,29.8,622.65,190.11,17,8,0.343,0,0.0,94.16,31,17.2,358.46
15,2025-10-26,21.78,461.08,145.62,10,8,0.746,0,0.0,232.01,38,17.2,803.83
16,2025-10-26,24.3,516.83,95.42,13,4,0.143,40,1520.0,259.14,40,17.2,323.99
17,2025-10-26,21.75,460.05,114.03,15,6,0.506,0,0.0,50.32,19,17.2,360.46
18,2025-10-26,22.98,485.3,203.57,29,9,0.633,0,0.0,269.87,31,17.2,856.47
19,2025-10-26,32.38,667.72,184.3,25,12,0.458,0,0.0,48.06,18,17.2,726.75
20,2025-10-26,18.66,311.0,89.02,19,3,0.231,12,456.0,268.27,42,17.2,340.32
21,2025-10-26,19.61,326.0,117.99,15,7,0.266,0,0.0,259.89,42,17.2,909.86
22,2025-10-26,22.31,372.22,62.15,23,6,0.813,12,456.0,73.96,30,17.2,430.0
23,2025-10-26,30.26,506.31,155.61,29,7,0.291,0,0.0,231.49,33,17.2,642.4
24,2025-10-26,23.46,384.9,130.26,18,6,0.158,12,456.0,81.51,26,17.2,644.45
1,2025-10-27,18.24,333.78,91.31,15,6,0.424,18,684.0,209.03,37,18.6,332.49
2,2025-10-27,30.97,566.41,149.65,22,8,0.493,40,1520.0,94.31,35,18.6,686.54
3,2025-10-27,19.24,347.37,172.32,16,6,0.115,0,0.0,59.86,21,18.6,383.87
4,2025-10-27,11.5,203.99,131.81,17,6,0.247,12,456.0,187.43,45,18.6,810.41
5,2025-10-27,21.54,394.16,181.98,11,4,0.901,0,0.0,66.96,28,18.6,815.99
6,2025-10-27,25.59,590.06,121.03,25,9,0.353,0,0.0,86.52,25,18.6,475.63
7,2025-10-27,30.3,664.73,136.62,20,5,0.095,0,0.0,228.12,44,18.6,650.16
8,2025-10-27,21.0,474.98,86.52,18,7,0.991,0,0.0,44.75,21,18.6,490.89
9,2025-10-27,26.26,583.42,140.97,17,3,0.184,0,0.0,177.9,33,18.6,637.11
10,2025-10-27,20.66,464.98,102.68,16,4,0.6,40,1520.0,311.4,57,18.6,380.44
11,2025-10-27,21.35,487.83,115.62,21,3,0.071,24,912.0,66.1,18,18.6,641.27
12,2025-10-27,28.06,624.19,151.4,18,7,0.603,0,0.0,122.44,37,18.6,663.59
13,2025-10-27,25.02,527.04,132.82,12,5,0.532,40,1520.0,110.65,41,18.6,576.02
14,2025-10-27,38.21,798.56,198.87,22,9,0.145,18,684.0,306.57,59,18.6,360.78
15,2025-10-27,23.16,490.37,141.93,14,6,0.99,0,0.0,40.17,19,18.6,811.34
16,2025-10-27,34.03,724.01,119.95,14,6,0.797,0,0.0,358.86,48,18.6,325.9
17,2025-10-27,26.47,560.06,149.39,15,5,0.886,0,0.0,256.67,47,18.6,363.08
18,2025-10-27,18.46,389.85,211.65,21,9,0.946,12,456.0,309.01,34,18.6,857.64
19,2025-10-27,22.79,470.03,149.16,28,10,0.911,0,0.0,87.56,26,18.6,724.96
20,2025-10-27,21.27,354.53,101.27,11,4,0.447,0,0.0,193.69,41,18.6,343.57
21,2025-10-27,15.89,264.09,105.52,19,7,0.417,12,456.0,376.29,51,18.6,913.07
22,2025-10-27,29.72,495.89,95.74,13,8,0.544,12,456.0,314.75,53,18.6,429.47
23,2025-10-27,42.88,717.61,149.95,25,10,0.507,12,456.0,222.91,32,18.6,650.34
24,2025-10-27,38.36,629.53,169.49,18,6,0.26,0,0.0,74.61,23,18.6,650.71
1,2025-10-28,22.31,408.42,100.37,8,6,0.176,0,0.0,58.76,20,20.0,331.39
2,2025-10-28,20.73,379.12,151.98,25,11,0.737,0,0.0,108.65,36,20.0,689.17
3,2025-10-28,21.66,390.99,130.06,22,9,0.768,40,1520.0,369.21,46,20.0,389.64
4,2025-10-28,21.59,383.25,147.59,14,2,0.315,18,684.0,140.68,39,20.0,809.76
5,2025-10-28,20.73,379.4,217.59,19,4,0.559,0,0.0,356.32,61,20.0,814.11
6,2025-10-28,18.16,418.8,111.01,18,7,0.692,0,0.0,162.02,34,20.0,477.43
7,2025-10-28,20.37,447.02,127.2,15,5,0.315,40,1520.0,122.47,36,20.0,650.71
8,2025-10-28,28.01,633.75,93.48,19,6,0.944,0,0.0,353.8,62,20.0,496.09
9,2025-10-28,25.91,575.72,159.51,11,4,0.118,12,456.0,223.82,39,20.0,637.13
10,2025-10-28,23.05,518.82,75.63,10,5,0.794,0,0.0,42.32,25,20.0,382.19
11,2025-10-28,20.55,469.78,97.97,20,2,0.342,18,684.0,191.7,28,20.0,637.85
12,2025-10-28,21.14,470.17,154.08,19,4,0.895,0,0.0,54.06,26,20.0,668.38
13,2025-10-28,19.0,400.29,115.07,16,3,0.868,0,0.0,140.72,41,20.0,575.15
14,2025-10-28,26.33,550.27,195.87,25,4,0.49,0,0.0,83.54,32,20.0,353.03
15,2025-10-28,17.13,362.81,117.76,16,5,0.445,0,0.0,261.77,44,20.0,805.96
16,2025-10-28,13.67,290.77,81.26,21,5,0.404,0,0.0,225.83,40,20.0,320.98
17,2025-10-28,15.22,322.12,134.28,19,7,0.521,0,0.0,76.08,25,20.0,358.78
18,2025-10-28,32.4,684.31,201.07,30,8,0.007,0,0.0,92.28,20,20.0,861.17
19,2025-10-28,30.65,632.16,116.67,30,6,0.495,24,912.0,342.03,42,20.0,724.09
20,2025-10-28,15.73,262.29,74.63,13,7,0.823,0,0.0,51.89,21,20.0,337.03
21,2025-10-28,25.1,417.36,82.0,23,6,0.981,40,1520.0,69.88,24,20.0,909.1
22,2025-10-28,20.78,346.67,136.81,13,4,0.833,0,0.0,387.8,65,20.0,435.59
23,2025-10-28,25.91,433.65,165.75,25,9,0.253,18,684.0,92.25,19,20.0,644.44
24,2025-10-28,33.99,557.93,179.73,16,5,0.96,18,684.0,76.74,23,20.0,648.52
1,2025-10-29,15.13,276.95,79.16,15,5,0.904,12,456.0,287.0,42,21.4,327.54
2,2025-10-29,20.15,368.58,156.13,24,9,0.748,18,684.0,104.26,37,21.4,682.04
3,2025-10-29,30.28,546.64,117.74,13,8,0.282,0,0.0,77.38,25,21.4,386.34
4,2025-10-29,19.73,350.24,130.55,20,3,0.331,24,912.0,336.87,54,21.4,810.01
5,2025-10-29,19.64,359.58,240.34,18,8,0.179,0,0.0,372.8,72,21.4,815.3
6,2025-10-29,25.99,599.57,115.5,19,10,0.975,40,1520.0,62.46,23,21.4,476.29
7,2025-10-29,22.08,484.44,148.47,16,7,0.118,12,456.0,68.11,27,21.4,651.09
8,2025-10-29,22.44,507.77,86.26,20,6,0.87,0,0.0,44.39,21,21.4,492.01
9,2025-10-29,39.89,886.32,123.06,23,7,0.345,0,0.0,297.6,45,21.4,636.84
10,2025-10-29,16.76,377.39,91.02,14,4,0.703,24,912.0,185.46,48,21.4,380.1
11,2025-10-29,19.69,450.12,82.94,15,6,0.199,0,0.0,134.01,23,21.4,641.45
12,2025-10-29,22.85,508.46,158.26,15,6,0.242,12,456.0,0.0,0,21.4,668.33
13,2025-10-29,22.36,471.07,109.49,13,4,0.587,18,684.0,124.89,41,21.4,577.53
14,2025-10-29,19.27,402.79,230.72,22,8,0.285,0,0.0,133.53,38,21.4,360.34
15,2025-10-29,13.54,286.72,93.8,21,2,0.733,12,456.0,116.49,31,21.4,798.08
16,2025-10-29,18.6,395.67,74.36,19,4,0.768,0,0.0,56.29,22,21.4,322.91
17,2025-10-29,18.37,388.86,133.15,24,5,0.732,0,0.0,48.46,23,21.4,363.22
18,2025-10-29,36.98,781.09,204.86,28,7,0.656,0,0.0,111.7,23,21.4,857.5
19,2025-10-29,35.3,728.27,102.15,28,8,0.529,0,0.0,67.49,19,21.4,725.24
20,2025-10-29,25.81,430.34,78.89,15,6,0.009,12,456.0,273.35,49,21.4,339.24
21,2025-10-29,19.74,328.19,63.54,21,5,0.029,0,0.0,264.87,44,21.4,913.56
22,2025-10-29,33.86,565.11,133.65,15,8,0.569,0,0.0,91.64,35,21.4,434.06
23,2025-10-29,38.3,641.09,176.8,17,11,0.763,0,0.0,94.15,21,21.4,646.22
24,2025-10-29,23.58,387.15,181.0,19,10,0.654,18,684.0,203.83,34,21.4,650.57
1,2025-10-30,20.69,378.85,98.18,15,7,0.294,0,0.0,65.75,20,22.8,338.75
2,2025-10-30,27.94,511.14,141.35,31,8,0.302,0,0.0,65.34,30,22.8,684.66
3,2025-10-30,20.42,368.7,139.84,19,5,0.488,0,0.0,180.3,32,22.8,384.48
4,2025-10-30,20.91,371.22,138.56,14,5,0.47,0,0.0,226.45,47,22.8,817.6
5,2025-10-30,15.7,287.42,257.6,23,7,0.204,0,0.0,91.75,36,22.8,817.83
6,2025-10-30,33.82,780.1,135.78,14,6,0.194,0,0.0,93.85,25,22.8,479.1
7,2025-10-30,29.39,644.86,143.73,15,5,0.244,0,0.0,353.7,55,22.8,649.6
8,2025-10-30,26.0,588.37,75.84,25,9,0.619,0,0.0,62.03,28,22.8,499.12
9,2025-10-30,22.91,509.21,144.05,13,5,0.855,0,0.0,121.4,27,22.8,630.58
10,2025-10-30,23.05,518.92,77.07,12,5,0.018,0,0.0,81.26,33,22.8,379.95
11,2025-10-30,27.68,632.76,61.76,18,6,0.358,0,0.0,75.91,19,22.8,636.22
12,2025-10-30,25.85,575.06,172.03,13,3,0.766,0,0.0,45.12,24,22.8,662.44
13,2025-10-30,18.53,390.32,89.92,22,6,0.332,0,0.0,100.25,38,22.8,575.77
14,2025-10-30,26.96,563.57,198.35,23,10,0.138,18,684.0,73.3,28,22.8,362.49
15,2025-10-30,18.79,398.02,108.11,21,5,0.03,0,0.0,250.04,42,22.8,804.13
16,2025-10-30,20.46,435.35,89.88,11,5,0.924,0,0.0,164.33,37,22.8,325.61
17,2025-10-30,19.68,416.6,151.61,14,6,0.568,0,0.0,102.62,31,22.8,359.31
18,2025-10-30,27.66,584.45,149.53,33,6,0.503,18,684.0,378.58,38,22.8,858.76
19,2025-10-30,34.59,713.57,115.32,23,9,0.809,12,456.0,78.83,20,22.8,721.04
20,2025-10-30,17.26,287.81,84.45,10,8,0.165,12,456.0,192.83,38,22.8,340.01
21,2025-10-30,23.75,394.92,81.02,18,3,0.416,12,456.0,47.44,21,22.8,908.51
22,2025-10-30,17.08,285.06,157.87,16,6,0.901,0,0.0,315.19,55,22.8,429.01
23,2025-10-30,32.56,545.07,174.63,24,9,0.089,24,912.0,260.0,32,22.8,643.39
24,2025-10-30,20.67,339.33,182.03,16,5,0.784,0,0.0,119.58,28,22.8,648.0
1,2025-10-31,14.19,259.92,83.79,14,6,0.65,0,0.0,120.87,27,24.2,331.53
2,2025-10-31,28.55,522.36,138.61,24,10,0.764,0,0.0,195.95,49,24.2,685.04
3,2025-10-31,30.58,552.23,115.47,21,6,0.412,0,0.0,291.26,38,24.2,387.01
4,2025-10-31,19.26,341.88,117.19,19,6,0.295,40,1520.0,166.24,45,24.2,812.65
5,2025-10-31,27.23,498.59,231.67,30,11,0.384,0,0.0,362.91,70,24.2,819.08
6,2025-10-31,25.5,588.3,108.53,24,4,0.524,0,0.0,151.63,32,24.2,474.83
7,2025-10-31,22.84,501.31,148.59,16,3,0.827,0,0.0,311.86,53,24.2,649.43
8,2025-10-31,27.01,611.22,87.04,14,7,0.556,0,0.0,299.39,54,24.2,497.35
9,2025-10-31,15.95,354.61,146.39,6,5,0.463,0,0.0,235.13,42,24.2,635.16
10,2025-10-31,16.09,362.27,76.3,18,6,0.128,24,912.0,399.13,59,24.2,374.77
11,2025-10-31,30.34,693.78,57.36,18,2,0.294,0,0.0,169.03,27,24.2,638.71
12,2025-10-31,23.97,533.4,177.59,15,6,0.895,12,456.0,209.43,41,24.2,670.76
13,2025-10-31,25.62,539.78,121.56,8,3,0.314,18,684.0,124.65,37,24.2,583.21
14,2025-10-31,31.8,664.8,168.84,24,6,0.242,0,0.0,381.29,56,24.2,356.26
15,2025-10-31,25.06,530.98,106.49,16,9,0.399,0,0.0,314.15,45,24.2,804.81
16,2025-10-31,27.32,581.36,117.81,16,3,0.67,0,0.0,348.81,52,24.2,326.05
17,2025-10-31,28.61,605.6,157.04,15,8,0.107,0,0.0,85.24,31,24.2,362.49
18,2025-10-31,35.04,740.31,161.87,19,8,0.956,0,0.0,184.25,29,24.2,861.69
19,2025-10-31,36.2,746.93,108.84,22,5,0.943,0,0.0,356.02,40,24.2,720.93
20,2025-10-31,21.0,350.26,69.62,14,2,0.624,0,0.0,393.83,57,24.2,337.2
21,2025-10-31,26.3,437.45,50.75,16,5,0.535,0,0.0,81.56,29,24.2,910.73
22,2025-10-31,17.04,284.48,155.76,14,7,0.839,24,912.0,93.84,31,24.2,430.28
23,2025-10-31,28.81,482.37,169.66,22,4,0.272,0,0.0,74.16,19,24.2,643.76
24,2025-10-31,19.82,325.52,209.33,14,7,0.845,0,0.0,44.31,17,24.2,646.24
1,2025-11-01,20.46,374.73,71.69,15,5,0.399,40,1520.0,48.21,18,25.6,336.25
2,2025-11-01,27.89,510.34,145.09,17,11,0.287,18,684.0,78.68,33,25.6,686.87
3,2025-11-01,17.83,322.04,106.83,27,6,0.574,0,0.0,0.0,0,25.6,377.89
4,2025-11-01,26.57,471.72,94.91,23,7,0.559,0,0.0,226.33,44,25.6,814.78
5,2025-11-01,21.6,395.51,240.71,24,5,0.268,0,0.0,144.25,40,25.6,823.48
6,2025-11-01,25.54,589.23,117.47,17,9,0.166,0,0.0,302.61,49,25.6,479.94
7,2025-11-01,22.47,493.2,152.66,16,6,0.115,0,0.0,388.35,58,25.6,651.85
8,2025-11-01,25.02,566.4,112.84,15,8,0.488,0,0.0,60.75,25,25.6,490.35
9,2025-11-01,38.05,845.78,162.72,20,3,0.829,0,0.0,75.92,21,25.6,640.39
10,2025-11-01,20.15,453.72,91.09,15,2,0.763,0,0.0,48.52,24,25.6,381.46
11,2025-11-01,22.13,506.14,59.6,17,6,0.118,0,0.0,44.51,14,25.6,637.13
12,2025-11-01,21.38,475.93,160.27,25,6,0.149,0,0.0,78.84,30,25.6,664.85
13,2025-11-01,22.32,470.32,139.45,13,2,0.326,0,0.0,326.84,65,25.6,579.62
14,2025-11-01,28.0,585.53,176.64,23,9,0.692,0,0.0,323.4,56,25.6,359.96
15,2025-11-01,30.46,645.51,97.07,14,7,0.008,0,0.0,123.58,30,25.6,808.16
16,2025-11-01,25.32,538.95,74.66,22,5,0.264,0,0.0,314.4,47,25.6,331.53
17,2025-11-01,33.23,703.49,184.89,13,4,0.388,0,0.0,213.21,47,25.6,362.02
18,2025-11-01,32.86,694.31,164.73,24,13,0.59,18,684.0,43.25,14,25.6,863.53
19,2025-11-01,34.08,703.24,143.08,19,7,0.683,0,0.0,281.44,42,25.6,722.9
20,2025-11-01,20.63,344.08,102.4,10,3,0.442,0,0.0,280.81,50,25.6,343.55
21,2025-11-01,26.95,448.37,46.43,18,7,0.421,0,0.0,42.75,18,25.6,915.26
22,2025-11-01,23.32,389.31,152.85,19,3,0.689,0,0.0,91.92,34,25.6,431.19
23,2025-11-01,19.03,318.63,173.12,32,7,0.708,40,1520.0,46.33,16,25.6,647.36
24,2025-11-01,23.92,392.74,193.81,31,9,0.038,12,456.0,374.07,42,25.6,647.24
1,2025-11-02,21.38,391.54,85.02,11,5,0.397,0,0.0,132.98,29,27.0,336.44
2,2025-11-02,32.67,598.0,121.18,23,6,0.737,0,0.0,73.08,36,27.0,691.12
3,2025-11-02,23.23,419.65,102.56,12,4,0.064,0,0.0,68.55,19,27.0,383.86
4,2025-11-02,17.31,307.32,97.85,20,5,0.5,0,0.0,45.4,25,27.0,812.31
5,2025-11-02,25.88,474.05,224.61,26,5,0.712,0,0.0,366.37,58,27.0,822.76
6,2025-11-02,17.7,408.45,119.94,18,7,0.606,0,0.0,165.25,33,27.0,480.71
7,2025-11-02,20.68,454.01,135.47,15,4,0.469,0,0.0,111.42,37,27.0,653.8
8,2025-11-02,31.79,719.64,112.3,19,7,0.03,0,0.0,0.0,0,27.0,493.99
9,2025-11-02,21.04,467.67,161.75,17,8,0.001,0,0.0,45.51,19,27.0,640.2
10,2025-11-02,16.82,378.85,87.15,16,6,0.497,12,456.0,211.6,56,27.0,373.9
11,2025-11-02,27.36,625.78,135.65,8,3,0.557,12,456.0,51.31,14,27.0,644.57
12,2025-11-02,18.24,406.08,128.41,19,6,0.166,12,456.0,120.28,38,27.0,667.77
13,2025-11-02,33.47,705.54,140.75,10,4,0.623,0,0.0,111.5,36,27.0,572.92
14,2025-11-02,28.91,604.52,159.6,24,7,0.751,0,0.0,356.46,63,27.0,358.76
15,2025-11-02,27.96,592.54,90.73,13,4,0.533,0,0.0,68.55,23,27.0,808.62
16,2025-11-02,16.11,343.03,108.67,9,7,0.602,0,0.0,43.6,20,27.0,320.64
17,2025-11-02,21.99,465.54,164.71,18,6,0.28,0,0.0,0.0,0,27.0,366.78
18,2025-11-02,43.62,921.86,155.13,22,12,0.903,12,456.0,94.79,20,27.0,861.41
19,2025-11-02,23.54,485.81,118.93,23,11,0.486,0,0.0,65.56,19,27.0,728.84
20,2025-11-02,15.75,262.77,64.94,20,5,0.936,0,0.0,45.98,24,27.0,343.39
21,2025-11-02,28.76,478.54,72.25,12,4,0.682,12,456.0,55.07,23,27.0,912.08
22,2025-11-02,21.9,365.64,176.59,13,6,0.326,0,0.0,79.26,33,27.0,428.31
23,2025-11-02,31.26,523.48,166.39,23,8,0.526,0,0.0,182.63,26,27.0,650.74
24,2025-11-02,19.67,323.09,192.1,30,6,0.443,0,0.0,121.33,27,27.0,653.34
1,2025-11-03,20.39,373.56,87.07,16,6,0.645,0,0.0,216.89,37,28.4,333.94
2,2025-11-03,28.79,527.04,158.17,22,6,0.379,0,0.0,163.62,44,28.4,693.39
3,2025-11-03,28.32,511.55,106.85,19,6,0.895,0,0.0,68.03,23,28.4,394.29
4,2025-11-03,25.52,453.24,105.29,18,2,0.995,12,456.0,0.0,0,28.4,811.84
5,2025-11-03,36.74,672.98,229.82,24,5,0.105,0,0.0,62.55,27,28.4,818.26
6,2025-11-03,31.96,737.65,141.44,17,12,0.25,0,0.0,67.79,24,28.4,479.71
7,2025-11-03,24.15,530.17,129.18,16,3,0.563,0,0.0,160.84,42,28.4,655.76
8,2025-11-03,17.51,396.36,119.03,14,7,0.341,0,0.0,47.92,25,28.4,497.5
9,2025-11-03,10.29,228.77,123.65,22,5,0.795,18,684.0,111.84,27,28.4,642.1
10,2025-11-03,24.74,557.15,81.55,14,3,0.909,0,0.0,42.37,23,28.4,380.91
11,2025-11-03,24.05,550.16,148.91,13,5,0.048,12,456.0,284.77,33,28.4,635.14
12,2025-11-03,23.1,514.13,166.06,16,5,0.485,12,456.0,177.9,44,28.4,674.32
13,2025-11-03,13.55,285.7,134.87,16,4,0.479,18,684.0,40.63,24,28.4,576.8
14,2025-11-03,31.17,651.92,138.41,27,5,0.626,0,0.0,226.56,47,28.4,358.68
15,2025-11-03,24.38,516.77,119.76,10,5,0.33,0,0.0,131.85,32,28.4,807.44
16,2025-11-03,20.63,439.15,87.43,17,5,0.549,12,456.0,163.73,34,28.4,326.81
17,2025-11-03,23.59,499.44,162.1,21,4,0.708,0,0.0,288.97,46,28.4,369.85
18,2025-11-03,23.44,495.52,116.44,28,9,0.572,0,0.0,178.64,28,28.4,861.54
19,2025-11-03,31.08,641.53,133.27,17,6,0.233,0,0.0,118.6,25,28.4,728.77
20,2025-11-03,19.15,319.46,84.91,11,4,0.973,0,0.0,125.63,34,28.4,341.0
21,2025-11-03,21.68,360.65,74.46,14,7,0.662,12,456.0,133.91,33,28.4,917.45
22,2025-11-03,19.46,324.9,173.89,20,5,0.771,0,0.0,211.15,47,28.4,435.37
23,2025-11-03,27.22,455.86,167.83,23,7,0.487,18,684.0,109.64,25,28.4,646.65
24,2025-11-03,18.32,300.95,161.19,27,4,0.665,0,0.0,351.01,45,28.4,651.03
1,2025-11-04,20.24,370.74,90.56,16,4,0.314,0,0.0,304.0,45,29.8,334.74
2,2025-11-04,20.36,372.65,170.16,22,6,0.051,12,456.0,84.95,36,29.8,688.79
3,2025-11-04,32.93,594.96,110.7,12,6,0.693,0,0.0,108.91,28,29.8,388.05
4,2025-11-04,31.43,558.24,86.01,15,8,0.037,0,0.0,180.21,43,29.8,810.19
5,2025-11-04,31.13,570.31,202.34,27,7,0.211,0,0.0,59.11,28,29.8,820.03
6,2025-11-04,22.28,514.24,121.36,19,8,0.25,0,0.0,252.24,40,29.8,481.28
7,2025-11-04,25.77,565.92,115.77,13,4,0.542,0,0.0,48.09,22,29.8,657.84
8,2025-11-04,16.7,378.04,113.28,18,4,0.129,24,912.0,285.95,52,29.8,491.27
9,2025-11-04,27.2,604.8,151.0,19,8,0.043,0,0.0,286.16,44,29.8,637.87
10,2025-11-04,21.12,475.74,101.75,9,5,0.611,24,912.0,304.76,61,29.8,379.39
11,2025-11-04,27.52,629.48,172.62,13,6,0.286,0,0.0,65.14,17,29.8,645.61
12,2025-11-04,35.23,784.3,152.0,20,5,0.33,0,0.0,46.46,24,29.8,671.03
13,2025-11-04,18.3,385.78,159.51,10,5,0.027,40,1520.0,51.79,24,29.8,579.6
14,2025-11-04,27.91,583.8,146.57,23,5,0.559,40,1520.0,347.13,61,29.8,358.75
15,2025-11-04,21.56,457.06,135.3,15,6,0.997,0,0.0,47.94,18,29.8,800.82
16,2025-11-04,32.67,695.7,119.01,12,4,0.052,0,0.0,47.54,20,29.8,326.62
17,2025-11-04,17.11,362.31,142.41,15,5,0.937,0,0.0,396.26,61,29.8,368.58
18,2025-11-04,27.37,578.55,95.22,24,7,0.856,40,1520.0,61.86,16,29.8,862.87
19,2025-11-04,22.4,462.51,146.3,23,7,0.865,0,0.0,123.36,26,29.8,727.42
20,2025-11-04,17.25,287.87,87.89,11,5,0.807,0,0.0,75.95,26,29.8,344.61
21,2025-11-04,24.06,400.35,104.26,13,6,0.96,0,0.0,0.0,0,29.8,911.74
22,2025-11-04,25.14,419.82,110.89,29,5,0.696,12,456.0,152.09,37,29.8,428.65
23,2025-11-04,35.87,600.93,176.64,29,9,0.929,0,0.0,63.25,19,29.8,648.61
24,2025-11-04,43.0,706.37,144.6,24,6,0.869,0,0.0,160.64,30,29.8,649.37
1,2025-11-05,15.53,284.55,93.52,12,5,0.916,0,0.0,250.22,38,31.2,333.97
2,2025-11-05,26.75,489.72,201.11,27,9,0.452,0,0.0,43.54,25,31.2,691.71
3,2025-11-05,15.84,286.22,129.5,14,4,0.953,0,0.0,128.15,25,31.2,390.17
4,2025-11-05,26.5,470.82,105.06,14,7,0.277,0,0.0,175.05,41,31.2,819.73
5,2025-11-05,31.47,576.63,212.23,29,4,0.194,0,0.0,0.0,0,31.2,813.92
6,2025-11-05,21.0,484.77,139.59,17,9,0.235,0,0.0,139.62,31,31.2,479.93
7,2025-11-05,22.59,496.13,90.93,22,4,0.62,0,0.0,282.16,53,31.2,657.37
8,2025-11-05,20.63,467.3,89.72,22,6,0.023,12,456.0,194.24,47,31.2,488.19
9,2025-11-05,25.9,575.89,162.41,13,2,0.549,12,456.0,171.48,35,31.2,637.54
10,2025-11-05,23.47,528.82,122.26,10,4,0.211,0,0.0,55.08,26,31.2,382.13
11,2025-11-05,11.71,267.91,187.0,11,4,0.545,24,912.0,125.11,23,31.2,638.55
12,2025-11-05,27.21,605.83,167.59,14,8,0.773,0,0.0,0.0,0,31.2,673.21
13,2025-11-05,15.93,335.88,143.63,19,5,0.191,0,0.0,386.12,66,31.2,580.59
14,2025-11-05,27.37,572.49,136.41,33,8,0.302,12,456.0,241.83,50,31.2,362.77
15,2025-11-05,20.04,424.94,135.3,15,6,0.705,0,0.0,142.76,29,31.2,804.9
16,2025-11-05,10.39,221.2,148.79,17,7,0.068,0,0.0,46.99,19,31.2,326.18
17,2025-11-05,24.32,515.02,142.22,19,6,0.688,0,0.0,347.34,56,31.2,365.26
18,2025-11-05,27.67,585.0,96.41,27,5,0.621,0,0.0,63.91,19,31.2,864.54
19,2025-11-05,29.26,604.12,164.66,21,6,0.593,24,912.0,233.01,33,31.2,726.69
20,2025-11-05,29.4,490.47,63.98,16,4,0.617,24,912.0,184.67,40,31.2,341.24
21,2025-11-05,13.86,230.59,78.63,21,8,0.817,0,0.0,52.06,21,31.2,913.55
22,2025-11-05,18.17,303.4,134.62,20,3,0.269,12,456.0,65.66,30,31.2,428.76
23,2025-11-05,32.24,540.18,165.95,25,9,0.664,0,0.0,130.6,24,31.2,649.66
24,2025-11-05,34.42,565.46,149.84,15,8,0.17,0,0.0,370.69,43,31.2,648.13
1,2025-11-06,20.92,383.31,78.02,18,2,0.124,0,0.0,266.46,41,32.6,335.13
2,2025-11-06,27.87,510.33,191.51,22,7,0.68,0,0.0,100.08,37,32.6,687.82
3,2025-11-06,24.34,439.82,147.43,21,5,0.528,0,0.0,77.5,23,32.6,388.77
4,2025-11-06,20.03,355.84,84.37,20,6,0.995,12,456.0,121.7,36,32.6,811.35
5,2025-11-06,29.72,544.58,186.34,25,8,0.017,0,0.0,72.49,34,32.6,821.48
6,2025-11-06,22.84,527.42,171.25,20,9,0.863,12,456.0,340.23,46,32.6,477.06
7,2025-11-06,21.82,479.31,79.35,13,4,0.034,0,0.0,79.23,34,32.6,660.22
8,2025-11-06,20.09,455.12,65.67,18,4,0.169,0,0.0,301.77,56,32.6,492.76
9,2025-11-06,31.94,710.3,145.69,16,4,0.054,18,684.0,67.65,23,32.6,632.02
10,2025-11-06,21.5,484.39,131.4,10,3,0.866,12,456.0,137.32,37,32.6,381.61
11,2025-11-06,16.94,387.66,167.76,14,3,0.333,0,0.0,203.13,25,32.6,643.33
12,2025-11-06,20.16,448.9,131.32,24,8,0.91,0,0.0,43.57,22,32.6,673.66
13,2025-11-06,24.85,523.95,153.46,12,4,0.592,0,0.0,190.89,48,32.6,576.59
14,2025-11-06,33.19,694.34,159.36,15,8,0.26,12,456.0,98.96,38,32.6,356.66
15,2025-11-06,16.09,341.24,102.8,23,6,0.758,0,0.0,61.23,18,32.6,811.8
16,2025-11-06,21.69,462.03,129.79,17,7,0.584,18,684.0,103.64,26,32.6,319.66
17,2025-11-06,29.06,615.54,115.83,24,2,0.73,18,684.0,96.88,30,32.6,365.7
18,2025-11-06,36.87,779.57,86.25,21,11,0.744,18,684.0,155.62,25,32.6,866.44
19,2025-11-06,21.71,448.24,142.86,23,12,0.927,0,0.0,44.25,15,32.6,722.88
20,2025-11-06,16.59,276.85,87.7,8,3,0.8,24,912.0,75.4,24,32.6,345.08
21,2025-11-06,18.53,308.42,85.83,22,6,0.796,0,0.0,59.92,24,32.6,914.96
22,2025-11-06,26.92,449.59,132.98,20,5,0.144,18,684.0,127.32,37,32.6,430.37
23,2025-11-06,28.96,485.16,148.11,19,7,0.053,24,912.0,109.71,23,32.6,650.72
24,2025-11-06,34.98,574.84,140.47,18,7,0.791,12,456.0,76.59,20,32.6,654.4
1,2025-11-07,19.4,355.62,88.87,12,4,0.968,0,0.0,135.95,27,34.0,341.54
2,2025-11-07,25.45,465.98,198.76,26,11,0.786,18,684.0,119.63,38,34.0,694.14
3,2025-11-07,16.9,305.52,117.54,17,9,0.405,0,0.0,303.67,41,34.0,387.84
4,2025-11-07,17.45,310.14,102.2,16,5,0.77,18,684.0,43.77,21,34.0,816.06
5,2025-11-07,33.72,618.07,172.65,25,9,0.725,0,0.0,55.95,25,34.0,820.42
6,2025-11-07,25.35,585.29,209.75,16,10,0.126,0,0.0,57.38,22,34.0,479.25
7,2025-11-07,19.75,433.78,74.49,20,4,0.992,0,0.0,0.0,0,34.0,658.52
8,2025-11-07,22.54,510.46,81.19,18,7,0.469,0,0.0,40.26,24,34.0,497.54
9,2025-11-07,26.15,581.62,183.15,11,4,0.318,24,912.0,174.93,36,34.0,639.04
10,2025-11-07,12.34,278.16,150.18,15,5,0.217,12,456.0,136.49,36,34.0,387.64
11,2025-11-07,17.82,407.7,194.12,16,4,0.252,0,0.0,57.13,16,34.0,645.65
12,2025-11-07,28.69,638.89,141.78,14,4,0.445,12,456.0,59.28,29,34.0,671.75
13,2025-11-07,15.68,330.78,142.95,19,3,0.346,0,0.0,199.98,46,34.0,575.37
14,2025-11-07,29.06,608.03,155.46,16,4,0.019,0,0.0,67.8,31,34.0,364.53
15,2025-11-07,18.16,385.17,123.67,16,9,0.721,12,456.0,125.44,31,34.0,811.2
16,2025-11-07,16.52,351.83,112.29,23,3,0.637,0,0.0,164.4,36,34.0,334.63
17,2025-11-07,22.04,467.03,108.03,18,5,0.426,0,0.0,91.74,32,34.0,365.19
18,2025-11-07,25.09,530.51,124.25,23,11,0.977,12,456.0,61.31,18,34.0,863.04
19,2025-11-07,27.92,576.68,141.36,23,8,0.076,40,1520.0,174.56,30,34.0,727.05
20,2025-11-07,15.33,255.92,75.51,11,4,0.402,12,456.0,47.95,19,34.0,342.57
21,2025-11-07,15.51,258.11,120.71,9,7,0.387,0,0.0,59.0,22,34.0,912.56
22,2025-11-07,42.39,708.18,138.4,12,6,0.816,0,0.0,46.58,26,34.0,434.43
23,2025-11-07,34.16,572.4,153.6,23,6,0.906,0,0.0,327.45,32,34.0,653.25
24,2025-11-07,33.36,548.31,123.04,28,8,0.301,12,456.0,44.17,18,34.0,647.64
1,2025-11-08,15.01,275.12,115.71,11,5,0.356,0,0.0,199.04,35,35.4,336.18
2,2025-11-08,32.21,589.87,216.83,19,8,0.801,12,456.0,183.25,47,35.4,690.97
3,2025-11-08,18.71,338.17,116.19,20,6,0.016,0,0.0,0.0,0,35.4,389.62
4,2025-11-08,18.77,333.52,114.83,17,2,0.298,0,0.0,298.31,52,35.4,809.08
5,2025-11-08,32.52,596.11,177.72,23,6,0.701,24,912.0,0.0,0,35.4,818.2
6,2025-11-08,20.97,484.19,207.35,22,4,0.828,18,684.0,305.55,49,35.4,484.94
7,2025-11-08,30.45,669.0,51.96,16,4,0.97,18,684.0,258.08,52,35.4,655.89
8,2025-11-08,29.27,663.0,71.98,23,6,0.259,0,0.0,0.0,0,35.4,495.93
9,2025-11-08,17.87,397.46,159.45,25,5,0.181,0,0.0,310.39,44,35.4,643.07
10,2025-11-08,13.85,312.23,129.8,19,6,0.703,12,456.0,281.17,54,35.4,380.31
11,2025-11-08,14.16,324.03,172.57,21,6,0.157,0,0.0,97.91,19,35.4,639.47
12,2025-11-08,21.04,468.67,99.09,21,2,0.61,12,456.0,89.26,33,35.4,677.8
13,2025-11-08,26.19,552.39,123.82,19,5,0.338,0,0.0,136.17,45,35.4,571.24
14,2025-11-08,42.03,879.61,144.1,23,4,0.281,0,0.0,47.09,23,35.4,359.42
15,2025-11-08,21.34,452.56,100.57,11,4,0.294,0,0.0,0.0,0,35.4,802.71
16,2025-11-08,23.55,501.8,123.99,13,7,0.392,24,912.0,67.08,23,35.4,331.19
17,2025-11-08,30.12,638.19,108.96,23,4,0.941,24,912.0,163.89,40,35.4,369.73
18,2025-11-08,32.61,689.62,155.43,19,10,0.935,0,0.0,313.48,32,35.4,862.06
19,2025-11-08,23.39,483.02,152.46,27,10,0.91,0,0.0,0.0,0,35.4,729.31
20,2025-11-08,20.31,339.03,66.92,20,2,0.188,24,912.0,377.55,53,35.4,344.71
21,2025-11-08,30.03,499.98,130.55,17,7,0.756,0,0.0,228.85,40,35.4,913.28
22,2025-11-08,26.56,443.77,122.39,21,7,0.824,0,0.0,242.15,51,35.4,428.84
23,2025-11-08,31.1,521.27,134.99,26,11,0.252,0,0.0,81.07,19,35.4,655.41
24,2025-11-08,18.13,298.0,117.6,20,9,0.198,0,0.0,203.09,35,35.4,653.31
1,2025-11-09,26.33,482.7,111.43,18,6,0.357,0,0.0,281.86,42,36.8,334.02
2,2025-11-09,28.46,521.29,223.13,19,9,0.837,0,0.0,214.03,50,36.8,691.79
3,2025-11-09,26.75,483.56,131.8,15,6,0.931,0,0.0,390.62,44,36.8,392.12
4,2025-11-09,23.9,424.7,94.35,20,5,0.665,0,0.0,50.54,28,36.8,813.74
5,2025-11-09,32.22,590.61,139.92,25,6,0.786,12,456.0,43.41,23,36.8,818.96
6,2025-11-09,26.94,622.23,210.13,19,4,0.13,0,0.0,96.77,30,36.8,479.04
7,2025-11-09,18.91,415.46,74.84,12,5,0.449,12,456.0,44.66,21,36.8,657.66
8,2025-11-09,22.51,510.06,63.07,12,7,0.506,0,0.0,101.81,34,36.8,492.1
9,2025-11-09,24.43,543.5,181.23,15,4,0.884,12,456.0,196.61,41,36.8,640.14
10,2025-11-09,15.61,351.84,125.24,12,5,0.566,0,0.0,129.65,43,36.8,380.87
11,2025-11-09,20.04,458.68,118.88,29,5,0.136,0,0.0,122.38,21,36.8,641.46
12,2025-11-09,32.52,724.35,125.9,14,10,0.991,0,0.0,102.03,36,36.8,671.42
13,2025-11-09,22.24,469.13,118.75,9,4,0.698,40,1520.0,258.07,56,36.8,576.02
14,2025-11-09,19.32,404.32,174.42,18,8,0.474,0,0.0,215.09,50,36.8,359.52
15,2025-11-09,33.15,703.15,119.68,14,4,0.824,0,0.0,94.85,28,36.8,807.55
16,2025-11-09,21.87,465.9,108.43,15,4,0.884,0,0.0,315.39,44,36.8,331.22
17,2025-11-09,33.71,714.45,118.16,13,10,0.586,40,1520.0,378.29,58,36.8,360.57
18,2025-11-09,24.53,518.95,176.93,20,8,0.242,12,456.0,131.75,24,36.8,856.72
19,2025-11-09,27.8,574.3,193.23,21,8,0.215,0,0.0,148.79,29,36.8,729.0
20,2025-11-09,11.25,187.88,69.64,11,7,0.797,24,912.0,49.3,21,36.8,345.53
21,2025-11-09,30.11,501.34,135.82,16,7,0.176,0,0.0,63.63,27,36.8,913.68
22,2025-11-09,31.16,520.6,113.72,19,4,0.248,0,0.0,157.81,43,36.8,438.56
23,2025-11-09,21.45,359.58,132.72,24,7,0.873,0,0.0,90.58,20,36.8,650.57
24,2025-11-09,23.8,391.17,78.07,28,8,0.415,0,0.0,266.39,40,36.8,654.46
1,2025-11-10,14.93,273.78,125.22,14,3,0.067,0,0.0,41.15,16,38.2,343.02
2,2025-11-10,24.87,455.7,215.54,28,8,0.316,12,456.0,284.51,59,38.2,686.83
3,2025-11-10,22.05,398.65,140.63,14,5,0.449,0,0.0,282.5,40,38.2,387.86
4,2025-11-10,18.58,330.19,92.6,15,4,0.43,0,0.0,55.16,25,38.2,815.98
5,2025-11-10,27.03,495.6,98.43,28,8,0.749,0,0.0,63.78,26,38.2,816.35
6,2025-11-10,20.22,467.07,219.17,21,8,0.432,0,0.0,368.7,49,38.2,478.58
7,2025-11-10,27.62,606.83,100.56,10,5,0.247,12,456.0,194.39,43,38.2,656.53
8,2025-11-10,24.51,555.31,89.52,15,6,0.923,0,0.0,345.65,64,38.2,493.26
9,2025-11-10,16.01,356.36,157.19,13,4,0.26,0,0.0,67.28,20,38.2,635.93
10,2025-11-10,25.45,573.79,114.27,11,5,0.607,0,0.0,150.66,42,38.2,378.76
11,2025-11-10,22.06,505.01,90.71,19,7,0.948,0,0.0,98.27,21,38.2,640.19
12,2025-11-10,21.25,473.35,129.08,22,6,0.444,0,0.0,357.76,56,38.2,672.47
13,2025-11-10,27.58,581.94,113.66,13,2,0.871,0,0.0,57.9,29,38.2,579.0
14,2025-11-10,19.87,415.87,184.64,20,8,0.928,0,0.0,177.59,48,38.2,361.85
15,2025-11-10,20.92,443.75,113.78,18,3,0.517,0,0.0,54.59,23,38.2,809.68
16,2025-11-10,30.69,653.88,147.28,11,5,0.363,0,0.0,116.34,30,38.2,327.68
17,2025-11-10,22.64,479.92,117.66,20,4,0.791,24,912.0,292.7,48,38.2,363.69
18,2025-11-10,29.92,632.91,177.76,24,4,0.654,0,0.0,40.18,13,38.2,865.38
19,2025-11-10,30.72,634.6,207.2,21,7,0.334,12,456.0,113.07,22,38.2,726.36
20,2025-11-10,16.32,272.47,47.73,18,3,0.506,0,0.0,147.9,39,38.2,344.4
21,2025-11-10,11.52,191.8,168.8,16,4,0.47,18,684.0,166.33,36,38.2,917.3
22,2025-11-10,16.51,275.93,134.13,18,6,0.88,18,684.0,124.74,37,38.2,437.27
23,2025-11-10,27.4,459.28,147.18,27,7,0.934,24,912.0,49.67,16,38.2,647.71
24,2025-11-10,35.12,577.45,80.14,19,7,0.437,0,0.0,66.9,21,38.2,645.54
1,2025-11-11,17.98,329.76,124.85,16,5,0.015,0,0.0,111.79,28,39.6,334.12
2,2025-11-11,21.41,392.32,213.12,29,10,0.053,24,912.0,268.68,56,39.6,682.85
3,2025-11-11,25.86,467.66,166.7,17,3,0.131,24,912.0,124.87,29,39.6,390.98
4,2025-11-11,21.08,374.78,98.75,11,6,0.318,0,0.0,57.98,25,39.6,811.28
5,2025-11-11,29.38,538.67,97.0,18,9,0.826,0,0.0,96.75,35,39.6,824.54
6,2025-11-11,28.09,648.81,246.99,16,8,0.836,24,912.0,355.49,50,39.6,475.12
7,2025-11-11,24.61,540.82,114.63,7,3,0.44,0,0.0,40.88,22,39.6,657.12
8,2025-11-11,31.2,707.08,62.58,16,7,0.304,0,0.0,227.68,46,39.6,492.27
9,2025-11-11,38.25,851.18,112.82,25,4,0.073,0,0.0,53.03,20,39.6,639.6
10,2025-11-11,26.29,592.76,130.77,15,7,0.551,40,1520.0,184.73,43,39.6,385.11
11,2025-11-11,29.63,678.4,48.07,15,6,0.377,24,912.0,101.13,20,39.6,646.93
12,2025-11-11,30.98,690.37,97.14,19,4,0.995,0,0.0,58.57,27,39.6,671.35
13,2025-11-11,27.61,582.55,98.09,18,6,0.805,40,1520.0,342.97,60,39.6,578.34
14,2025-11-11,27.15,568.36,162.83,25,4,0.142,0,0.0,57.88,25,39.6,364.12
15,2025-11-11,17.96,381.05,122.47,19,6,0.136,12,456.0,340.69,44,39.6,808.2
16,2025-11-11,18.43,392.78,134.16,25,2,0.311,0,0.0,44.58,20,39.6,324.67
17,2025-11-11,30.79,652.61,138.3,13,7,0.613,0,0.0,53.72,22,39.6,365.23
18,2025-11-11,23.04,487.54,222.35,13,5,0.123,0,0.0,74.18,19,39.6,862.65
19,2025-11-11,30.89,638.27,193.53,26,8,0.018,0,0.0,41.36,17,39.6,727.55
20,2025-11-11,24.95,416.55,79.5,10,2,0.843,0,0.0,81.02,26,39.6,347.52
21,2025-11-11,19.34,322.09,158.53,19,4,0.029,12,456.0,58.02,21,39.6,908.75
22,2025-11-11,26.99,451.12,130.95,15,5,0.725,0,0.0,60.0,25,39.6,436.7
23,2025-11-11,30.42,509.99,121.38,37,8,0.799,0,0.0,255.4,34,39.6,649.82
24,2025-11-11,26.29,432.18,92.85,19,11,0.972,0,0.0,383.42,46,39.6,651.06
1,2025-11-12,21.28,390.17,121.22,18,6,0.869,0,0.0,114.71,26,6.0,324.8
2,2025-11-12,22.3,408.67,191.77,39,5,0.367,0,0.0,0.0,0,6.0,678.5
3,2025-11-12,19.77,357.5,177.45,20,5,0.448,0,0.0,40.66,17,6.0,382.4
4,2025-11-12,28.05,498.65,63.59,20,5,0.411,12,456.0,68.7,27,6.0,799.75
5,2025-11-12,31.98,586.36,92.51,24,5,0.007,0,0.0,103.51,34,6.0,808.13
6,2025-11-12,24.18,558.76,247.29,22,5,0.332,0,0.0,40.98,18,6.0,464.41
7,2025-11-12,18.28,401.85,131.28,12,4,0.417,12,456.0,172.32,42,6.0,651.21
8,2025-11-12,16.88,382.56,87.7,17,8,0.024,18,684.0,93.24,29,6.0,487.73
9,2025-11-12,23.08,513.77,135.11,18,5,0.38,18,684.0,49.59,19,6.0,630.45
10,2025-11-12,20.44,460.88,111.92,14,3,0.08,0,0.0,307.16,58,6.0,370.0
11,2025-11-12,41.87,958.79,60.48,11,6,0.75,0,0.0,206.74,26,6.0,630.78
12,2025-11-12,18.87,420.49,106.53,20,6,0.754,12,456.0,166.06,43,6.0,664.44
13,2025-11-12,17.19,362.85,87.26,14,6,0.83,40,1520.0,102.04,37,6.0,569.53
14,2025-11-12,21.41,448.27,142.99,27,6,0.487,0,0.0,103.4,35,6.0,347.7
15,2025-11-12,19.52,414.16,96.66,16,3,0.794,0,0.0,117.83,29,6.0,795.85
16,2025-11-12,20.89,445.21,120.46,23,3,0.132,0,0.0,215.28,39,6.0,316.22
17,2025-11-12,17.67,374.68,134.02,19,6,0.994,0,0.0,341.95,53,6.0,353.66
18,2025-11-12,21.27,450.15,209.66,21,8,0.047,0,0.0,143.43,26,6.0,847.45
19,2025-11-12,27.83,575.14,212.27,19,8,0.682,0,0.0,62.82,17,6.0,716.37
20,2025-11-12,13.37,223.27,96.59,9,5,0.701,24,912.0,87.56,26,6.0,335.65
21,2025-11-12,22.34,372.04,148.5,16,5,0.824,18,684.0,96.19,27,6.0,903.82
22,2025-11-12,25.54,426.95,138.71,23,10,0.007,0,0.0,40.24,22,6.0,422.14
23,2025-11-12,27.87,467.31,173.2,17,8,0.05,0,0.0,178.64,27,6.0,638.42
24,2025-11-12,37.23,612.19,101.44,21,6,0.712,0,0.0,59.81,20,6.0,641.13
1,2025-11-13,20.9,383.27,132.1,15,5,0.214,0,0.0,161.89,34,7.4,325.71
2,2025-11-13,33.76,618.75,206.27,23,8,0.852,0,0.0,80.01,34,7.4,680.87
3,2025-11-13,19.76,357.36,167.01,24,6,0.55,0,0.0,383.24,48,7.4,384.13
4,2025-11-13,21.05,374.37,62.86,13,5,0.435,12,456.0,117.02,39,7.4,802.14
5,2025-11-13,35.54,651.76,82.19,22,8,0.728,0,0.0,0.0,0,7.4,811.72
6,2025-11-13,27.06,625.16,217.29,30,8,0.837,0,0.0,175.92,35,7.4,468.13
7,2025-11-13,18.06,397.02,127.16,16,3,0.958,0,0.0,224.22,48,7.4,642.86
8,2025-11-13,19.33,438.21,130.26,9,5,0.547,0,0.0,359.1,57,7.4,482.63
9,2025-11-13,18.08,402.54,139.59,14,5,0.549,40,1520.0,293.16,43,7.4,626.43
10,2025-11-13,17.04,384.2,109.46,14,4,0.062,0,0.0,44.91,25,7.4,372.45
11,2025-11-13,28.85,660.59,57.32,17,4,0.038,0,0.0,64.6,17,7.4,633.71
12,2025-11-13,27.6,615.14,97.7,11,8,0.706,0,0.0,0.0,0,7.4,659.8
13,2025-11-13,19.92,420.33,82.03,18,5,0.181,18,684.0,80.89,35,7.4,572.75
14,2025-11-13,24.4,510.91,170.48,23,5,0.961,0,0.0,392.31,59,7.4,357.73
15,2025-11-13,23.4,496.46,89.8,16,6,0.77,0,0.0,65.16,23,7.4,794.63
16,2025-11-13,13.96,297.57,113.56,17,5,0.314,0,0.0,0.0,0,7.4,313.26
17,2025-11-13,26.01,551.49,134.45,16,7,0.274,0,0.0,357.0,56,7.4,355.57
18,2025-11-13,28.59,604.95,193.09,24,11,0.731,0,0.0,238.22,26,7.4,852.4
19,2025-11-13,25.21,520.95,212.58,22,10,0.401,18,684.0,60.17,19,7.4,710.74
20,2025-11-13,27.13,453.13,111.22,13,5,0.236,0,0.0,183.2,40,7.4,333.34
21,2025-11-13,21.51,358.36,102.35,25,11,0.69,12,456.0,80.83,26,7.4,903.23
22,2025-11-13,22.5,376.22,126.81,17,7,0.058,0,0.0,118.59,43,7.4,423.8
23,2025-11-13,30.67,514.24,183.88,19,8,0.903,18,684.0,125.61,23,7.4,640.09
24,2025-11-13,23.94,393.68,111.91,19,6,0.759,0,0.0,194.11,34,7.4,639.62
1,2025-11-14,21.25,389.86,144.51,13,4,0.875,18,684.0,258.43,39,8.8,324.05
2,2025-11-14,32.41,594.04,201.41,24,10,0.654,0,0.0,85.62,36,8.8,680.38
3,2025-11-14,22.56,408.14,177.64,12,3,0.907,0,0.0,54.2,19,8.8,379.74
4,2025-11-14,14.94,265.62,70.55,17,6,0.397,0,0.0,245.46,49,8.8,801.38
5,2025-11-14,20.69,379.45,134.65,15,6,0.357,0,0.0,40.14,22,8.8,812.85
6,2025-11-14,19.4,448.4,183.98,27,5,0.436,12,456.0,55.22,20,8.8,470.89
7,2025-11-14,12.41,272.91,123.34,12,5,0.99,0,0.0,212.77,48,8.8,648.96
8,2025-11-14,21.43,485.79,125.25,22,5,0.083,40,1520.0,81.45,30,8.8,482.04
9,2025-11-14,35.34,786.77,110.57,19,6,0.363,0,0.0,0.0,0,8.8,632.81
10,2025-11-14,25.53,575.84,83.31,23,5,0.558,12,456.0,0.0,0,8.8,370.41
11,2025-11-14,23.17,530.7,28.88,19,7,0.06,18,684.0,223.97,26,8.8,627.75
12,2025-11-14,26.23,584.63,109.65,13,6,0.583,12,456.0,133.3,41,8.8,662.83
13,2025-11-14,24.72,521.71,61.33,20,3,0.227,0,0.0,49.45,26,8.8,572.31
14,2025-11-14,33.0,691.14,184.75,16,5,0.977,12,456.0,387.48,64,8.8,351.83
15,2025-11-14,25.33,537.63,123.23,16,4,0.291,0,0.0,75.19,26,8.8,800.33
16,2025-11-14,29.78,634.97,87.59,18,7,0.435,40,1520.0,95.19,27,8.8,320.65
17,2025-11-14,15.37,325.95,172.03,13,5,0.649,0,0.0,124.67,35,8.8,355.98
18,2025-11-14,15.77,333.8,175.76,28,9,0.058,0,0.0,240.41,31,8.8,850.31
19,2025-11-14,35.58,735.36,185.2,30,8,0.603,40,1520.0,43.53,17,8.8,716.25
20,2025-11-14,15.77,263.47,105.71,14,3,0.272,0,0.0,359.35,60,8.8,343.37
21,2025-11-14,24.43,406.99,96.64,19,4,0.085,0,0.0,140.64,35,8.8,904.72
22,2025-11-14,17.84,298.32,143.99,15,4,0.891,18,684.0,318.53,57,8.8,420.03
23,2025-11-14,45.01,754.81,173.7,21,7,0.257,0,0.0,65.59,18,8.8,639.09
24,2025-11-14,24.24,398.75,120.59,16,7,0.216,0,0.0,288.93,41,8.8,642.68
1,2025-11-15,21.44,393.32,126.19,22,2,0.062,0,0.0,42.2,17,10.2,328.93
2,2025-11-15,46.82,858.29,212.06,26,10,0.856,12,456.0,129.52,41,10.2,685.3
3,2025-11-15,24.49,443.04,177.18,17,4,0.994,0,0.0,70.3,23,10.2,380.13
4,2025-11-15,25.09,446.27,59.32,22,4,0.426,0,0.0,78.67,28,10.2,805.22
5,2025-11-15,30.32,556.14,125.03,26,6,0.239,0,0.0,80.57,32,10.2,814.74
6,2025-11-15,31.97,738.86,191.82,23,5,0.465,18,684.0,80.6,25,10.2,467.48
7,2025-11-15,17.77,390.69,154.13,12,5,0.159,0,0.0,64.02,25,10.2,648.31
8,2025-11-15,20.24,458.82,164.9,15,5,0.173,0,0.0,190.3,48,10.2,485.6
9,2025-11-15,23.13,515.07,93.22,19,3,0.093,0,0.0,223.4,37,10.2,628.88
10,2025-11-15,22.46,506.73,85.6,13,5,0.95,0,0.0,80.29,30,10.2,377.31
11,2025-11-15,18.68,427.85,55.02,11,3,0.51,0,0.0,130.68,21,10.2,636.01
12,2025-11-15,24.67,549.9,130.76,14,6,0.126,0,0.0,109.79,37,10.2,665.8
13,2025-11-15,21.81,460.44,61.29,10,7,0.399,24,912.0,44.99,25,10.2,572.63
14,2025-11-15,35.29,739.17,202.12,21,9,0.772,12,456.0,45.77,24,10.2,356.4
15,2025-11-15,22.36,474.64,175.27,8,7,0.719,0,0.0,251.03,40,10.2,796.76
16,2025-11-15,29.9,637.47,84.49,16,6,0.884,18,684.0,285.01,44,10.2,317.89
17,2025-11-15,27.68,587.07,124.37,24,3,0.27,18,684.0,197.04,42,10.2,352.55
18,2025-11-15,22.83,483.27,211.46,29,6,0.739,12,456.0,45.25,16,10.2,851.4
19,2025-11-15,23.84,492.84,183.33,27,8,0.422,0,0.0,356.03,39,10.2,721.21
20,2025-11-15,13.03,217.65,81.17,15,3,0.975,0,0.0,0.0,0,10.2,337.91
21,2025-11-15,21.98,366.29,106.7,17,8,0.079,40,1520.0,183.09,37,10.2,909.1
22,2025-11-15,33.53,560.65,140.03,15,6,0.351,0,0.0,342.28,60,10.2,425.14
23,2025-11-15,18.6,311.93,182.93,21,11,0.626,18,684.0,132.14,26,10.2,642.29
24,2025-11-15,24.75,407.18,139.96,19,7,0.069,12,456.0,373.89,42,10.2,640.78
1,2025-11-16,20.05,367.97,123.18,15,4,0.621,0,0.0,81.02,23,11.6,321.25
2,2025-11-16,24.49,449.0,211.64,24,10,0.324,12,456.0,52.49,29,11.6,683.53
3,2025-11-16,29.46,532.97,167.66,18,8,0.089,18,684.0,53.08,19,11.6,382.67
4,2025-11-16,16.84,299.6,76.44,10,8,0.036,0,0.0,56.73,27,11.6,803.29
5,2025-11-16,29.96,549.76,111.24,17,8,0.449,24,912.0,354.92,66,11.6,809.32
6,2025-11-16,34.43,795.76,227.62,20,6,0.58,18,684.0,168.48,37,11.6,468.18
7,2025-11-16,23.02,506.21,109.9,19,4,0.16,0,0.0,345.42,53,11.6,646.37
8,2025-11-16,14.52,329.27,173.33,14,6,0.753,0,0.0,359.71,59,11.6,483.41
9,2025-11-16,19.59,436.24,116.32,18,3,0.613,12,456.0,65.99,22,11.6,627.31
10,2025-11-16,21.74,490.56,111.56,13,3,0.47,12,456.0,251.66,52,11.6,374.67
11,2025-11-16,21.33,488.58,54.04,14,4,0.761,0,0.0,143.45,24,11.6,631.69
12,2025-11-16,17.65,393.6,112.53,19,5,0.537,18,684.0,69.28,27,11.6,664.27
13,2025-11-16,26.38,557.03,65.64,9,2,0.519,18,684.0,233.5,53,11.6,571.55
14,2025-11-16,30.41,637.01,189.43,24,5,0.831,18,684.0,329.2,61,11.6,361.47
15,2025-11-16,22.47,476.94,140.19,22,4,0.137,24,912.0,291.86,51,11.6,799.16
16,2025-11-16,21.58,460.23,102.04,13,6,0.778,0,0.0,130.92,32,11.6,317.67
17,2025-11-16,20.33,431.19,137.66,20,3,0.497,0,0.0,128.55,34,11.6,351.54
18,2025-11-16,32.69,692.15,220.72,27,5,0.099,18,684.0,385.04,38,11.6,855.42
19,2025-11-16,23.4,483.71,158.54,34,7,0.21,0,0.0,44.71,15,11.6,722.26
20,2025-11-16,18.54,309.8,116.3,8,5,0.666,24,912.0,88.6,25,11.6,336.6
21,2025-11-16,34.1,568.27,96.78,20,6,0.462,0,0.0,125.06,33,11.6,905.11
22,2025-11-16,23.01,384.74,130.62,17,5,0.562,0,0.0,164.54,43,11.6,430.02
23,2025-11-16,21.98,368.76,197.42,22,9,0.613,18,684.0,113.44,21,11.6,640.77
24,2025-11-16,21.23,349.31,149.26,19,6,0.126,0,0.0,85.75,23,11.6,640.74
1,2025-11-17,18.12,332.57,129.71,17,6,0.227,0,0.0,162.23,34,13.0,332.43
2,2025-11-17,26.23,481.01,196.25,24,8,0.464,0,0.0,248.47,56,13.0,685.8
3,2025-11-17,15.23,275.64,154.37,19,4,0.975,12,456.0,61.17,19,13.0,381.2
4,2025-11-17,22.12,393.44,59.24,18,6,0.35,24,912.0,207.71,44,13.0,804.77
5,2025-11-17,17.01,312.21,129.49,14,6,0.85,0,0.0,273.98,54,13.0,809.37
6,2025-11-17,34.37,794.61,217.57,26,6,0.516,12,456.0,53.12,19,13.0,471.37
7,2025-11-17,20.36,447.79,103.4,16,4,0.804,12,456.0,175.45,41,13.0,650.68
8,2025-11-17,29.65,672.38,176.3,21,5,0.418,0,0.0,344.68,52,13.0,487.35
9,2025-11-17,30.06,669.42,102.25,9,5,0.228,0,0.0,72.46,24,13.0,632.87
10,2025-11-17,35.51,801.24,102.32,12,3,0.351,0,0.0,327.46,63,13.0,374.21
11,2025-11-17,26.84,614.97,73.22,9,3,0.888,40,1520.0,55.68,16,13.0,632.05
12,2025-11-17,19.55,435.98,105.95,21,5,0.402,0,0.0,130.52,41,13.0,667.18
13,2025-11-17,25.01,528.01,69.88,13,4,0.266,18,684.0,41.63,24,13.0,569.62
14,2025-11-17,19.32,404.71,176.14,25,10,0.456,0,0.0,119.35,36,13.0,356.35
15,2025-11-17,22.06,468.36,116.47,17,5,0.452,0,0.0,213.23,37,13.0,797.42
16,2025-11-17,22.9,488.33,91.7,19,5,0.653,0,0.0,137.79,36,13.0,316.21
17,2025-11-17,19.86,421.22,132.85,15,5,0.517,18,684.0,55.85,24,13.0,353.1
18,2025-11-17,34.87,738.31,228.12,27,9,0.686,18,684.0,236.11,33,13.0,861.23
19,2025-11-17,34.05,704.0,142.03,28,5,0.192,0,0.0,316.5,41,13.0,720.49
20,2025-11-17,18.21,304.27,113.45,13,2,0.229,0,0.0,68.09,26,13.0,338.86
21,2025-11-17,24.81,413.55,91.26,21,7,0.286,12,456.0,194.39,39,13.0,910.19
22,2025-11-17,18.74,313.45,121.02,24,8,0.724,0,0.0,178.81,45,13.0,426.79
23,2025-11-17,22.94,384.95,170.64,28,10,0.6,0,0.0,332.66,37,13.0,639.01
24,2025-11-17,19.35,318.32,140.59,18,6,0.636,40,1520.0,62.18,18,13.0,647.34
1,2025-11-18,30.83,565.74,118.57,17,5,0.409,0,0.0,74.99,22,14.4,329.01
2,2025-11-18,30.16,553.11,157.77,31,6,0.721,18,684.0,65.45,32,14.4,687.28
3,2025-11-18,19.74,357.24,123.75,25,5,0.247,0,0.0,181.64,31,14.4,385.63
4,2025-11-18,29.21,519.65,98.27,9,4,0.511,0,0.0,108.66,35,14.4,802.68
5,2025-11-18,28.7,526.66,144.89,15,5,0.96,24,912.0,119.45,40,14.4,808.81
6,2025-11-18,30.16,697.43,224.13,22,4,0.373,0,0.0,106.04,30,14.4,475.0
7,2025-11-18,16.39,360.56,82.47,14,3,0.937,0,0.0,134.41,41,14.4,644.99
8,2025-11-18,19.8,449.03,167.05,17,10,0.11,18,684.0,183.22,44,14.4,486.55
9,2025-11-18,27.28,607.67,136.93,13,6,0.317,0,0.0,313.62,41,14.4,630.95
10,2025-11-18,17.82,402.13,95.04,15,6,0.142,18,684.0,107.9,39,14.4,373.53
11,2025-11-18,15.77,361.28,123.58,7,2,0.092,12,456.0,114.08,20,14.4,639.99
12,2025-11-18,18.03,402.05,117.42,12,7,0.145,0,0.0,80.26,32,14.4,666.85
13,2025-11-18,15.16,320.11,84.39,11,4,0.979,0,0.0,86.37,37,14.4,580.72
14,2025-11-18,24.96,523.05,189.41,13,7,0.066,0,0.0,69.6,30,14.4,353.85
15,2025-11-18,10.52,223.32,120.5,16,5,0.776,12,456.0,355.08,45,14.4,805.91
16,2025-11-18,20.12,429.17,85.14,17,4,0.989,0,0.0,65.82,22,14.4,322.43
17,2025-11-18,32.04,679.71,100.03,21,4,0.792,40,1520.0,171.22,39,14.4,358.35
18,2025-11-18,38.49,815.12,233.04,23,12,0.422,12,456.0,257.19,34,14.4,856.67
19,2025-11-18,32.77,677.59,155.77,18,9,0.006,0,0.0,53.05,18,14.4,716.74
20,2025-11-18,20.03,334.78,91.42,18,6,0.992,18,684.0,40.37,19,14.4,335.39
21,2025-11-18,23.92,398.7,92.79,19,7,0.736,12,456.0,83.13,27,14.4,906.06
22,2025-11-18,22.19,371.19,111.2,14,7,0.496,18,684.0,61.74,26,14.4,428.48
23,2025-11-18,26.35,442.11,165.99,25,10,0.836,0,0.0,160.1,28,14.4,640.74
24,2025-11-18,21.71,357.33,151.33,18,7,0.555,0,0.0,291.2,39,14.4,648.6
1,2025-11-19,21.92,402.41,135.18,14,7,0.373,18,684.0,79.66,23,15.8,331.15
2,2025-11-19,30.6,561.27,165.62,27,6,0.024,0,0.0,52.61,26,15.8,684.76
3,2025-11-19,25.22,456.43,100.52,23,5,0.709,0,0.0,303.1,44,15.8,379.98
4,2025-11-19,13.41,238.6,121.8,11,7,0.382,0,0.0,302.84,52,15.8,809.72
5,2025-11-19,19.66,360.9,118.13,24,5,0.189,12,456.0,77.19,34,15.8,813.75
6,2025-11-19,24.87,575.06,196.96,29,6,0.439,0,0.0,51.8,21,15.8,477.88
7,2025-11-19,28.92,636.15,76.77,18,4,0.417,0,0.0,231.45,46,15.8,652.28
8,2025-11-19,17.52,397.36,168.82,19,5,0.121,18,684.0,300.13,53,15.8,486.65
9,2025-11-19,25.7,572.5,104.21,20,4,0.494,0,0.0,68.59,22,15.8,635.37
10,2025-11-19,17.37,392.0,105.79,13,5,0.308,12,456.0,295.7,54,15.8,375.08
11,2025-11-19,18.03,413.16,104.53,17,6,0.235,0,0.0,222.37,29,15.8,631.09
12,2025-11-19,26.24,585.35,114.85,18,4,0.565,12,456.0,303.65,54,15.8,660.34
13,2025-11-19,14.74,311.35,97.06,13,4,0.07,0,0.0,387.78,70,15.8,576.9
14,2025-11-19,33.11,693.78,200.49,24,7,0.853,18,684.0,94.02,35,15.8,360.64
15,2025-11-19,28.89,613.5,148.97,8,5,0.209,12,456.0,77.61,24,15.8,805.4
16,2025-11-19,18.75,400.05,98.37,15,7,0.846,0,0.0,0.0,0,15.8,320.26
17,2025-11-19,27.98,593.59,107.67,15,4,0.851,24,912.0,222.78,41,15.8,357.37
18,2025-11-19,32.88,696.41,204.77,21,8,0.255,0,0.0,96.08,18,15.8,854.56
19,2025-11-19,46.0,951.48,173.14,24,7,0.962,0,0.0,114.55,22,15.8,716.99
20,2025-11-19,11.39,190.39,86.83,16,4,0.04,0,0.0,334.13,53,15.8,335.02
21,2025-11-19,25.99,433.21,115.71,15,5,0.676,0,0.0,208.2,42,15.8,910.33
22,2025-11-19,22.31,373.32,79.05,22,5,0.218,12,456.0,102.27,31,15.8,426.65
23,2025-11-19,25.8,433.03,151.5,33,11,0.957,0,0.0,90.1,20,15.8,643.39
24,2025-11-19,21.12,347.55,136.1,29,6,0.386,40,1520.0,49.96,17,15.8,646.56
1,2025-11-20,22.26,408.59,92.6,20,8,0.625,12,456.0,318.72,46,17.2,330.34
2,2025-11-20,30.02,550.68,158.06,26,6,0.423,0,0.0,137.52,41,17.2,688.8
3,2025-11-20,25.84,467.82,101.69,14,5,0.169,0,0.0,236.08,39,17.2,387.38
4,2025-11-20,21.67,385.63,136.26,14,8,0.323,24,912.0,0.0,0,17.2,814.13
5,2025-11-20,14.47,265.64,139.09,20,9,0.802,0,0.0,143.01,44,17.2,818.12
6,2025-11-20,34.31,793.51,224.21,17,3,0.811,24,912.0,86.33,27,17.2,472.95
7,2025-11-20,23.91,526.1,67.52,15,5,0.465,12,456.0,320.76,57,17.2,650.84
8,2025-11-20,25.39,576.02,147.89,25,5,0.086,12,456.0,86.31,32,17.2,489.41
9,2025-11-20,15.19,338.39,98.41,14,5,0.114,0,0.0,77.66,21,17.2,631.86
10,2025-11-20,16.16,364.72,89.83,16,3,0.013,12,456.0,191.77,43,17.2,378.2
11,2025-11-20,15.4,352.96,87.35,18,5,0.381,0,0.0,320.66,33,17.2,640.74
12,2025-11-20,30.07,670.84,148.19,11,4,0.289,0,0.0,0.0,0,17.2,670.45
13,2025-11-20,18.63,393.51,79.0,17,3,0.374,0,0.0,300.64,60,17.2,576.76
14,2025-11-20,33.19,695.62,182.78,30,8,0.135,0,0.0,152.77,42,17.2,356.62
15,2025-11-20,24.51,520.5,144.32,17,6,0.797,0,0.0,89.97,25,17.2,801.9
16,2025-11-20,28.06,598.7,119.49,14,7,0.383,0,0.0,47.78,18,17.2,322.69
17,2025-11-20,22.07,468.31,94.98,18,5,0.463,0,0.0,40.82,22,17.2,360.72
18,2025-11-20,32.24,682.8,244.43,19,10,0.67,12,456.0,91.16,20,17.2,862.13
19,2025-11-20,33.48,692.56,185.54,26,9,0.369,0,0.0,294.28,38,17.2,727.46
20,2025-11-20,18.54,309.87,57.96,22,5,0.411,0,0.0,106.49,37,17.2,341.54
21,2025-11-20,27.43,457.38,150.71,12,10,0.453,0,0.0,134.37,34,17.2,913.63
22,2025-11-20,32.43,542.6,80.68,17,7,0.818,0,0.0,262.73,52,17.2,429.4
23,2025-11-20,37.65,631.91,155.78,25,6,0.209,0,0.0,0.0,0,17.2,645.9
24,2025-11-20,22.56,371.4,144.56,19,7,0.557,0,0.0,141.67,27,17.2,646.35
1,2025-11-21,23.42,429.91,83.58,16,3,0.738,0,0.0,40.04,16,18.6,330.2
2,2025-11-21,35.33,648.15,173.99,26,12,0.109,24,912.0,360.1,64,18.6,684.9
3,2025-11-21,36.99,669.68,105.98,18,5,0.048,18,684.0,316.03,44,18.6,386.11
4,2025-11-21,13.81,245.76,127.07,17,6,0.905,0,0.0,335.05,55,18.6,810.53
5,2025-11-21,19.09,350.5,104.68,32,6,0.701,0,0.0,373.18,57,18.6,814.15
6,2025-11-21,30.0,693.8,254.01,14,7,0.302,12,456.0,52.42,19,18.6,473.86
7,2025-11-21,19.79,435.45,74.19,9,5,0.545,40,1520.0,204.47,47,18.6,653.44
8,2025-11-21,22.63,513.49,145.2,20,6,0.084,0,0.0,121.03,37,18.6,487.35
9,2025-11-21,19.3,430.0,95.24,15,3,0.688,0,0.0,70.44,22,18.6,633.96
10,2025-11-21,19.49,439.96,84.13,17,4,0.337,0,0.0,64.35,32,18.6,379.03
11,2025-11-21,10.28,235.65,87.69,8,4,0.232,0,0.0,109.23,21,18.6,637.77
12,2025-11-21,18.13,404.46,127.62,18,7,0.038,0,0.0,114.42,39,18.6,662.65
13,2025-11-21,17.87,377.59,66.2,11,3,0.162,18,684.0,153.35,43,18.6,572.33
14,2025-11-21,15.65,327.93,174.95,19,6,0.011,0,0.0,245.4,54,18.6,355.57
15,2025-11-21,22.94,487.3,138.12,25,5,0.349,0,0.0,129.74,31,18.6,804.1
16,2025-11-21,23.46,500.58,110.47,11,6,0.787,18,684.0,42.53,19,18.6,320.55
17,2025-11-21,28.47,604.24,71.71,23,8,0.603,24,912.0,53.0,24,18.6,366.1
18,2025-11-21,26.59,563.31,273.12,22,6,0.94,0,0.0,44.3,14,18.6,858.7
19,2025-11-21,24.77,512.5,213.71,15,6,0.744,12,456.0,230.36,31,18.6,725.43
20,2025-11-21,26.83,448.57,75.07,8,4,0.262,0,0.0,46.48,18,18.6,335.66
21,2025-11-21,23.75,395.96,158.53,17,6,0.374,24,912.0,166.16,40,18.6,911.25
22,2025-11-21,19.44,325.29,49.97,21,8,0.24,0,0.0,145.34,38,18.6,426.7
23,2025-11-21,32.72,549.18,162.18,14,11,0.73,12,456.0,246.42,32,18.6,645.8
24,2025-11-21,25.53,420.24,146.29,21,8,0.467,0,0.0,0.0,0,18.6,650.66
1,2025-11-22,15.86,291.29,75.59,17,6,0.905,40,1520.0,232.62,35,20.0,328.02
2,2025-11-22,30.32,556.27,152.28,31,8,0.96,24,912.0,0.0,0,20.0,680.52
3,2025-11-22,30.98,560.94,119.82,17,6,0.615,24,912.0,43.43,17,20.0,387.22
4,2025-11-22,15.67,278.89,105.3,20,2,0.755,0,0.0,321.51,53,20.0,808.65
5,2025-11-22,31.25,573.81,112.67,17,5,0.736,18,684.0,63.4,28,20.0,818.92
6,2025-11-22,36.92,854.14,219.65,26,6,0.516,24,912.0,237.82,37,20.0,478.2
7,2025-11-22,29.19,642.39,60.37,17,6,0.188,0,0.0,55.87,28,20.0,653.94
8,2025-11-22,23.62,535.97,99.61,23,7,0.45,12,456.0,206.5,49,20.0,492.38
9,2025-11-22,26.74,595.9,99.54,10,7,0.941,0,0.0,62.31,21,20.0,630.76
10,2025-11-22,19.08,430.76,98.39,9,6,0.344,40,1520.0,102.72,33,20.0,375.0
11,2025-11-22,21.81,500.05,98.56,16,5,0.664,0,0.0,40.82,12,20.0,635.32
12,2025-11-22,24.31,542.36,110.35,17,5,0.869,24,912.0,60.93,26,20.0,670.11
13,2025-11-22,19.64,414.88,80.69,10,3,0.74,12,456.0,99.35,38,20.0,579.62
14,2025-11-22,33.89,710.44,141.71,26,5,0.383,0,0.0,77.13,28,20.0,358.31
15,2025-11-22,11.34,240.81,121.92,19,5,0.599,0,0.0,197.29,39,20.0,804.47
16,2025-11-22,21.17,451.75,128.69,14,7,0.534,0,0.0,127.12,31,20.0,322.1
17,2025-11-22,21.54,457.17,80.05,12,7,0.808,12,456.0,147.07,34,20.0,360.26
18,2025-11-22,27.34,579.27,264.06,35,8,0.633,0,0.0,222.96,29,20.0,857.2
19,2025-11-22,28.99,599.82,223.54,20,6,0.754,12,456.0,88.74,21,20.0,721.92
20,2025-11-22,20.61,344.61,70.36,10,4,0.316,18,684.0,60.1,24,20.0,340.27
21,2025-11-22,18.83,314.06,159.17,22,7,0.581,12,456.0,90.87,30,20.0,908.9
22,2025-11-22,29.0,485.3,89.77,10,5,0.682,0,0.0,42.89,24,20.0,432.96
23,2025-11-22,42.77,718.06,196.93,23,7,0.784,0,0.0,203.4,26,20.0,642.38
24,2025-11-22,35.57,585.63,148.14,25,10,0.356,12,456.0,95.17,26,20.0,646.22
1,2025-11-23,25.53,468.89,91.31,15,2,0.404,12,456.0,92.97,21,21.4,332.55
2,2025-11-23,30.25,555.09,154.08,20,6,0.836,0,0.0,76.33,34,21.4,687.63
3,2025-11-23,21.41,387.78,127.43,14,5,0.484,0,0.0,0.0,0,21.4,385.89
4,2025-11-23,20.19,359.52,108.8,13,6,0.676,0,0.0,99.67,33,21.4,812.06
5,2025-11-23,22.18,407.27,111.94,15,8,0.928,18,684.0,47.81,27,21.4,815.07
6,2025-11-23,22.31,516.13,187.21,21,5,0.689,18,684.0,252.21,37,21.4,472.71
7,2025-11-23,22.86,503.19,79.51,12,3,0.435,0,0.0,253.3,46,21.4,650.94
8,2025-11-23,32.34,733.88,105.81,20,5,0.398,0,0.0,147.69,40,21.4,489.71
9,2025-11-23,20.76,462.6,78.81,23,6,0.484,0,0.0,240.63,37,21.4,635.01
10,2025-11-23,22.2,501.35,77.77,19,6,0.283,0,0.0,59.58,28,21.4,373.84
11,2025-11-23,22.94,525.88,116.68,14,6,0.802,18,684.0,206.65,27,21.4,639.22
12,2025-11-23,17.17,383.18,136.36,19,4,0.002,0,0.0,185.1,46,21.4,667.31
13,2025-11-23,22.37,472.61,92.81,11,3,0.929,12,456.0,145.03,44,21.4,579.7
14,2025-11-23,40.44,847.76,148.22,21,8,0.033,12,456.0,40.75,25,21.4,356.06
15,2025-11-23,26.8,569.48,117.2,13,6,0.729,0,0.0,174.6,38,21.4,801.04
16,2025-11-23,17.73,378.42,106.3,21,5,0.9,0,0.0,210.55,40,21.4,327.42
17,2025-11-23,21.37,453.56,94.45,19,6,0.551,0,0.0,41.68,21,21.4,361.25
18,2025-11-23,26.05,551.9,223.78,34,7,0.61,12,456.0,62.05,16,21.4,862.25
19,2025-11-23,31.68,655.49,221.33,33,8,0.179,24,912.0,352.38,39,21.4,724.09
20,2025-11-23,31.62,528.72,67.57,17,2,0.672,12,456.0,79.09,26,21.4,342.14
21,2025-11-23,15.22,253.92,187.98,15,6,0.804,0,0.0,199.79,34,21.4,916.58
22,2025-11-23,21.5,359.9,78.53,18,5,0.189,0,0.0,82.88,32,21.4,434.17
23,2025-11-23,30.18,506.78,198.14,25,7,0.062,0,0.0,62.6,18,21.4,650.11
24,2025-11-23,22.29,366.99,177.66,20,4,0.044,0,0.0,106.29,27,21.4,647.41
1,2025-11-24,21.61,396.85,71.63,17,4,0.776,12,456.0,58.11,20,22.8,329.63
2,2025-11-24,31.33,574.87,167.34,22,7,0.473,18,684.0,192.99,49,22.8,686.69
3,2025-11-24,21.2,383.92,114.73,18,7,0.748,0,0.0,106.57,27,22.8,392.71
4,2025-11-24,23.75,422.88,118.95,9,6,0.891,12,456.0,152.42,37,22.8,807.57
5,2025-11-24,39.56,726.49,111.66,18,6,0.041,12,456.0,93.09,36,22.8,824.69
6,2025-11-24,18.15,420.02,175.83,34,8,0.864,0,0.0,0.0,0,22.8,479.63
7,2025-11-24,15.99,352.06,81.35,12,5,0.911,0,0.0,88.6,30,22.8,652.18
8,2025-11-24,29.12,660.97,94.62,20,7,0.755,18,684.0,229.46,47,22.8,488.1
9,2025-11-24,21.3,474.82,82.27,14,4,0.659,0,0.0,95.53,26,22.8,634.57
10,2025-11-24,24.98,564.21,104.13,8,7,0.262,0,0.0,151.2,44,22.8,378.05
11,2025-11-24,14.34,328.85,107.87,16,4,0.679,0,0.0,47.57,16,22.8,638.44
12,2025-11-24,25.93,578.62,139.03,16,5,0.656,0,0.0,41.82,22,22.8,666.61
13,2025-11-24,14.85,313.86,69.54,14,2,0.76,12,456.0,355.97,62,22.8,582.64
14,2025-11-24,24.84,520.79,158.94,19,7,0.362,18,684.0,146.39,39,22.8,358.57
15,2025-11-24,35.16,747.03,109.36,13,4,0.535,0,0.0,104.73,31,22.8,804.8
16,2025-11-24,15.81,337.4,111.79,15,7,0.184,0,0.0,0.0,0,22.8,318.83
17,2025-11-24,31.55,669.85,86.34,12,5,0.439,12,456.0,40.12,23,22.8,364.51
18,2025-11-24,23.62,500.64,175.16,27,7,0.035,24,912.0,62.69,16,22.8,857.13
19,2025-11-24,19.34,400.3,190.67,20,8,0.36,0,0.0,54.99,17,22.8,732.7
20,2025-11-24,11.03,184.53,66.13,13,6,0.015,0,0.0,61.82,23,22.8,346.45
21,2025-11-24,19.68,328.26,163.25,22,7,0.347,18,684.0,117.91,30,22.8,913.82
22,2025-11-24,28.84,482.78,94.15,18,3,0.362,0,0.0,79.76,30,22.8,437.73
23,2025-11-24,16.82,282.5,197.2,20,9,0.631,18,684.0,113.54,25,22.8,651.83
24,2025-11-24,26.12,430.21,183.75,16,7,0.522,0,0.0,237.34,32,22.8,649.56
1,2025-11-25,21.73,399.05,72.73,13,6,0.435,0,0.0,115.6,28,24.2,333.52
2,2025-11-25,38.03,697.99,189.48,17,10,0.184,0,0.0,148.14,42,24.2,693.52
3,2025-11-25,22.5,407.52,87.71,18,4,0.876,0,0.0,47.08,19,24.2,390.02
4,2025-11-25,23.35,415.79,106.44,23,6,0.236,0,0.0,49.21,25,24.2,816.72
5,2025-11-25,19.21,352.9,131.22,20,9,0.297,0,0.0,65.92,30,24.2,817.5
6,2025-11-25,38.33,887.01,175.07,23,8,0.25,40,1520.0,159.6,35,24.2,476.58
7,2025-11-25,24.86,547.25,88.8,10,4,0.841,0,0.0,0.0,0,24.2,653.28
8,2025-11-25,32.28,732.85,119.32,15,6,0.976,0,0.0,209.06,50,24.2,488.36
9,2025-11-25,17.6,392.44,46.79,23,6,0.925,0,0.0,84.2,24,24.2,635.53
10,2025-11-25,17.34,391.56,114.47,15,4,0.687,18,684.0,292.15,56,24.2,377.72
11,2025-11-25,24.88,570.59,109.24,16,6,0.073,0,0.0,206.44,28,24.2,641.49
12,2025-11-25,24.38,544.18,132.3,15,7,0.094,12,456.0,196.41,38,24.2,672.69
13,2025-11-25,15.58,329.39,67.54,15,5,0.43,0,0.0,125.79,38,24.2,577.29
14,2025-11-25,35.57,745.86,156.31,17,5,0.49,18,684.0,120.2,34,24.2,370.08
15,2025-11-25,25.33,538.23,123.37,16,4,0.306,0,0.0,40.17,18,24.2,812.56
16,2025-11-25,20.9,446.08,96.8,11,4,0.95,12,456.0,72.49,26,24.2,322.75
17,2025-11-25,16.4,348.3,106.62,14,6,0.979,18,684.0,339.27,51,24.2,364.7
18,2025-11-25,46.64,988.43,169.52,21,6,0.036,0,0.0,60.24,17,24.2,863.81
19,2025-11-25,26.21,542.42,214.46,22,6,0.187,40,1520.0,58.34,18,24.2,719.98
20,2025-11-25,14.55,243.38,48.85,15,6,0.314,0,0.0,323.75,50,24.2,342.64
21,2025-11-25,28.22,470.79,138.22,18,7,0.501,0,0.0,145.15,35,24.2,913.77
22,2025-11-25,14.88,249.16,81.11,14,8,0.652,40,1520.0,134.77,37,24.2,430.85
23,2025-11-25,28.26,474.55,176.89,25,8,0.255,0,0.0,117.49,24,24.2,649.7
24,2025-11-25,30.27,498.53,219.34,18,13,0.631,0,0.0,42.59,18,24.2,652.16
1,2025-11-26,19.58,359.63,76.55,15,8,0.881,12,456.0,171.99,30,25.6,337.82
2,2025-11-26,24.62,451.9,172.56,25,9,0.768,24,912.0,78.09,32,25.6,688.13
3,2025-11-26,17.13,310.31,110.54,14,4,0.773,0,0.0,136.46,31,25.6,383.73
4,2025-11-26,17.7,315.25,76.34,20,7,0.477,18,684.0,348.26,59,25.6,815.68
5,2025-11-26,17.88,328.5,140.23,15,7,0.072,0,0.0,59.93,31,25.6,816.57
6,2025-11-26,26.29,608.51,161.9,24,6,0.705,0,0.0,198.33,35,25.6,476.88
7,2025-11-26,16.53,363.93,84.97,13,3,0.204,0,0.0,0.0,0,25.6,656.36
8,2025-11-26,23.79,540.21,132.65,17,6,0.088,0,0.0,110.62,34,25.6,493.0
9,2025-11-26,31.44,701.01,70.34,8,4,0.695,0,0.0,300.13,49,25.6,638.74
10,2025-11-26,28.18,636.42,119.29,13,3,0.499,12,456.0,134.38,42,25.6,377.57
11,2025-11-26,20.03,459.44,125.83,13,7,0.397,18,684.0,326.13,37,25.6,643.77
12,2025-11-26,25.35,565.89,146.24,22,6,0.133,0,0.0,112.74,34,25.6,668.23
13,2025-11-26,17.58,371.64,81.85,13,2,0.572,0,0.0,230.74,56,25.6,577.61
14,2025-11-26,27.47,576.23,133.39,25,7,0.768,0,0.0,76.55,26,25.6,359.12
15,2025-11-26,16.72,355.42,97.4,19,4,0.905,0,0.0,178.14,34,25.6,813.69
16,2025-11-26,28.92,617.37,71.42,22,10,0.961,24,912.0,357.38,50,25.6,325.25
17,2025-11-26,30.56,648.95,103.64,17,3,0.197,24,912.0,46.49,22,25.6,365.11
18,2025-11-26,40.43,857.05,192.22,17,10,0.067,40,1520.0,97.15,21,25.6,857.9
19,2025-11-26,42.69,883.7,216.72,20,9,0.926,0,0.0,57.79,18,25.6,720.8
20,2025-11-26,24.79,414.7,43.24,11,6,0.161,0,0.0,66.39,22,25.6,339.9
21,2025-11-26,20.13,335.84,129.09,25,8,0.264,0,0.0,75.62,27,25.6,910.24
22,2025-11-26,23.36,391.22,136.68,11,10,0.096,0,0.0,41.4,22,25.6,431.1
23,2025-11-26,32.4,544.13,189.19,27,12,0.384,0,0.0,200.58,31,25.6,648.91
24,2025-11-26,25.52,420.31,184.99,25,5,0.81,0,0.0,93.14,24,25.6,651.81
1,2025-11-27,21.64,397.54,98.94,7,6,0.859,0,0.0,329.1,46,27.0,335.02
2,2025-11-27,25.45,467.17,172.65,24,7,0.691,24,912.0,54.37,28,27.0,691.81
3,2025-11-27,23.91,433.17,91.58,16,3,0.408,0,0.0,0.0,0,27.0,391.33
4,2025-11-27,12.14,216.17,84.73,19,5,0.69,24,912.0,153.66,39,27.0,811.81
5,2025-11-27,21.93,402.96,133.2,23,3,0.577,0,0.0,266.05,51,27.0,817.27
6,2025-11-27,39.81,921.39,166.43,25,7,0.603,0,0.0,216.43,41,27.0,481.05
7,2025-11-27,17.84,392.87,61.29,12,2,0.145,24,912.0,97.5,32,27.0,653.42
8,2025-11-27,28.89,656.04,133.06,15,5,0.039,12,456.0,0.0,0,27.0,494.63
9,2025-11-27,16.03,357.45,60.03,13,6,0.991,0,0.0,140.62,32,27.0,632.65
10,2025-11-27,12.7,286.94,117.34,12,5,0.739,18,684.0,87.68,35,27.0,385.93
11,2025-11-27,21.81,500.41,120.64,10,5,0.41,0,0.0,397.16,35,27.0,638.54
12,2025-11-27,20.4,455.55,131.41,23,7,0.061,18,684.0,91.8,34,27.0,672.37
13,2025-11-27,20.71,437.76,86.57,12,5,0.388,18,684.0,202.75,51,27.0,585.08
14,2025-11-27,23.66,496.39,112.9,23,10,0.998,24,912.0,348.43,49,27.0,356.15
15,2025-11-27,17.62,374.48,101.35,18,6,0.985,0,0.0,67.89,24,27.0,808.83
16,2025-11-27,21.9,467.73,62.72,18,4,0.186,0,0.0,45.25,19,27.0,323.22
17,2025-11-27,19.16,406.94,145.78,9,6,0.047,0,0.0,66.89,24,27.0,363.97
18,2025-11-27,35.92,761.44,178.63,31,7,0.905,0,0.0,130.8,24,27.0,863.4
19,2025-11-27,22.64,468.64,187.43,33,8,0.704,12,456.0,44.66,16,27.0,728.7
20,2025-11-27,18.7,312.87,55.24,11,5,0.246,0,0.0,174.73,37,27.0,345.13
21,2025-11-27,27.86,464.92,147.71,19,9,0.851,18,684.0,292.52,45,27.0,917.47
22,2025-11-27,21.98,368.13,153.88,16,7,0.663,40,1520.0,157.99,46,27.0,433.4
23,2025-11-27,24.32,408.49,167.79,25,6,0.209,0,0.0,122.08,23,27.0,642.39
24,2025-11-27,20.08,330.74,174.89,20,6,0.594,0,0.0,172.79,31,27.0,651.59
1,2025-11-28,18.48,339.48,92.46,14,5,0.63,0,0.0,256.29,40,28.4,333.06
2,2025-11-28,19.68,361.3,157.16,33,7,0.221,0,0.0,174.09,47,28.4,688.7
3,2025-11-28,21.86,396.15,76.36,24,5,0.611,0,0.0,48.91,18,28.4,390.49
4,2025-11-28,33.56,597.81,77.55,16,6,0.942,0,0.0,180.23,42,28.4,816.42
5,2025-11-28,22.24,408.71,125.96,27,8,0.489,0,0.0,156.85,46,28.4,819.79
6,2025-11-28,26.68,617.72,125.42,27,5,0.1,40,1520.0,181.75,36,28.4,472.91
7,2025-11-28,15.4,339.25,81.38,12,3,0.629,12,456.0,47.17,25,28.4,653.96
8,2025-11-28,18.34,416.45,135.22,20,6,0.836,12,456.0,48.94,21,28.4,495.04
9,2025-11-28,35.21,785.32,77.48,12,3,0.862,0,0.0,146.01,31,28.4,635.07
10,2025-11-28,20.0,451.85,135.56,15,6,0.966,24,912.0,185.3,45,28.4,381.12
11,2025-11-28,27.12,622.23,139.27,12,1,0.527,0,0.0,100.72,19,28.4,646.88
12,2025-11-28,20.26,452.47,148.11,13,5,0.885,18,684.0,153.76,40,28.4,671.88
13,2025-11-28,25.35,535.93,88.9,8,4,0.168,0,0.0,82.03,30,28.4,577.48
14,2025-11-28,22.75,477.34,121.76,15,6,0.608,0,0.0,62.21,25,28.4,359.52
15,2025-11-28,21.4,454.85,60.35,24,6,0.581,12,456.0,42.39,19,28.4,811.64
16,2025-11-28,15.85,338.49,90.04,10,6,0.443,24,912.0,49.96,18,28.4,325.48
17,2025-11-28,16.95,360.0,146.42,16,4,0.986,0,0.0,120.31,32,28.4,365.73
18,2025-11-28,27.93,592.14,172.15,31,12,0.198,0,0.0,278.33,29,28.4,866.3
19,2025-11-28,28.56,591.36,188.55,25,13,0.865,12,456.0,83.07,21,28.4,723.13
20,2025-11-28,19.64,328.54,66.93,12,5,0.526,24,912.0,308.86,49,28.4,342.86
21,2025-11-28,25.6,427.25,130.71,22,6,0.505,0,0.0,351.32,49,28.4,914.01
22,2025-11-28,22.13,370.62,144.06,17,5,0.165,0,0.0,186.6,46,28.4,430.58
23,2025-11-28,31.98,537.19,181.13,19,6,0.35,24,912.0,151.89,25,28.4,647.97
24,2025-11-28,22.77,375.16,181.78,23,4,0.545,0,0.0,42.98,18,28.4,654.92
1,2025-11-29,21.53,395.73,85.14,13,5,0.336,18,684.0,165.45,35,29.8,335.07
2,2025-11-29,30.3,556.43,200.4,23,8,0.929,0,0.0,173.71,41,29.8,687.55
3,2025-11-29,18.79,340.44,70.69,17,10,0.63,0,0.0,196.57,32,29.8,389.95
4,2025-11-29,25.86,460.69,72.82,10,4,0.296,0,0.0,190.19,44,29.8,817.13
5,2025-11-29,18.94,347.95,102.25,20,6,0.537,0,0.0,391.29,58,29.8,820.44
6,2025-11-29,30.78,712.68,125.7,15,8,0.565,0,0.0,158.04,29,29.8,476.99
7,2025-11-29,20.47,450.95,86.0,13,7,0.533,0,0.0,43.5,24,29.8,652.55
8,2025-11-29,24.34,552.73,151.76,16,5,0.623,40,1520.0,111.92,34,29.8,489.64
9,2025-11-29,10.95,244.28,58.05,16,3,0.456,12,456.0,73.02,25,29.8,637.17
10,2025-11-29,19.34,436.89,121.97,16,5,0.752,0,0.0,158.39,44,29.8,383.01
11,2025-11-29,17.93,411.4,136.42,18,5,0.127,0,0.0,289.48,35,29.8,637.83
12,2025-11-29,28.69,640.63,174.89,8,5,0.929,0,0.0,369.73,65,29.8,674.78
13,2025-11-29,19.03,402.44,101.26,15,4,0.149,40,1520.0,339.12,70,29.8,576.62
14,2025-11-29,39.19,822.29,160.39,14,6,0.512,12,456.0,392.02,63,29.8,361.02
15,2025-11-29,25.36,539.27,75.97,14,7,0.065,0,0.0,44.32,19,29.8,801.62
16,2025-11-29,26.5,565.92,76.98,19,6,0.542,12,456.0,112.75,29,29.8,326.44
17,2025-11-29,22.79,484.07,139.28,14,1,0.693,18,684.0,51.61,23,29.8,368.27
18,2025-11-29,21.78,461.86,139.75,28,10,0.681,0,0.0,64.19,18,29.8,861.7
19,2025-11-29,27.98,579.31,167.36,28,10,0.03,0,0.0,377.35,42,29.8,725.29
20,2025-11-29,17.17,287.24,59.46,8,6,0.253,0,0.0,46.95,21,29.8,343.65
21,2025-11-29,30.8,514.16,137.7,23,7,0.335,0,0.0,183.09,37,29.8,915.75
22,2025-11-29,12.13,203.22,134.97,22,6,0.998,0,0.0,60.2,27,29.8,435.09
23,2025-11-29,32.14,540.07,169.34,32,7,0.16,12,456.0,165.08,27,29.8,651.34
24,2025-11-29,38.05,626.94,163.01,27,5,0.266,18,684.0,232.61,35,29.8,650.45
1,2025-11-30,10.07,185.09,73.98,17,7,0.134,0,0.0,46.61,19,31.2,331.44
2,2025-11-30,29.55,542.7,207.4,26,11,0.919,0,0.0,133.57,43,31.2,690.74
3,2025-11-30,21.72,393.61,81.06,17,4,0.712,24,912.0,60.58,19,31.2,387.2
4,2025-11-30,24.99,445.26,94.18,15,5,0.636,12,456.0,58.23,27,31.2,814.59
5,2025-11-30,28.9,531.17,114.8,18,6,0.136,0,0.0,62.49,30,31.2,818.13
6,2025-11-30,30.17,698.51,156.52,14,7,0.272,0,0.0,176.76,36,31.2,484.03
7,2025-11-30,18.93,417.09,65.23,15,2,0.075,18,684.0,79.36,31,31.2,650.33
8,2025-11-30,19.63,445.8,153.19,20,4,0.762,12,456.0,359.75,61,31.2,488.61
9,2025-11-30,19.49,434.77,42.76,13,5,0.845,18,684.0,73.86,23,31.2,639.15
10,2025-11-30,16.86,381.01,98.1,15,5,0.771,0,0.0,158.28,46,31.2,380.37
11,2025-11-30,14.47,332.15,121.71,16,5,0.147,24,912.0,120.81,26,31.2,638.71
12,2025-11-30,31.09,694.36,113.61,27,7,0.243,0,0.0,73.06,30,31.2,669.48
13,2025-11-30,20.04,423.84,70.32,11,5,0.935,0,0.0,351.95,67,31.2,583.07
14,2025-11-30,27.74,581.98,121.76,25,6,0.505,12,456.0,55.91,27,31.2,357.13
15,2025-11-30,23.13,491.88,89.85,11,2,0.299,0,0.0,285.44,47,31.2,806.09
16,2025-11-30,26.96,575.86,93.19,13,6,0.268,0,0.0,383.69,54,31.2,324.79
17,2025-11-30,13.89,295.04,97.03,27,5,0.262,0,0.0,277.69,51,31.2,363.82
18,2025-11-30,42.25,895.87,131.16,24,8,0.919,0,0.0,107.17,20,31.2,858.09
19,2025-11-30,40.88,846.55,156.38,25,7,0.169,0,0.0,363.9,40,31.2,729.39
20,2025-11-30,15.94,266.85,53.95,18,4,0.724,0,0.0,97.83,31,31.2,345.03
21,2025-11-30,24.35,406.46,108.42,20,5,0.13,0,0.0,89.56,28,31.2,915.34
22,2025-11-30,20.11,336.83,126.57,15,9,0.139,0,0.0,91.24,34,31.2,433.57
23,2025-11-30,31.15,523.4,170.59,22,9,0.349,0,0.0,66.24,16,31.2,651.33
24,2025-11-30,23.91,394.02,128.14,24,6,0.858,0,0.0,220.98,36,31.2,651.23
1,2025-12-01,21.06,387.16,94.9,12,9,0.041,18,684.0,71.05,20,32.6,336.6
2,2025-12-01,38.24,702.33,217.84,23,8,0.333,0,0.0,187.98,46,32.6,691.13
3,2025-12-01,27.3,494.9,72.3,15,3,0.369,12,456.0,110.48,30,32.6,392.29
4,2025-12-01,21.01,374.46,89.59,14,2,0.849,0,0.0,110.67,36,32.6,812.75
5,2025-12-01,27.39,503.36,120.22,23,7,0.02,0,0.0,66.49,30,32.6,816.52
6,2025-12-01,34.7,803.61,131.31,24,7,0.297,0,0.0,341.9,50,32.6,478.29
7,2025-12-01,20.09,442.61,67.81,14,4,0.731,24,912.0,250.73,49,32.6,654.43
8,2025-12-01,24.3,552.11,140.26,18,13,0.273,40,1520.0,110.03,32,32.6,494.2
9,2025-12-01,21.15,471.94,67.26,14,7,0.415,0,0.0,61.33,18,32.6,636.2
10,2025-12-01,21.04,475.62,85.25,13,3,0.665,12,456.0,86.04,28,32.6,377.81
11,2025-12-01,18.98,435.52,116.66,20,5,0.502,0,0.0,172.43,26,32.6,641.97
12,2025-12-01,20.04,447.72,111.2,18,3,0.081,0,0.0,114.07,37,32.6,668.77
13,2025-12-01,13.71,289.94,95.17,7,3,0.401,0,0.0,212.74,50,32.6,575.86
14,2025-12-01,20.96,439.86,132.08,23,9,0.224,18,684.0,42.47,24,32.6,361.23
15,2025-12-01,30.32,644.9,87.24,11,5,0.208,0,0.0,323.31,44,32.6,809.39
16,2025-12-01,15.8,337.53,84.41,15,5,0.699,0,0.0,209.04,38,32.6,326.22
17,2025-12-01,22.56,479.25,107.66,15,4,0.895,24,912.0,127.99,35,32.6,359.17
18,2025-12-01,40.61,861.3,167.56,13,10,0.063,12,456.0,299.82,39,32.6,863.64
19,2025-12-01,35.6,737.43,138.95,20,6,0.881,0,0.0,112.9,23,32.6,726.82
20,2025-12-01,16.77,280.64,48.4,10,3,0.027,0,0.0,102.09,31,32.6,341.26
21,2025-12-01,27.78,463.84,116.7,13,5,0.993,0,0.0,77.71,23,32.6,914.23
22,2025-12-01,22.16,371.32,143.0,19,9,0.677,0,0.0,0.0,0,32.6,433.25
23,2025-12-01,24.12,405.34,190.64,23,8,0.859,0,0.0,100.26,22,32.6,658.07
24,2025-12-01,27.75,457.43,139.37,20,7,0.411,0,0.0,334.12,40,32.6,654.82
1,2025-12-02,17.37,319.29,95.17,16,5,0.751,0,0.0,127.53,31,34.0,331.06
2,2025-12-02,24.06,441.93,166.4,29,10,0.956,0,0.0,117.62,40,34.0,689.01
3,2025-12-02,21.5,389.69,71.02,11,4,0.368,0,0.0,103.59,26,34.0,386.51
4,2025-12-02,16.17,288.13,85.78,17,2,0.788,12,456.0,210.98,47,34.0,812.23
5,2025-12-02,23.98,440.79,98.79,26,3,0.301,0,0.0,43.07,22,34.0,815.02
6,2025-12-02,19.1,442.42,97.49,21,5,0.94,0,0.0,46.09,19,34.0,479.14
7,2025-12-02,20.03,441.3,59.87,10,5,0.234,40,1520.0,182.76,42,34.0,660.37
8,2025-12-02,19.38,440.27,163.6,21,4,0.767,18,684.0,138.72,39,34.0,498.61
9,2025-12-02,21.57,481.33,51.59,14,5,0.156,12,456.0,98.89,30,34.0,641.91
10,2025-12-02,23.95,541.28,71.59,19,4,0.664,0,0.0,43.93,25,34.0,380.36
11,2025-12-02,24.7,566.97,69.95,17,4,0.831,0,0.0,186.24,26,34.0,639.73
12,2025-12-02,10.08,225.18,135.5,12,7,0.547,0,0.0,51.17,27,34.0,670.47
13,2025-12-02,18.86,398.86,77.0,18,4,0.078,24,912.0,58.8,31,34.0,580.79
14,2025-12-02,18.17,381.42,142.05,16,6,0.965,0,0.0,0.0,0,34.0,361.48
15,2025-12-02,22.99,489.01,87.05,18,5,0.376,12,456.0,43.68,20,34.0,811.11
16,2025-12-02,27.59,589.52,112.59,9,5,0.37,0,0.0,41.29,20,34.0,328.26
17,2025-12-02,20.24,430.04,91.61,19,6,0.896,0,0.0,52.95,20,34.0,367.19
18,2025-12-02,32.41,687.42,210.46,18,9,0.974,0,0.0,145.48,27,34.0,864.2
19,2025-12-02,33.76,699.39,157.09,25,11,0.787,0,0.0,50.72,16,34.0,726.72
20,2025-12-02,12.38,207.26,72.44,8,7,0.256,0,0.0,144.69,34,34.0,347.85
21,2025-12-02,28.9,482.58,176.88,13,7,0.604,0,0.0,52.29,20,34.0,913.87
22,2025-12-02,28.37,475.41,161.76,15,5,0.246,0,0.0,62.67,27,34.0,432.87
23,2025-12-02,39.75,668.12,236.99,22,11,0.834,0,0.0,79.7,21,34.0,649.06
24,2025-12-02,32.81,540.77,127.45,31,8,0.986,0,0.0,343.56,45,34.0,650.81
1,2025-12-03,24.56,451.61,108.79,17,3,0.989,24,912.0,71.54,22,35.4,336.86
2,2025-12-03,31.97,587.28,190.43,17,13,0.814,18,684.0,71.01,33,35.4,691.68
3,2025-12-03,21.54,390.47,84.09,16,6,0.891,12,456.0,172.71,36,35.4,391.82
4,2025-12-03,19.21,342.37,96.37,16,6,0.774,0,0.0,63.49,29,35.4,812.85
5,2025-12-03,18.69,343.58,99.1,15,5,0.619,0,0.0,91.51,33,35.4,816.53
6,2025-12-03,16.76,388.16,95.96,17,5,0.477,12,456.0,56.43,21,35.4,480.96
7,2025-12-03,21.6,476.01,60.99,13,3,0.931,24,912.0,396.4,64,35.4,655.71
8,2025-12-03,25.84,587.05,155.69,22,6,0.851,12,456.0,385.37,67,35.4,495.2
9,2025-12-03,17.54,391.44,50.24,16,6,0.949,0,0.0,114.11,29,35.4,640.14
10,2025-12-03,20.52,463.78,82.55,11,1,0.279,0,0.0,190.53,44,35.4,379.13
11,2025-12-03,22.67,520.37,85.43,16,3,0.609,12,456.0,153.83,26,35.4,645.6
12,2025-12-03,40.62,907.42,119.74,17,5,0.785,18,684.0,97.77,32,35.4,672.5
13,2025-12-03,19.22,406.57,59.16,16,3,0.093,0,0.0,67.31,29,35.4,578.57
14,2025-12-03,34.32,720.42,141.24,21,7,0.583,0,0.0,397.06,63,35.4,365.61
15,2025-12-03,16.17,344.05,95.12,12,6,0.425,0,0.0,58.97,21,35.4,813.4
16,2025-12-03,20.51,438.23,140.76,12,6,0.691,40,1520.0,219.64,38,35.4,326.32
17,2025-12-03,37.39,794.59,76.45,18,4,0.93,0,0.0,79.13,27,35.4,368.72
18,2025-12-03,29.17,618.82,213.02,23,11,0.225,12,456.0,293.86,33,35.4,861.38
19,2025-12-03,30.86,639.42,151.96,25,7,0.729,0,0.0,0.0,0,35.4,727.79
20,2025-12-03,24.62,412.23,56.27,16,4,0.842,0,0.0,157.26,35,35.4,349.36
21,2025-12-03,26.81,447.72,152.26,18,6,0.298,24,912.0,0.0,0,35.4,907.2
22,2025-12-03,18.69,313.2,122.45,27,5,0.347,40,1520.0,40.35,23,35.4,432.2
23,2025-12-03,28.48,478.82,250.86,26,7,0.529,0,0.0,235.13,33,35.4,651.01
24,2025-12-03,33.03,544.53,101.28,18,8,0.195,0,0.0,0.0,0,35.4,655.0
1,2025-12-04,13.61,250.23,111.22,15,4,0.793,0,0.0,99.62,26,36.8,337.31
2,2025-12-04,22.72,417.36,159.61,26,5,0.85,0,0.0,242.89,55,36.8,688.0
3,2025-12-04,17.83,323.33,101.94,16,8,0.897,40,1520.0,45.64,17,36.8,389.24
4,2025-12-04,18.29,326.02,108.74,16,4,0.725,0,0.0,64.47,28,36.8,809.1
5,2025-12-04,25.88,475.78,104.47,23,8,0.372,12,456.0,328.32,61,36.8,812.41
6,2025-12-04,34.3,794.5,78.52,24,5,0.35,40,1520.0,370.99,49,36.8,481.52
7,2025-12-04,23.38,515.23,95.06,9,4,0.526,0,0.0,249.44,48,36.8,655.16
8,2025-12-04,27.51,625.25,160.26,15,7,0.045,24,912.0,72.8,32,36.8,490.99
9,2025-12-04,18.1,403.86,63.58,14,3,0.909,12,456.0,120.83,29,36.8,642.63
10,2025-12-04,22.64,511.89,72.45,12,4,0.686,0,0.0,88.24,33,36.8,377.81
11,2025-12-04,27.91,640.83,75.89,12,3,0.037,0,0.0,184.56,27,36.8,641.56
12,2025-12-04,25.67,573.48,110.12,23,6,0.151,0,0.0,228.29,48,36.8,672.08
13,2025-12-04,11.01,232.91,47.11,15,9,0.358,0,0.0,65.33,31,36.8,582.17
14,2025-12-04,28.74,603.37,164.66,16,8,0.676,0,0.0,350.13,60,36.8,357.86
15,2025-12-04,14.22,302.44,92.81,16,4,0.028,0,0.0,186.86,36,36.8,809.81
16,2025-12-04,21.55,460.45,157.24,14,3,0.826,0,0.0,134.38,33,36.8,322.21
17,2025-12-04,18.56,394.6,71.35,21,4,0.49,0,0.0,284.25,49,36.8,368.2
18,2025-12-04,16.46,349.22,193.42,31,10,0.606,0,0.0,259.3,34,36.8,866.08
19,2025-12-04,23.83,493.74,140.41,28,7,0.115,0,0.0,49.15,15,36.8,725.84
20,2025-12-04,13.98,234.14,53.18,14,5,0.085,0,0.0,364.69,54,36.8,351.64
21,2025-12-04,19.43,324.57,162.8,31,3,0.69,0,0.0,338.67,48,36.8,908.5
22,2025-12-04,28.67,480.59,122.12,20,3,0.653,24,912.0,59.15,26,36.8,429.12
23,2025-12-04,29.79,500.79,243.59,22,10,0.764,0,0.0,141.93,24,36.8,655.32
24,2025-12-04,24.99,412.04,101.32,18,6,0.83,0,0.0,240.43,35,36.8,652.35
1,2025-12-05,19.87,365.43,115.91,13,2,0.048,0,0.0,77.59,23,38.2,336.63
2,2025-12-05,39.18,720.03,172.76,31,10,0.313,0,0.0,297.14,56,38.2,692.68
3,2025-12-05,14.12,256.08,83.99,12,4,0.887,0,0.0,181.89,33,38.2,394.85
4,2025-12-05,21.53,383.91,114.2,17,4,0.833,0,0.0,159.27,38,38.2,813.49
5,2025-12-05,29.47,541.99,119.87,19,11,0.763,0,0.0,86.84,33,38.2,819.36
6,2025-12-05,25.92,600.58,77.28,16,4,0.706,0,0.0,263.82,46,38.2,477.59
7,2025-12-05,13.71,302.11,96.01,14,3,0.948,40,1520.0,127.17,41,38.2,656.53
8,2025-12-05,30.26,687.7,143.6,19,8,0.336,24,912.0,44.64,25,38.2,497.85
9,2025-12-05,18.64,415.96,47.73,17,5,0.66,0,0.0,143.31,28,38.2,637.18
10,2025-12-05,27.75,627.45,65.8,16,5,0.684,0,0.0,158.24,48,38.2,379.71
11,2025-12-05,25.87,594.01,73.92,19,4,0.792,0,0.0,183.43,30,38.2,640.92
12,2025-12-05,18.2,406.78,96.85,17,4,0.98,0,0.0,338.83,59,38.2,669.23
13,2025-12-05,27.61,584.32,51.72,10,9,0.72,0,0.0,61.99,30,38.2,573.79
14,2025-12-05,22.49,472.13,156.41,17,4,0.993,0,0.0,42.62,21,38.2,360.99
15,2025-12-05,23.04,490.3,93.31,14,5,0.71,0,0.0,50.55,22,38.2,802.22
16,2025-12-05,12.42,265.4,156.56,20,4,0.534,12,456.0,88.8,23,38.2,327.93
17,2025-12-05,26.83,570.31,106.4,15,6,0.38,0,0.0,97.76,32,38.2,364.39
18,2025-12-05,20.63,437.77,180.56,25,8,0.785,0,0.0,234.15,34,38.2,866.88
19,2025-12-05,28.74,595.48,112.2,24,7,0.429,0,0.0,44.46,15,38.2,731.34
20,2025-12-05,13.58,227.39,66.26,10,3,0.667,0,0.0,214.24,42,38.2,346.69
21,2025-12-05,15.24,254.53,178.75,14,8,0.941,40,1520.0,137.75,33,38.2,910.28
22,2025-12-05,20.73,347.53,153.72,13,6,0.185,12,456.0,196.55,43,38.2,439.71
23,2025-12-05,21.99,369.68,280.5,23,4,0.966,40,1520.0,109.81,24,38.2,650.97
24,2025-12-05,38.97,642.67,132.67,20,5,0.469,0,0.0,52.54,17,38.2,650.9
1,2025-12-06,23.01,423.25,131.49,8,6,0.172,0,0.0,243.88,41,39.6,336.74
2,2025-12-06,16.45,302.24,158.48,29,9,0.058,24,912.0,141.8,46,39.6,689.98
3,2025-12-06,20.89,378.91,106.83,15,6,0.865,40,1520.0,174.39,31,39.6,386.15
4,2025-12-06,20.2,360.17,116.68,12,5,0.223,0,0.0,50.71,26,39.6,817.97
5,2025-12-06,15.69,288.51,97.93,17,8,0.385,24,912.0,303.81,58,39.6,817.45
6,2025-12-06,25.02,579.71,82.66,16,7,0.699,0,0.0,42.67,19,39.6,476.65
7,2025-12-06,19.69,434.04,96.19,16,6,0.18,0,0.0,126.35,37,39.6,655.99
8,2025-12-06,32.32,734.66,169.99,17,7,0.373,0,0.0,184.63,43,39.6,495.26
9,2025-12-06,19.96,445.55,99.84,10,4,0.312,0,0.0,0.0,0,39.6,637.77
10,2025-12-06,17.39,393.35,73.52,15,10,0.08,0,0.0,382.32,68,39.6,384.54
11,2025-12-06,21.49,493.46,90.93,11,2,0.212,24,912.0,226.4,28,39.6,638.72
12,2025-12-06,26.06,582.47,98.12,17,6,0.456,0,0.0,91.27,33,39.6,665.82
13,2025-12-06,24.75,523.85,20.0,19,4,0.428,0,0.0,49.64,30,39.6,578.67
14,2025-12-06,25.58,537.07,141.56,27,5,0.17,0,0.0,61.79,28,39.6,361.23
15,2025-12-06,16.9,359.58,91.4,19,5,0.983,0,0.0,393.1,50,39.6,811.88
16,2025-12-06,16.95,362.43,164.42,16,6,0.622,0,0.0,75.26,23,39.6,324.15
17,2025-12-06,24.83,527.94,128.88,10,2,0.685,0,0.0,135.52,35,39.6,365.01
18,2025-12-06,27.55,584.64,174.59,20,5,0.662,12,456.0,301.64,37,39.6,863.97
19,2025-12-06,30.32,628.28,102.52,24,11,0.548,0,0.0,47.27,16,39.6,728.11
20,2025-12-06,22.71,380.29,79.91,9,7,0.866,0,0.0,53.16,23,39.6,347.69
21,2025-12-06,25.02,417.97,159.88,24,6,0.686,0,0.0,46.36,22,39.6,917.94
22,2025-12-06,31.2,523.05,144.14,18,4,0.656,18,684.0,243.58,47,39.6,433.4
23,2025-12-06,32.94,553.95,251.94,28,7,0.881,24,912.0,301.89,32,39.6,648.73
24,2025-12-06,20.4,336.37,142.07,20,5,0.801,0,0.0,398.49,46,39.6,647.69
1,2025-12-07,22.5,413.82,112.48,13,5,0.607,0,0.0,359.95,46,6.0,323.78
2,2025-12-07,30.86,567.26,123.18,31,8,0.501,0,0.0,106.69,36,6.0,680.38
3,2025-12-07,22.67,411.31,77.34,23,7,0.837,24,912.0,294.25,39,6.0,369.14
4,2025-12-07,20.76,370.25,96.51,21,5,0.09,0,0.0,137.95,38,6.0,799.8
5,2025-12-07,27.68,509.17,107.05,25,7,0.275,12,456.0,53.72,29,6.0,810.14
6,2025-12-07,30.3,702.27,74.04,18,6,0.757,40,1520.0,103.1,24,6.0,469.36
7,2025-12-07,15.96,351.78,98.41,12,8,0.842,0,0.0,111.85,37,6.0,642.82
8,2025-12-07,18.45,419.5,156.93,19,6,0.926,0,0.0,153.87,40,6.0,483.44
9,2025-12-07,18.86,421.11,115.06,11,2,0.728,0,0.0,99.91,30,6.0,629.55
10,2025-12-07,16.94,383.16,86.44,9,4,0.442,0,0.0,70.46,30,6.0,363.01
11,2025-12-07,16.82,386.29,87.13,14,3,0.167,0,0.0,73.93,20,6.0,629.89
12,2025-12-07,30.27,676.56,115.64,13,6,0.717,0,0.0,254.24,51,6.0,658.33
13,2025-12-07,20.33,430.21,26.96,7,5,0.544,0,0.0,147.93,46,6.0,565.05
14,2025-12-07,19.86,417.01,160.56,15,7,0.639,0,0.0,197.73,45,6.0,354.66
15,2025-12-07,20.58,437.98,96.29,11,5,0.397,24,912.0,93.31,25,6.0,794.47
16,2025-12-07,18.41,393.64,152.55,19,4,0.121,24,912.0,346.14,53,6.0,315.72
17,2025-12-07,23.91,508.34,144.81,12,5,0.681,0,0.0,163.07,40,6.0,354.59
18,2025-12-07,42.16,894.92,197.73,17,6,0.418,0,0.0,308.1,35,6.0,849.88
19,2025-12-07,34.94,724.21,121.45,22,6,0.637,12,456.0,65.45,19,6.0,716.76
20,2025-12-07,19.96,334.38,45.7,14,6,0.495,0,0.0,68.63,26,6.0,336.3
21,2025-12-07,38.21,638.36,185.0,16,4,0.666,12,456.0,105.7,29,6.0,903.64
22,2025-12-07,28.49,477.65,135.8,15,6,0.321,12,456.0,82.45,31,6.0,420.86
23,2025-12-07,25.23,424.32,239.39,26,9,0.783,24,912.0,249.91,34,6.0,637.9
24,2025-12-07,23.46,386.99,125.76,18,10,0.331,0,0.0,72.41,21,6.0,639.6
1,2025-12-08,18.2,334.84,84.87,20,4,0.801,0,0.0,343.57,42,7.4,326.8
2,2025-12-08,34.31,630.74,111.54,24,11,0.285,0,0.0,59.72,28,7.4,680.48
3,2025-12-08,16.79,304.69,102.52,12,8,0.483,0,0.0,63.91,21,7.4,377.71
4,2025-12-08,23.48,418.74,112.32,16,7,0.768,0,0.0,144.25,34,7.4,808.73
5,2025-12-08,22.18,408.07,105.12,17,2,0.816,0,0.0,211.35,49,7.4,811.21
6,2025-12-08,24.59,569.85,90.61,19,3,0.92,40,1520.0,242.52,37,7.4,468.87
7,2025-12-08,20.59,454.04,102.46,13,8,0.52,0,0.0,46.9,23,7.4,640.19
8,2025-12-08,28.26,642.52,176.4,17,5,0.528,0,0.0,239.76,48,7.4,483.39
9,2025-12-08,21.89,488.86,122.76,17,7,0.025,18,684.0,121.75,25,7.4,630.88
10,2025-12-08,24.07,544.57,130.29,9,3,0.872,0,0.0,49.03,25,7.4,367.82
11,2025-12-08,29.74,683.11,81.61,11,4,0.777,0,0.0,45.54,15,7.4,628.82
12,2025-12-08,25.83,577.52,103.68,15,8,0.295,18,684.0,155.01,46,7.4,666.33
13,2025-12-08,14.76,312.35,20.0,11,5,0.399,0,0.0,94.11,36,7.4,565.3
14,2025-12-08,24.49,514.39,161.81,27,5,0.231,0,0.0,40.22,21,7.4,353.41
15,2025-12-08,20.13,428.38,97.85,15,4,0.62,0,0.0,54.53,22,7.4,797.57
16,2025-12-08,28.44,608.17,158.27,15,7,0.144,0,0.0,41.13,20,7.4,317.59
17,2025-12-08,24.77,526.76,136.5,16,4,0.123,0,0.0,174.55,38,7.4,348.15
18,2025-12-08,33.43,709.68,164.27,28,8,0.504,0,0.0,62.36,18,7.4,855.59
19,2025-12-08,30.09,623.66,132.75,17,8,0.598,0,0.0,290.88,31,7.4,716.15
20,2025-12-08,17.09,286.25,80.8,8,2,0.594,0,0.0,251.63,46,7.4,337.59
21,2025-12-08,18.43,308.02,194.82,21,7,0.299,18,684.0,170.8,36,7.4,905.68
22,2025-12-08,17.66,296.17,109.82,23,8,0.031,40,1520.0,172.73,44,7.4,423.44
23,2025-12-08,28.78,484.01,222.83,31,9,0.59,0,0.0,109.97,22,7.4,637.41
24,2025-12-08,24.57,405.25,133.57,20,5,0.338,12,456.0,0.0,0,7.4,639.97
1,2025-12-09,12.11,222.81,105.3,14,4,0.38,18,684.0,51.48,19,8.8,329.26
2,2025-12-09,37.14,682.7,142.98,20,8,0.949,18,684.0,0.0,0,8.8,674.66
3,2025-12-09,17.18,311.79,104.02,16,10,0.115,18,684.0,120.59,26,8.8,381.32
4,2025-12-09,14.29,254.83,136.72,13,6,0.961,0,0.0,82.77,31,8.8,804.17
5,2025-12-09,20.92,384.83,128.91,17,8,0.171,12,456.0,150.81,46,8.8,807.23
6,2025-12-09,20.26,469.57,141.44,13,5,0.056,12,456.0,301.94,45,8.8,469.56
7,2025-12-09,21.65,477.4,115.93,10,5,0.138,0,0.0,45.42,25,8.8,646.33
8,2025-12-09,22.84,519.28,140.1,27,4,0.451,0,0.0,109.99,35,8.8,483.09
9,2025-12-09,14.85,331.69,129.29,17,6,0.964,18,684.0,176.66,35,8.8,631.07
10,2025-12-09,21.49,486.21,127.1,15,4,0.723,24,912.0,153.05,47,8.8,373.13
11,2025-12-09,17.19,394.89,115.41,9,6,0.517,0,0.0,201.35,29,8.8,636.57
12,2025-12-09,22.39,500.63,93.63,21,7,0.211,12,456.0,46.08,26,8.8,659.88
13,2025-12-09,26.89,569.25,20.0,12,3,0.545,0,0.0,64.44,31,8.8,572.53
14,2025-12-09,31.91,670.26,151.42,22,8,0.63,40,1520.0,333.48,53,8.8,356.22
15,2025-12-09,26.8,570.52,90.8,14,6,0.791,12,456.0,51.52,21,8.8,798.01
16,2025-12-09,20.54,439.17,151.44,13,8,0.386,0,0.0,54.45,23,8.8,315.7
17,2025-12-09,16.05,341.3,150.5,15,7,0.044,0,0.0,99.75,30,8.8,348.93
18,2025-12-09,23.2,492.5,121.74,36,7,0.241,0,0.0,125.82,22,8.8,851.6
19,2025-12-09,28.97,600.53,117.7,26,10,0.883,0,0.0,170.66,32,8.8,718.81
20,2025-12-09,13.41,224.7,80.27,17,5,0.364,0,0.0,376.96,59,8.8,330.3
21,2025-12-09,34.12,570.23,188.01,22,8,0.09,12,456.0,165.19,39,8.8,903.51
22,2025-12-09,24.26,406.87,115.34,21,6,0.765,18,684.0,52.13,26,8.8,427.09
23,2025-12-09,38.47,647.2,205.74,30,5,0.8,24,912.0,210.55,30,8.8,643.8
24,2025-12-09,26.07,430.13,186.66,21,10,0.565,0,0.0,77.25,21,8.8,640.62
1,2025-12-10,19.47,358.33,95.34,20,7,0.955,0,0.0,49.08,17,10.2,326.19
2,2025-12-10,37.37,687.15,146.37,18,12,0.299,0,0.0,331.58,59,10.2,684.87
3,2025-12-10,28.52,517.47,82.53,16,5,0.014,0,0.0,58.45,19,10.2,380.38
4,2025-12-10,26.52,473.05,124.31,20,4,0.235,0,0.0,68.03,31,10.2,808.68
5,2025-12-10,27.93,513.99,165.17,16,5,0.128,0,0.0,240.84,48,10.2,810.43
6,2025-12-10,25.1,581.78,133.92,17,10,0.025,0,0.0,235.17,39,10.2,474.08
7,2025-12-10,17.6,388.15,90.49,15,2,0.208,18,684.0,48.65,23,10.2,640.3
8,2025-12-10,24.88,565.76,146.17,17,6,0.691,12,456.0,79.91,30,10.2,489.5
9,2025-12-10,12.54,280.13,126.19,15,5,0.951,0,0.0,44.88,17,10.2,633.77
10,2025-12-10,14.68,332.19,101.81,15,5,0.371,12,456.0,66.76,28,10.2,370.81
11,2025-12-10,19.68,452.11,121.27,17,6,0.575,0,0.0,329.0,37,10.2,631.4
12,2025-12-10,17.39,388.77,97.3,14,5,0.163,0,0.0,307.1,54,10.2,660.95
13,2025-12-10,12.21,258.54,20.0,12,5,0.028,0,0.0,125.96,42,10.2,566.82
14,2025-12-10,19.49,409.51,144.27,20,10,0.597,0,0.0,55.37,22,10.2,355.31
15,2025-12-10,15.79,336.17,85.52,16,5,0.839,0,0.0,69.98,23,10.2,800.4
16,2025-12-10,28.51,609.8,171.25,20,7,0.498,24,912.0,0.0,0,10.2,323.44
17,2025-12-10,16.52,351.38,139.97,12,4,0.282,0,0.0,160.09,36,10.2,357.42
18,2025-12-10,17.8,377.94,141.53,23,12,0.633,0,0.0,62.9,17,10.2,854.38
19,2025-12-10,24.29,503.67,122.82,22,5,0.36,0,0.0,323.3,39,10.2,720.47
20,2025-12-10,18.92,316.96,97.38,12,6,0.552,0,0.0,110.84,31,10.2,335.87
21,2025-12-10,20.56,343.58,196.64,17,5,0.75,0,0.0,109.52,28,10.2,901.84
22,2025-12-10,21.71,364.05,158.58,15,4,0.442,0,0.0,370.58,62,10.2,423.32
23,2025-12-10,31.37,527.83,202.85,30,10,0.189,0,0.0,129.14,25,10.2,644.16
24,2025-12-10,23.54,388.39,200.62,17,7,0.703,24,912.0,40.91,15,10.2,644.03
1,2025-12-11,26.71,491.51,98.5,22,4,0.336,0,0.0,50.7,19,11.6,325.36
2,2025-12-11,26.69,490.73,157.96,18,7,0.827,18,684.0,396.39,62,11.6,688.0
3,2025-12-11,13.34,242.08,82.22,14,6,0.728,0,0.0,59.08,19,11.6,382.48
4,2025-12-11,20.1,358.58,105.04,22,5,0.013,0,0.0,0.0,0,11.6,809.05
5,2025-12-11,20.93,385.1,133.97,26,8,0.207,0,0.0,101.73,31,11.6,811.66
6,2025-12-11,22.71,526.43,163.36,12,6,0.429,18,684.0,0.0,0,11.6,468.11
7,2025-12-11,17.43,384.44,77.59,15,6,0.181,24,912.0,202.58,45,11.6,646.52
8,2025-12-11,25.98,590.8,136.32,16,5,0.654,0,0.0,56.15,27,11.6,491.95
9,2025-12-11,20.42,456.0,136.63,15,6,0.774,0,0.0,54.88,18,11.6,631.43
10,2025-12-11,14.15,320.13,132.37,11,3,0.036,0,0.0,197.55,50,11.6,375.87
11,2025-12-11,17.76,408.05,111.95,15,4,0.737,24,912.0,271.32,35,11.6,636.82
12,2025-12-11,18.78,419.94,123.0,14,5,0.122,0,0.0,49.33,26,11.6,665.42
13,2025-12-11,15.75,333.52,26.82,9,4,0.469,0,0.0,94.53,37,11.6,570.43
14,2025-12-11,31.39,659.57,156.71,24,8,0.487,0,0.0,284.06,51,11.6,354.04
15,2025-12-11,19.58,416.94,81.6,17,6,0.194,24,912.0,162.12,34,11.6,794.54
16,2025-12-11,22.99,491.72,151.5,22,5,0.765,0,0.0,54.19,22,11.6,319.06
17,2025-12-11,23.7,504.26,155.07,17,7,0.88,18,684.0,42.01,19,11.6,354.27
18,2025-12-11,35.59,755.83,139.23,29,8,0.184,0,0.0,135.09,23,11.6,853.03
19,2025-12-11,19.36,401.37,116.64,25,8,0.516,0,0.0,109.06,24,11.6,723.81
20,2025-12-11,13.03,218.3,94.79,16,3,0.893,0,0.0,51.06,22,11.6,336.31
21,2025-12-11,26.33,440.08,177.01,28,9,0.771,0,0.0,393.69,54,11.6,903.19
22,2025-12-11,30.42,510.25,168.55,20,6,0.875,0,0.0,108.71,35,11.6,425.82
23,2025-12-11,41.75,702.55,208.3,18,9,1.0,24,912.0,141.14,25,11.6,645.65
24,2025-12-11,24.88,410.5,188.73,20,9,0.602,12,456.0,181.71,31,11.6,640.38
1,2025-12-12,20.06,369.17,107.08,9,4,0.901,12,456.0,70.69,20,13.0,330.39
2,2025-12-12,23.43,430.85,122.3,34,9,0.982,0,0.0,392.36,71,13.0,680.31
3,2025-12-12,20.01,363.26,75.12,15,6,0.486,0,0.0,0.0,0,13.0,387.8
4,2025-12-12,17.43,310.98,109.33,17,4,0.008,24,912.0,56.43,26,13.0,812.24
5,2025-12-12,22.57,415.32,128.5,20,8,0.147,0,0.0,87.15,33,13.0,814.79
6,2025-12-12,17.05,395.42,129.47,20,3,0.819,0,0.0,109.91,31,13.0,466.28
7,2025-12-12,14.79,326.36,49.43,16,4,0.206,0,0.0,75.86,28,13.0,646.07
8,2025-12-12,36.32,826.28,145.33,18,5,0.161,12,456.0,154.7,44,13.0,486.61
9,2025-12-12,22.94,512.54,140.64,12,3,0.938,0,0.0,61.72,21,13.0,634.9
10,2025-12-12,21.14,478.52,142.09,12,1,0.503,0,0.0,41.75,25,13.0,370.4
11,2025-12-12,13.72,315.22,87.85,14,4,0.879,0,0.0,107.58,21,13.0,637.65
12,2025-12-12,26.07,582.97,116.64,19,4,0.292,24,912.0,284.86,50,13.0,664.71
13,2025-12-12,17.11,362.44,31.43,8,3,0.281,0,0.0,233.94,57,13.0,570.94
14,2025-12-12,27.84,585.05,161.54,17,4,0.909,12,456.0,53.58,23,13.0,356.68
15,2025-12-12,20.74,441.65,94.47,16,5,0.502,24,912.0,73.8,25,13.0,798.44
16,2025-12-12,22.57,482.87,149.59,18,7,0.46,0,0.0,153.7,29,13.0,317.65
17,2025-12-12,22.32,474.9,118.18,24,5,0.835,0,0.0,81.15,28,13.0,358.26
18,2025-12-12,45.17,959.26,187.86,18,7,0.57,0,0.0,143.57,24,13.0,859.17
19,2025-12-12,31.24,647.92,175.13,19,4,0.224,0,0.0,57.19,19,13.0,723.33
20,2025-12-12,23.68,396.81,87.29,13,4,0.656,18,684.0,395.75,54,13.0,336.22
21,2025-12-12,30.4,508.14,182.2,18,8,0.779,0,0.0,69.22,23,13.0,911.11
22,2025-12-12,30.43,510.45,139.13,23,6,0.559,12,456.0,40.56,22,13.0,426.43
23,2025-12-12,37.92,638.12,139.59,34,14,0.539,18,684.0,94.5,22,13.0,641.35
24,2025-12-12,23.72,391.42,177.82,24,5,0.239,0,0.0,54.09,18,13.0,644.88
1,2025-12-13,26.32,484.57,102.49,18,3,0.562,0,0.0,65.86,22,14.4,329.23
2,2025-12-13,20.66,380.03,128.51,25,7,0.346,12,456.0,196.14,44,14.4,683.75
3,2025-12-13,21.78,395.36,112.19,17,5,0.251,12,456.0,103.16,25,14.4,380.19
4,2025-12-13,23.25,414.99,111.51,9,5,0.164,0,0.0,93.94,33,14.4,813.47
5,2025-12-13,17.07,314.23,152.63,15,6,0.59,0,0.0,84.36,31,14.4,809.18
6,2025-12-13,22.26,516.24,158.92,18,8,0.452,0,0.0,90.46,25,14.4,474.69
7,2025-12-13,23.66,521.95,63.09,16,4,0.311,0,0.0,59.69,25,14.4,648.3
8,2025-12-13,24.28,552.33,109.83,23,5,0.379,0,0.0,40.61,22,14.4,489.41
9,2025-12-13,20.04,447.66,111.79,20,5,0.048,0,0.0,208.48,33,14.4,631.99
10,2025-12-13,21.07,476.88,123.19,18,7,0.009,0,0.0,58.95,31,14.4,373.96
11,2025-12-13,24.2,556.13,94.52,16,4,0.158,0,0.0,70.24,17,14.4,637.42
12,2025-12-13,21.21,474.4,112.24,16,3,0.553,24,912.0,190.83,44,14.4,666.89
13,2025-12-13,18.74,396.92,31.5,9,6,0.661,24,912.0,123.38,41,14.4,573.42
14,2025-12-13,28.05,589.5,167.26,18,10,0.945,24,912.0,346.22,61,14.4,354.11
15,2025-12-13,22.24,473.74,102.72,15,5,0.911,0,0.0,187.01,39,14.4,804.22
16,2025-12-13,24.99,534.55,142.88,19,4,0.917,0,0.0,107.0,25,14.4,322.67
17,2025-12-13,18.3,389.36,79.11,20,6,0.261,0,0.0,167.86,35,14.4,352.27
18,2025-12-13,28.0,594.72,202.18,24,8,0.628,40,1520.0,104.72,23,14.4,860.16
19,2025-12-13,27.66,573.82,197.7,20,11,0.64,12,456.0,264.89,39,14.4,721.71
20,2025-12-13,15.04,252.07,104.61,14,5,0.141,18,684.0,0.0,0,14.4,340.52
21,2025-12-13,21.04,351.73,168.95,21,5,0.717,0,0.0,139.99,36,14.4,904.06
22,2025-12-13,17.33,290.79,143.61,17,4,0.817,0,0.0,49.19,26,14.4,428.89
23,2025-12-13,39.12,658.38,136.9,20,6,0.453,24,912.0,335.71,35,14.4,646.89
24,2025-12-13,20.82,343.71,134.89,28,7,0.232,24,912.0,163.13,31,14.4,651.1
1,2025-12-14,25.96,477.84,127.15,8,6,0.5,18,684.0,398.14,50,15.8,336.65
2,2025-12-14,19.79,364.13,160.73,20,8,0.311,0,0.0,63.06,31,15.8,688.17
3,2025-12-14,20.31,368.69,116.85,15,6,0.002,12,456.0,162.22,31,15.8,386.53
4,2025-12-14,25.62,457.33,97.47,18,10,0.48,0,0.0,268.42,53,15.8,809.19
5,2025-12-14,29.89,550.21,133.43,22,5,0.009,12,456.0,386.33,65,15.8,817.27
6,2025-12-14,17.02,394.8,164.91,15,7,0.662,12,456.0,0.0,0,15.8,477.04
7,2025-12-14,23.7,522.84,66.33,9,5,0.8,40,1520.0,40.12,25,15.8,651.59
8,2025-12-14,22.51,512.17,117.13,16,6,0.979,24,912.0,155.52,43,15.8,492.7
9,2025-12-14,16.88,377.11,93.18,18,6,0.552,0,0.0,329.73,43,15.8,641.21
10,2025-12-14,14.73,333.36,131.64,17,3,0.779,0,0.0,195.27,48,15.8,372.56
11,2025-12-14,18.63,428.15,102.23,16,8,0.102,0,0.0,44.44,13,15.8,637.63
12,2025-12-14,17.85,399.28,122.69,14,8,0.443,0,0.0,394.77,62,15.8,661.49
13,2025-12-14,13.64,289.02,67.63,8,3,0.273,12,456.0,146.25,42,15.8,573.24
14,2025-12-14,31.57,663.47,161.6,21,6,0.327,18,684.0,58.74,28,15.8,357.47
15,2025-12-14,23.45,499.45,94.75,16,7,0.743,0,0.0,64.68,22,15.8,802.4
16,2025-12-14,27.01,577.9,159.31,16,7,0.572,12,456.0,73.45,24,15.8,321.64
17,2025-12-14,23.14,492.42,80.77,17,5,0.371,0,0.0,65.99,24,15.8,358.13
18,2025-12-14,35.24,748.53,229.15,19,8,0.223,0,0.0,389.96,39,15.8,857.27
19,2025-12-14,31.84,660.52,178.12,23,7,0.98,0,0.0,380.44,43,15.8,717.35
20,2025-12-14,20.04,336.03,120.76,7,8,0.629,0,0.0,83.53,27,15.8,336.97
21,2025-12-14,38.56,644.85,164.87,18,9,0.145,0,0.0,177.42,37,15.8,910.38
22,2025-12-14,25.18,422.51,188.3,16,11,0.709,0,0.0,56.04,26,15.8,423.78
23,2025-12-14,21.21,357.02,162.02,20,10,0.059,0,0.0,162.65,27,15.8,644.83
24,2025-12-14,24.05,396.99,141.37,15,4,0.417,0,0.0,81.79,20,15.8,648.68
1,2025-12-15,13.53,249.21,179.37,12,4,0.69,12,456.0,0.0,0,17.2,331.41
2,2025-12-15,39.68,729.99,155.22,21,6,0.434,12,456.0,244.79,53,17.2,683.68
3,2025-12-15,18.06,327.85,77.17,21,2,0.177,0,0.0,300.59,36,17.2,385.09
4,2025-12-15,23.27,415.42,76.96,16,3,0.197,0,0.0,236.98,52,17.2,809.74
5,2025-12-15,25.78,474.72,137.81,19,6,0.492,0,0.0,41.58,23,17.2,811.86
6,2025-12-15,26.55,615.82,144.28,24,5,0.498,18,684.0,108.8,29,17.2,476.29
7,2025-12-15,26.21,578.36,58.49,15,6,0.699,0,0.0,59.18,27,17.2,646.43
8,2025-12-15,23.86,543.05,136.8,20,8,0.17,18,684.0,0.0,0,17.2,493.18
9,2025-12-15,18.53,414.18,99.71,15,8,0.391,0,0.0,153.11,31,17.2,629.99
10,2025-12-15,19.43,439.8,104.37,19,5,0.289,0,0.0,64.0,29,17.2,377.15
11,2025-12-15,23.01,529.01,84.33,13,6,0.7,0,0.0,303.12,33,17.2,638.06
12,2025-12-15,26.96,603.09,120.84,16,5,0.477,0,0.0,69.13,26,17.2,667.57
13,2025-12-15,12.62,267.39,59.09,7,5,0.468,40,1520.0,59.31,29,17.2,577.21
14,2025-12-15,24.04,505.28,178.36,21,5,0.732,0,0.0,139.17,42,17.2,353.16
15,2025-12-15,20.54,437.65,98.61,12,6,0.296,24,912.0,67.53,24,17.2,806.8
16,2025-12-15,23.45,501.72,150.05,20,5,0.921,0,0.0,181.54,35,17.2,319.31
17,2025-12-15,37.89,806.39,59.28,17,11,0.898,24,912.0,257.15,44,17.2,357.37
18,2025-12-15,23.22,493.21,252.26,20,8,0.855,18,684.0,61.39,19,17.2,856.31
19,2025-12-15,22.01,456.6,178.17,22,10,0.268,0,0.0,121.77,25,17.2,720.48
20,2025-12-15,18.38,308.2,101.16,18,4,0.54,12,456.0,54.61,24,17.2,340.22
21,2025-12-15,27.2,454.95,139.87,20,7,0.791,0,0.0,298.17,47,17.2,911.76
22,2025-12-15,31.34,525.96,223.61,12,4,0.197,24,912.0,154.94,41,17.2,430.31
23,2025-12-15,45.36,763.58,151.57,28,7,0.433,18,684.0,45.85,15,17.2,647.7
24,2025-12-15,31.89,526.46,122.58,22,9,0.984,0,0.0,146.11,28,17.2,645.57
1,2025-12-16,21.21,390.66,162.76,17,4,0.653,40,1520.0,340.05,45,18.6,331.17
2,2025-12-16,26.52,487.95,162.61,27,8,0.789,0,0.0,80.83,34,18.6,691.88
3,2025-12-16,24.11,437.85,75.15,14,5,0.875,12,456.0,179.66,31,18.6,389.67
4,2025-12-16,13.52,241.41,44.58,19,6,0.895,18,684.0,117.93,32,18.6,802.58
5,2025-12-16,17.83,328.29,98.6,27,8,0.542,40,1520.0,181.95,42,18.6,819.79
6,2025-12-16,22.6,524.21,118.45,24,6,0.255,0,0.0,399.9,53,18.6,471.78
7,2025-12-16,26.13,576.76,73.96,12,6,0.425,0,0.0,46.98,24,18.6,651.47
8,2025-12-16,34.24,779.24,130.96,19,7,0.959,0,0.0,315.7,56,18.6,489.49
9,2025-12-16,29.62,662.06,99.06,18,6,0.77,18,684.0,179.14,34,18.6,631.43
10,2025-12-16,25.44,575.91,93.26,13,8,0.493,18,684.0,292.99,58,18.6,379.36
11,2025-12-16,22.4,514.98,102.01,18,6,0.668,0,0.0,138.02,22,18.6,637.7
12,2025-12-16,22.09,494.4,142.72,18,8,0.679,18,684.0,186.7,46,18.6,673.17
13,2025-12-16,14.65,310.33,61.56,14,6,0.187,0,0.0,90.44,32,18.6,571.3
14,2025-12-16,24.13,507.35,171.28,18,7,0.472,24,912.0,359.58,59,18.6,356.37
15,2025-12-16,23.74,505.76,102.25,14,4,0.477,12,456.0,322.46,44,18.6,802.36
16,2025-12-16,28.04,600.05,156.52,15,4,0.834,0,0.0,212.45,37,18.6,315.56
17,2025-12-16,28.62,609.15,62.51,16,5,0.127,0,0.0,0.0,0,18.6,357.47
18,2025-12-16,30.23,642.27,269.15,20,11,0.445,0,0.0,0.0,0,18.6,863.06
19,2025-12-16,25.61,531.38,201.07,17,7,0.325,0,0.0,60.22,20,18.6,725.15
20,2025-12-16,17.37,291.23,113.6,17,5,0.589,0,0.0,130.71,31,18.6,337.51
21,2025-12-16,30.08,503.07,148.73,20,9,0.605,12,456.0,52.8,22,18.6,905.91
22,2025-12-16,22.29,374.09,183.98,23,8,0.611,0,0.0,171.83,46,18.6,428.18
23,2025-12-16,23.69,398.89,172.23,24,9,0.052,12,456.0,85.29,19,18.6,647.97
24,2025-12-16,36.98,610.55,84.98,35,9,0.231,12,456.0,52.03,19,18.6,648.91
1,2025-12-17,10.87,200.11,140.0,22,2,0.262,0,0.0,42.89,20,20.0,333.25
2,2025-12-17,21.35,392.91,194.16,27,10,0.517,0,0.0,258.22,57,20.0,683.12
3,2025-12-17,22.4,406.91,83.32,13,3,0.139,24,912.0,383.08,49,20.0,381.79
4,2025-12-17,24.35,434.82,51.57,19,6,0.6,0,0.0,179.52,41,20.0,810.38
5,2025-12-17,25.44,468.47,92.1,21,7,0.005,0,0.0,41.57,22,20.0,811.29
6,2025-12-17,22.1,512.73,111.75,19,8,0.979,18,684.0,325.86,46,20.0,477.75
7,2025-12-17,13.23,291.96,71.47,9,5,0.02,24,912.0,115.46,38,20.0,645.61
8,2025-12-17,19.04,433.36,126.06,20,9,0.168,40,1520.0,122.0,39,20.0,493.0
9,2025-12-17,24.49,547.47,116.2,14,3,0.011,0,0.0,336.45,47,20.0,635.61
10,2025-12-17,22.5,509.46,95.51,9,3,0.133,40,1520.0,204.7,48,20.0,373.8
11,2025-12-17,21.31,490.1,49.21,20,4,0.652,0,0.0,0.0,0,20.0,641.21
12,2025-12-17,18.97,424.53,123.91,18,4,0.064,40,1520.0,203.5,47,20.0,670.4
13,2025-12-17,12.65,268.09,79.31,9,4,0.913,18,684.0,44.04,25,20.0,573.99
14,2025-12-17,26.77,562.8,186.49,23,5,0.853,12,456.0,94.87,37,20.0,352.39
15,2025-12-17,22.18,472.62,122.25,13,6,0.58,0,0.0,238.44,36,20.0,800.49
16,2025-12-17,24.36,521.39,115.85,27,6,0.302,0,0.0,362.01,48,20.0,318.48
17,2025-12-17,23.06,490.83,59.83,10,5,0.454,0,0.0,229.11,44,20.0,362.12
18,2025-12-17,21.97,466.93,285.31,29,8,0.52,18,684.0,331.95,34,20.0,854.34
19,2025-12-17,28.13,583.79,211.48,26,7,0.27,18,684.0,268.84,32,20.0,725.35
20,2025-12-17,10.71,179.58,106.76,18,4,0.037,0,0.0,95.93,31,20.0,344.74
21,2025-12-17,26.56,444.33,145.87,22,5,0.47,0,0.0,98.79,29,20.0,909.69
22,2025-12-17,20.55,344.98,157.36,27,7,0.016,0,0.0,138.35,41,20.0,433.33
23,2025-12-17,28.28,476.14,162.49,35,1,0.338,12,456.0,40.34,15,20.0,644.59
24,2025-12-17,20.49,338.42,110.01,16,6,0.75,24,912.0,282.34,38,20.0,646.5
1,2025-12-18,15.01,276.49,111.78,18,5,0.213,12,456.0,95.27,25,21.4,334.27
2,2025-12-18,23.66,435.38,178.56,21,8,0.654,0,0.0,98.83,36,21.4,687.84
3,2025-12-18,28.08,510.12,126.77,11,6,0.246,12,456.0,181.7,31,21.4,386.3
4,2025-12-18,22.44,400.69,39.89,15,7,0.89,0,0.0,0.0,0,21.4,814.49
5,2025-12-18,22.34,411.36,120.47,13,5,0.403,12,456.0,358.98,59,21.4,815.44
6,2025-12-18,30.64,710.94,127.7,21,4,0.467,0,0.0,256.21,39,21.4,476.52
7,2025-12-18,22.59,498.77,74.68,8,4,0.546,0,0.0,50.24,23,21.4,650.22
8,2025-12-18,31.53,717.66,142.58,17,8,0.207,40,1520.0,61.21,28,21.4,490.38
9,2025-12-18,22.12,494.47,97.0,16,4,0.42,12,456.0,70.64,21,21.4,641.12
10,2025-12-18,27.94,632.75,80.93,14,7,0.015,24,912.0,0.0,0,21.4,381.71
11,2025-12-18,18.4,423.26,41.3,15,5,0.751,0,0.0,207.9,28,21.4,644.33
12,2025-12-18,19.84,444.11,122.32,21,5,0.781,0,0.0,376.52,63,21.4,665.24
13,2025-12-18,12.68,268.78,114.57,16,5,0.321,0,0.0,220.0,47,21.4,578.44
14,2025-12-18,27.14,570.74,168.98,29,10,0.106,0,0.0,216.97,51,21.4,353.96
15,2025-12-18,17.23,367.12,110.61,16,4,0.025,24,912.0,128.38,30,21.4,800.96
16,2025-12-18,24.98,534.82,121.08,12,8,0.064,0,0.0,136.07,31,21.4,322.32
17,2025-12-18,22.8,485.45,73.72,19,6,0.641,0,0.0,301.88,49,21.4,357.94
18,2025-12-18,23.59,501.37,283.06,24,6,0.222,0,0.0,158.42,26,21.4,861.65
19,2025-12-18,27.62,573.2,203.92,23,10,0.878,0,0.0,199.4,32,21.4,728.78
20,2025-12-18,25.93,434.96,108.25,14,6,0.419,24,912.0,103.87,31,21.4,341.88
21,2025-12-18,25.0,418.17,101.58,27,5,0.918,0,0.0,65.82,23,21.4,915.04
22,2025-12-18,18.46,309.99,122.48,20,6,0.874,0,0.0,100.77,33,21.4,429.86
23,2025-12-18,32.0,538.91,175.07,20,6,0.452,18,684.0,40.87,15,21.4,649.17
24,2025-12-18,27.74,458.19,92.56,21,7,0.858,24,912.0,58.68,19,21.4,647.26
1,2025-12-19,23.28,428.93,92.73,16,3,0.036,0,0.0,58.47,18,22.8,332.83
2,2025-12-19,27.98,515.01,201.61,21,6,0.276,12,456.0,399.17,69,22.8,691.24
3,2025-12-19,17.4,316.11,117.32,14,6,0.2,0,0.0,204.74,32,22.8,390.33
4,2025-12-19,27.06,483.32,20.0,17,5,0.399,0,0.0,357.69,55,22.8,811.5
5,2025-12-19,33.74,621.58,118.31,24,3,0.784,0,0.0,89.27,32,22.8,815.75
6,2025-12-19,32.12,745.49,108.88,15,6,0.828,12,456.0,79.03,24,22.8,477.71
7,2025-12-19,20.01,441.73,82.94,11,5,0.403,0,0.0,135.3,39,22.8,654.13
8,2025-12-19,25.62,583.24,166.42,19,6,0.781,0,0.0,0.0,0,22.8,492.16
9,2025-12-19,25.36,567.02,93.6,12,5,0.903,0,0.0,48.12,18,22.8,635.36
10,2025-12-19,21.5,486.97,81.21,17,2,0.275,0,0.0,0.0,0,22.8,377.96
11,2025-12-19,24.05,553.19,61.61,7,7,0.436,12,456.0,314.68,32,22.8,638.1
12,2025-12-19,21.45,480.13,122.57,15,4,0.206,40,1520.0,185.52,45,22.8,666.93
13,2025-12-19,19.39,411.05,133.06,12,3,0.493,24,912.0,105.86,38,22.8,570.77
14,2025-12-19,23.39,491.92,156.05,20,5,0.159,12,456.0,0.0,0,22.8,360.36
15,2025-12-19,19.17,408.57,115.3,18,5,0.009,0,0.0,190.22,36,22.8,810.0
16,2025-12-19,18.77,401.89,111.41,19,6,0.752,0,0.0,108.04,29,22.8,332.08
17,2025-12-19,21.37,455.05,67.44,14,8,0.309,24,912.0,76.48,26,22.8,364.29
18,2025-12-19,25.73,546.99,250.77,35,8,0.313,0,0.0,235.32,33,22.8,863.07
19,2025-12-19,18.14,376.46,179.01,37,10,0.267,0,0.0,380.6,44,22.8,726.33
20,2025-12-19,20.11,337.32,96.52,14,4,0.338,0,0.0,0.0,0,22.8,347.92
21,2025-12-19,26.03,435.49,104.82,18,7,0.961,0,0.0,227.16,42,22.8,912.08
22,2025-12-19,33.01,554.26,129.99,16,8,0.335,12,456.0,82.0,32,22.8,427.98
23,2025-12-19,26.66,449.09,164.89,18,10,0.784,18,684.0,54.66,14,22.8,644.81
24,2025-12-19,46.0,759.82,101.82,14,7,0.554,0,0.0,87.59,22,22.8,652.89
1,2025-12-20,27.11,499.44,107.2,14,7,0.15,40,1520.0,40.12,16,24.2,333.88
2,2025-12-20,28.36,522.11,212.78,25,10,0.593,24,912.0,128.03,44,24.2,694.7
3,2025-12-20,16.26,295.45,99.49,29,5,0.575,0,0.0,0.0,0,24.2,391.74
4,2025-12-20,22.63,404.18,22.55,13,6,0.454,0,0.0,219.59,45,24.2,809.71
5,2025-12-20,28.27,520.89,135.69,18,5,0.935,12,456.0,54.18,28,24.2,815.46
6,2025-12-20,21.92,508.74,105.81,21,8,0.286,0,0.0,67.49,24,24.2,482.36
7,2025-12-20,14.2,313.59,72.58,20,6,0.235,0,0.0,92.42,32,24.2,647.81
8,2025-12-20,25.99,591.68,178.28,16,7,0.479,0,0.0,267.99,53,24.2,491.56
9,2025-12-20,22.13,494.86,112.27,11,7,0.609,24,912.0,263.54,40,24.2,638.85
10,2025-12-20,14.41,326.47,112.81,15,5,0.877,0,0.0,192.55,43,24.2,378.88
11,2025-12-20,29.86,686.88,34.44,16,2,0.496,0,0.0,57.5,17,24.2,643.21
12,2025-12-20,23.71,530.76,125.4,16,4,0.46,0,0.0,60.61,26,24.2,674.08
13,2025-12-20,13.66,289.64,125.28,13,7,0.174,0,0.0,260.6,61,24.2,571.85
14,2025-12-20,30.31,637.64,127.45,18,7,0.415,40,1520.0,324.78,55,24.2,355.58
15,2025-12-20,19.52,416.03,100.85,21,4,0.076,0,0.0,98.67,32,24.2,808.98
16,2025-12-20,34.85,746.25,113.15,19,5,0.294,18,684.0,186.61,36,24.2,328.73
17,2025-12-20,19.16,407.97,66.37,7,7,0.758,12,456.0,208.95,41,24.2,364.02
18,2025-12-20,33.92,721.13,187.14,30,10,0.749,0,0.0,95.68,21,24.2,865.7
19,2025-12-20,34.04,706.58,173.53,28,7,0.274,40,1520.0,79.45,22,24.2,726.44
20,2025-12-20,22.06,370.12,86.71,17,3,0.083,0,0.0,79.52,27,24.2,345.57
21,2025-12-20,29.61,495.41,93.82,20,9,0.641,12,456.0,40.4,19,24.2,910.56
22,2025-12-20,37.7,633.13,117.34,19,6,0.851,0,0.0,190.74,44,24.2,431.56
23,2025-12-20,41.88,705.37,193.11,22,5,0.745,24,912.0,290.14,34,24.2,649.67
24,2025-12-20,19.76,326.36,111.35,17,7,0.966,12,456.0,159.02,29,24.2,648.01
1,2025-12-21,23.61,435.03,86.17,19,7,0.559,0,0.0,306.89,44,25.6,329.81
2,2025-12-21,23.46,431.85,185.2,30,8,0.411,0,0.0,71.06,33,25.6,685.5
3,2025-12-21,16.15,293.53,120.53,13,6,0.363,0,0.0,135.96,27,25.6,386.4
4,2025-12-21,17.28,308.77,38.2,15,2,0.308,0,0.0,122.63,38,25.6,812.96
5,2025-12-21,15.43,284.29,151.88,18,9,0.337,12,456.0,210.75,56,25.6,820.84
6,2025-12-21,26.41,613.13,91.87,21,4,0.408,0,0.0,107.56,29,25.6,482.64
7,2025-12-21,13.15,290.38,118.55,8,4,0.287,0,0.0,187.59,44,25.6,650.81
8,2025-12-21,23.07,525.46,171.55,13,6,0.337,0,0.0,48.2,23,25.6,496.61
9,2025-12-21,23.89,534.15,93.14,14,4,0.005,12,456.0,98.93,27,25.6,636.6
10,2025-12-21,25.22,571.47,93.2,15,2,0.695,24,912.0,60.53,28,25.6,377.82
11,2025-12-21,18.13,417.07,20.0,17,4,0.571,0,0.0,249.34,29,25.6,637.87
12,2025-12-21,29.2,653.68,127.19,20,7,0.896,24,912.0,42.25,24,25.6,669.48
13,2025-12-21,21.38,453.4,139.42,14,1,0.919,18,684.0,392.71,69,25.6,578.02
14,2025-12-21,36.59,769.8,126.65,19,7,0.385,0,0.0,194.68,42,25.6,363.78
15,2025-12-21,22.06,470.35,102.11,9,6,0.748,0,0.0,177.69,40,25.6,805.53
16,2025-12-21,20.06,429.49,109.04,17,6,0.881,0,0.0,73.52,24,25.6,328.94
17,2025-12-21,25.43,541.59,72.57,16,3,0.576,18,684.0,65.17,25,25.6,363.49
18,2025-12-21,32.16,683.7,195.31,26,8,0.181,12,456.0,292.6,30,25.6,861.96
19,2025-12-21,28.49,591.45,176.61,19,8,0.74,12,456.0,375.58,41,25.6,726.94
20,2025-12-21,19.84,332.93,107.93,13,7,0.038,12,456.0,79.45,27,25.6,348.16
21,2025-12-21,33.22,555.98,112.94,17,7,0.229,0,0.0,223.43,41,25.6,915.55
22,2025-12-21,26.32,441.99,92.39,25,8,0.372,18,684.0,76.01,29,25.6,439.79
23,2025-12-21,22.81,384.28,195.55,26,7,0.119,0,0.0,0.0,0,25.6,649.28
24,2025-12-21,27.78,459.04,137.15,18,11,0.182,0,0.0,89.49,22,25.6,650.95
1,2025-12-22,18.61,343.02,51.0,26,7,0.962,24,912.0,119.61,31,27.0,331.11
2,2025-12-22,28.0,515.58,215.63,24,10,0.593,12,456.0,0.0,0,27.0,692.0
3,2025-12-22,18.61,338.15,148.26,11,4,0.04,0,0.0,108.36,27,27.0,389.74
4,2025-12-22,22.73,406.18,60.77,8,5,0.327,0,0.0,147.83,37,27.0,810.44
5,2025-12-22,28.83,531.2,129.22,20,7,0.173,0,0.0,44.3,27,27.0,813.73
6,2025-12-22,22.0,510.65,84.23,20,12,0.141,18,684.0,286.6,45,27.0,475.43
7,2025-12-22,17.86,394.38,145.01,13,3,0.805,40,1520.0,234.62,50,27.0,651.01
8,2025-12-22,27.2,619.57,132.69,35,4,0.929,0,0.0,87.22,28,27.0,493.25
9,2025-12-22,19.92,445.43,95.42,21,5,0.81,12,456.0,227.11,40,27.0,634.78
10,2025-12-22,25.23,571.65,110.2,8,5,0.88,0,0.0,139.0,41,27.0,383.42
11,2025-12-22,13.19,303.39,23.91,13,6,0.669,0,0.0,97.31,20,27.0,635.95
12,2025-12-22,18.58,416.14,166.11,11,4,0.82,12,456.0,76.87,30,27.0,672.61
13,2025-12-22,17.82,377.83,152.6,10,4,0.985,40,1520.0,227.14,51,27.0,573.18
14,2025-12-22,26.09,548.81,97.46,25,7,0.953,0,0.0,78.58,29,27.0,362.74
15,2025-12-22,24.32,518.52,101.27,17,6,0.624,40,1520.0,284.38,50,27.0,807.79
16,2025-12-22,26.18,560.68,115.47,16,4,0.889,12,456.0,40.82,17,27.0,326.9
17,2025-12-22,20.26,431.47,83.37,14,4,0.557,0,0.0,299.13,45,27.0,360.8
18,2025-12-22,47.69,1013.97,192.62,30,5,0.263,0,0.0,155.69,23,27.0,865.08
19,2025-12-22,44.21,917.93,185.05,19,10,0.357,12,456.0,114.93,24,27.0,728.38
20,2025-12-22,17.93,300.9,90.85,10,5,0.638,0,0.0,97.54,33,27.0,341.24
21,2025-12-22,23.36,390.92,119.7,16,5,0.027,0,0.0,255.31,44,27.0,916.32
22,2025-12-22,20.63,346.54,86.64,26,7,0.984,24,912.0,124.9,40,27.0,431.63
23,2025-12-22,21.15,356.39,217.75,24,8,0.372,18,684.0,339.52,36,27.0,651.42
24,2025-12-22,19.42,320.88,137.35,20,5,0.134,24,912.0,125.71,28,27.0,654.04
1,2025-12-23,18.75,345.57,46.4,15,1,0.613,0,0.0,57.1,20,28.4,341.78
2,2025-12-23,27.26,502.07,208.87,27,9,0.269,0,0.0,62.3,27,28.4,694.23
3,2025-12-23,34.67,630.08,184.78,13,6,0.302,0,0.0,112.84,25,28.4,384.87
4,2025-12-23,16.2,289.45,99.89,8,4,0.084,0,0.0,347.38,56,28.4,813.99
5,2025-12-23,21.85,402.72,139.8,13,7,0.734,0,0.0,105.59,36,28.4,822.11
6,2025-12-23,26.34,611.59,75.9,15,7,0.496,0,0.0,168.56,32,28.4,475.47
7,2025-12-23,29.54,652.49,129.4,16,3,0.998,12,456.0,142.23,41,28.4,651.25
8,2025-12-23,20.74,472.43,121.5,14,5,0.952,12,456.0,74.91,30,28.4,496.19
9,2025-12-23,15.5,346.61,102.37,16,3,0.787,40,1520.0,45.88,18,28.4,635.41
10,2025-12-23,21.81,494.13,106.83,13,7,0.81,0,0.0,53.11,24,28.4,383.58
11,2025-12-23,21.72,499.79,39.98,13,4,0.037,0,0.0,170.33,24,28.4,639.56
12,2025-12-23,24.0,537.42,145.05,20,6,0.696,24,912.0,56.72,26,28.4,668.61
13,2025-12-23,19.29,409.17,127.43,13,7,0.033,0,0.0,93.58,36,28.4,577.64
14,2025-12-23,24.96,525.1,110.19,19,7,0.057,18,684.0,88.81,34,28.4,363.66
15,2025-12-23,29.53,629.71,120.49,15,4,0.513,40,1520.0,394.41,50,28.4,805.66
16,2025-12-23,24.38,522.27,140.52,14,5,0.172,0,0.0,111.61,32,28.4,327.28
17,2025-12-23,10.31,219.62,83.61,17,6,0.931,40,1520.0,88.43,30,28.4,367.43
18,2025-12-23,43.04,915.3,169.93,25,7,0.523,12,456.0,346.34,35,28.4,866.15
19,2025-12-23,34.41,714.65,175.24,30,6,0.43,40,1520.0,0.0,0,28.4,728.47
20,2025-12-23,22.3,374.21,89.3,19,6,0.055,0,0.0,290.21,40,28.4,348.07
21,2025-12-23,26.8,448.67,104.12,21,5,0.935,0,0.0,160.31,35,28.4,911.85
22,2025-12-23,27.24,457.56,109.28,14,5,0.459,0,0.0,237.14,51,28.4,437.45
23,2025-12-23,24.74,416.82,180.63,32,7,0.151,0,0.0,114.18,25,28.4,652.34
24,2025-12-23,19.77,326.66,175.67,23,3,0.894,0,0.0,218.81,33,28.4,650.26
1,2025-12-24,26.45,487.55,72.51,11,8,0.459,0,0.0,383.67,49,29.8,337.15
2,2025-12-24,34.79,640.79,193.43,36,6,0.178,18,684.0,304.23,59,29.8,684.73
3,2025-12-24,18.69,339.69,180.86,16,6,0.624,0,0.0,40.93,17,29.8,388.45
4,2025-12-24,17.44,311.57,64.27,20,2,0.892,40,1520.0,110.38,33,29.8,812.78
5,2025-12-24,22.9,422.12,117.48,17,5,0.083,0,0.0,161.68,46,29.8,816.93
6,2025-12-24,26.55,616.54,109.83,17,7,0.821,0,0.0,115.25,29,29.8,477.55
7,2025-12-24,13.31,294.06,128.11,10,7,0.489,18,684.0,167.04,40,29.8,652.67
8,2025-12-24,16.52,376.3,128.6,19,8,0.812,0,0.0,101.58,29,29.8,496.06
9,2025-12-24,18.24,408.09,84.0,19,6,0.499,12,456.0,261.2,40,29.8,638.3
10,2025-12-24,24.81,562.22,121.48,7,5,0.538,0,0.0,115.93,40,29.8,382.08
11,2025-12-24,24.27,558.6,58.89,10,4,0.775,18,684.0,48.56,13,29.8,636.23
12,2025-12-24,27.05,605.91,150.1,15,6,0.712,12,456.0,61.94,29,29.8,670.74
13,2025-12-24,19.84,420.77,155.1,10,2,0.637,24,912.0,99.56,38,29.8,581.69
14,2025-12-24,23.53,495.2,126.34,23,8,0.253,12,456.0,219.94,48,29.8,360.45
15,2025-12-24,13.97,297.84,101.96,18,5,0.38,0,0.0,162.93,32,29.8,811.63
16,2025-12-24,23.76,508.92,142.35,19,4,0.201,24,912.0,352.18,47,29.8,325.17
17,2025-12-24,23.46,499.79,96.95,13,5,0.062,0,0.0,194.29,43,29.8,366.48
18,2025-12-24,32.07,682.07,173.2,31,10,0.841,0,0.0,0.0,0,29.8,860.65
19,2025-12-24,26.27,545.56,155.05,22,9,0.495,12,456.0,42.81,17,29.8,724.98
20,2025-12-24,18.38,308.56,97.42,13,7,0.385,0,0.0,137.24,34,29.8,345.29
21,2025-12-24,22.93,383.83,97.0,19,8,0.634,0,0.0,254.86,43,29.8,917.53
22,2025-12-24,33.73,566.75,94.67,15,7,0.242,12,456.0,250.21,56,29.8,432.77
23,2025-12-24,32.95,555.3,189.25,23,9,0.445,12,456.0,383.48,37,29.8,643.67
24,2025-12-24,21.65,357.81,163.01,24,7,0.918,0,0.0,69.98,20,29.8,648.2
1,2025-12-25,35.13,647.63,77.45,11,5,0.141,12,456.0,308.91,45,31.2,338.9
2,2025-12-25,24.02,442.51,214.59,16,8,0.808,12,456.0,49.09,26,31.2,692.2
3,2025-12-25,14.46,262.96,161.39,24,8,0.478,0,0.0,76.86,23,31.2,389.85
4,2025-12-25,11.0,196.56,70.02,13,3,0.449,12,456.0,359.81,57,31.2,814.99
5,2025-12-25,22.34,411.85,122.18,25,8,0.008,0,0.0,51.12,27,31.2,816.85
6,2025-12-25,26.22,608.97,115.72,16,9,0.77,0,0.0,70.33,24,31.2,477.94
7,2025-12-25,19.03,420.51,144.36,12,2,0.67,0,0.0,371.19,63,31.2,654.17
8,2025-12-25,46.1,1050.41,109.95,21,8,0.871,24,912.0,56.98,24,31.2,497.49
9,2025-12-25,29.82,667.11,97.36,11,4,0.181,0,0.0,319.28,42,31.2,633.1
10,2025-12-25,13.41,303.9,110.8,13,3,0.004,12,456.0,46.66,26,31.2,387.27
11,2025-12-25,16.11,370.74,59.93,11,5,0.38,0,0.0,169.91,25,31.2,642.7
12,2025-12-25,15.78,353.39,135.59,18,5,0.935,40,1520.0,51.86,22,31.2,670.23
13,2025-12-25,14.92,316.45,110.24,25,7,0.735,0,0.0,186.98,46,31.2,576.95
14,2025-12-25,34.95,735.51,116.06,26,9,0.859,0,0.0,213.33,51,31.2,359.86
15,2025-12-25,20.01,426.76,116.15,14,6,0.845,0,0.0,108.25,31,31.2,811.77
16,2025-12-25,23.52,503.98,185.01,12,9,0.195,24,912.0,48.33,21,31.2,331.09
17,2025-12-25,17.96,382.79,94.15,15,6,0.846,18,684.0,65.69,28,31.2,360.8
18,2025-12-25,35.11,746.8,177.86,29,8,0.066,12,456.0,91.12,18,31.2,861.64
19,2025-12-25,22.37,464.64,155.47,22,13,0.105,0,0.0,75.86,19,31.2,724.3
20,2025-12-25,15.72,263.85,90.22,15,6,0.668,40,1520.0,76.31,28,31.2,340.87
21,2025-12-25,21.69,363.13,142.22,12,6,0.268,0,0.0,57.11,23,31.2,915.88
22,2025-12-25,33.38,560.81,107.44,12,7,0.232,0,0.0,44.1,25,31.2,433.47
23,2025-12-25,28.14,474.27,186.04,29,8,0.643,40,1520.0,392.15,41,31.2,651.79
24,2025-12-25,25.88,427.72,174.82,18,7,0.177,12,456.0,355.73,48,31.2,649.47
1,2025-12-26,21.89,403.67,74.48,7,3,0.069,0,0.0,266.19,40,32.6,331.96
2,2025-12-26,30.19,556.08,201.59,29,9,0.458,0,0.0,113.71,37,32.6,683.3
3,2025-12-26,16.19,294.37,164.08,14,7,0.967,0,0.0,255.96,42,32.6,383.77
4,2025-12-26,11.64,208.02,81.91,12,7,0.405,0,0.0,249.83,48,32.6,810.45
5,2025-12-26,16.51,304.42,123.04,29,8,0.767,0,0.0,66.39,28,32.6,815.41
6,2025-12-26,21.21,492.72,107.01,15,8,0.22,0,0.0,50.93,20,32.6,479.53
7,2025-12-26,23.43,517.69,147.51,11,4,0.092,12,456.0,64.92,28,32.6,655.7
8,2025-12-26,16.21,369.39,105.18,21,8,0.041,0,0.0,57.51,25,32.6,498.73
9,2025-12-26,23.82,533.0,85.34,14,6,0.49,0,0.0,105.63,28,32.6,641.65
10,2025-12-26,20.49,464.57,78.48,15,3,0.875,0,0.0,89.95,33,32.6,386.58
11,2025-12-26,17.42,401.04,59.46,12,4,0.011,0,0.0,89.08,19,32.6,642.95
12,2025-12-26,27.5,616.1,156.16,12,6,0.186,0,0.0,108.55,37,32.6,676.81
13,2025-12-26,19.33,410.19,76.25,23,3,0.44,0,0.0,161.74,41,32.6,577.08
14,2025-12-26,25.38,534.15,123.29,14,9,0.41,24,912.0,53.2,27,32.6,363.6
15,2025-12-26,23.12,493.11,120.21,15,8,0.496,0,0.0,250.39,39,32.6,804.24
16,2025-12-26,21.92,469.74,166.23,14,3,0.316,0,0.0,205.4,37,32.6,324.52
17,2025-12-26,23.55,501.96,88.17,19,4,0.474,12,456.0,82.98,29,32.6,364.26
18,2025-12-26,33.06,703.19,165.27,23,5,0.953,24,912.0,133.82,24,32.6,860.71
19,2025-12-26,37.84,786.18,135.6,23,9,0.939,0,0.0,203.48,33,32.6,731.22
20,2025-12-26,26.64,447.29,91.64,10,4,0.567,0,0.0,171.89,39,32.6,344.84
21,2025-12-26,33.3,557.63,162.13,21,7,0.517,12,456.0,108.02,30,32.6,916.93
22,2025-12-26,16.74,281.38,131.84,17,8,0.693,12,456.0,88.4,31,32.6,432.08
23,2025-12-26,39.49,665.73,245.2,16,4,0.115,0,0.0,73.1,21,32.6,651.45
24,2025-12-26,30.83,509.69,172.27,15,9,0.113,0,0.0,65.15,19,32.6,651.28
1,2025-12-27,14.91,274.98,81.49,16,7,0.853,40,1520.0,65.95,21,34.0,334.87
2,2025-12-27,41.46,763.81,177.54,27,7,0.974,0,0.0,259.28,53,34.0,688.67
3,2025-12-27,24.62,447.74,160.0,18,4,0.612,0,0.0,166.07,30,34.0,393.27
4,2025-12-27,23.55,420.99,88.9,16,4,0.895,18,684.0,362.42,62,34.0,813.85
5,2025-12-27,19.73,363.7,85.82,23,5,0.893,0,0.0,326.5,61,34.0,820.52
6,2025-12-27,22.06,512.35,121.1,20,7,0.325,0,0.0,397.11,51,34.0,480.09
7,2025-12-27,17.23,380.83,143.04,17,2,0.504,0,0.0,46.17,23,34.0,654.22
8,2025-12-27,25.1,572.02,78.73,21,8,0.656,0,0.0,388.92,63,34.0,491.59
9,2025-12-27,26.56,594.37,95.48,13,8,0.576,0,0.0,176.96,32,34.0,634.42
10,2025-12-27,13.32,302.05,66.57,26,3,0.067,0,0.0,86.3,33,34.0,380.93
11,2025-12-27,14.7,338.55,75.64,8,8,0.957,0,0.0,71.62,16,34.0,643.43
12,2025-12-27,20.81,466.22,132.66,17,5,0.992,0,0.0,122.95,36,34.0,669.27
13,2025-12-27,16.22,344.09,99.48,13,6,0.767,0,0.0,66.89,27,34.0,581.5
14,2025-12-27,33.49,705.0,160.33,15,7,0.011,12,456.0,47.09,23,34.0,358.57
15,2025-12-27,24.7,526.84,123.23,16,5,0.535,0,0.0,110.54,31,34.0,808.18
16,2025-12-27,23.84,510.91,170.75,19,3,0.964,0,0.0,379.55,54,34.0,326.76
17,2025-12-27,18.61,396.7,125.7,8,7,0.053,18,684.0,40.52,22,34.0,366.0
18,2025-12-27,34.75,739.34,187.48,18,11,0.537,0,0.0,137.99,26,34.0,860.62
19,2025-12-27,27.72,575.98,126.04,30,8,0.04,24,912.0,101.33,22,34.0,728.25
20,2025-12-27,17.68,296.78,88.03,19,6,0.233,0,0.0,71.69,29,34.0,342.38
21,2025-12-27,22.22,372.14,151.48,19,10,0.028,0,0.0,358.31,50,34.0,913.59
22,2025-12-27,17.74,298.2,114.99,14,5,0.591,24,912.0,144.01,40,34.0,428.65
23,2025-12-27,30.98,522.35,232.4,24,10,0.526,0,0.0,0.0,0,34.0,644.14
24,2025-12-27,33.04,546.34,190.14,19,10,0.614,18,684.0,186.7,34,34.0,651.1
1,2025-12-28,17.07,314.86,82.01,15,4,0.497,0,0.0,309.05,43,35.4,335.31
2,2025-12-28,16.94,312.22,181.09,24,8,0.069,0,0.0,138.15,41,35.4,689.9
3,2025-12-28,30.91,562.18,147.24,21,9,0.895,0,0.0,171.76,32,35.4,385.28
4,2025-12-28,16.61,296.91,118.11,15,6,0.9,40,1520.0,41.78,22,35.4,810.51
5,2025-12-28,30.57,563.72,115.14,20,8,0.024,12,456.0,314.46,63,35.4,823.62
6,2025-12-28,23.22,539.56,133.06,20,10,0.106,24,912.0,54.54,22,35.4,476.64
7,2025-12-28,18.9,417.84,120.51,21,3,0.464,0,0.0,113.28,36,35.4,652.76
8,2025-12-28,28.0,638.23,94.7,18,4,0.606,18,684.0,77.08,31,35.4,497.39
9,2025-12-28,16.46,368.33,128.81,6,2,0.523,18,684.0,107.73,29,35.4,643.79
10,2025-12-28,18.35,416.09,61.15,13,5,0.959,0,0.0,57.85,27,35.4,373.9
11,2025-12-28,17.26,397.38,117.05,11,2,0.767,0,0.0,102.05,21,35.4,647.31
12,2025-12-28,23.45,525.58,129.38,18,4,0.783,0,0.0,92.41,32,35.4,670.18
13,2025-12-28,34.43,730.62,85.29,13,2,0.803,0,0.0,326.7,56,35.4,574.04
14,2025-12-28,32.39,681.91,163.75,21,6,0.661,0,0.0,42.37,26,35.4,363.75
15,2025-12-28,20.23,431.69,130.53,14,4,0.94,0,0.0,68.26,22,35.4,804.91
16,2025-12-28,16.33,349.99,172.3,14,5,0.528,0,0.0,319.46,44,35.4,326.64
17,2025-12-28,22.36,476.69,137.46,14,4,0.545,0,0.0,95.52,31,35.4,364.49
18,2025-12-28,35.01,744.94,213.74,21,7,0.653,24,912.0,115.66,21,35.4,869.81
19,2025-12-28,25.86,537.32,118.05,20,10,0.744,0,0.0,49.44,16,35.4,720.87
20,2025-12-28,18.52,311.05,92.65,18,5,0.254,12,456.0,59.17,23,35.4,345.95
21,2025-12-28,16.69,279.52,170.0,13,4,0.583,0,0.0,190.06,42,35.4,914.43
22,2025-12-28,14.9,250.48,156.68,19,6,0.79,12,456.0,136.04,40,35.4,431.16
23,2025-12-28,34.37,579.57,222.91,29,11,0.851,12,456.0,253.03,33,35.4,652.57
24,2025-12-28,20.01,330.92,134.54,29,5,0.776,12,456.0,57.99,20,35.4,650.35
1,2025-12-29,10.07,185.8,93.52,12,6,0.763,0,0.0,277.01,42,36.8,337.73
2,2025-12-29,36.04,664.18,147.78,32,7,0.324,0,0.0,44.19,22,36.8,693.19
3,2025-12-29,19.19,348.96,99.75,23,6,0.885,0,0.0,74.35,22,36.8,386.35
4,2025-12-29,15.54,277.88,93.55,20,4,0.668,12,456.0,0.0,0,36.8,816.26
5,2025-12-29,31.36,578.39,127.93,9,6,0.333,18,684.0,52.66,26,36.8,820.26
6,2025-12-29,17.74,412.26,158.13,11,8,0.527,0,0.0,90.76,27,36.8,476.54
7,2025-12-29,15.83,349.85,96.14,21,2,0.025,0,0.0,41.44,24,36.8,658.15
8,2025-12-29,28.64,652.94,116.84,14,7,0.277,12,456.0,45.25,24,36.8,492.14
9,2025-12-29,19.74,441.92,134.22,21,4,0.687,18,684.0,49.62,18,36.8,639.0
10,2025-12-29,21.13,479.21,73.01,9,4,0.354,12,456.0,114.61,38,36.8,378.84
11,2025-12-29,17.63,406.09,121.53,12,4,0.795,0,0.0,123.75,22,36.8,644.29
12,2025-12-29,20.57,461.02,119.83,23,3,0.231,0,0.0,306.28,63,36.8,670.0
13,2025-12-29,33.18,704.15,73.46,16,5,0.17,0,0.0,53.19,30,36.8,574.35
14,2025-12-29,16.23,341.76,174.05,15,7,0.826,12,456.0,281.25,60,36.8,363.62
15,2025-12-29,20.53,438.12,149.6,11,5,0.506,0,0.0,0.0,0,36.8,810.75
16,2025-12-29,21.05,451.16,159.76,20,7,0.154,24,912.0,149.45,34,36.8,327.25
17,2025-12-29,24.29,517.83,184.23,16,6,0.812,0,0.0,0.0,0,36.8,359.95
18,2025-12-29,27.94,594.64,194.91,26,6,0.265,12,456.0,209.77,27,36.8,861.15
19,2025-12-29,30.28,629.32,152.35,24,8,0.904,0,0.0,60.3,18,36.8,726.98
20,2025-12-29,15.58,261.69,112.65,7,6,0.775,0,0.0,56.5,23,36.8,342.46
21,2025-12-29,27.26,456.72,185.46,20,6,0.434,0,0.0,399.14,55,36.8,917.25
22,2025-12-29,23.28,391.37,120.0,24,6,0.887,24,912.0,46.36,24,36.8,428.2
23,2025-12-29,20.58,347.1,190.63,27,6,0.653,12,456.0,254.4,33,36.8,650.91
24,2025-12-29,18.42,304.6,180.15,17,4,0.051,0,0.0,70.47,21,36.8,650.43
1,2025-12-30,21.68,399.86,88.27,12,8,0.585,12,456.0,121.13,25,38.2,344.0
2,2025-12-30,28.08,517.46,135.1,24,8,0.622,18,684.0,124.31,47,38.2,691.71
3,2025-12-30,25.76,468.51,90.99,26,8,0.995,12,456.0,59.71,20,38.2,391.82
4,2025-12-30,18.62,333.03,88.26,17,5,0.066,12,456.0,278.15,54,38.2,811.07
5,2025-12-30,30.24,557.81,136.41,23,5,0.654,0,0.0,265.7,63,38.2,820.49
6,2025-12-30,25.6,594.97,152.58,15,7,0.491,0,0.0,92.86,24,38.2,481.57
7,2025-12-30,24.61,544.17,92.78,16,2,0.089,0,0.0,44.34,21,38.2,658.77
8,2025-12-30,27.2,620.17,123.08,13,10,0.629,0,0.0,55.51,24,38.2,493.16
9,2025-12-30,20.78,465.16,130.18,17,7,0.408,0,0.0,46.23,20,38.2,636.28
10,2025-12-30,37.56,851.95,92.61,11,2,0.748,18,684.0,48.21,26,38.2,384.04
11,2025-12-30,11.92,274.45,141.64,16,7,0.032,24,912.0,73.75,16,38.2,642.7
12,2025-12-30,23.38,524.08,147.78,19,4,0.712,0,0.0,44.85,28,38.2,664.57
13,2025-12-30,16.8,356.58,86.44,10,4,0.63,0,0.0,0.0,0,38.2,578.36
14,2025-12-30,19.23,405.01,181.78,23,6,0.898,0,0.0,108.59,34,38.2,363.77
15,2025-12-30,25.57,545.68,141.9,18,7,0.903,18,684.0,86.65,26,38.2,807.14
16,2025-12-30,27.12,581.42,144.12,24,7,0.608,0,0.0,126.99,32,38.2,323.65
17,2025-12-30,12.12,258.36,157.88,20,10,0.584,40,1520.0,71.64,26,38.2,361.13
18,2025-12-30,19.1,406.45,243.81,23,8,0.185,0,0.0,267.2,32,38.2,866.26
19,2025-12-30,36.24,753.2,132.62,28,7,0.893,12,456.0,205.74,34,38.2,727.0
20,2025-12-30,22.1,371.16,112.42,17,4,0.217,12,456.0,53.34,24,38.2,337.85
21,2025-12-30,21.59,361.7,174.53,20,9,0.317,0,0.0,91.01,29,38.2,914.94
22,2025-12-30,19.94,335.26,134.56,17,6,0.705,0,0.0,335.75,58,38.2,436.57
23,2025-12-30,30.3,511.07,232.47,19,6,0.785,0,0.0,41.82,14,38.2,645.42
24,2025-12-30,24.25,401.06,147.15,30,6,0.398,40,1520.0,60.95,18,38.2,650.16
1,2025-12-31,19.11,352.46,60.87,20,8,0.032,18,684.0,92.99,27,39.6,335.86
2,2025-12-31,27.06,498.81,133.69,33,5,0.137,18,684.0,124.55,39,39.6,694.48
3,2025-12-31,26.2,476.61,70.98,17,6,0.086,0,0.0,59.62,18,39.6,389.52
4,2025-12-31,20.12,359.81,119.44,11,8,0.457,12,456.0,93.39,35,39.6,810.24
5,2025-12-31,23.79,438.89,151.43,16,8,0.59,0,0.0,138.57,36,39.6,814.97
6,2025-12-31,23.89,555.32,143.1,28,7,0.08,0,0.0,158.95,35,39.6,478.56
7,2025-12-31,31.84,703.89,125.34,8,7,0.845,12,456.0,120.19,35,39.6,653.73
8,2025-12-31,19.97,455.35,127.95,18,4,0.382,0,0.0,155.81,39,39.6,493.03
9,2025-12-31,12.07,270.32,132.47,14,6,0.689,0,0.0,213.94,34,39.6,640.33
10,2025-12-31,19.31,438.0,71.7,14,5,0.131,0,0.0,60.54,26,39.6,382.99
11,2025-12-31,15.65,360.41,121.78,18,5,0.474,0,0.0,83.9,19,39.6,644.46
12,2025-12-31,26.49,593.8,147.94,16,4,0.18,12,456.0,226.97,53,39.6,667.49
13,2025-12-31,19.41,411.98,77.7,14,5,0.922,0,0.0,52.69,28,39.6,582.4
14,2025-12-31,23.4,492.75,142.5,30,7,0.488,12,456.0,80.34,31,39.6,363.29
15,2025-12-31,17.96,383.38,164.31,15,3,0.469,12,456.0,50.69,18,39.6,813.36
16,2025-12-31,21.81,467.53,119.13,21,5,0.979,0,0.0,376.72,48,39.6,327.26
17,2025-12-31,19.88,423.86,153.93,16,10,0.63,0,0.0,199.9,38,39.6,362.78
18,2025-12-31,25.5,542.82,222.92,32,6,0.477,0,0.0,85.41,21,39.6,861.68
19,2025-12-31,25.72,534.62,147.42,16,8,0.971,0,0.0,48.76,16,39.6,729.14
20,2025-12-31,26.32,442.15,102.8,16,4,0.109,0,0.0,232.28,43,39.6,348.06
21,2025-12-31,18.01,301.74,174.2,16,5,0.46,0,0.0,293.36,45,39.6,912.74
22,2025-12-31,25.64,431.18,153.51,14,4,0.347,12,456.0,59.39,25,39.6,432.96
23,2025-12-31,37.33,629.6,186.94,28,9,0.64,0,0.0,390.76,41,39.6,647.52
24,2025-12-31,37.26,616.28,131.63,21,10,0.668,0,0.0,83.63,23,39.6,657.94
1,2026-01-01,19.98,368.6,72.02,14,4,0.415,18,684.0,112.33,27,6.0,326.16
2,2026-01-01,37.45,690.46,139.99,22,6,0.971,0,0.0,80.26,29,6.0,682.33
3,2026-01-01,27.67,503.46,67.79,16,5,0.018,0,0.0,336.67,43,6.0,377.71
4,2026-01-01,27.2,486.5,123.76,17,7,0.333,12,456.0,211.12,43,6.0,802.22
5,2026-01-01,13.59,250.7,107.39,23,6,0.029,24,912.0,351.51,65,6.0,804.68
6,2026-01-01,15.06,349.98,126.41,17,8,0.952,18,684.0,82.52,25,6.0,467.51
7,2026-01-01,31.28,691.73,112.35,18,5,0.302,0,0.0,43.88,23,6.0,644.26
8,2026-01-01,21.22,483.87,153.85,16,6,0.545,12,456.0,369.22,65,6.0,485.69
9,2026-01-01,28.18,631.11,122.43,18,7,0.936,0,0.0,50.52,20,6.0,627.37
10,2026-01-01,12.49,283.43,104.25,9,4,0.738,12,456.0,83.77,28,6.0,366.85
11,2026-01-01,18.17,418.58,132.25,14,2,0.597,24,912.0,136.77,24,6.0,629.92
12,2026-01-01,32.14,720.48,123.65,16,4,0.117,0,0.0,278.18,54,6.0,661.95
13,2026-01-01,23.47,498.24,95.57,13,6,0.15,0,0.0,0.0,0,6.0,562.39
14,2026-01-01,17.32,364.77,153.08,23,10,0.528,0,0.0,351.15,54,6.0,344.75
15,2026-01-01,17.66,376.9,125.38,19,8,0.039,0,0.0,50.46,20,6.0,801.1
16,2026-01-01,28.04,601.23,141.47,15,6,0.231,40,1520.0,159.39,36,6.0,316.52
17,2026-01-01,20.72,441.95,163.2,19,7,0.617,0,0.0,247.19,49,6.0,350.24
18,2026-01-01,31.68,674.39,206.59,25,6,0.001,0,0.0,54.42,14,6.0,849.37
19,2026-01-01,27.31,567.76,140.32,24,5,0.882,18,684.0,51.01,18,6.0,719.95
20,2026-01-01,9.61,161.37,124.06,12,5,0.523,12,456.0,140.33,34,6.0,333.94
21,2026-01-01,30.1,504.34,161.47,24,5,0.843,0,0.0,307.06,43,6.0,902.96
22,2026-01-01,33.18,557.97,165.52,18,5,0.316,24,912.0,40.21,20,6.0,424.46
23,2026-01-01,33.96,572.9,138.8,27,6,0.962,0,0.0,105.15,22,6.0,638.3
24,2026-01-01,22.73,376.08,143.77,24,8,0.761,0,0.0,52.99,18,6.0,642.04
1,2026-01-02,16.19,298.7,78.62,12,5,0.148,12,456.0,275.4,38,7.4,327.3
2,2026-01-02,28.94,533.5,134.7,27,6,0.645,12,456.0,118.75,38,7.4,683.06
3,2026-01-02,30.66,557.84,57.14,18,4,0.205,0,0.0,148.88,32,7.4,376.75
4,2026-01-02,22.86,409.04,130.63,15,5,0.786,24,912.0,176.36,43,7.4,800.74
5,2026-01-02,25.81,476.29,101.3,22,6,0.804,0,0.0,266.93,60,7.4,813.71
6,2026-01-02,20.45,475.3,133.93,10,6,0.998,0,0.0,283.47,45,7.4,467.02
7,2026-01-02,22.02,486.94,101.09,12,6,0.345,0,0.0,90.57,33,7.4,642.86
8,2026-01-02,18.06,411.87,163.51,17,8,0.743,0,0.0,61.85,29,7.4,485.18
9,2026-01-02,25.29,566.47,145.98,10,5,0.535,18,684.0,42.76,17,7.4,632.5
10,2026-01-02,18.7,424.38,107.7,6,6,0.032,0,0.0,82.83,30,7.4,372.4
11,2026-01-02,25.06,577.31,160.15,12,6,0.328,0,0.0,57.31,16,7.4,634.62
12,2026-01-02,23.4,524.77,103.8,14,5,0.098,0,0.0,0.0,0,7.4,665.98
13,2026-01-02,14.8,314.32,94.52,11,3,0.236,0,0.0,180.23,50,7.4,570.92
14,2026-01-02,29.13,613.75,165.11,15,7,0.713,0,0.0,200.97,46,7.4,351.23
15,2026-01-02,24.13,515.21,135.24,16,4,0.132,18,684.0,95.85,25,7.4,800.85
16,2026-01-02,32.1,688.34,147.7,21,5,0.837,0,0.0,369.3,51,7.4,316.77
17,2026-01-02,29.69,633.24,190.89,16,6,0.388,0,0.0,77.67,28,7.4,349.9
18,2026-01-02,28.36,603.86,197.51,22,10,0.228,0,0.0,285.04,35,7.4,853.22
19,2026-01-02,36.65,762.13,167.7,17,12,0.391,0,0.0,50.17,17,7.4,716.87
20,2026-01-02,22.64,380.34,126.61,13,6,0.686,0,0.0,123.78,30,7.4,335.79
21,2026-01-02,27.21,456.04,147.65,23,10,0.66,0,0.0,111.49,32,7.4,903.65
22,2026-01-02,24.38,410.04,169.75,19,5,0.37,0,0.0,91.19,31,7.4,422.94
23,2026-01-02,22.61,381.53,124.39,39,8,0.804,24,912.0,97.26,22,7.4,645.64
24,2026-01-02,41.59,688.06,151.14,17,6,0.074,0,0.0,183.76,31,7.4,642.91
1,2026-01-03,25.41,468.84,83.71,11,3,0.475,0,0.0,103.01,26,8.8,328.02
2,2026-01-03,33.1,610.32,152.47,21,8,0.865,40,1520.0,123.82,44,8.8,683.39
3,2026-01-03,22.38,407.26,66.82,15,2,0.767,0,0.0,121.03,26,8.8,375.01
4,2026-01-03,14.88,266.15,138.86,15,6,0.461,18,684.0,54.19,26,8.8,807.69
5,2026-01-03,17.23,317.93,77.04,20,1,0.994,18,684.0,67.23,28,8.8,811.94
6,2026-01-03,44.31,1030.11,149.55,23,6,0.809,12,456.0,98.19,28,8.8,472.15
7,2026-01-03,14.67,324.53,113.77,14,3,0.256,0,0.0,96.09,33,8.8,646.99
8,2026-01-03,28.83,657.56,170.02,15,6,0.213,24,912.0,130.44,41,8.8,482.8
9,2026-01-03,19.61,439.22,149.46,14,5,0.402,0,0.0,269.65,40,8.8,623.98
10,2026-01-03,22.54,511.46,79.99,19,4,0.715,0,0.0,0.0,0,8.8,372.01
11,2026-01-03,23.11,532.44,139.54,14,4,0.106,0,0.0,55.05,15,8.8,630.73
12,2026-01-03,20.28,454.81,127.01,11,6,0.462,40,1520.0,87.14,36,8.8,660.96
13,2026-01-03,21.67,460.18,100.73,16,6,0.505,0,0.0,135.52,42,8.8,568.35
14,2026-01-03,38.4,809.09,142.32,29,7,0.863,18,684.0,395.99,59,8.8,354.06
15,2026-01-03,21.26,453.93,104.97,16,7,0.565,12,456.0,123.77,29,8.8,796.81
16,2026-01-03,27.79,596.04,146.21,14,5,0.091,18,684.0,352.65,48,8.8,321.9
17,2026-01-03,22.27,475.1,186.06,20,6,0.596,24,912.0,134.56,37,8.8,357.14
18,2026-01-03,45.4,966.71,208.91,24,6,0.561,40,1520.0,235.09,29,8.8,856.64
19,2026-01-03,18.74,389.75,187.14,29,8,0.905,0,0.0,150.77,26,8.8,721.69
20,2026-01-03,21.34,358.68,116.81,14,4,0.5,0,0.0,280.43,55,8.8,339.3
21,2026-01-03,21.71,363.97,180.41,16,5,0.583,18,684.0,214.53,45,8.8,908.1
22,2026-01-03,19.37,325.79,195.45,13,5,0.505,12,456.0,87.67,34,8.8,424.1
23,2026-01-03,33.79,570.2,134.1,20,6,0.859,0,0.0,111.32,23,8.8,643.86
24,2026-01-03,27.29,451.52,154.82,22,10,0.984,0,0.0,141.55,28,8.8,642.36
1,2026-01-04,18.94,349.56,90.94,18,4,0.956,12,456.0,45.2,19,10.2,330.63
2,2026-01-04,24.9,459.14,166.57,22,10,0.872,0,0.0,87.16,37,10.2,684.84
3,2026-01-04,22.74,413.92,55.57,18,4,0.563,0,0.0,69.15,23,10.2,378.78
4,2026-01-04,19.31,345.55,104.25,27,5,0.914,0,0.0,213.18,49,10.2,803.11
5,2026-01-04,30.58,564.35,96.68,18,6,0.619,40,1520.0,306.21,59,10.2,815.03
6,2026-01-04,22.72,528.21,130.93,21,3,0.522,0,0.0,212.46,36,10.2,464.67
7,2026-01-04,24.7,546.42,116.98,16,4,0.418,18,684.0,127.57,37,10.2,648.54
8,2026-01-04,21.96,500.85,190.41,18,4,0.674,0,0.0,226.33,43,10.2,486.65
9,2026-01-04,23.58,528.28,127.73,20,4,0.95,12,456.0,296.93,46,10.2,630.47
10,2026-01-04,12.91,292.97,91.12,9,5,0.69,0,0.0,49.96,25,10.2,374.61
11,2026-01-04,16.94,390.41,114.44,21,5,0.783,12,456.0,399.17,38,10.2,637.67
12,2026-01-04,23.09,517.89,111.36,24,8,0.632,0,0.0,41.98,22,10.2,663.98
13,2026-01-04,18.15,385.4,103.77,10,4,0.064,0,0.0,218.66,49,10.2,573.78
14,2026-01-04,30.97,652.53,148.04,18,8,0.236,40,1520.0,48.91,23,10.2,355.69
15,2026-01-04,28.88,616.65,111.15,20,9,0.739,0,0.0,357.11,50,10.2,795.76
16,2026-01-04,22.62,485.21,145.7,19,4,0.753,0,0.0,88.3,25,10.2,318.1
17,2026-01-04,21.67,462.39,150.63,17,6,0.868,12,456.0,91.16,28,10.2,362.52
18,2026-01-04,31.28,666.04,217.4,25,8,0.691,12,456.0,41.49,15,10.2,855.04
19,2026-01-04,30.71,638.7,173.83,20,10,0.402,12,456.0,134.32,26,10.2,718.24
20,2026-01-04,15.2,255.51,115.36,22,2,0.889,0,0.0,289.38,50,10.2,337.13
21,2026-01-04,29.27,490.66,185.97,25,6,0.55,0,0.0,76.07,24,10.2,904.26
22,2026-01-04,21.08,354.7,158.94,30,9,0.165,0,0.0,216.26,49,10.2,421.87
23,2026-01-04,32.67,551.37,108.95,28,9,0.849,0,0.0,296.43,33,10.2,643.41
24,2026-01-04,30.64,507.15,182.29,14,5,0.259,0,0.0,94.68,25,10.2,640.4
1,2026-01-05,18.09,333.84,111.85,14,6,0.273,0,0.0,303.16,42,11.6,325.75
2,2026-01-05,31.54,581.66,219.85,19,8,0.768,12,456.0,61.82,28,11.6,687.25
3,2026-01-05,22.58,411.1,78.6,9,4,0.52,12,456.0,108.02,22,11.6,384.0
4,2026-01-05,19.32,345.73,115.24,11,6,0.106,0,0.0,41.58,21,11.6,808.49
5,2026-01-05,25.44,469.57,80.3,18,5,0.611,0,0.0,128.63,43,11.6,811.24
6,2026-01-05,15.78,366.87,173.87,18,7,0.26,18,684.0,149.57,32,11.6,469.83
7,2026-01-05,18.2,402.64,108.49,17,3,0.074,0,0.0,168.98,40,11.6,645.93
8,2026-01-05,21.42,488.74,155.7,24,4,0.303,0,0.0,109.26,32,11.6,482.5
9,2026-01-05,16.44,368.23,102.65,23,4,0.496,0,0.0,204.65,34,11.6,633.04
10,2026-01-05,11.52,261.52,84.87,15,2,0.887,0,0.0,219.51,49,11.6,374.28
11,2026-01-05,15.11,348.23,92.42,18,3,0.668,0,0.0,381.57,39,11.6,632.43
12,2026-01-05,22.8,511.5,95.13,17,6,0.014,0,0.0,106.36,34,11.6,662.81
13,2026-01-05,17.65,374.9,89.64,16,3,0.762,18,684.0,53.85,27,11.6,569.84
14,2026-01-05,17.1,360.44,145.01,16,2,0.137,24,912.0,132.15,41,11.6,355.98
15,2026-01-05,22.66,483.99,94.44,18,4,0.878,0,0.0,93.58,26,11.6,803.85
16,2026-01-05,26.14,560.9,142.95,17,6,0.832,0,0.0,226.4,43,11.6,320.45
17,2026-01-05,22.14,472.41,110.07,31,8,0.523,24,912.0,40.09,22,11.6,361.68
18,2026-01-05,26.71,568.86,180.8,24,6,0.398,24,912.0,235.5,33,11.6,848.57
19,2026-01-05,18.82,391.38,178.78,28,9,0.396,0,0.0,159.94,29,11.6,713.66
20,2026-01-05,19.25,323.51,121.34,14,5,0.556,12,456.0,260.4,46,11.6,343.35
21,2026-01-05,29.25,490.46,169.84,19,4,0.641,0,0.0,287.5,47,11.6,910.19
22,2026-01-05,27.99,470.86,196.7,14,8,0.966,0,0.0,53.37,26,11.6,427.71
23,2026-01-05,43.68,737.13,136.86,21,5,0.109,0,0.0,381.97,41,11.6,643.23
24,2026-01-05,19.22,318.17,171.68,25,8,0.044,0,0.0,101.82,23,11.6,644.81
1,2026-01-06,15.21,280.85,76.23,13,1,0.197,0,0.0,122.94,27,13.0,323.48
2,2026-01-06,20.55,379.09,216.79,23,6,0.799,0,0.0,59.73,27,13.0,682.32
3,2026-01-06,20.31,369.83,78.28,14,5,0.861,12,456.0,236.07,35,13.0,383.89
4,2026-01-06,19.27,344.88,103.67,17,7,0.592,0,0.0,71.61,28,13.0,802.15
5,2026-01-06,26.32,485.84,74.98,24,9,0.132,0,0.0,294.65,51,13.0,812.15
6,2026-01-06,29.92,695.82,176.32,17,9,0.072,24,912.0,112.75,28,13.0,472.59
7,2026-01-06,20.54,454.42,80.2,18,6,0.298,18,684.0,205.74,46,13.0,653.34
8,2026-01-06,18.73,427.26,162.69,20,6,0.305,12,456.0,106.33,35,13.0,492.33
9,2026-01-06,20.23,453.36,75.56,20,6,0.158,12,456.0,53.19,23,13.0,636.77
10,2026-01-06,27.57,625.89,94.58,20,4,0.807,0,0.0,88.9,34,13.0,376.82
11,2026-01-06,22.63,521.54,96.24,16,9,0.809,24,912.0,299.4,35,13.0,629.63
12,2026-01-06,16.75,375.83,72.48,22,7,0.827,12,456.0,125.71,35,13.0,665.83
13,2026-01-06,21.3,452.54,113.55,17,4,0.885,0,0.0,83.61,33,13.0,571.35
14,2026-01-06,39.28,827.89,163.76,23,5,0.361,40,1520.0,377.88,59,13.0,353.67
15,2026-01-06,24.65,526.55,106.94,14,4,0.758,0,0.0,195.69,38,13.0,804.94
16,2026-01-06,20.66,443.19,136.28,13,4,0.417,0,0.0,105.92,29,13.0,321.16
17,2026-01-06,28.2,601.82,114.86,15,5,0.138,0,0.0,74.11,26,13.0,353.95
18,2026-01-06,31.44,669.7,140.86,32,10,0.229,0,0.0,48.57,15,13.0,854.59
19,2026-01-06,35.05,729.19,178.04,23,6,0.694,12,456.0,58.97,16,13.0,718.13
20,2026-01-06,18.01,302.81,118.19,15,3,0.373,0,0.0,107.04,28,13.0,334.46
21,2026-01-06,21.56,361.52,133.96,25,5,0.041,0,0.0,208.98,40,13.0,910.87
22,2026-01-06,18.75,315.55,164.37,23,7,0.497,0,0.0,119.36,39,13.0,432.13
23,2026-01-06,25.98,438.57,91.67,27,7,0.502,0,0.0,42.78,15,13.0,643.73
24,2026-01-06,27.4,453.62,122.8,25,8,0.359,0,0.0,42.62,16,13.0,642.23
1,2026-01-07,25.45,469.87,116.0,10,7,0.864,0,0.0,318.62,40,14.4,326.13
2,2026-01-07,24.64,454.6,191.98,28,6,0.842,18,684.0,81.58,33,14.4,684.34
3,2026-01-07,20.01,364.33,101.21,10,6,0.173,18,684.0,149.47,29,14.4,378.03
4,2026-01-07,32.22,576.81,85.17,17,5,0.941,0,0.0,108.67,32,14.4,805.19
5,2026-01-07,24.09,444.79,73.93,20,4,0.086,12,456.0,48.83,29,14.4,810.25
6,2026-01-07,27.95,650.08,176.33,23,7,0.962,0,0.0,47.61,19,14.4,469.51
7,2026-01-07,21.68,479.76,85.26,15,4,0.824,0,0.0,43.48,24,14.4,649.36
8,2026-01-07,25.52,582.42,150.91,25,7,0.417,40,1520.0,97.78,31,14.4,484.3
9,2026-01-07,27.2,609.54,100.92,11,3,0.799,0,0.0,196.27,33,14.4,630.84
10,2026-01-07,15.51,352.07,95.24,9,4,0.887,40,1520.0,64.61,31,14.4,375.06
11,2026-01-07,32.32,745.01,101.05,14,4,0.725,0,0.0,223.23,27,14.4,634.81
12,2026-01-07,29.88,670.33,92.22,12,7,0.926,0,0.0,60.21,27,14.4,658.07
13,2026-01-07,16.54,351.43,104.44,13,6,0.715,12,456.0,151.06,40,14.4,574.74
14,2026-01-07,22.17,467.32,166.49,17,5,0.16,24,912.0,345.34,61,14.4,352.24
15,2026-01-07,25.64,547.73,84.7,18,2,0.884,12,456.0,327.27,45,14.4,804.45
16,2026-01-07,25.67,550.88,115.62,17,5,0.729,0,0.0,267.55,45,14.4,324.18
17,2026-01-07,25.69,548.26,99.4,16,5,0.872,0,0.0,50.65,24,14.4,362.63
18,2026-01-07,30.42,648.01,155.5,23,10,0.219,0,0.0,216.41,28,14.4,862.25
19,2026-01-07,24.18,503.14,203.39,20,8,0.673,0,0.0,172.43,26,14.4,720.99
20,2026-01-07,29.43,494.86,134.12,11,3,0.569,0,0.0,323.18,55,14.4,340.14
21,2026-01-07,34.91,585.37,167.75,16,9,0.418,12,456.0,356.81,55,14.4,904.55
22,2026-01-07,37.64,633.49,170.21,19,5,0.001,0,0.0,95.74,31,14.4,425.79
23,2026-01-07,33.37,563.28,137.93,10,6,0.908,40,1520.0,297.84,35,14.4,644.96
24,2026-01-07,18.39,304.49,117.6,20,9,0.397,0,0.0,273.28,39,14.4,646.59
1,2026-01-08,19.21,354.77,113.17,14,4,0.89,24,912.0,224.03,38,15.8,330.63
2,2026-01-08,20.26,373.84,183.61,24,6,0.366,0,0.0,55.13,27,15.8,680.96
3,2026-01-08,13.97,254.4,121.44,17,4,0.393,0,0.0,57.99,19,15.8,383.7
4,2026-01-08,14.36,257.14,51.89,21,4,0.302,0,0.0,154.89,38,15.8,808.96
5,2026-01-08,23.15,427.48,85.95,14,8,0.983,24,912.0,93.53,34,15.8,811.78
6,2026-01-08,23.89,555.85,218.25,16,5,0.364,0,0.0,98.55,27,15.8,478.49
7,2026-01-08,21.67,479.5,71.53,12,5,0.222,40,1520.0,156.44,40,15.8,650.35
8,2026-01-08,33.01,753.41,143.61,24,5,0.237,0,0.0,54.96,25,15.8,489.81
9,2026-01-08,31.22,699.79,96.17,14,5,0.001,0,0.0,268.51,43,15.8,634.82
10,2026-01-08,22.01,499.69,87.03,18,4,0.764,0,0.0,110.57,40,15.8,373.23
11,2026-01-08,26.3,606.47,92.71,16,3,0.905,0,0.0,199.17,27,15.8,636.18
12,2026-01-08,25.21,565.66,116.13,14,3,0.548,0,0.0,137.62,40,15.8,662.33
13,2026-01-08,21.03,446.76,103.05,15,6,0.586,0,0.0,389.34,64,15.8,570.48
14,2026-01-08,22.4,472.17,154.59,28,10,0.584,0,0.0,54.76,25,15.8,360.53
15,2026-01-08,28.03,598.83,109.72,12,6,0.237,40,1520.0,58.4,22,15.8,804.27
16,2026-01-08,23.86,512.1,126.78,22,7,0.02,0,0.0,76.64,24,15.8,321.33
17,2026-01-08,43.65,931.79,90.37,19,4,0.891,40,1520.0,164.12,37,15.8,355.53
18,2026-01-08,27.75,591.26,185.96,18,8,0.751,0,0.0,315.45,36,15.8,859.09
19,2026-01-08,34.61,720.22,221.24,27,11,0.627,0,0.0,303.25,36,15.8,722.19
20,2026-01-08,17.98,302.27,126.32,17,2,0.81,0,0.0,42.42,20,15.8,338.25
21,2026-01-08,26.25,440.3,171.17,17,7,0.897,0,0.0,155.47,33,15.8,911.7
22,2026-01-08,17.69,297.69,170.57,18,4,0.371,0,0.0,107.93,38,15.8,428.28
23,2026-01-08,26.6,449.13,165.54,17,8,0.724,0,0.0,105.7,21,15.8,642.79
24,2026-01-08,29.4,486.82,120.99,22,7,0.431,0,0.0,62.77,19,15.8,650.07
1,2026-01-09,18.19,336.02,106.35,12,5,0.885,0,0.0,55.1,18,17.2,333.95
2,2026-01-09,26.41,487.34,225.38,20,7,0.911,0,0.0,378.38,64,17.2,684.48
3,2026-01-09,17.13,311.98,117.34,18,6,0.405,0,0.0,114.14,27,17.2,380.24
4,2026-01-09,22.93,410.64,80.51,15,3,0.635,40,1520.0,372.4,58,17.2,807.59
5,2026-01-09,26.67,492.45,132.64,10,8,0.511,24,912.0,111.78,35,17.2,815.51
6,2026-01-09,23.42,544.98,221.18,18,8,0.986,0,0.0,54.97,21,17.2,472.08
7,2026-01-09,28.86,638.86,73.08,15,5,0.95,12,456.0,51.81,26,17.2,647.86
8,2026-01-09,24.09,549.88,160.19,17,5,0.394,0,0.0,0.0,0,17.2,491.78
9,2026-01-09,27.87,624.63,100.09,14,4,0.222,12,456.0,158.64,31,17.2,629.64
10,2026-01-09,27.35,620.96,88.86,7,4,0.278,0,0.0,81.46,31,17.2,379.25
11,2026-01-09,23.05,531.54,100.54,19,5,0.335,40,1520.0,310.94,30,17.2,640.51
12,2026-01-09,34.67,778.04,120.03,13,4,0.692,0,0.0,72.02,29,17.2,659.34
13,2026-01-09,22.69,482.16,108.57,10,5,0.226,24,912.0,52.56,26,17.2,574.65
14,2026-01-09,28.1,592.57,187.38,16,7,0.057,0,0.0,376.92,67,17.2,350.89
15,2026-01-09,23.27,497.17,130.26,17,6,0.653,0,0.0,68.63,25,17.2,802.62
16,2026-01-09,20.0,429.27,112.28,18,4,0.541,12,456.0,71.31,25,17.2,324.96
17,2026-01-09,17.9,382.16,80.43,22,7,0.183,18,684.0,357.73,59,17.2,360.03
18,2026-01-09,46.39,988.43,158.67,24,7,0.515,0,0.0,127.41,22,17.2,858.82
19,2026-01-09,25.98,540.65,221.68,29,8,0.288,0,0.0,186.27,30,17.2,728.41
20,2026-01-09,20.35,342.28,118.89,13,7,0.833,0,0.0,79.42,28,17.2,343.44
21,2026-01-09,32.47,544.56,167.87,20,10,0.892,0,0.0,201.78,44,17.2,909.45
22,2026-01-09,33.06,556.54,166.75,23,6,0.512,0,0.0,129.79,35,17.2,429.21
23,2026-01-09,31.01,523.67,89.3,31,8,0.484,40,1520.0,94.21,23,17.2,648.96
24,2026-01-09,34.33,568.55,138.4,20,3,0.594,12,456.0,52.44,20,17.2,647.4
1,2026-01-10,14.01,258.81,104.38,18,7,0.867,0,0.0,341.34,46,18.6,332.78
2,2026-01-10,32.98,608.67,201.01,29,9,0.686,0,0.0,322.27,64,18.6,688.07
3,2026-01-10,12.86,234.18,125.77,15,5,0.834,0,0.0,53.78,20,18.6,383.13
4,2026-01-10,25.7,460.15,45.2,19,8,0.482,40,1520.0,367.59,65,18.6,807.5
5,2026-01-10,26.02,480.63,112.57,17,8,0.885,0,0.0,69.41,29,18.6,819.44
6,2026-01-10,33.04,768.72,210.12,25,8,0.731,0,0.0,293.75,49,18.6,473.54
7,2026-01-10,24.13,534.11,55.28,17,5,0.263,0,0.0,112.52,35,18.6,649.33
8,2026-01-10,29.96,683.83,149.36,21,4,0.747,0,0.0,48.28,25,18.6,493.11
9,2026-01-10,18.32,410.63,127.03,18,7,0.223,0,0.0,98.74,26,18.6,630.18
10,2026-01-10,15.25,346.24,99.57,14,4,0.737,0,0.0,95.81,31,18.6,376.0
11,2026-01-10,21.09,486.33,128.81,9,2,0.033,0,0.0,226.16,29,18.6,636.66
12,2026-01-10,16.76,376.21,140.82,14,7,0.607,0,0.0,163.62,40,18.6,670.65
13,2026-01-10,18.89,401.38,98.15,20,6,0.454,0,0.0,55.33,30,18.6,576.74
14,2026-01-10,23.03,485.55,178.35,21,7,0.032,0,0.0,312.49,60,18.6,353.69
15,2026-01-10,27.16,580.44,131.74,12,6,0.423,0,0.0,155.96,30,18.6,804.62
16,2026-01-10,23.11,496.08,94.28,17,6,0.62,18,684.0,387.47,53,18.6,321.22
17,2026-01-10,21.74,464.05,72.98,21,9,0.282,0,0.0,89.14,32,18.6,362.97
18,2026-01-10,33.32,710.0,152.1,31,7,0.82,0,0.0,114.98,19,18.6,862.24
19,2026-01-10,23.29,484.77,232.46,22,6,0.112,0,0.0,131.19,27,18.6,724.07
20,2026-01-10,19.13,321.79,136.85,11,6,0.86,0,0.0,55.57,22,18.6,335.76
21,2026-01-10,19.2,322.05,173.82,26,6,0.744,24,912.0,329.64,46,18.6,910.99
22,2026-01-10,26.89,452.67,171.91,20,5,0.991,0,0.0,51.45,26,18.6,435.75
23,2026-01-10,11.63,196.34,141.33,16,9,0.502,0,0.0,107.98,22,18.6,648.08
24,2026-01-10,25.02,414.32,170.49,22,8,0.184,0,0.0,59.35,19,18.6,642.65
1,2026-01-11,20.28,374.57,84.46,19,7,0.727,0,0.0,197.09,34,20.0,330.99
2,2026-01-11,28.95,534.33,183.97,23,11,0.161,18,684.0,40.87,23,20.0,687.84
3,2026-01-11,24.34,443.39,136.39,16,7,0.292,0,0.0,306.54,41,20.0,386.48
4,2026-01-11,23.27,416.66,81.27,10,9,0.277,0,0.0,151.22,39,20.0,807.51
5,2026-01-11,16.31,301.18,113.86,25,6,0.223,0,0.0,46.96,26,20.0,814.95
6,2026-01-11,18.85,438.73,272.53,14,7,0.957,18,684.0,222.35,37,20.0,475.33
7,2026-01-11,17.26,382.23,51.18,14,5,0.53,0,0.0,53.91,25,20.0,650.52
8,2026-01-11,32.27,736.81,148.16,20,9,0.412,24,912.0,234.91,53,20.0,489.44
9,2026-01-11,20.98,470.27,106.84,14,4,0.842,0,0.0,73.71,20,20.0,634.3
10,2026-01-11,24.98,567.4,97.81,9,3,0.138,40,1520.0,59.42,28,20.0,378.02
11,2026-01-11,21.63,498.82,120.8,14,5,0.204,0,0.0,81.95,19,20.0,638.04
12,2026-01-11,17.01,381.85,123.65,20,5,0.497,0,0.0,47.4,23,20.0,665.57
13,2026-01-11,23.52,499.85,120.18,6,5,0.785,12,456.0,60.86,28,20.0,574.22
14,2026-01-11,35.48,748.28,177.63,20,5,0.526,0,0.0,253.38,54,20.0,363.19
15,2026-01-11,16.06,343.22,117.34,18,7,0.983,12,456.0,162.54,33,20.0,802.73
16,2026-01-11,28.87,619.89,82.87,17,3,0.917,12,456.0,335.47,47,20.0,324.19
17,2026-01-11,25.86,552.19,71.71,11,5,0.77,0,0.0,88.59,29,20.0,362.82
18,2026-01-11,20.94,446.29,164.48,24,8,0.724,0,0.0,105.15,20,20.0,859.49
19,2026-01-11,34.45,716.98,241.05,22,7,0.82,0,0.0,118.21,23,20.0,724.36
20,2026-01-11,26.27,441.85,115.96,21,4,0.367,0,0.0,97.67,28,20.0,340.88
21,2026-01-11,24.04,403.38,147.79,23,7,0.241,40,1520.0,189.61,41,20.0,905.49
22,2026-01-11,25.25,425.11,145.17,25,8,0.386,40,1520.0,343.81,59,20.0,432.33
23,2026-01-11,22.91,386.99,158.57,21,10,0.021,0,0.0,104.01,23,20.0,646.57
24,2026-01-11,27.45,454.73,109.6,31,7,0.209,0,0.0,43.26,16,20.0,645.63
1,2026-01-12,15.39,284.37,82.07,18,5,0.8,18,684.0,0.0,0,21.4,335.09
2,2026-01-12,26.99,498.23,154.42,30,7,0.608,0,0.0,300.91,65,21.4,689.1
3,2026-01-12,23.31,424.76,155.99,14,7,0.634,24,912.0,83.2,23,21.4,387.32
4,2026-01-12,19.83,355.19,55.35,17,5,0.769,12,456.0,62.83,28,21.4,810.13
5,2026-01-12,12.93,238.8,119.18,20,10,0.338,18,684.0,344.12,65,21.4,816.52
6,2026-01-12,23.1,537.62,230.44,32,6,0.417,0,0.0,212.09,40,21.4,469.39
7,2026-01-12,21.21,469.52,42.81,11,7,0.588,24,912.0,153.66,44,21.4,651.55
8,2026-01-12,20.24,462.2,145.84,16,6,0.757,40,1520.0,331.82,60,21.4,491.17
9,2026-01-12,20.23,453.55,101.75,14,8,0.966,40,1520.0,283.57,43,21.4,636.06
10,2026-01-12,12.15,275.99,89.99,16,4,0.712,0,0.0,99.23,33,21.4,382.62
11,2026-01-12,26.75,617.13,101.27,17,5,0.429,0,0.0,108.33,23,21.4,641.52
12,2026-01-12,18.98,426.1,117.93,15,4,0.482,0,0.0,89.4,32,21.4,663.67
13,2026-01-12,16.95,360.32,116.21,13,8,0.304,18,684.0,137.72,38,21.4,579.82
14,2026-01-12,19.5,411.39,189.68,22,7,0.474,0,0.0,103.6,35,21.4,357.65
15,2026-01-12,24.87,531.6,110.62,17,9,0.877,0,0.0,268.11,44,21.4,811.29
16,2026-01-12,25.15,540.05,95.67,13,4,0.947,0,0.0,60.76,20,21.4,326.92
17,2026-01-12,29.89,638.37,80.06,15,5,0.097,0,0.0,90.84,29,21.4,361.73
18,2026-01-12,29.35,625.53,183.05,15,7,0.047,18,684.0,294.1,35,21.4,857.34
19,2026-01-12,38.42,799.88,225.15,30,8,0.741,0,0.0,122.49,26,21.4,726.65
20,2026-01-12,20.03,336.93,128.72,15,3,0.409,0,0.0,393.45,60,21.4,342.3
21,2026-01-12,25.81,433.03,134.52,17,10,0.927,0,0.0,304.55,44,21.4,914.52
22,2026-01-12,31.4,528.81,126.89,21,8,0.166,18,684.0,216.25,48,21.4,432.64
23,2026-01-12,38.28,646.67,163.15,25,12,0.459,18,684.0,77.52,19,21.4,645.69
24,2026-01-12,24.48,405.52,130.49,17,4,0.338,0,0.0,76.38,22,21.4,644.77
1,2026-01-13,24.62,454.92,135.38,6,5,0.723,0,0.0,138.59,28,22.8,332.52
2,2026-01-13,34.12,630.0,144.0,25,5,0.572,0,0.0,57.6,27,22.8,688.74
3,2026-01-13,18.42,335.57,171.93,18,3,0.107,18,684.0,0.0,0,22.8,390.08
4,2026-01-13,26.11,467.73,63.59,12,4,0.144,0,0.0,153.79,37,22.8,815.81
5,2026-01-13,19.96,368.7,96.28,20,7,0.061,0,0.0,258.38,54,22.8,823.67
6,2026-01-13,33.71,784.76,245.63,21,4,0.739,0,0.0,354.89,48,22.8,474.18
7,2026-01-13,23.64,523.41,25.36,11,3,0.844,0,0.0,266.16,49,22.8,652.33
8,2026-01-13,28.73,656.07,175.49,17,5,0.498,18,684.0,53.45,26,22.8,496.69
9,2026-01-13,22.83,512.07,144.2,10,5,0.866,0,0.0,214.97,39,22.8,643.37
10,2026-01-13,19.68,447.04,68.1,20,5,0.277,0,0.0,379.35,67,22.8,382.18
11,2026-01-13,13.4,309.24,107.98,12,5,0.259,0,0.0,345.31,35,22.8,639.89
12,2026-01-13,18.4,413.07,89.91,18,7,0.648,24,912.0,58.53,29,22.8,669.83
13,2026-01-13,29.28,622.54,100.89,19,7,0.216,12,456.0,118.61,37,22.8,577.03
14,2026-01-13,27.6,582.27,160.44,23,6,0.241,0,0.0,234.8,48,22.8,363.32
15,2026-01-13,16.33,349.05,129.03,14,5,0.845,0,0.0,42.17,18,22.8,801.09
16,2026-01-13,24.67,529.75,116.2,14,6,0.799,0,0.0,69.99,23,22.8,321.29
17,2026-01-13,25.0,534.03,141.1,17,6,0.696,12,456.0,40.76,21,22.8,365.59
18,2026-01-13,36.03,768.12,171.3,22,8,0.679,12,456.0,196.08,27,22.8,861.04
19,2026-01-13,25.81,537.31,234.89,19,9,0.894,0,0.0,155.64,29,22.8,725.11
20,2026-01-13,14.46,243.22,117.85,17,4,0.584,40,1520.0,72.75,26,22.8,345.99
21,2026-01-13,37.45,628.5,169.12,13,5,0.923,0,0.0,56.1,22,22.8,913.13
22,2026-01-13,25.58,430.74,155.26,17,6,0.276,12,456.0,86.93,32,22.8,431.9
23,2026-01-13,22.07,372.9,162.28,22,9,0.695,0,0.0,316.07,35,22.8,642.52
24,2026-01-13,27.18,450.29,144.0,11,4,0.122,18,684.0,132.52,29,22.8,651.26
1,2026-01-14,26.41,488.04,148.7,21,5,0.666,0,0.0,87.84,24,24.2,333.75
2,2026-01-14,30.97,571.84,142.28,20,6,0.042,12,456.0,64.41,29,24.2,695.22
3,2026-01-14,19.58,356.8,176.67,18,7,0.182,0,0.0,360.58,46,24.2,387.9
4,2026-01-14,12.08,216.46,103.8,10,8,0.638,12,456.0,346.92,57,24.2,804.6
5,2026-01-14,28.48,526.28,115.3,17,6,0.448,0,0.0,57.49,25,24.2,820.74
6,2026-01-14,19.2,447.08,240.53,21,6,0.393,24,912.0,230.96,42,24.2,472.77
7,2026-01-14,19.7,436.35,20.0,18,4,0.361,0,0.0,40.92,21,24.2,656.05
8,2026-01-14,26.2,598.44,164.76,22,5,0.627,18,684.0,61.97,24,24.2,492.03
9,2026-01-14,20.55,460.89,150.36,18,7,0.8,0,0.0,48.59,20,24.2,636.51
10,2026-01-14,16.56,376.35,75.12,15,3,0.283,0,0.0,47.01,24,24.2,384.69
11,2026-01-14,19.83,457.54,124.42,14,6,0.721,12,456.0,46.89,15,24.2,640.17
12,2026-01-14,26.9,604.11,82.53,17,4,0.861,0,0.0,346.84,54,24.2,672.52
13,2026-01-14,11.3,240.33,128.52,7,2,0.956,40,1520.0,233.34,55,24.2,580.53
14,2026-01-14,23.41,493.91,154.12,24,9,0.788,0,0.0,0.0,0,24.2,362.47
15,2026-01-14,25.12,537.11,112.76,15,4,0.186,24,912.0,192.53,37,24.2,809.03
16,2026-01-14,23.18,497.73,126.0,11,4,0.049,12,456.0,60.85,22,24.2,330.24
17,2026-01-14,15.73,335.94,170.93,14,6,0.864,0,0.0,44.15,22,24.2,364.19
18,2026-01-14,29.5,629.03,149.88,29,7,0.009,0,0.0,52.35,17,24.2,860.38
19,2026-01-14,26.5,551.72,224.84,27,7,0.742,0,0.0,85.29,22,24.2,724.65
20,2026-01-14,26.06,438.54,108.03,21,5,0.173,0,0.0,168.07,37,24.2,344.86
21,2026-01-14,29.18,489.68,150.21,24,9,0.99,0,0.0,159.03,37,24.2,916.34
22,2026-01-14,31.91,537.44,120.34,22,6,0.446,18,684.0,45.71,25,24.2,427.43
23,2026-01-14,25.24,426.48,166.34,24,5,0.129,40,1520.0,153.05,25,24.2,651.3
24,2026-01-14,37.99,629.44,161.41,22,9,0.117,0,0.0,65.58,20,24.2,652.71
1,2026-01-15,23.82,440.31,149.7,13,3,0.537,0,0.0,78.54,25,25.6,332.5
2,2026-01-15,35.66,658.44,129.91,27,4,0.934,40,1520.0,327.28,61,25.6,691.38
3,2026-01-15,17.75,323.52,132.02,24,9,0.147,0,0.0,114.83,24,25.6,387.7
4,2026-01-15,21.94,393.04,130.85,11,7,0.347,0,0.0,326.17,55,25.6,812.02
5,2026-01-15,19.95,368.67,118.85,21,6,0.559,12,456.0,119.44,37,25.6,822.08
6,2026-01-15,45.46,1058.56,226.69,26,9,0.224,0,0.0,135.01,31,25.6,476.28
7,2026-01-15,16.46,364.53,43.21,9,6,0.102,0,0.0,133.71,37,25.6,651.36
8,2026-01-15,23.88,545.34,153.97,22,7,0.288,0,0.0,322.75,52,25.6,491.16
9,2026-01-15,20.21,453.42,155.61,14,5,0.267,0,0.0,81.97,24,25.6,639.55
10,2026-01-15,22.23,505.06,69.89,12,3,0.664,18,684.0,296.44,59,25.6,381.31
11,2026-01-15,23.79,548.91,100.63,15,7,0.812,0,0.0,62.4,16,25.6,639.9
12,2026-01-15,17.58,394.76,62.87,15,5,0.677,0,0.0,355.04,64,25.6,669.27
13,2026-01-15,19.7,419.03,131.82,19,5,0.376,0,0.0,139.25,41,25.6,577.76
14,2026-01-15,29.54,623.3,158.45,24,4,0.342,0,0.0,212.56,49,25.6,355.49
15,2026-01-15,23.53,503.15,135.02,20,6,0.125,18,684.0,66.38,24,25.6,806.46
16,2026-01-15,18.36,394.28,103.15,24,7,0.629,40,1520.0,185.63,35,25.6,324.66
17,2026-01-15,20.62,440.49,194.64,18,4,0.765,40,1520.0,43.1,20,25.6,356.33
18,2026-01-15,16.3,347.59,115.79,24,9,0.239,12,456.0,43.73,16,25.6,860.12
19,2026-01-15,40.08,834.7,167.32,37,6,0.019,0,0.0,71.92,19,25.6,725.72
20,2026-01-15,20.69,348.15,87.19,17,4,0.959,40,1520.0,250.6,41,25.6,348.56
21,2026-01-15,23.16,388.71,135.78,19,7,0.821,0,0.0,51.82,21,25.6,911.29
22,2026-01-15,28.44,479.09,126.26,19,7,0.776,0,0.0,89.7,36,25.6,430.37
23,2026-01-15,27.59,466.13,156.37,25,6,0.388,12,456.0,333.03,39,25.6,647.2
24,2026-01-15,20.22,335.02,204.5,22,9,0.021,0,0.0,352.64,42,25.6,648.38
1,2026-01-16,10.37,191.61,154.54,10,4,0.776,0,0.0,70.82,19,27.0,334.55
2,2026-01-16,29.2,539.35,104.39,26,5,0.357,0,0.0,352.13,67,27.0,691.72
3,2026-01-16,23.88,435.24,130.87,20,3,0.869,0,0.0,227.63,34,27.0,384.94
4,2026-01-16,17.81,319.24,96.63,22,5,0.136,0,0.0,220.28,50,27.0,812.44
5,2026-01-16,24.48,452.44,112.41,23,5,0.055,0,0.0,333.19,65,27.0,817.89
6,2026-01-16,24.33,566.48,208.12,24,8,0.717,0,0.0,216.5,39,27.0,478.19
7,2026-01-16,17.35,384.25,67.37,13,4,0.353,0,0.0,186.08,44,27.0,649.12
8,2026-01-16,21.76,497.06,169.65,21,6,0.271,0,0.0,82.19,30,27.0,493.78
9,2026-01-16,17.45,391.56,163.43,19,5,0.368,0,0.0,128.74,30,27.0,637.53
10,2026-01-16,28.43,646.19,85.7,10,5,0.478,0,0.0,185.88,46,27.0,383.95
11,2026-01-16,18.28,421.81,112.97,14,3,0.014,0,0.0,53.72,15,27.0,635.85
12,2026-01-16,28.84,647.69,66.43,17,6,0.986,0,0.0,191.47,46,27.0,673.83
13,2026-01-16,29.43,626.01,132.62,11,5,0.02,0,0.0,41.72,23,27.0,576.89
14,2026-01-16,31.77,670.43,148.04,26,7,0.668,0,0.0,287.41,58,27.0,356.82
15,2026-01-16,20.42,436.79,102.35,22,4,0.373,0,0.0,50.9,20,27.0,808.99
16,2026-01-16,19.83,426.09,111.77,11,6,0.852,0,0.0,206.6,37,27.0,326.85
17,2026-01-16,19.13,408.77,201.7,14,5,0.738,24,912.0,317.73,55,27.0,364.03
18,2026-01-16,28.53,608.53,158.94,18,10,0.599,0,0.0,45.03,14,27.0,863.61
19,2026-01-16,22.98,478.68,181.27,25,4,0.949,24,912.0,331.73,39,27.0,729.8
20,2026-01-16,20.7,348.41,93.96,12,5,0.07,18,684.0,45.08,19,27.0,347.5
21,2026-01-16,17.87,300.07,158.43,23,7,0.93,18,684.0,58.38,22,27.0,907.93
22,2026-01-16,24.46,412.16,85.95,24,4,0.618,0,0.0,301.9,57,27.0,428.8
23,2026-01-16,21.93,370.6,182.22,15,9,0.371,0,0.0,191.76,28,27.0,650.24
24,2026-01-16,12.25,203.09,173.45,26,6,0.395,18,684.0,49.99,18,27.0,651.52
1,2026-01-17,25.94,479.46,133.34,20,4,0.651,12,456.0,262.97,39,28.4,335.34
2,2026-01-17,24.09,445.02,129.82,21,11,0.629,18,684.0,362.77,65,28.4,692.91
3,2026-01-17,24.0,437.55,113.7,13,8,0.332,40,1520.0,290.48,39,28.4,384.28
4,2026-01-17,13.11,234.93,116.44,14,4,0.437,24,912.0,231.45,49,28.4,813.83
5,2026-01-17,21.92,405.09,78.85,15,7,0.916,0,0.0,163.1,42,28.4,817.06
6,2026-01-17,30.39,707.68,200.21,21,6,0.336,12,456.0,238.62,37,28.4,477.25
7,2026-01-17,22.87,506.77,59.5,8,6,0.468,0,0.0,78.59,31,28.4,651.37
8,2026-01-17,25.91,592.0,155.55,22,7,0.398,0,0.0,67.51,31,28.4,494.18
9,2026-01-17,24.87,557.9,137.48,21,4,0.815,0,0.0,143.16,32,28.4,640.58
10,2026-01-17,21.23,482.6,105.23,11,3,0.235,0,0.0,309.75,59,28.4,384.47
11,2026-01-17,22.11,510.21,94.0,21,2,0.613,12,456.0,361.61,36,28.4,639.55
12,2026-01-17,25.2,566.14,64.0,17,7,0.931,0,0.0,173.66,43,28.4,675.1
13,2026-01-17,10.66,226.68,130.91,17,4,0.927,0,0.0,162.79,45,28.4,579.35
14,2026-01-17,28.7,605.65,142.77,20,9,0.281,0,0.0,115.4,31,28.4,361.2
15,2026-01-17,21.49,459.56,106.64,14,3,0.312,0,0.0,86.3,22,28.4,808.2
16,2026-01-17,18.66,400.9,119.38,13,4,0.703,12,456.0,41.37,19,28.4,325.65
17,2026-01-17,18.61,397.66,199.8,21,6,0.054,18,684.0,41.05,21,28.4,368.45
18,2026-01-17,33.6,716.76,125.86,31,8,0.971,40,1520.0,63.97,17,28.4,859.35
19,2026-01-17,37.58,782.78,209.17,24,9,0.099,0,0.0,57.08,18,28.4,726.67
20,2026-01-17,25.94,436.67,89.34,15,8,0.22,0,0.0,311.15,50,28.4,344.59
21,2026-01-17,28.71,481.98,122.75,28,5,0.458,40,1520.0,93.15,28,28.4,911.86
22,2026-01-17,26.92,453.55,81.1,17,7,0.501,0,0.0,305.95,54,28.4,435.37
23,2026-01-17,29.27,494.75,153.86,27,7,0.381,0,0.0,177.62,28,28.4,651.32
24,2026-01-17,26.09,432.45,167.73,30,8,0.048,0,0.0,96.98,23,28.4,644.37
1,2026-01-18,19.29,356.71,127.04,12,5,0.91,12,456.0,252.61,37,29.8,328.43
2,2026-01-18,33.45,618.01,117.01,25,11,0.388,0,0.0,382.88,67,29.8,689.34
3,2026-01-18,29.94,545.92,85.84,25,4,0.318,0,0.0,51.49,19,29.8,387.57
4,2026-01-18,14.78,264.87,105.95,17,4,0.306,0,0.0,377.73,60,29.8,815.79
5,2026-01-18,25.57,472.75,54.05,25,10,0.538,0,0.0,54.88,27,29.8,819.95
6,2026-01-18,33.3,775.58,151.55,29,8,0.896,18,684.0,91.31,29,29.8,476.79
7,2026-01-18,12.09,267.86,71.55,11,4,0.304,12,456.0,341.03,61,29.8,650.5
8,2026-01-18,29.79,680.67,152.78,14,8,0.759,12,456.0,106.87,30,29.8,495.76
9,2026-01-18,17.9,401.69,146.66,9,4,0.532,0,0.0,81.98,26,29.8,638.24
10,2026-01-18,16.9,384.25,110.88,15,7,0.783,0,0.0,171.17,50,29.8,380.13
11,2026-01-18,21.92,506.0,112.99,9,3,0.213,0,0.0,0.0,0,29.8,641.67
12,2026-01-18,21.19,476.12,84.59,13,6,0.256,0,0.0,243.24,56,29.8,672.23
13,2026-01-18,27.5,584.94,136.07,10,5,0.02,0,0.0,76.54,32,29.8,575.58
14,2026-01-18,31.03,654.86,170.68,19,6,0.591,0,0.0,66.69,27,29.8,358.07
15,2026-01-18,29.96,640.85,152.07,13,7,0.435,0,0.0,214.04,38,29.8,802.17
16,2026-01-18,34.26,736.07,113.66,16,9,0.638,0,0.0,0.0,0,29.8,324.98
17,2026-01-18,24.94,532.98,218.79,13,7,0.562,18,684.0,220.87,37,29.8,363.71
18,2026-01-18,33.95,724.28,159.05,22,10,0.96,0,0.0,352.01,34,29.8,860.37
19,2026-01-18,49.51,1031.41,214.17,29,13,0.163,18,684.0,158.46,28,29.8,728.45
20,2026-01-18,22.02,370.77,66.08,15,7,0.568,0,0.0,83.91,28,29.8,345.54
21,2026-01-18,25.72,431.91,130.4,11,4,0.643,24,912.0,116.11,29,29.8,914.91
22,2026-01-18,23.57,397.17,112.11,17,9,0.257,0,0.0,159.11,44,29.8,429.01
23,2026-01-18,31.92,539.55,136.23,33,6,0.131,18,684.0,149.69,28,29.8,651.49
24,2026-01-18,25.95,430.26,158.03,17,12,0.928,0,0.0,374.08,44,29.8,648.58
1,2026-01-19,15.62,288.78,129.44,16,3,0.738,24,912.0,99.57,26,31.2,339.28
2,2026-01-19,30.33,560.42,133.94,22,10,0.929,24,912.0,177.52,49,31.2,689.47
3,2026-01-19,24.32,443.39,70.29,19,6,0.788,12,456.0,286.84,39,31.2,383.88
4,2026-01-19,27.97,501.36,118.55,12,6,0.589,0,0.0,131.15,35,31.2,812.23
5,2026-01-19,28.33,523.82,66.2,16,8,0.203,18,684.0,76.8,32,31.2,818.3
6,2026-01-19,31.04,723.03,129.19,24,6,0.226,0,0.0,62.74,21,31.2,481.03
7,2026-01-19,18.67,413.73,80.53,7,4,0.13,0,0.0,160.11,39,31.2,658.8
8,2026-01-19,28.33,647.5,144.84,20,6,0.068,18,684.0,41.33,22,31.2,489.59
9,2026-01-19,26.97,605.28,140.8,14,4,0.572,0,0.0,71.86,22,31.2,630.43
10,2026-01-19,15.46,351.42,93.22,14,6,0.757,0,0.0,348.31,60,31.2,379.54
11,2026-01-19,20.9,482.45,86.94,13,6,0.245,0,0.0,233.68,30,31.2,642.67
12,2026-01-19,24.27,545.32,107.61,12,3,0.123,0,0.0,294.63,52,31.2,668.96
13,2026-01-19,18.8,400.1,106.31,16,3,0.183,12,456.0,40.51,23,31.2,580.68
14,2026-01-19,30.54,644.7,124.69,20,8,0.683,18,684.0,54.42,25,31.2,357.68
15,2026-01-19,31.96,683.81,137.34,14,5,0.408,0,0.0,96.61,27,31.2,808.87
16,2026-01-19,16.75,359.86,114.04,20,4,0.443,0,0.0,125.51,35,31.2,326.66
17,2026-01-19,20.43,436.57,226.63,17,8,0.831,0,0.0,43.64,23,31.2,361.15
18,2026-01-19,20.98,447.55,125.17,20,7,0.63,0,0.0,113.13,25,31.2,856.13
19,2026-01-19,32.73,681.84,214.14,24,6,0.95,0,0.0,329.95,39,31.2,726.2
20,2026-01-19,16.1,271.07,73.67,18,5,0.603,0,0.0,308.28,50,31.2,352.16
21,2026-01-19,27.84,467.5,127.46,21,8,0.192,0,0.0,42.68,20,31.2,914.4
22,2026-01-19,29.79,502.13,117.49,17,4,0.368,0,0.0,44.72,24,31.2,432.16
23,2026-01-19,17.04,288.13,124.59,17,10,0.89,0,0.0,156.98,25,31.2,653.0
24,2026-01-19,32.85,544.65,180.18,14,7,0.777,0,0.0,122.06,27,31.2,654.89
1,2026-01-20,23.51,434.67,71.35,24,5,0.417,0,0.0,64.75,20,32.6,336.39
2,2026-01-20,22.89,422.94,118.1,24,10,0.712,0,0.0,83.2,33,32.6,695.54
3,2026-01-20,16.64,303.41,40.3,22,6,0.655,0,0.0,48.67,18,32.6,391.97
4,2026-01-20,18.5,331.68,117.2,16,6,0.59,12,456.0,331.1,53,32.6,816.72
5,2026-01-20,18.51,342.29,89.42,17,6,0.841,0,0.0,220.03,51,32.6,817.65
6,2026-01-20,30.02,699.45,141.87,20,6,0.367,12,456.0,313.82,44,32.6,481.18
7,2026-01-20,15.98,354.07,109.91,7,4,0.864,0,0.0,73.41,27,32.6,650.82
8,2026-01-20,25.22,576.42,94.69,27,8,0.454,0,0.0,165.33,44,32.6,495.11
9,2026-01-20,33.81,758.79,123.15,22,5,0.054,0,0.0,331.96,50,32.6,640.2
10,2026-01-20,18.7,425.17,93.64,9,4,0.684,0,0.0,46.61,25,32.6,380.19
11,2026-01-20,32.46,749.58,96.49,20,4,0.38,24,912.0,50.35,15,32.6,643.27
12,2026-01-20,25.78,579.39,119.85,13,5,0.784,0,0.0,95.21,35,32.6,668.98
13,2026-01-20,26.29,559.52,103.14,12,5,0.297,0,0.0,218.29,53,32.6,577.4
14,2026-01-20,24.09,508.64,134.88,18,6,0.204,0,0.0,277.43,58,32.6,358.9
15,2026-01-20,17.49,374.27,147.15,19,4,0.434,40,1520.0,386.91,52,32.6,808.23
16,2026-01-20,16.97,364.62,94.31,19,6,0.332,0,0.0,99.86,25,32.6,334.06
17,2026-01-20,25.85,552.51,206.72,28,8,0.685,12,456.0,59.55,23,32.6,361.85
18,2026-01-20,38.68,825.24,166.81,22,10,0.522,40,1520.0,286.06,35,32.6,856.8
19,2026-01-20,30.56,636.83,216.44,22,9,0.541,0,0.0,123.15,26,32.6,728.44
20,2026-01-20,22.16,373.17,69.94,12,3,0.028,0,0.0,0.0,0,32.6,342.83
21,2026-01-20,39.85,669.28,101.15,25,4,0.556,0,0.0,53.68,21,32.6,915.96
22,2026-01-20,23.9,402.77,118.55,20,6,0.732,0,0.0,268.72,55,32.6,438.36
23,2026-01-20,35.38,598.26,137.88,21,10,0.705,0,0.0,113.05,21,32.6,654.36
24,2026-01-20,37.37,619.64,199.65,19,7,0.58,24,912.0,149.3,32,32.6,651.34
1,2026-01-21,17.86,330.26,56.08,23,5,0.583,12,456.0,57.01,21,34.0,334.66
2,2026-01-21,26.9,497.02,128.2,18,6,0.574,0,0.0,100.54,35,34.0,690.43
3,2026-01-21,30.2,550.89,45.18,18,7,0.677,12,456.0,51.84,17,34.0,393.54
4,2026-01-21,23.71,425.18,101.15,22,5,0.332,18,684.0,104.06,33,34.0,809.57
5,2026-01-21,30.7,567.73,66.02,22,8,0.529,18,684.0,399.11,75,34.0,816.69
6,2026-01-21,39.48,919.92,151.44,20,8,0.733,40,1520.0,46.22,19,34.0,478.45
7,2026-01-21,16.16,358.1,98.57,20,3,0.475,0,0.0,78.66,28,34.0,657.65
8,2026-01-21,19.54,446.63,132.36,16,10,0.175,40,1520.0,177.45,46,34.0,490.38
9,2026-01-21,13.31,298.8,99.59,17,6,0.783,0,0.0,179.5,34,34.0,636.84
10,2026-01-21,21.91,498.3,64.6,16,3,0.725,0,0.0,43.02,25,34.0,376.33
11,2026-01-21,13.95,322.22,101.0,15,3,0.392,24,912.0,183.54,26,34.0,640.74
12,2026-01-21,17.41,391.24,157.29,14,6,0.387,0,0.0,293.04,52,34.0,673.8
13,2026-01-21,16.92,360.08,104.1,15,4,0.71,12,456.0,231.82,52,34.0,581.42
14,2026-01-21,24.73,522.27,113.16,22,10,0.886,0,0.0,326.48,55,34.0,363.8
15,2026-01-21,19.39,414.97,125.79,12,4,0.856,0,0.0,41.6,19,34.0,804.43
16,2026-01-21,19.5,419.24,114.34,16,5,0.903,0,0.0,387.76,52,34.0,330.48
17,2026-01-21,17.81,380.82,160.17,29,6,0.414,0,0.0,364.87,56,34.0,361.24
18,2026-01-21,27.48,586.48,172.61,18,6,0.472,40,1520.0,314.0,35,34.0,860.98
19,2026-01-21,35.53,740.42,206.72,27,10,0.191,0,0.0,334.94,41,34.0,725.42
20,2026-01-21,18.16,305.8,57.01,13,4,0.446,24,912.0,65.42,23,34.0,345.58
21,2026-01-21,15.88,266.72,117.98,15,7,0.934,0,0.0,69.66,23,34.0,919.18
22,2026-01-21,21.44,361.48,126.27,14,8,0.334,40,1520.0,103.74,35,34.0,434.63
23,2026-01-21,39.89,674.45,116.53,26,10,0.219,12,456.0,49.81,16,34.0,650.44
24,2026-01-21,20.01,331.75,189.55,28,7,0.71,0,0.0,380.23,46,34.0,654.28
1,2026-01-22,21.78,402.86,50.34,15,9,0.82,12,456.0,98.16,21,35.4,337.62
2,2026-01-22,24.58,454.27,127.91,20,9,0.606,12,456.0,57.72,27,35.4,690.39
3,2026-01-22,26.34,480.47,43.95,15,6,0.862,0,0.0,235.02,33,35.4,395.18
4,2026-01-22,16.96,304.06,105.84,20,8,0.068,40,1520.0,52.2,24,35.4,816.89
5,2026-01-22,16.26,300.69,86.21,21,10,0.482,0,0.0,164.31,44,35.4,820.08
6,2026-01-22,32.47,756.66,136.08,22,4,0.831,40,1520.0,307.8,47,35.4,485.07
7,2026-01-22,12.73,282.28,98.58,14,2,0.845,18,684.0,267.43,55,35.4,653.09
8,2026-01-22,25.12,574.29,117.49,20,5,0.108,12,456.0,56.93,25,35.4,498.17
9,2026-01-22,19.75,443.35,81.35,21,4,0.513,0,0.0,54.64,21,35.4,637.76
10,2026-01-22,20.83,473.83,95.17,12,3,0.912,0,0.0,76.84,33,35.4,381.73
11,2026-01-22,17.54,404.98,89.96,9,6,0.154,0,0.0,67.68,16,35.4,642.44
12,2026-01-22,15.89,357.23,155.07,11,5,0.557,0,0.0,40.99,22,35.4,670.65
13,2026-01-22,25.55,543.9,102.15,17,6,0.479,0,0.0,399.45,70,35.4,577.81
14,2026-01-22,29.3,618.65,93.23,27,6,0.476,18,684.0,171.03,44,35.4,360.71
15,2026-01-22,19.18,410.47,107.75,24,5,0.935,0,0.0,49.51,19,35.4,807.66
16,2026-01-22,26.87,577.69,96.01,20,3,0.243,0,0.0,58.54,20,35.4,326.86
17,2026-01-22,19.75,422.32,131.03,21,7,0.855,0,0.0,98.52,29,35.4,362.68
18,2026-01-22,24.25,517.63,183.59,18,7,0.712,18,684.0,130.39,23,35.4,858.59
19,2026-01-22,29.21,608.91,223.53,19,6,0.358,0,0.0,260.17,34,35.4,723.65
20,2026-01-22,24.57,413.88,54.3,14,4,0.346,0,0.0,200.29,40,35.4,343.86
21,2026-01-22,26.09,438.3,149.53,16,5,0.478,12,456.0,293.01,46,35.4,913.58
22,2026-01-22,23.03,388.22,115.8,16,7,0.295,0,0.0,69.31,28,35.4,437.42
23,2026-01-22,22.66,383.28,117.33,20,12,0.145,0,0.0,176.78,27,35.4,648.0
24,2026-01-22,19.09,316.56,182.25,25,9,0.887,18,684.0,115.51,25,35.4,649.9
1,2026-01-23,33.07,611.72,57.75,15,8,0.64,0,0.0,53.42,20,36.8,334.91
2,2026-01-23,25.69,474.93,127.4,20,7,0.76,0,0.0,273.27,64,36.8,692.86
3,2026-01-23,27.25,497.03,56.96,13,6,0.919,18,684.0,42.23,17,36.8,390.42
4,2026-01-23,19.83,355.59,97.28,17,9,0.424,24,912.0,305.16,50,36.8,815.77
5,2026-01-23,19.64,363.26,105.71,20,7,0.72,40,1520.0,385.07,70,36.8,821.7
6,2026-01-23,27.23,634.72,132.2,19,5,0.259,0,0.0,87.14,26,36.8,479.82
7,2026-01-23,10.06,223.07,88.23,16,3,0.055,0,0.0,0.0,0,36.8,653.19
8,2026-01-23,33.04,755.38,101.6,24,7,0.34,0,0.0,70.31,27,36.8,490.84
9,2026-01-23,30.72,689.79,79.15,15,4,0.333,0,0.0,212.05,32,36.8,632.75
10,2026-01-23,14.82,337.06,75.99,17,5,0.256,0,0.0,165.15,43,36.8,379.73
11,2026-01-23,26.98,623.18,89.94,18,8,0.137,0,0.0,76.31,19,36.8,645.38
12,2026-01-23,18.06,406.02,135.01,15,9,0.176,18,684.0,370.01,63,36.8,670.86
13,2026-01-23,18.08,384.8,108.02,10,5,0.462,12,456.0,0.0,0,36.8,575.91
14,2026-01-23,23.83,503.33,113.18,20,6,0.211,0,0.0,45.83,24,36.8,361.36
15,2026-01-23,26.7,571.55,115.96,13,5,0.606,0,0.0,55.08,20,36.8,810.88
16,2026-01-23,24.96,536.73,85.28,16,5,0.52,0,0.0,272.9,42,36.8,330.55
17,2026-01-23,37.89,810.32,123.4,19,7,0.142,0,0.0,46.0,22,36.8,365.94
18,2026-01-23,22.3,475.94,167.47,30,7,0.654,0,0.0,93.3,21,36.8,864.74
19,2026-01-23,24.85,518.06,212.55,35,7,0.067,12,456.0,139.27,27,36.8,726.94
20,2026-01-23,19.0,320.0,65.77,15,5,0.059,18,684.0,60.76,26,36.8,344.33
21,2026-01-23,31.14,523.13,138.0,27,8,0.079,12,456.0,167.15,39,36.8,917.44
22,2026-01-23,28.4,478.85,144.3,16,5,0.737,18,684.0,0.0,0,36.8,427.71
23,2026-01-23,27.08,457.94,103.59,25,7,0.545,0,0.0,197.17,29,36.8,650.71
24,2026-01-23,28.69,475.92,167.46,18,7,0.985,0,0.0,77.22,20,36.8,653.85
1,2026-01-24,30.02,555.44,94.39,9,5,0.495,0,0.0,79.35,25,38.2,337.61
2,2026-01-24,20.1,371.55,120.71,25,8,0.138,0,0.0,61.57,29,38.2,687.44
3,2026-01-24,21.03,383.68,88.1,7,8,0.134,24,912.0,99.86,27,38.2,389.94
4,2026-01-24,25.39,455.48,103.96,18,4,0.576,0,0.0,160.68,44,38.2,813.82
5,2026-01-24,25.29,467.9,133.22,7,7,0.736,0,0.0,250.01,56,38.2,820.21
6,2026-01-24,28.31,659.84,177.39,19,5,0.14,0,0.0,82.9,25,38.2,477.43
7,2026-01-24,24.76,548.99,94.64,10,5,0.604,18,684.0,381.27,53,38.2,658.02
8,2026-01-24,23.99,548.59,67.95,18,7,0.979,0,0.0,156.95,44,38.2,496.71
9,2026-01-24,24.58,551.95,94.03,15,5,0.171,18,684.0,90.26,25,38.2,638.88
10,2026-01-24,23.52,535.06,56.66,13,2,0.855,0,0.0,58.13,27,38.2,380.8
11,2026-01-24,22.52,520.25,75.09,13,8,0.279,0,0.0,42.08,13,38.2,644.44
12,2026-01-24,18.31,411.69,158.6,17,6,0.178,0,0.0,265.49,49,38.2,673.71
13,2026-01-24,23.03,490.38,92.51,19,3,0.152,0,0.0,239.11,54,38.2,576.46
14,2026-01-24,23.56,497.65,123.2,22,6,0.104,12,456.0,215.61,45,38.2,358.41
15,2026-01-24,17.93,383.71,132.57,19,4,0.805,12,456.0,200.59,39,38.2,809.27
16,2026-01-24,19.05,409.55,84.58,14,6,0.028,12,456.0,338.34,47,38.2,332.61
17,2026-01-24,42.56,910.23,155.33,20,8,0.04,0,0.0,174.71,38,38.2,361.21
18,2026-01-24,22.96,490.04,154.16,22,4,0.545,0,0.0,112.58,23,38.2,862.25
19,2026-01-24,34.43,717.81,186.99,26,4,0.586,0,0.0,391.5,45,38.2,726.41
20,2026-01-24,18.7,314.97,74.69,12,6,0.847,0,0.0,142.62,35,38.2,342.6
21,2026-01-24,17.38,292.01,146.5,18,11,0.411,12,456.0,299.39,49,38.2,914.45
22,2026-01-24,18.3,308.64,130.55,16,6,0.706,0,0.0,90.24,33,38.2,433.59
23,2026-01-24,30.47,515.39,132.88,21,8,0.916,12,456.0,225.73,30,38.2,642.54
24,2026-01-24,38.21,633.82,160.08,28,6,0.963,0,0.0,68.51,21,38.2,653.54
1,2026-01-25,19.72,364.89,102.24,13,4,0.965,40,1520.0,188.93,35,39.6,332.59
2,2026-01-25,25.1,464.14,132.59,30,7,0.563,0,0.0,123.7,40,39.6,688.66
3,2026-01-25,18.17,331.64,81.18,14,3,0.191,12,456.0,83.62,22,39.6,384.3
4,2026-01-25,23.98,430.23,121.79,14,6,0.508,0,0.0,139.02,42,39.6,813.67
5,2026-01-25,25.24,466.92,121.71,19,5,0.945,0,0.0,48.34,25,39.6,821.26
6,2026-01-25,28.17,656.68,187.21,11,6,0.424,12,456.0,114.91,28,39.6,480.32
7,2026-01-25,21.37,474.01,100.14,14,4,0.202,0,0.0,254.43,55,39.6,652.66
8,2026-01-25,25.86,591.4,105.58,12,8,0.429,24,912.0,180.01,43,39.6,492.79
9,2026-01-25,27.46,616.65,98.65,12,5,0.429,0,0.0,163.06,32,39.6,636.11
10,2026-01-25,18.02,410.01,56.5,14,3,0.719,0,0.0,311.98,60,39.6,384.03
11,2026-01-25,14.25,329.29,83.92,15,6,0.088,18,684.0,41.4,13,39.6,635.41
12,2026-01-25,16.19,363.98,142.53,21,4,0.628,0,0.0,106.06,35,39.6,670.27
13,2026-01-25,26.14,556.53,112.64,12,4,0.193,0,0.0,75.03,33,39.6,578.1
14,2026-01-25,32.89,694.8,101.7,23,7,0.927,0,0.0,67.18,27,39.6,362.18
15,2026-01-25,31.13,666.37,106.77,24,6,0.937,0,0.0,51.3,20,39.6,814.79
16,2026-01-25,27.99,601.92,106.73,12,3,0.344,0,0.0,40.73,19,39.6,322.78
17,2026-01-25,28.89,617.88,148.33,16,5,0.145,0,0.0,263.35,45,39.6,367.2
18,2026-01-25,22.86,488.13,154.02,25,7,0.031,0,0.0,45.55,15,39.6,863.67
19,2026-01-25,26.09,543.93,160.24,30,8,0.698,0,0.0,99.31,23,39.6,728.03
20,2026-01-25,19.05,321.04,105.99,8,4,0.157,18,684.0,290.68,47,39.6,343.91
21,2026-01-25,18.59,312.41,149.52,16,5,0.732,0,0.0,340.92,50,39.6,916.91
22,2026-01-25,16.99,286.48,142.1,24,7,0.144,0,0.0,187.73,45,39.6,430.4
23,2026-01-25,26.32,445.33,157.6,28,7,0.32,0,0.0,251.63,31,39.6,651.93
24,2026-01-25,31.18,517.31,158.12,16,9,0.701,0,0.0,234.36,32,39.6,647.67
1,2026-01-26,20.88,386.46,115.43,17,4,0.918,0,0.0,239.67,37,6.0,324.45
2,2026-01-26,23.59,436.21,135.97,26,5,0.334,0,0.0,81.14,33,6.0,680.96
3,2026-01-26,18.01,328.6,117.85,12,5,0.97,0,0.0,380.67,45,6.0,378.21
4,2026-01-26,19.39,347.95,116.73,17,6,0.465,24,912.0,48.37,23,6.0,807.31
5,2026-01-26,21.96,406.27,158.03,17,5,0.566,40,1520.0,276.93,58,6.0,809.62
6,2026-01-26,24.9,580.47,179.03,20,8,0.307,0,0.0,114.53,30,6.0,469.64
7,2026-01-26,23.49,520.93,127.33,11,6,0.578,24,912.0,52.66,24,6.0,642.83
8,2026-01-26,30.55,698.77,112.72,14,6,0.631,0,0.0,108.95,36,6.0,479.8
9,2026-01-26,23.33,523.9,116.31,14,8,0.393,18,684.0,50.3,19,6.0,627.8
10,2026-01-26,23.07,525.01,52.46,8,6,0.785,0,0.0,205.01,48,6.0,372.82
11,2026-01-26,25.8,596.06,94.65,9,8,0.045,0,0.0,129.95,25,6.0,631.21
12,2026-01-26,23.33,524.67,122.13,19,9,0.106,12,456.0,81.58,29,6.0,658.54
13,2026-01-26,14.74,313.86,169.47,9,7,0.916,0,0.0,316.42,60,6.0,567.06
14,2026-01-26,25.52,539.16,143.69,10,8,0.166,12,456.0,245.33,44,6.0,354.92
15,2026-01-26,16.32,349.45,143.1,14,6,0.118,0,0.0,375.78,47,6.0,794.9
16,2026-01-26,23.05,495.85,72.35,18,6,0.862,0,0.0,179.8,40,6.0,312.37
17,2026-01-26,26.18,560.03,132.22,22,4,0.23,0,0.0,0.0,0,6.0,355.14
18,2026-01-26,37.61,803.0,156.75,16,5,0.538,24,912.0,133.64,24,6.0,850.15
19,2026-01-26,41.95,874.81,166.81,26,7,0.604,0,0.0,65.74,21,6.0,715.08
20,2026-01-26,18.91,318.64,79.8,16,4,0.096,0,0.0,79.73,29,6.0,335.81
21,2026-01-26,35.96,604.37,203.13,15,6,0.904,0,0.0,159.67,34,6.0,895.61
22,2026-01-26,19.44,327.96,146.21,23,6,0.353,24,912.0,318.0,54,6.0,423.72
23,2026-01-26,30.67,518.96,194.88,16,10,0.19,0,0.0,92.53,20,6.0,647.9
24,2026-01-26,25.16,417.51,120.03,25,7,0.549,12,456.0,43.12,16,6.0,635.43
1,2026-01-27,12.53,231.89,127.89,5,5,0.854,0,0.0,386.76,44,7.4,323.82
2,2026-01-27,31.32,579.11,128.84,18,8,0.825,0,0.0,155.22,47,7.4,684.74
3,2026-01-27,10.22,186.47,99.4,14,8,0.857,0,0.0,188.04,33,7.4,376.81
4,2026-01-27,25.05,449.56,102.94,19,7,0.071,0,0.0,75.67,28,7.4,806.02
5,2026-01-27,10.75,199.02,160.31,25,7,0.308,0,0.0,58.61,23,7.4,816.01
6,2026-01-27,24.04,560.52,137.1,27,8,0.814,12,456.0,237.38,37,7.4,465.38
7,2026-01-27,18.09,401.26,101.94,16,4,0.12,12,456.0,394.64,66,7.4,646.47
8,2026-01-27,24.65,563.82,109.26,18,6,0.424,0,0.0,109.22,38,7.4,485.69
9,2026-01-27,20.72,465.44,108.47,18,6,0.979,0,0.0,172.81,34,7.4,629.51
10,2026-01-27,24.13,549.2,49.43,12,2,0.364,24,912.0,132.17,43,7.4,374.23
11,2026-01-27,20.92,483.55,74.85,24,9,0.757,0,0.0,348.97,37,7.4,630.97
12,2026-01-27,21.59,485.51,127.24,22,8,0.565,18,684.0,279.71,54,7.4,662.73
13,2026-01-27,28.9,615.52,170.33,11,5,0.986,0,0.0,218.26,54,7.4,569.29
14,2026-01-27,27.26,575.96,174.19,16,5,0.252,12,456.0,103.81,35,7.4,350.4
15,2026-01-27,23.74,508.4,165.97,13,3,0.434,18,684.0,131.18,28,7.4,799.04
16,2026-01-27,19.59,421.49,90.2,13,8,0.734,12,456.0,87.7,28,7.4,316.55
17,2026-01-27,26.93,576.14,116.01,16,5,0.005,18,684.0,188.36,36,7.4,352.57
18,2026-01-27,30.14,643.62,142.9,31,7,0.108,12,456.0,0.0,0,7.4,852.72
19,2026-01-27,30.71,640.36,186.49,19,8,0.586,0,0.0,55.17,18,7.4,718.0
20,2026-01-27,20.2,340.44,87.37,10,4,0.003,12,456.0,62.99,22,7.4,335.65
21,2026-01-27,23.68,398.09,207.43,16,8,0.272,0,0.0,89.09,26,7.4,903.86
22,2026-01-27,22.07,372.28,143.16,21,9,0.111,0,0.0,281.06,52,7.4,421.45
23,2026-01-27,25.51,431.61,216.03,22,10,0.624,18,684.0,51.04,17,7.4,639.5
24,2026-01-27,32.13,533.2,103.1,25,6,0.821,0,0.0,99.93,24,7.4,643.04
1,2026-01-28,18.23,337.48,138.86,19,5,0.273,18,684.0,68.96,22,8.8,322.66
2,2026-01-28,30.84,570.34,129.62,18,7,0.38,24,912.0,84.62,33,8.8,681.26
3,2026-01-28,19.67,359.13,105.98,18,4,0.027,0,0.0,101.66,24,8.8,381.69
4,2026-01-28,18.19,326.41,143.35,16,6,0.288,0,0.0,292.64,53,8.8,805.39
5,2026-01-28,23.63,437.34,153.27,15,8,0.741,0,0.0,50.39,24,8.8,812.69
6,2026-01-28,16.63,387.79,136.12,20,7,0.973,12,456.0,144.79,30,8.8,474.56
7,2026-01-28,23.22,515.11,93.48,13,6,0.722,0,0.0,353.39,59,8.8,645.22
8,2026-01-28,16.13,369.11,92.77,21,7,0.805,12,456.0,377.1,58,8.8,486.13
9,2026-01-28,17.45,391.91,146.62,11,6,0.452,18,684.0,84.72,23,8.8,631.21
10,2026-01-28,22.06,502.13,53.49,13,2,0.842,0,0.0,53.9,27,8.8,374.48
11,2026-01-28,23.0,531.66,85.6,12,4,0.283,0,0.0,51.82,16,8.8,631.99
12,2026-01-28,30.93,695.67,99.12,20,5,0.99,18,684.0,110.28,35,8.8,668.85
13,2026-01-28,19.63,418.13,153.3,16,4,0.706,0,0.0,273.26,63,8.8,572.27
14,2026-01-28,29.3,619.13,197.56,16,6,0.064,0,0.0,42.83,23,8.8,348.69
15,2026-01-28,33.18,710.65,163.31,9,6,0.382,18,684.0,51.24,23,8.8,802.89
16,2026-01-28,16.81,361.57,59.62,17,3,0.068,12,456.0,59.17,22,8.8,315.48
17,2026-01-28,22.84,488.63,133.24,16,6,0.469,12,456.0,266.81,49,8.8,352.82
18,2026-01-28,33.1,706.97,127.55,27,11,0.848,18,684.0,227.37,31,8.8,856.1
19,2026-01-28,40.25,839.54,185.34,24,8,0.803,0,0.0,271.2,38,8.8,719.57
20,2026-01-28,12.38,208.68,88.93,11,6,0.692,12,456.0,228.49,42,8.8,331.97
21,2026-01-28,22.32,375.29,207.21,25,8,0.455,0,0.0,347.58,48,8.8,907.81
22,2026-01-28,30.06,507.14,148.93,14,9,0.778,0,0.0,58.55,25,8.8,425.39
23,2026-01-28,31.33,530.14,202.99,19,8,0.009,0,0.0,346.53,40,8.8,641.31
24,2026-01-28,18.95,314.55,89.63,26,10,0.799,0,0.0,96.07,24,8.8,641.82
1,2026-01-29,20.65,382.26,121.89,14,4,0.313,12,456.0,369.58,48,10.2,330.25
2,2026-01-29,28.8,532.79,110.82,19,8,0.609,0,0.0,49.59,26,10.2,679.24
3,2026-01-29,16.71,305.07,119.92,14,3,0.408,12,456.0,92.54,25,10.2,377.05
4,2026-01-29,20.6,369.79,147.01,13,2,0.658,24,912.0,183.59,44,10.2,801.59
5,2026-01-29,20.06,371.35,142.48,24,8,0.517,0,0.0,317.25,58,10.2,812.98
6,2026-01-29,26.89,627.08,144.62,16,5,0.254,18,684.0,151.45,37,10.2,469.03
7,2026-01-29,15.47,343.18,113.18,15,4,0.643,12,456.0,107.51,37,10.2,648.07
8,2026-01-29,20.54,469.91,112.03,16,3,0.441,40,1520.0,184.46,51,10.2,490.81
9,2026-01-29,22.08,496.21,140.38,16,6,0.13,0,0.0,195.28,34,10.2,630.42
10,2026-01-29,13.24,301.47,33.19,14,6,0.001,12,456.0,254.14,56,10.2,374.41
11,2026-01-29,12.29,283.99,113.15,9,5,0.181,0,0.0,239.73,34,10.2,630.24
12,2026-01-29,25.47,573.06,130.52,10,6,0.058,12,456.0,227.08,50,10.2,664.46
13,2026-01-29,14.04,299.03,156.88,18,6,0.939,0,0.0,62.62,28,10.2,574.56
14,2026-01-29,12.96,273.86,155.12,26,8,0.059,12,456.0,322.03,53,10.2,357.51
15,2026-01-29,21.09,451.7,171.08,16,4,0.449,18,684.0,53.43,21,10.2,799.07
16,2026-01-29,24.79,533.33,80.79,18,2,0.279,0,0.0,357.82,46,10.2,317.16
17,2026-01-29,31.05,664.52,124.58,14,8,0.264,0,0.0,120.56,37,10.2,358.73
18,2026-01-29,16.09,343.73,139.29,25,11,0.369,0,0.0,88.55,19,10.2,853.26
19,2026-01-29,31.91,665.63,152.9,31,8,0.793,0,0.0,338.31,39,10.2,719.63
20,2026-01-29,21.93,369.61,108.23,8,5,0.189,12,456.0,120.76,33,10.2,342.37
21,2026-01-29,20.64,346.96,218.2,20,4,0.602,12,456.0,71.94,23,10.2,905.21
22,2026-01-29,29.62,499.86,162.2,13,5,0.024,0,0.0,246.8,50,10.2,431.39
23,2026-01-29,14.93,252.75,198.11,23,8,0.784,0,0.0,111.99,22,10.2,640.54
24,2026-01-29,30.11,499.87,128.02,24,8,0.718,0,0.0,94.65,24,10.2,645.03
1,2026-01-30,8.15,150.85,114.15,15,3,0.495,0,0.0,373.53,44,11.6,327.73
2,2026-01-30,22.65,419.07,125.9,23,6,0.012,0,0.0,145.72,44,11.6,681.92
3,2026-01-30,16.24,296.56,103.51,16,5,0.754,0,0.0,329.33,42,11.6,382.09
4,2026-01-30,24.63,442.03,165.99,11,4,0.526,0,0.0,112.92,35,11.6,804.72
5,2026-01-30,28.54,528.41,116.64,23,7,0.721,24,912.0,269.38,51,11.6,817.35
6,2026-01-30,34.59,806.83,138.31,24,5,0.656,18,684.0,262.99,47,11.6,472.36
7,2026-01-30,24.8,550.21,93.47,14,4,0.392,0,0.0,364.49,60,11.6,643.72
8,2026-01-30,23.81,544.83,126.59,16,5,0.665,0,0.0,117.97,40,11.6,484.25
9,2026-01-30,22.32,501.6,145.14,14,6,0.342,12,456.0,88.06,26,11.6,630.88
10,2026-01-30,18.48,420.72,42.69,13,5,0.495,12,456.0,65.01,30,11.6,370.36
11,2026-01-30,32.28,746.15,92.34,16,8,0.053,12,456.0,56.75,17,11.6,640.12
12,2026-01-30,31.02,697.78,133.59,14,5,0.419,40,1520.0,368.6,64,11.6,669.62
13,2026-01-30,19.06,406.1,142.36,16,2,0.168,0,0.0,69.52,31,11.6,573.38
14,2026-01-30,19.0,401.67,157.58,20,8,0.452,0,0.0,75.33,31,11.6,352.61
15,2026-01-30,18.08,387.2,159.26,19,8,0.874,0,0.0,192.18,31,11.6,797.88
16,2026-01-30,19.65,422.85,83.85,13,3,0.156,0,0.0,66.0,21,11.6,320.29
17,2026-01-30,26.88,575.37,133.3,21,9,0.263,18,684.0,357.38,51,11.6,360.67
18,2026-01-30,35.35,755.09,161.75,21,8,0.579,0,0.0,110.87,22,11.6,858.18
19,2026-01-30,22.13,461.65,117.61,24,5,0.67,0,0.0,183.2,35,11.6,719.2
20,2026-01-30,14.59,246.02,102.13,20,2,0.742,0,0.0,221.98,42,11.6,338.43
21,2026-01-30,19.41,326.39,195.09,29,5,0.527,18,684.0,67.02,26,11.6,904.01
22,2026-01-30,29.0,489.36,170.77,19,3,0.672,0,0.0,61.41,27,11.6,421.65
23,2026-01-30,28.53,482.92,213.18,24,9,0.502,0,0.0,65.82,18,11.6,645.38
24,2026-01-30,34.07,565.52,146.22,13,7,0.52,24,912.0,49.53,18,11.6,647.68
1,2026-01-31,22.5,416.66,87.56,20,3,0.031,0,0.0,292.69,44,13.0,325.61
2,2026-01-31,19.38,358.54,127.87,26,9,0.404,18,684.0,313.17,58,13.0,682.63
3,2026-01-31,24.72,451.42,129.41,14,7,0.662,0,0.0,294.74,37,13.0,380.14
4,2026-01-31,21.17,380.11,137.33,23,3,0.639,18,684.0,69.84,28,13.0,806.81
5,2026-01-31,17.65,326.86,108.27,22,11,0.807,0,0.0,146.76,39,13.0,812.89
6,2026-01-31,25.36,591.63,120.37,23,5,0.333,0,0.0,47.61,21,13.0,473.42
7,2026-01-31,18.93,420.15,110.72,14,5,0.504,24,912.0,85.66,33,13.0,654.23
8,2026-01-31,27.95,639.58,142.72,12,8,0.736,0,0.0,216.37,48,13.0,485.61
9,2026-01-31,13.85,311.35,128.42,19,5,0.945,0,0.0,54.55,19,13.0,632.57
10,2026-01-31,18.41,419.23,34.25,11,7,0.288,0,0.0,88.93,37,13.0,374.36
11,2026-01-31,19.12,442.15,109.36,7,4,0.428,24,912.0,202.95,27,13.0,633.3
12,2026-01-31,28.02,630.42,140.53,21,5,0.509,24,912.0,283.99,53,13.0,667.44
13,2026-01-31,23.42,498.91,139.31,16,6,0.561,18,684.0,49.46,28,13.0,573.19
14,2026-01-31,20.05,423.89,147.69,23,6,0.322,0,0.0,87.78,33,13.0,353.72
15,2026-01-31,13.29,284.82,128.58,19,6,0.334,18,684.0,180.24,38,13.0,800.86
16,2026-01-31,24.24,521.62,90.94,17,3,0.007,0,0.0,58.69,22,13.0,322.66
17,2026-01-31,19.79,423.67,107.46,28,5,0.927,0,0.0,304.94,50,13.0,358.21
18,2026-01-31,32.33,690.66,177.06,22,10,0.075,0,0.0,131.06,25,13.0,860.22
19,2026-01-31,29.73,620.35,148.05,21,10,0.115,40,1520.0,139.06,26,13.0,718.13
20,2026-01-31,16.78,282.87,101.08,18,3,0.392,0,0.0,43.17,21,13.0,339.99
21,2026-01-31,30.74,516.98,183.12,17,8,0.154,0,0.0,157.67,36,13.0,910.99
22,2026-01-31,18.87,318.41,161.84,15,7,0.092,12,456.0,244.19,48,13.0,420.92
23,2026-01-31,23.74,401.94,205.45,28,9,0.995,0,0.0,42.75,17,13.0,641.8
24,2026-01-31,36.09,599.24,144.85,22,5,0.595,18,684.0,76.36,22,13.0,646.71
1,2026-02-01,18.39,340.52,86.71,21,5,0.611,24,912.0,49.16,19,14.4,332.89
2,2026-02-01,21.13,390.97,123.57,31,6,0.568,0,0.0,309.52,55,14.4,688.88
3,2026-02-01,20.69,377.82,103.34,19,4,0.871,0,0.0,343.25,43,14.4,383.85
4,2026-02-01,20.07,360.41,102.65,24,7,0.095,0,0.0,297.61,59,14.4,806.51
5,2026-02-01,29.26,541.82,135.19,18,10,0.162,0,0.0,195.9,42,14.4,812.02
6,2026-02-01,20.83,485.91,151.9,19,6,0.199,0,0.0,181.46,37,14.4,472.19
7,2026-02-01,21.61,479.7,115.48,15,3,0.229,24,912.0,231.74,50,14.4,650.36
8,2026-02-01,19.98,457.31,128.49,27,9,0.757,0,0.0,68.18,25,14.4,492.49
9,2026-02-01,24.41,548.66,126.0,13,3,0.243,24,912.0,270.42,42,14.4,638.29
10,2026-02-01,22.04,501.79,82.14,9,7,0.59,0,0.0,58.77,29,14.4,380.41
11,2026-02-01,14.45,334.06,95.19,16,4,0.849,0,0.0,49.14,14,14.4,633.77
12,2026-02-01,15.87,357.05,124.35,16,8,0.859,0,0.0,0.0,0,14.4,667.8
13,2026-02-01,24.52,522.6,136.1,14,7,0.731,0,0.0,396.38,65,14.4,574.1
14,2026-02-01,32.93,696.33,154.42,17,10,0.981,0,0.0,99.05,35,14.4,358.6
15,2026-02-01,21.72,465.47,133.65,18,4,0.725,0,0.0,296.61,45,14.4,800.23
16,2026-02-01,21.29,458.22,119.38,10,7,0.406,24,912.0,349.21,51,14.4,322.4
17,2026-02-01,19.63,420.2,126.99,14,7,0.81,0,0.0,118.3,35,14.4,360.97
18,2026-02-01,28.81,615.64,196.05,23,9,0.349,0,0.0,125.06,23,14.4,859.5
19,2026-02-01,37.49,782.36,171.46,21,7,0.578,40,1520.0,101.9,21,14.4,720.18
20,2026-02-01,11.8,199.07,105.52,12,4,0.282,0,0.0,68.04,28,14.4,341.82
21,2026-02-01,26.14,439.59,157.06,21,10,0.032,0,0.0,225.49,41,14.4,909.41
22,2026-02-01,19.0,320.72,171.32,23,5,0.796,24,912.0,71.2,27,14.4,429.66
23,2026-02-01,27.07,458.3,149.84,28,5,0.001,40,1520.0,80.55,20,14.4,638.5
24,2026-02-01,28.6,474.97,197.01,20,6,0.417,0,0.0,203.11,32,14.4,648.31
1,2026-02-02,20.57,380.91,69.06,16,8,0.17,24,912.0,194.67,36,15.8,326.36
2,2026-02-02,25.33,468.79,127.47,23,4,0.325,12,456.0,65.55,26,15.8,686.22
3,2026-02-02,21.76,397.44,101.93,22,5,0.826,0,0.0,193.37,34,15.8,386.68
4,2026-02-02,14.62,262.6,106.09,16,7,0.729,12,456.0,219.95,49,15.8,810.75
5,2026-02-02,28.12,520.86,134.93,27,8,0.156,24,912.0,51.94,22,15.8,812.78
6,2026-02-02,30.6,714.03,161.18,17,4,0.754,18,684.0,301.61,43,15.8,480.54
7,2026-02-02,19.25,427.21,92.4,19,6,0.08,0,0.0,89.91,29,15.8,645.67
8,2026-02-02,21.75,497.91,135.41,19,5,0.214,40,1520.0,176.73,47,15.8,488.53
9,2026-02-02,20.27,455.72,96.29,23,5,0.126,0,0.0,104.21,26,15.8,635.09
10,2026-02-02,18.82,428.56,98.91,13,3,0.472,12,456.0,74.23,31,15.8,379.87
11,2026-02-02,22.71,525.12,88.26,15,5,0.267,0,0.0,177.02,25,15.8,635.65
12,2026-02-02,17.75,399.46,122.41,13,5,0.009,18,684.0,122.38,36,15.8,663.63
13,2026-02-02,25.13,535.5,83.1,22,3,0.209,24,912.0,76.7,33,15.8,572.06
14,2026-02-02,30.06,635.58,174.69,25,8,0.059,12,456.0,55.66,25,15.8,355.17
15,2026-02-02,25.04,536.64,100.2,25,5,0.916,40,1520.0,177.83,32,15.8,804.77
16,2026-02-02,19.04,409.8,123.24,13,8,0.98,40,1520.0,0.0,0,15.8,320.47
17,2026-02-02,24.41,522.54,159.67,15,6,0.783,18,684.0,146.08,36,15.8,357.61
18,2026-02-02,25.12,536.92,185.56,22,8,0.765,0,0.0,294.75,35,15.8,858.32
19,2026-02-02,31.67,661.04,160.74,24,11,0.954,0,0.0,81.11,20,15.8,723.41
20,2026-02-02,28.6,482.31,118.85,10,5,0.356,0,0.0,346.87,46,15.8,336.12
21,2026-02-02,35.59,598.66,147.92,29,7,0.155,0,0.0,78.45,25,15.8,905.13
22,2026-02-02,27.18,458.9,159.26,24,4,0.516,24,912.0,78.78,33,15.8,430.84
23,2026-02-02,31.84,539.25,157.19,33,7,0.655,40,1520.0,73.87,20,15.8,639.56
24,2026-02-02,15.65,259.87,227.24,16,6,0.74,0,0.0,94.77,24,15.8,647.52
1,2026-02-03,28.77,532.88,60.02,15,6,0.467,0,0.0,69.91,22,17.2,330.13
2,2026-02-03,29.56,547.11,150.74,18,6,0.307,18,684.0,106.99,39,17.2,690.95
3,2026-02-03,19.0,347.02,125.01,12,5,0.693,24,912.0,45.67,19,17.2,381.25
4,2026-02-03,28.21,506.6,121.31,14,4,0.961,0,0.0,41.57,23,17.2,806.94
5,2026-02-03,27.14,502.64,133.02,23,7,0.396,24,912.0,264.17,60,17.2,815.11
6,2026-02-03,32.66,762.05,170.6,14,10,0.195,0,0.0,228.68,40,17.2,472.45
7,2026-02-03,20.16,447.66,99.96,10,5,0.166,0,0.0,95.21,32,17.2,646.97
8,2026-02-03,14.59,333.93,162.07,16,8,0.539,40,1520.0,195.49,44,17.2,487.2
9,2026-02-03,27.14,610.15,97.07,14,8,0.337,0,0.0,74.08,26,17.2,637.97
10,2026-02-03,15.13,344.68,96.18,13,4,0.463,0,0.0,158.9,44,17.2,378.16
11,2026-02-03,14.17,327.67,75.25,15,5,0.064,0,0.0,267.64,33,17.2,637.61
12,2026-02-03,33.1,744.97,115.33,20,3,0.958,0,0.0,73.35,28,17.2,666.9
13,2026-02-03,22.63,482.34,94.24,20,4,0.482,0,0.0,68.7,31,17.2,578.19
14,2026-02-03,30.92,653.87,153.16,20,5,0.315,0,0.0,0.0,0,17.2,357.32
15,2026-02-03,30.39,651.34,92.65,16,5,0.965,12,456.0,344.38,55,17.2,801.01
16,2026-02-03,21.75,468.27,136.16,16,7,0.98,18,684.0,70.27,23,17.2,322.03
17,2026-02-03,35.94,769.46,188.44,18,6,0.103,0,0.0,268.15,46,17.2,359.51
18,2026-02-03,24.97,533.77,204.36,23,6,0.81,12,456.0,98.98,22,17.2,850.79
19,2026-02-03,26.04,543.46,182.41,27,10,0.775,0,0.0,0.0,0,17.2,719.06
20,2026-02-03,25.7,433.54,128.43,12,6,0.154,0,0.0,385.71,62,17.2,336.95
21,2026-02-03,24.35,409.65,135.06,16,6,0.172,0,0.0,54.5,23,17.2,904.21
22,2026-02-03,20.26,342.06,143.12,19,3,0.427,18,684.0,191.39,45,17.2,432.09
23,2026-02-03,32.35,547.95,160.19,28,9,0.271,0,0.0,55.56,16,17.2,645.65
24,2026-02-03,29.66,492.68,228.34,15,8,0.153,0,0.0,79.48,22,17.2,651.45
1,2026-02-04,27.32,506.07,65.01,16,5,0.093,40,1520.0,44.04,18,18.6,327.27
2,2026-02-04,37.81,699.81,152.34,18,6,0.781,0,0.0,0.0,0,18.6,693.03
3,2026-02-04,23.9,436.68,119.52,19,7,0.143,0,0.0,89.69,22,18.6,379.55
4,2026-02-04,29.23,525.0,77.92,25,6,0.636,0,0.0,119.35,32,18.6,810.76
5,2026-02-04,19.85,367.7,146.63,17,4,0.117,40,1520.0,229.14,52,18.6,811.35
6,2026-02-04,24.44,570.42,198.06,19,7,0.095,0,0.0,122.25,28,18.6,476.65
7,2026-02-04,22.14,491.52,96.07,11,4,0.347,0,0.0,72.88,28,18.6,650.04
8,2026-02-04,35.09,803.47,200.1,15,5,0.202,24,912.0,71.99,30,18.6,493.17
9,2026-02-04,19.94,448.36,101.77,19,7,0.321,0,0.0,46.3,18,18.6,637.23
10,2026-02-04,14.94,340.38,94.51,10,4,0.873,0,0.0,65.97,30,18.6,379.17
11,2026-02-04,21.51,497.45,59.53,18,4,0.408,24,912.0,70.57,18,18.6,631.48
12,2026-02-04,21.34,480.41,106.85,14,7,0.59,0,0.0,79.0,29,18.6,666.76
13,2026-02-04,20.49,436.72,111.44,9,4,0.645,0,0.0,244.12,54,18.6,571.33
14,2026-02-04,21.66,458.14,181.84,26,4,0.374,0,0.0,219.27,49,18.6,352.49
15,2026-02-04,25.73,551.5,112.84,11,5,0.945,18,684.0,284.59,45,18.6,804.51
16,2026-02-04,15.75,339.07,143.29,12,6,0.567,0,0.0,162.97,33,18.6,325.42
17,2026-02-04,18.78,402.19,175.89,20,5,0.952,0,0.0,65.03,26,18.6,357.96
18,2026-02-04,29.52,631.04,208.65,22,11,0.435,0,0.0,112.67,21,18.6,864.89
19,2026-02-04,26.84,560.38,188.27,22,6,0.923,40,1520.0,172.49,28,18.6,723.47
20,2026-02-04,19.01,320.75,122.71,14,3,0.74,24,912.0,394.37,61,18.6,339.13
21,2026-02-04,29.59,497.81,132.19,25,5,0.425,0,0.0,85.44,26,18.6,909.94
22,2026-02-04,32.69,551.96,153.12,17,6,0.436,0,0.0,250.36,55,18.6,428.78
23,2026-02-04,36.7,621.67,207.98,19,7,0.081,0,0.0,68.68,19,18.6,648.23
24,2026-02-04,21.57,358.31,228.88,25,5,0.492,12,456.0,0.0,0,18.6,647.49
1,2026-02-05,23.41,433.68,99.51,9,5,0.039,0,0.0,168.35,31,20.0,336.03
2,2026-02-05,27.25,504.4,188.2,15,6,0.42,0,0.0,50.61,26,20.0,685.62
3,2026-02-05,27.69,506.02,110.38,25,7,0.55,0,0.0,46.24,17,20.0,386.41
4,2026-02-05,20.9,375.44,85.92,20,4,0.414,12,456.0,75.07,28,20.0,810.21
5,2026-02-05,34.67,642.26,176.74,18,10,0.207,24,912.0,266.33,58,20.0,814.09
6,2026-02-05,20.55,479.65,186.41,26,4,0.58,12,456.0,58.57,21,20.0,476.91
7,2026-02-05,29.26,649.73,67.71,17,6,0.116,0,0.0,133.31,40,20.0,649.43
8,2026-02-05,21.25,486.62,185.42,21,6,0.691,24,912.0,94.52,34,20.0,491.55
9,2026-02-05,30.54,686.74,88.38,15,4,0.545,0,0.0,86.91,25,20.0,635.03
10,2026-02-05,19.75,449.89,94.45,9,7,0.627,40,1520.0,206.39,49,20.0,375.31
11,2026-02-05,21.95,507.69,74.24,19,5,0.285,18,684.0,73.58,17,20.0,637.04
12,2026-02-05,17.73,399.16,110.31,17,3,0.38,40,1520.0,123.85,35,20.0,667.73
13,2026-02-05,34.97,745.58,120.49,16,1,0.929,0,0.0,115.42,40,20.0,575.85
14,2026-02-05,31.26,661.23,171.94,14,8,0.393,0,0.0,85.39,31,20.0,361.73
15,2026-02-05,34.84,746.74,82.89,18,9,0.422,24,912.0,153.15,32,20.0,798.01
16,2026-02-05,19.85,427.45,121.8,22,8,0.374,40,1520.0,361.64,47,20.0,322.51
17,2026-02-05,21.06,450.98,186.78,12,9,0.02,12,456.0,96.64,29,20.0,362.72
18,2026-02-05,27.06,578.39,194.56,27,7,0.538,12,456.0,96.81,22,20.0,858.4
19,2026-02-05,30.4,634.63,199.19,21,8,0.855,0,0.0,46.06,16,20.0,720.18
20,2026-02-05,15.38,259.45,120.84,12,2,0.663,0,0.0,92.37,26,20.0,344.55
21,2026-02-05,41.23,693.78,122.71,19,4,0.402,0,0.0,97.84,29,20.0,914.01
22,2026-02-05,29.66,500.93,155.73,20,3,0.212,0,0.0,345.96,57,20.0,430.54
23,2026-02-05,40.3,682.75,244.95,19,5,0.602,18,684.0,74.32,21,20.0,649.11
24,2026-02-05,21.19,351.98,205.62,27,6,0.635,12,456.0,57.98,22,20.0,648.05
1,2026-02-06,20.94,388.02,130.11,11,4,0.614,0,0.0,0.0,0,21.4,334.64
2,2026-02-06,21.32,394.69,201.64,17,7,0.582,0,0.0,54.45,25,21.4,685.53
3,2026-02-06,14.42,263.45,136.24,11,6,0.578,0,0.0,0.0,0,21.4,388.39
4,2026-02-06,17.69,317.82,107.58,19,6,0.37,0,0.0,168.44,41,21.4,812.72
5,2026-02-06,26.67,494.09,203.3,16,7,0.055,0,0.0,288.09,56,21.4,814.35
6,2026-02-06,19.54,456.06,160.3,24,7,0.818,0,0.0,320.32,50,21.4,477.54
7,2026-02-06,15.57,345.7,74.82,11,4,0.697,0,0.0,87.41,29,21.4,648.64
8,2026-02-06,20.03,458.79,211.68,18,9,0.062,0,0.0,199.67,42,21.4,490.96
9,2026-02-06,18.83,423.38,82.62,15,6,0.175,0,0.0,227.77,33,21.4,635.55
10,2026-02-06,17.82,405.95,104.12,16,3,0.224,0,0.0,116.57,37,21.4,380.53
11,2026-02-06,21.31,493.1,95.28,11,4,0.364,0,0.0,40.01,13,21.4,642.17
12,2026-02-06,29.58,665.96,130.12,18,8,0.06,0,0.0,355.45,60,21.4,667.77
13,2026-02-06,26.58,566.74,122.3,14,5,0.281,0,0.0,244.91,48,21.4,578.02
14,2026-02-06,25.83,546.44,176.64,19,8,0.572,0,0.0,243.97,48,21.4,359.3
15,2026-02-06,24.87,533.13,104.23,13,3,0.354,0,0.0,168.72,33,21.4,806.12
16,2026-02-06,21.02,452.7,103.99,16,5,0.802,18,684.0,210.43,39,21.4,329.14
17,2026-02-06,21.31,456.4,197.18,16,6,0.648,0,0.0,222.94,39,21.4,362.76
18,2026-02-06,30.59,654.02,186.16,27,8,0.709,0,0.0,54.29,17,21.4,859.81
19,2026-02-06,35.66,744.68,217.23,15,9,0.157,0,0.0,71.47,22,21.4,725.8
20,2026-02-06,18.08,305.05,119.83,16,5,0.321,12,456.0,43.36,19,21.4,345.34
21,2026-02-06,22.98,386.78,121.57,21,7,0.166,0,0.0,0.0,0,21.4,907.76
22,2026-02-06,26.04,439.81,150.87,14,6,0.886,0,0.0,345.29,62,21.4,436.84
23,2026-02-06,32.95,558.19,251.15,27,6,0.038,24,912.0,249.15,34,21.4,643.64
24,2026-02-06,17.3,287.41,218.61,17,5,0.125,0,0.0,101.74,28,21.4,649.95
1,2026-02-07,20.56,380.99,141.31,13,7,0.478,0,0.0,0.0,0,22.8,329.27
2,2026-02-07,20.35,376.86,189.93,32,9,0.092,0,0.0,48.6,23,22.8,683.58
3,2026-02-07,21.73,397.11,124.38,21,4,0.108,0,0.0,88.86,25,22.8,386.71
4,2026-02-07,27.87,500.79,117.28,13,5,0.466,24,912.0,0.0,0,22.8,811.26
5,2026-02-07,18.84,349.04,197.23,21,6,0.239,0,0.0,342.15,61,22.8,815.5
6,2026-02-07,23.09,539.1,170.05,19,7,0.8,0,0.0,146.65,33,22.8,483.34
7,2026-02-07,18.45,409.71,78.33,19,4,0.226,18,684.0,94.32,34,22.8,655.77
8,2026-02-07,23.33,534.42,217.95,21,9,0.178,0,0.0,110.87,33,22.8,489.6
9,2026-02-07,26.46,595.04,79.55,13,8,0.836,24,912.0,128.84,27,22.8,636.56
10,2026-02-07,15.45,351.99,96.76,10,6,0.495,0,0.0,344.54,58,22.8,382.93
11,2026-02-07,24.95,577.27,122.12,8,2,0.772,0,0.0,347.35,35,22.8,637.36
12,2026-02-07,22.15,498.76,147.03,20,4,0.428,0,0.0,117.43,40,22.8,668.54
13,2026-02-07,15.63,333.25,107.47,12,4,0.535,0,0.0,91.31,36,22.8,576.5
14,2026-02-07,31.15,658.98,158.71,26,6,0.643,0,0.0,389.04,58,22.8,358.07
15,2026-02-07,14.74,315.95,111.49,12,6,0.717,12,456.0,117.62,27,22.8,803.19
16,2026-02-07,17.41,375.09,112.84,13,9,0.06,0,0.0,86.26,25,22.8,325.88
17,2026-02-07,26.57,569.19,214.5,18,4,0.274,0,0.0,370.53,56,22.8,361.7
18,2026-02-07,25.42,543.57,146.77,26,9,0.531,40,1520.0,151.22,26,22.8,852.95
19,2026-02-07,27.74,579.31,195.04,26,10,0.59,12,456.0,229.41,34,22.8,725.3
20,2026-02-07,19.29,325.47,106.65,22,5,0.961,40,1520.0,44.82,22,22.8,345.41
21,2026-02-07,32.56,548.11,149.47,16,6,0.211,0,0.0,41.32,19,22.8,911.86
22,2026-02-07,24.92,420.93,170.44,19,6,0.41,0,0.0,56.9,27,22.8,435.68
23,2026-02-07,20.93,354.7,237.04,22,6,0.84,0,0.0,60.92,17,22.8,643.48
24,2026-02-07,34.85,579.06,172.2,26,7,0.773,12,456.0,130.01,30,22.8,651.98
1,2026-02-08,13.72,254.37,122.11,14,5,0.616,0,0.0,42.4,16,24.2,335.1
2,2026-02-08,17.81,329.9,152.19,31,8,0.72,40,1520.0,57.47,24,24.2,687.41
3,2026-02-08,29.18,533.44,134.46,12,5,0.152,0,0.0,90.19,24,24.2,389.99
4,2026-02-08,24.69,443.62,136.21,12,7,0.819,18,684.0,48.96,24,24.2,810.6
5,2026-02-08,22.36,414.32,165.77,29,5,0.86,24,912.0,240.74,57,24.2,819.71
6,2026-02-08,32.86,767.39,129.48,24,6,0.319,0,0.0,237.23,41,24.2,482.8
7,2026-02-08,22.87,508.12,59.39,12,4,0.386,0,0.0,331.27,62,24.2,652.0
8,2026-02-08,26.77,613.23,198.0,23,7,0.602,0,0.0,85.48,30,24.2,490.45
9,2026-02-08,20.73,466.27,100.18,13,4,0.514,0,0.0,324.83,46,24.2,634.16
10,2026-02-08,14.78,336.73,67.54,21,4,0.68,24,912.0,234.7,51,24.2,376.17
11,2026-02-08,24.63,569.98,151.43,10,8,0.258,0,0.0,45.49,15,24.2,644.96
12,2026-02-08,22.95,517.0,139.24,17,5,0.758,24,912.0,127.83,43,24.2,668.64
13,2026-02-08,20.05,427.53,101.08,14,4,0.918,24,912.0,276.81,57,24.2,578.38
14,2026-02-08,19.59,414.5,163.9,21,8,0.453,12,456.0,91.78,31,24.2,354.79
15,2026-02-08,23.37,501.14,81.78,20,4,0.655,12,456.0,74.99,24,24.2,811.19
16,2026-02-08,28.55,615.08,63.72,25,6,0.241,18,684.0,54.69,22,24.2,325.1
17,2026-02-08,19.91,426.5,194.36,21,6,0.351,0,0.0,180.62,42,24.2,361.79
18,2026-02-08,32.78,701.12,128.35,28,8,0.215,12,456.0,151.22,25,24.2,858.89
19,2026-02-08,24.08,502.83,162.05,36,7,0.697,0,0.0,313.01,39,24.2,724.45
20,2026-02-08,15.44,260.55,108.3,19,5,0.696,40,1520.0,388.92,52,24.2,348.36
21,2026-02-08,25.3,425.89,167.84,14,5,0.335,0,0.0,322.92,48,24.2,910.95
22,2026-02-08,26.86,453.69,154.33,26,4,0.324,0,0.0,112.7,37,24.2,429.63
23,2026-02-08,22.31,378.05,245.65,20,8,0.491,40,1520.0,98.94,21,24.2,649.5
24,2026-02-08,37.95,630.66,149.24,32,6,0.695,0,0.0,125.91,27,24.2,650.32
1,2026-02-09,15.9,294.81,134.67,11,6,0.561,12,456.0,297.43,38,25.6,334.84
2,2026-02-09,18.42,341.21,135.56,27,8,0.52,0,0.0,73.03,32,25.6,681.25
3,2026-02-09,12.08,220.74,114.78,18,5,0.98,24,912.0,55.87,18,25.6,390.41
4,2026-02-09,22.68,407.63,132.43,17,9,0.306,12,456.0,74.48,29,25.6,812.75
5,2026-02-09,20.53,380.44,149.27,25,9,0.463,18,684.0,101.73,36,25.6,816.31
6,2026-02-09,29.43,687.18,140.96,20,5,0.579,0,0.0,127.59,31,25.6,477.67
7,2026-02-09,16.26,361.28,63.98,12,4,0.721,0,0.0,188.67,42,25.6,660.9
8,2026-02-09,24.0,549.94,196.06,19,9,0.045,12,456.0,49.78,25,25.6,492.52
9,2026-02-09,21.06,473.75,106.09,13,3,0.44,12,456.0,393.91,53,25.6,638.62
10,2026-02-09,21.28,485.04,58.89,17,3,0.079,24,912.0,119.04,40,25.6,381.47
11,2026-02-09,16.53,382.58,174.9,17,4,0.659,12,456.0,40.39,15,25.6,639.23
12,2026-02-09,25.87,582.73,171.29,11,7,0.291,0,0.0,40.28,22,25.6,677.15
13,2026-02-09,21.37,455.85,124.38,10,6,0.346,0,0.0,42.69,26,25.6,572.86
14,2026-02-09,23.66,500.7,162.32,24,6,0.181,0,0.0,242.22,52,25.6,350.52
15,2026-02-09,20.69,443.71,101.56,15,3,0.944,24,912.0,54.44,23,25.6,805.63
16,2026-02-09,24.23,521.91,71.55,13,6,0.094,0,0.0,306.42,47,25.6,325.34
17,2026-02-09,21.26,455.63,170.17,23,7,0.567,0,0.0,105.49,33,25.6,365.95
18,2026-02-09,31.46,672.86,105.56,21,7,0.673,0,0.0,190.47,27,25.6,860.63
19,2026-02-09,17.65,368.67,151.11,21,10,0.203,12,456.0,272.72,35,25.6,731.09
20,2026-02-09,20.57,347.18,96.01,16,2,0.728,0,0.0,144.38,33,25.6,337.59
21,2026-02-09,28.66,482.5,145.98,26,5,0.697,0,0.0,175.02,37,25.6,915.77
22,2026-02-09,19.38,327.47,165.49,12,5,0.756,0,0.0,260.71,49,25.6,434.18
23,2026-02-09,34.28,581.02,227.18,29,9,0.732,0,0.0,145.72,26,25.6,645.85
24,2026-02-09,24.91,414.09,148.93,21,8,0.009,0,0.0,146.7,33,25.6,648.21
1,2026-02-10,16.49,305.77,119.6,14,7,0.971,12,456.0,217.78,35,27.0,331.25
2,2026-02-10,35.17,651.44,116.36,29,7,0.144,0,0.0,45.43,27,27.0,690.3
3,2026-02-10,28.87,527.77,119.85,18,4,0.079,12,456.0,71.54,23,27.0,389.83
4,2026-02-10,18.22,327.5,154.01,17,9,0.927,0,0.0,285.7,52,27.0,809.0
5,2026-02-10,23.01,426.49,149.12,19,5,0.957,18,684.0,40.05,23,27.0,817.34
6,2026-02-10,21.66,505.81,148.02,17,4,0.962,40,1520.0,53.11,21,27.0,486.28
7,2026-02-10,25.74,571.94,72.1,13,3,0.84,0,0.0,54.21,26,27.0,650.67
8,2026-02-10,29.45,674.87,193.2,22,6,0.256,0,0.0,127.23,40,27.0,494.31
9,2026-02-10,21.28,478.79,130.3,15,2,0.581,18,684.0,320.02,47,27.0,638.01
10,2026-02-10,15.28,348.25,34.18,13,4,0.215,0,0.0,72.47,28,27.0,381.27
11,2026-02-10,14.39,333.11,222.77,14,4,0.188,0,0.0,274.99,33,27.0,640.63
12,2026-02-10,26.28,592.12,193.4,16,6,0.513,0,0.0,44.36,24,27.0,671.63
13,2026-02-10,19.09,407.19,96.66,16,6,0.794,0,0.0,297.34,63,27.0,578.63
14,2026-02-10,34.68,733.97,140.28,21,5,0.43,0,0.0,398.71,61,27.0,362.14
15,2026-02-10,16.17,346.86,93.61,13,6,0.37,0,0.0,209.36,39,27.0,803.11
16,2026-02-10,17.26,371.88,98.37,17,4,0.044,0,0.0,276.28,45,27.0,323.92
17,2026-02-10,26.24,562.24,135.61,23,3,0.247,0,0.0,56.86,24,27.0,362.02
18,2026-02-10,33.35,713.33,88.78,30,8,0.773,0,0.0,390.53,38,27.0,861.81
19,2026-02-10,35.31,737.58,131.72,29,6,0.037,40,1520.0,331.84,41,27.0,725.94
20,2026-02-10,28.65,483.71,105.33,10,4,0.27,0,0.0,92.36,28,27.0,342.54
21,2026-02-10,21.5,362.03,176.44,13,6,0.335,24,912.0,48.34,18,27.0,910.48
22,2026-02-10,23.59,398.63,182.17,19,8,0.092,40,1520.0,100.62,32,27.0,435.53
23,2026-02-10,29.53,500.58,241.53,28,9,0.35,12,456.0,77.66,19,27.0,654.95
24,2026-02-10,35.93,597.3,143.88,22,4,0.062,12,456.0,181.62,31,27.0,654.82
1,2026-02-11,21.86,405.37,118.06,16,5,0.55,0,0.0,209.59,38,28.4,337.32
2,2026-02-11,34.4,637.22,117.43,19,10,0.027,0,0.0,343.72,62,28.4,689.06
3,2026-02-11,14.04,256.75,115.56,20,4,0.568,24,912.0,273.77,38,28.4,389.77
4,2026-02-11,15.94,286.6,144.62,14,4,0.384,0,0.0,71.14,27,28.4,819.04
5,2026-02-11,31.73,588.33,155.94,22,4,0.774,12,456.0,364.17,70,28.4,816.15
6,2026-02-11,35.61,831.69,131.81,24,5,0.162,24,912.0,225.56,39,28.4,475.75
7,2026-02-11,20.29,450.99,98.66,12,6,0.01,18,684.0,82.52,32,28.4,651.36
8,2026-02-11,31.06,711.69,153.18,29,8,0.988,18,684.0,45.09,23,28.4,494.31
9,2026-02-11,17.33,390.01,116.4,18,4,0.835,0,0.0,394.72,53,28.4,637.47
10,2026-02-11,28.89,658.68,40.98,10,2,0.739,12,456.0,62.83,27,28.4,379.09
11,2026-02-11,15.19,351.69,203.34,11,5,0.174,0,0.0,168.99,25,28.4,640.37
12,2026-02-11,23.39,526.9,181.55,17,6,0.64,12,456.0,126.8,40,28.4,669.41
13,2026-02-11,21.31,454.68,113.31,11,5,0.283,40,1520.0,271.11,55,28.4,577.87
14,2026-02-11,26.02,550.83,137.56,28,7,0.5,0,0.0,233.58,51,28.4,356.63
15,2026-02-11,28.48,611.01,111.57,13,6,0.321,0,0.0,0.0,0,28.4,808.36
16,2026-02-11,32.0,689.53,76.52,16,5,0.018,12,456.0,122.51,33,28.4,326.99
17,2026-02-11,28.24,605.19,143.79,18,6,0.151,40,1520.0,42.16,22,28.4,360.14
18,2026-02-11,35.09,750.66,137.3,20,6,0.902,0,0.0,87.77,18,28.4,864.35
19,2026-02-11,47.75,997.55,141.48,28,9,0.489,0,0.0,50.02,16,28.4,729.87
20,2026-02-11,22.85,385.82,114.99,13,3,0.395,18,684.0,97.0,28,28.4,343.0
21,2026-02-11,18.16,305.86,184.5,21,4,0.319,0,0.0,98.21,30,28.4,916.42
22,2026-02-11,39.32,664.53,183.57,23,5,0.214,24,912.0,97.46,28,28.4,434.04
23,2026-02-11,23.84,404.08,231.73,29,10,0.833,0,0.0,190.61,32,28.4,649.56
24,2026-02-11,40.14,667.36,158.94,20,7,0.468,40,1520.0,160.09,33,28.4,649.89
1,2026-02-12,15.57,288.8,98.53,24,3,0.905,12,456.0,296.88,42,29.8,337.17
2,2026-02-12,30.7,568.82,117.82,26,10,0.961,18,684.0,86.05,34,29.8,689.33
3,2026-02-12,26.79,489.88,93.09,17,4,0.321,40,1520.0,0.0,0,29.8,393.19
4,2026-02-12,20.71,372.27,123.72,22,10,0.254,12,456.0,97.77,31,29.8,815.78
5,2026-02-12,32.0,593.28,134.94,29,7,0.741,0,0.0,132.83,38,29.8,820.0
6,2026-02-12,28.03,654.75,139.62,15,6,0.895,24,912.0,0.0,0,29.8,478.18
7,2026-02-12,17.74,394.16,111.8,7,5,0.875,0,0.0,106.57,36,29.8,659.92
8,2026-02-12,27.5,630.35,139.37,16,6,0.283,12,456.0,219.8,44,29.8,496.68
9,2026-02-12,18.48,415.83,124.03,12,6,0.445,12,456.0,40.08,18,29.8,639.26
10,2026-02-12,25.16,573.61,59.69,12,4,0.621,0,0.0,59.28,25,29.8,383.0
11,2026-02-12,24.37,564.3,210.21,17,4,0.015,24,912.0,92.79,20,29.8,641.18
12,2026-02-12,17.14,386.23,206.08,15,4,0.532,0,0.0,199.07,46,29.8,669.91
13,2026-02-12,14.54,310.28,104.95,16,5,0.731,40,1520.0,356.6,61,29.8,585.23
14,2026-02-12,29.13,616.62,153.63,19,10,0.595,12,456.0,43.97,26,29.8,360.46
15,2026-02-12,20.56,441.11,107.19,16,4,0.562,0,0.0,52.59,21,29.8,810.88
16,2026-02-12,18.86,406.43,64.66,12,4,0.667,0,0.0,299.65,42,29.8,325.48
17,2026-02-12,31.74,680.44,134.33,21,10,0.899,12,456.0,86.75,30,29.8,368.83
18,2026-02-12,23.29,498.4,134.77,22,10,0.372,0,0.0,262.24,35,29.8,863.62
19,2026-02-12,22.6,472.13,147.21,19,6,0.263,0,0.0,154.08,27,29.8,728.15
20,2026-02-12,22.16,374.15,110.31,13,3,0.828,0,0.0,46.45,22,29.8,344.82
21,2026-02-12,31.97,538.53,177.45,17,9,0.228,0,0.0,327.49,46,29.8,908.62
22,2026-02-12,14.94,252.56,159.48,20,5,0.95,18,684.0,55.93,26,29.8,436.47
23,2026-02-12,43.67,740.33,206.29,33,7,0.061,40,1520.0,347.11,38,29.8,646.34
24,2026-02-12,29.64,492.82,160.38,26,8,0.244,0,0.0,65.67,21,29.8,651.39
1,2026-02-13,19.0,352.32,61.47,23,4,0.95,0,0.0,104.05,26,31.2,336.77
2,2026-02-13,31.2,578.22,117.77,21,12,0.454,0,0.0,152.09,41,31.2,691.51
3,2026-02-13,21.71,396.98,96.98,18,6,0.807,0,0.0,131.64,29,31.2,391.43
4,2026-02-13,21.4,384.83,89.56,25,7,0.176,0,0.0,164.81,44,31.2,810.49
5,2026-02-13,23.02,426.8,131.52,23,6,0.71,0,0.0,321.47,57,31.2,819.66
6,2026-02-13,22.93,535.76,145.38,16,5,0.103,0,0.0,187.42,39,31.2,481.37
7,2026-02-13,21.42,476.08,123.36,10,5,0.876,0,0.0,121.79,35,31.2,656.22
8,2026-02-13,28.19,646.06,93.48,22,6,0.142,40,1520.0,46.79,26,31.2,494.45
9,2026-02-13,20.92,470.83,152.5,13,3,0.833,12,456.0,118.04,29,31.2,635.51
10,2026-02-13,17.68,403.12,63.42,14,3,0.755,0,0.0,0.0,0,31.2,381.86
11,2026-02-13,19.18,444.13,228.2,22,5,0.057,0,0.0,98.01,19,31.2,644.37
12,2026-02-13,20.85,469.8,164.74,26,6,0.295,0,0.0,248.09,58,31.2,672.48
13,2026-02-13,28.67,611.73,96.03,14,4,0.916,0,0.0,79.29,31,31.2,576.05
14,2026-02-13,26.1,552.73,179.55,19,11,0.249,12,456.0,104.34,34,31.2,358.73
15,2026-02-13,19.43,416.85,114.62,17,5,0.035,18,684.0,76.23,28,31.2,806.97
16,2026-02-13,25.96,559.59,67.85,13,7,0.021,12,456.0,290.55,46,31.2,325.39
17,2026-02-13,36.78,788.45,162.73,21,8,0.214,12,456.0,70.61,26,31.2,364.37
18,2026-02-13,34.79,744.46,145.31,23,7,0.714,18,684.0,283.68,36,31.2,864.47
19,2026-02-13,38.12,796.59,119.41,22,9,0.337,0,0.0,57.0,16,31.2,725.49
20,2026-02-13,16.97,286.54,106.91,14,3,0.804,0,0.0,119.32,33,31.2,346.4
21,2026-02-13,16.86,283.95,178.46,21,5,0.332,0,0.0,189.75,40,31.2,916.49
22,2026-02-13,25.35,428.45,156.47,16,7,0.704,0,0.0,255.82,47,31.2,427.32
23,2026-02-13,35.56,603.03,210.95,22,6,0.134,0,0.0,0.0,0,31.2,641.6
24,2026-02-13,27.43,456.14,175.88,21,7,0.142,0,0.0,42.99,17,31.2,651.52
1,2026-02-14,22.55,418.22,45.08,15,5,0.11,0,0.0,73.15,21,32.6,338.44
2,2026-02-14,23.52,435.9,110.52,25,7,0.547,24,912.0,187.95,47,32.6,696.18
3,2026-02-14,24.86,454.65,98.39,23,4,0.496,0,0.0,55.3,19,32.6,391.43
4,2026-02-14,18.83,338.59,77.15,12,5,0.634,0,0.0,74.73,34,32.6,817.08
5,2026-02-14,27.09,502.39,162.27,22,4,0.696,0,0.0,107.6,38,32.6,817.47
6,2026-02-14,34.32,801.84,131.98,17,4,0.13,40,1520.0,158.83,37,32.6,476.21
7,2026-02-14,17.74,394.25,117.66,17,5,0.487,12,456.0,233.19,45,32.6,651.77
8,2026-02-14,40.51,928.68,120.74,19,8,0.427,0,0.0,67.83,28,32.6,496.35
9,2026-02-14,25.6,576.26,146.45,15,4,0.577,0,0.0,130.72,29,32.6,634.69
10,2026-02-14,15.8,360.31,97.51,9,4,0.905,18,684.0,77.69,34,32.6,380.57
11,2026-02-14,17.13,396.81,200.83,21,5,0.743,24,912.0,152.77,23,32.6,638.78
12,2026-02-14,21.71,489.41,168.95,17,4,0.299,0,0.0,348.2,51,32.6,669.38
13,2026-02-14,16.48,351.72,110.32,11,4,0.354,24,912.0,124.47,40,32.6,576.87
14,2026-02-14,36.51,773.21,168.33,20,8,0.661,18,684.0,281.35,46,32.6,363.09
15,2026-02-14,18.36,394.09,137.41,13,6,0.215,24,912.0,94.68,29,32.6,809.88
16,2026-02-14,21.81,470.2,53.46,19,4,0.989,0,0.0,106.78,29,32.6,325.9
17,2026-02-14,24.08,516.35,151.44,22,9,0.529,0,0.0,60.19,24,32.6,364.31
18,2026-02-14,25.15,538.23,201.29,15,6,0.282,24,912.0,63.7,17,32.6,860.39
19,2026-02-14,33.07,691.14,160.27,16,10,0.213,0,0.0,66.38,19,32.6,732.43
20,2026-02-14,15.72,265.53,86.34,18,3,0.201,0,0.0,373.95,61,32.6,345.11
21,2026-02-14,30.15,507.94,157.23,31,7,0.953,24,912.0,147.5,33,32.6,908.29
22,2026-02-14,30.63,517.9,151.1,21,5,0.184,0,0.0,179.38,46,32.6,437.93
23,2026-02-14,34.93,592.29,231.09,23,6,0.789,24,912.0,79.99,17,32.6,648.75
24,2026-02-14,28.28,470.37,172.97,19,7,0.45,0,0.0,0.0,0,32.6,648.48
1,2026-02-15,27.67,513.31,59.58,12,4,0.25,0,0.0,94.75,25,34.0,335.52
2,2026-02-15,31.06,575.67,95.73,24,5,0.997,0,0.0,132.94,39,34.0,691.63
3,2026-02-15,21.9,400.71,103.15,12,4,0.032,40,1520.0,101.53,24,34.0,385.48
4,2026-02-15,25.11,451.64,59.6,19,3,0.769,40,1520.0,0.0,0,34.0,816.65
5,2026-02-15,32.75,607.48,170.49,16,5,0.362,0,0.0,320.92,63,34.0,820.89
6,2026-02-15,22.19,518.67,141.3,18,8,0.072,0,0.0,45.09,19,34.0,477.87
7,2026-02-15,11.97,266.1,121.58,11,3,0.177,40,1520.0,395.26,62,34.0,657.34
8,2026-02-15,23.16,530.88,144.8,22,4,0.692,0,0.0,154.13,42,34.0,492.85
9,2026-02-15,17.14,385.98,125.09,17,6,0.615,0,0.0,64.33,21,34.0,639.59
10,2026-02-15,16.33,372.51,125.86,9,4,0.393,0,0.0,49.33,25,34.0,385.96
11,2026-02-15,23.0,532.61,173.51,18,4,0.49,40,1520.0,121.45,23,34.0,644.42
12,2026-02-15,22.56,508.48,174.99,14,6,0.999,0,0.0,161.66,47,34.0,674.81
13,2026-02-15,24.9,531.49,142.51,13,6,0.688,0,0.0,50.24,27,34.0,573.98
14,2026-02-15,26.25,555.85,200.78,21,2,0.3,12,456.0,112.09,34,34.0,365.47
15,2026-02-15,21.75,466.79,129.73,17,4,0.452,0,0.0,174.44,32,34.0,813.46
16,2026-02-15,17.65,380.51,84.22,9,3,0.827,0,0.0,353.59,50,34.0,322.8
17,2026-02-15,26.79,574.49,164.58,15,3,0.845,0,0.0,215.02,45,34.0,365.6
18,2026-02-15,28.45,608.93,198.03,21,9,0.877,0,0.0,109.17,22,34.0,861.88
19,2026-02-15,23.59,493.04,162.18,26,5,0.251,0,0.0,79.31,21,34.0,730.32
20,2026-02-15,20.79,351.25,76.58,14,6,0.139,0,0.0,84.77,27,34.0,343.1
21,2026-02-15,22.26,374.98,185.91,17,6,0.031,40,1520.0,119.11,38,34.0,916.39
22,2026-02-15,30.56,516.73,141.37,20,7,0.35,0,0.0,83.66,32,34.0,434.02
23,2026-02-15,44.46,754.08,200.95,21,8,0.081,12,456.0,170.71,26,34.0,648.62
24,2026-02-15,34.8,578.86,166.45,26,4,0.844,0,0.0,62.0,20,34.0,654.74
1,2026-02-16,29.83,553.35,73.6,12,6,0.743,0,0.0,82.73,22,35.4,334.56
2,2026-02-16,21.58,400.04,101.04,16,12,0.308,40,1520.0,208.87,52,35.4,688.39
3,2026-02-16,22.19,405.95,93.27,16,7,0.399,0,0.0,0.0,0,35.4,388.2
4,2026-02-16,32.06,576.67,82.52,18,6,0.773,0,0.0,91.92,34,35.4,816.4
5,2026-02-16,25.24,468.2,202.15,16,5,0.871,0,0.0,333.85,57,35.4,819.81
6,2026-02-16,20.92,489.03,98.05,23,7,0.408,18,684.0,115.15,30,35.4,484.83
7,2026-02-16,17.66,392.57,119.97,19,4,0.655,0,0.0,59.38,27,35.4,648.94
8,2026-02-16,27.88,639.18,116.43,18,10,0.699,12,456.0,75.66,31,35.4,494.18
9,2026-02-16,20.32,457.62,107.81,21,9,0.196,0,0.0,113.87,27,35.4,640.03
10,2026-02-16,24.0,547.46,100.11,16,7,0.938,0,0.0,0.0,0,35.4,383.32
11,2026-02-16,28.01,648.78,157.32,24,6,0.835,12,456.0,237.74,28,35.4,641.88
12,2026-02-16,34.58,779.63,135.64,26,9,0.371,0,0.0,185.42,45,35.4,673.2
13,2026-02-16,19.65,419.53,114.01,18,4,0.365,0,0.0,92.97,33,35.4,574.21
14,2026-02-16,23.71,502.19,209.0,23,4,0.478,0,0.0,132.12,39,35.4,365.24
15,2026-02-16,23.1,495.8,112.56,18,3,0.908,0,0.0,156.0,34,35.4,814.5
16,2026-02-16,14.83,319.87,104.34,18,8,0.988,40,1520.0,206.26,38,35.4,331.38
17,2026-02-16,26.54,569.22,159.35,13,6,0.796,18,684.0,79.37,25,35.4,362.47
18,2026-02-16,24.74,529.53,233.5,18,9,0.885,0,0.0,154.73,28,35.4,863.33
19,2026-02-16,28.35,592.61,175.46,20,6,0.155,18,684.0,376.83,40,35.4,726.01
20,2026-02-16,18.89,319.04,67.94,14,6,0.826,18,684.0,270.14,49,35.4,345.01
21,2026-02-16,27.17,457.84,196.1,18,3,0.394,0,0.0,49.53,20,35.4,915.15
22,2026-02-16,22.04,372.65,123.05,18,7,0.946,18,684.0,90.71,28,35.4,433.51
23,2026-02-16,32.3,547.88,193.49,28,6,0.135,0,0.0,267.64,37,35.4,650.11
24,2026-02-16,21.35,355.11,146.73,21,8,0.631,24,912.0,169.78,33,35.4,646.77
1,2026-02-17,18.62,345.4,93.08,15,7,0.114,0,0.0,358.73,43,36.8,336.53
2,2026-02-17,27.61,511.96,98.96,23,7,0.388,24,912.0,231.52,41,36.8,688.52
3,2026-02-17,26.28,480.8,88.89,23,8,0.462,12,456.0,119.59,25,36.8,385.27
4,2026-02-17,17.37,312.44,60.69,22,5,0.255,0,0.0,70.79,29,36.8,816.78
5,2026-02-17,28.85,535.25,197.39,24,8,0.033,0,0.0,0.0,0,36.8,818.18
6,2026-02-17,24.55,573.94,100.94,22,8,0.46,0,0.0,89.64,28,36.8,480.21
7,2026-02-17,23.21,516.1,132.56,13,6,0.432,12,456.0,160.73,42,36.8,646.29
8,2026-02-17,26.16,599.96,140.1,19,5,0.526,18,684.0,0.0,0,36.8,497.63
9,2026-02-17,18.85,424.4,127.7,17,5,0.646,12,456.0,74.16,20,36.8,638.5
10,2026-02-17,13.43,306.4,111.66,8,5,0.197,0,0.0,43.69,23,36.8,382.4
11,2026-02-17,28.95,670.71,123.93,25,6,0.89,0,0.0,249.82,30,36.8,644.2
12,2026-02-17,24.17,544.97,100.33,22,3,0.723,0,0.0,46.34,26,36.8,668.55
13,2026-02-17,15.95,340.45,103.98,14,4,0.484,12,456.0,82.5,34,36.8,584.23
14,2026-02-17,27.7,586.84,192.57,17,11,0.758,24,912.0,0.0,0,36.8,363.74
15,2026-02-17,19.55,419.73,122.96,12,2,0.257,24,912.0,181.72,37,36.8,808.74
16,2026-02-17,23.75,512.11,92.1,23,3,0.05,0,0.0,239.23,40,36.8,329.27
17,2026-02-17,31.82,682.39,160.12,17,8,0.937,0,0.0,184.89,39,36.8,367.1
18,2026-02-17,19.0,406.81,225.47,23,8,0.779,0,0.0,0.0,0,36.8,859.06
19,2026-02-17,18.67,390.31,201.26,25,7,0.789,18,684.0,51.08,16,36.8,728.23
20,2026-02-17,25.81,436.02,84.8,12,6,0.18,0,0.0,0.0,0,36.8,342.09
21,2026-02-17,39.09,658.7,176.05,23,7,0.757,12,456.0,79.43,24,36.8,915.15
22,2026-02-17,28.14,475.9,86.53,26,6,0.205,24,912.0,87.37,32,36.8,435.61
23,2026-02-17,25.84,438.39,191.2,29,7,0.259,24,912.0,98.79,24,36.8,646.68
24,2026-02-17,22.7,377.63,148.86,19,5,0.327,0,0.0,177.96,31,36.8,652.14
1,2026-02-18,15.13,280.72,91.06,16,6,0.078,24,912.0,109.25,27,38.2,336.28
2,2026-02-18,27.61,511.9,94.0,22,6,0.222,0,0.0,96.33,34,38.2,697.27
3,2026-02-18,15.73,287.87,105.66,13,5,0.025,0,0.0,45.44,19,38.2,385.62
4,2026-02-18,27.2,489.38,69.07,20,4,0.287,0,0.0,107.39,37,38.2,813.96
5,2026-02-18,19.15,355.42,189.01,23,6,0.694,0,0.0,373.24,61,38.2,822.08
6,2026-02-18,22.96,536.79,107.84,21,9,0.921,0,0.0,55.47,19,38.2,475.77
7,2026-02-18,16.32,363.04,104.26,19,3,0.502,0,0.0,96.88,34,38.2,654.57
8,2026-02-18,26.24,601.68,139.64,20,4,0.58,12,456.0,54.88,25,38.2,496.55
9,2026-02-18,22.0,495.58,140.09,17,4,0.563,40,1520.0,340.5,44,38.2,637.86
10,2026-02-18,15.68,357.68,112.22,8,9,0.786,0,0.0,209.58,50,38.2,379.7
11,2026-02-18,25.34,587.05,137.26,12,4,0.849,40,1520.0,128.68,22,38.2,650.97
12,2026-02-18,23.39,527.48,119.35,16,5,0.133,18,684.0,266.01,52,38.2,670.23
13,2026-02-18,19.63,419.07,113.95,13,3,0.377,12,456.0,146.34,45,38.2,578.71
14,2026-02-18,28.28,599.14,182.3,20,8,0.254,12,456.0,69.74,30,38.2,359.43
15,2026-02-18,22.18,476.18,126.28,17,7,0.344,0,0.0,212.8,38,38.2,806.13
16,2026-02-18,11.28,243.31,114.99,10,4,0.065,12,456.0,97.47,27,38.2,327.5
17,2026-02-18,21.43,459.73,153.11,18,8,0.704,40,1520.0,252.37,48,38.2,366.37
18,2026-02-18,23.26,497.98,228.39,30,9,0.624,18,684.0,267.93,31,38.2,863.77
19,2026-02-18,32.7,683.85,176.33,25,6,0.04,0,0.0,59.5,19,38.2,731.26
20,2026-02-18,21.07,356.1,66.77,16,5,0.265,0,0.0,77.69,25,38.2,342.52
21,2026-02-18,21.08,355.24,157.65,25,10,0.564,0,0.0,91.75,25,38.2,915.09
22,2026-02-18,26.7,451.66,76.48,25,7,0.816,0,0.0,392.49,61,38.2,433.0
23,2026-02-18,27.72,470.23,157.23,23,11,0.601,0,0.0,95.1,21,38.2,649.31
24,2026-02-18,29.07,483.71,143.44,31,8,0.956,0,0.0,392.97,46,38.2,653.86
1,2026-02-19,16.87,313.15,93.25,13,6,0.388,0,0.0,344.43,46,39.6,338.74
2,2026-02-19,16.73,310.31,72.27,25,7,0.475,0,0.0,274.65,55,39.6,693.46
3,2026-02-19,21.8,399.04,128.79,11,7,0.861,0,0.0,80.25,22,39.6,385.81
4,2026-02-19,19.39,348.87,90.14,8,5,0.239,18,684.0,63.62,28,39.6,812.51
5,2026-02-19,18.77,348.35,205.1,22,4,0.46,40,1520.0,53.44,28,39.6,820.37
6,2026-02-19,32.73,765.36,92.49,15,8,0.059,0,0.0,51.69,18,39.6,480.09
7,2026-02-19,24.07,535.29,119.2,13,6,0.72,0,0.0,395.9,64,39.6,653.93
8,2026-02-19,26.95,618.25,169.06,10,3,0.847,24,912.0,61.17,26,39.6,501.29
9,2026-02-19,28.22,635.71,127.05,16,5,0.913,0,0.0,166.76,29,39.6,637.43
10,2026-02-19,23.94,546.28,138.24,16,6,0.399,0,0.0,112.82,36,39.6,379.23
11,2026-02-19,32.79,759.79,128.53,15,5,0.356,12,456.0,141.89,25,39.6,640.1
12,2026-02-19,36.55,824.19,88.27,19,4,0.798,0,0.0,293.87,55,39.6,669.58
13,2026-02-19,27.17,580.16,79.65,17,5,0.777,0,0.0,100.94,34,39.6,573.81
14,2026-02-19,30.62,648.73,152.79,24,6,0.796,0,0.0,161.06,38,39.6,364.73
15,2026-02-19,26.9,577.59,156.39,13,7,0.338,0,0.0,317.06,48,39.6,809.59
16,2026-02-19,24.72,533.24,154.95,10,3,0.239,0,0.0,238.68,42,39.6,326.72
17,2026-02-19,17.22,369.45,154.27,23,9,0.645,0,0.0,153.05,35,39.6,361.61
18,2026-02-19,20.48,438.47,205.68,32,10,0.352,0,0.0,134.28,23,39.6,861.62
19,2026-02-19,24.96,521.99,196.11,24,9,0.263,0,0.0,55.78,18,39.6,727.05
20,2026-02-19,22.56,381.2,43.67,16,3,0.679,0,0.0,54.71,21,39.6,346.21
21,2026-02-19,22.22,374.59,143.71,14,6,0.435,0,0.0,0.0,0,39.6,918.3
22,2026-02-19,24.59,416.04,61.33,17,2,0.717,12,456.0,157.24,38,39.6,436.48
23,2026-02-19,37.49,636.06,147.55,21,6,0.684,0,0.0,169.1,31,39.6,646.15
24,2026-02-19,27.78,462.23,97.27,25,6,0.506,0,0.0,89.64,24,39.6,649.34
1,2026-02-20,17.56,325.96,100.01,11,5,0.501,0,0.0,342.76,48,6.0,323.95
2,2026-02-20,24.22,449.15,69.11,23,9,0.613,0,0.0,217.3,51,6.0,683.44
3,2026-02-20,27.1,496.09,133.06,16,6,0.437,0,0.0,129.14,28,6.0,374.49
4,2026-02-20,26.8,482.32,103.35,13,3,0.686,0,0.0,171.49,39,6.0,802.46
5,2026-02-20,25.96,481.83,196.7,21,10,0.444,0,0.0,179.91,45,6.0,808.96
6,2026-02-20,26.41,617.51,103.06,17,8,0.905,12,456.0,155.97,32,6.0,465.69
7,2026-02-20,20.64,459.21,111.56,13,6,0.305,18,684.0,296.73,48,6.0,643.86
8,2026-02-20,25.76,590.91,211.3,15,6,0.201,0,0.0,159.05,43,6.0,488.37
9,2026-02-20,25.24,568.62,122.42,16,5,0.51,0,0.0,255.24,47,6.0,627.95
10,2026-02-20,10.77,245.72,138.71,15,5,0.138,0,0.0,308.68,52,6.0,370.96
11,2026-02-20,36.41,843.84,88.41,24,5,0.497,0,0.0,271.95,31,6.0,630.02
12,2026-02-20,32.27,727.86,112.71,14,4,0.314,0,0.0,212.19,46,6.0,660.75
13,2026-02-20,19.37,413.81,77.09,8,4,0.052,12,456.0,125.79,39,6.0,565.23
14,2026-02-20,21.08,446.74,164.04,24,4,0.904,0,0.0,340.48,61,6.0,352.57
15,2026-02-20,17.7,380.18,119.3,23,6,0.693,12,456.0,136.07,32,6.0,793.0
16,2026-02-20,34.62,746.92,158.69,12,6,0.354,18,684.0,122.59,33,6.0,316.51
17,2026-02-20,20.63,442.53,139.29,25,5,0.792,40,1520.0,67.91,24,6.0,354.47
18,2026-02-20,29.91,640.52,205.19,22,9,0.001,0,0.0,55.54,16,6.0,850.44
19,2026-02-20,29.63,619.78,211.07,17,9,0.096,40,1520.0,48.9,18,6.0,714.8
20,2026-02-20,15.69,265.12,56.51,8,3,0.357,0,0.0,114.16,34,6.0,331.73
21,2026-02-20,29.01,489.07,153.25,16,3,0.224,0,0.0,153.52,32,6.0,902.51
22,2026-02-20,30.29,512.42,77.13,12,7,0.122,0,0.0,173.36,40,6.0,420.93
23,2026-02-20,35.53,602.94,135.51,27,6,0.777,18,684.0,87.71,19,6.0,638.72
24,2026-02-20,22.94,381.84,90.35,20,8,0.91,40,1520.0,244.5,37,6.0,644.63
1,2026-02-21,21.26,394.7,139.13,10,5,0.796,18,684.0,44.31,16,7.4,326.86
2,2026-02-21,25.65,475.68,79.31,25,7,0.807,0,0.0,46.79,24,7.4,680.78
3,2026-02-21,16.52,302.42,106.98,22,5,0.429,12,456.0,342.57,44,7.4,369.98
4,2026-02-21,24.31,437.52,119.48,9,2,0.903,0,0.0,44.17,21,7.4,796.06
5,2026-02-21,27.91,517.99,162.47,30,9,0.676,24,912.0,345.32,61,7.4,804.79
6,2026-02-21,26.75,625.54,135.71,15,8,0.213,0,0.0,257.17,44,7.4,471.24
7,2026-02-21,28.45,632.96,103.63,17,4,0.264,12,456.0,329.39,61,7.4,646.17
8,2026-02-21,25.16,577.13,204.59,23,5,0.404,12,456.0,52.3,28,7.4,482.29
9,2026-02-21,24.82,559.09,154.76,16,5,0.311,0,0.0,215.68,38,7.4,625.56
10,2026-02-21,15.12,345.19,116.54,21,4,0.586,18,684.0,64.52,30,7.4,374.66
11,2026-02-21,17.43,403.96,79.56,14,6,0.658,40,1520.0,98.13,19,7.4,629.4
12,2026-02-21,19.93,449.64,99.83,16,7,0.247,0,0.0,210.4,48,7.4,659.9
13,2026-02-21,17.14,366.04,75.21,17,4,0.64,12,456.0,186.08,51,7.4,570.85
14,2026-02-21,26.85,569.02,168.37,21,7,0.275,40,1520.0,86.73,30,7.4,340.72
15,2026-02-21,22.16,476.01,128.32,18,7,0.02,0,0.0,224.31,39,7.4,799.18
16,2026-02-21,14.45,311.79,190.21,10,7,0.339,0,0.0,55.68,26,7.4,321.7
17,2026-02-21,25.12,538.96,135.01,16,5,0.066,0,0.0,254.28,48,7.4,355.17
18,2026-02-21,39.31,841.89,196.17,30,8,0.932,12,456.0,359.17,36,7.4,855.99
19,2026-02-21,34.13,713.99,206.63,29,8,0.783,0,0.0,0.0,0,7.4,720.17
20,2026-02-21,21.35,360.85,74.45,10,5,0.617,0,0.0,67.46,27,7.4,332.1
21,2026-02-21,32.01,539.71,159.21,23,8,0.543,12,456.0,81.47,27,7.4,904.07
22,2026-02-21,34.3,580.34,63.44,21,6,0.529,0,0.0,53.48,27,7.4,423.09
23,2026-02-21,33.19,563.3,101.61,29,6,0.119,18,684.0,63.6,15,7.4,643.81
24,2026-02-21,36.15,601.67,110.12,16,7,0.48,24,912.0,66.59,20,7.4,646.67
1,2026-02-22,17.01,315.82,161.55,15,5,0.769,0,0.0,60.49,20,8.8,327.78
2,2026-02-22,30.9,573.25,96.62,20,6,0.205,18,684.0,66.97,32,8.8,675.72
3,2026-02-22,14.24,260.71,116.99,14,8,0.265,0,0.0,107.39,25,8.8,376.13
4,2026-02-22,12.8,230.48,125.53,19,7,0.331,0,0.0,310.5,59,8.8,804.7
5,2026-02-22,29.49,547.43,151.28,28,6,0.686,0,0.0,97.57,39,8.8,810.02
6,2026-02-22,21.51,503.21,142.3,19,7,0.233,12,456.0,253.56,42,8.8,471.49
7,2026-02-22,16.27,362.07,106.89,11,5,0.923,40,1520.0,73.6,26,8.8,645.84
8,2026-02-22,13.3,305.24,197.31,25,6,0.765,18,684.0,40.96,23,8.8,485.95
9,2026-02-22,23.98,540.33,160.17,12,8,0.679,0,0.0,295.76,42,8.8,631.15
10,2026-02-22,23.31,532.1,89.86,19,6,0.591,18,684.0,40.86,25,8.8,369.54
11,2026-02-22,22.73,526.87,111.31,11,3,0.129,40,1520.0,278.44,33,8.8,627.87
12,2026-02-22,26.17,590.47,100.57,23,7,0.106,24,912.0,156.58,43,8.8,664.76
13,2026-02-22,25.96,554.57,44.89,20,5,0.521,0,0.0,195.68,54,8.8,568.62
14,2026-02-22,33.4,707.97,142.0,27,7,0.824,0,0.0,86.94,34,8.8,354.73
15,2026-02-22,17.72,380.55,120.94,14,10,0.205,40,1520.0,137.33,31,8.8,800.27
16,2026-02-22,15.67,338.2,191.87,19,7,0.327,24,912.0,151.17,31,8.8,310.01
17,2026-02-22,30.67,658.19,124.44,19,4,0.368,0,0.0,42.42,21,8.8,357.91
18,2026-02-22,36.94,791.37,201.19,26,8,0.947,0,0.0,248.59,34,8.8,859.44
19,2026-02-22,28.92,605.06,204.85,25,7,0.172,18,684.0,172.32,30,8.8,719.46
20,2026-02-22,22.87,386.69,68.21,13,8,0.469,40,1520.0,52.76,23,8.8,332.58
21,2026-02-22,21.43,361.33,116.44,29,7,0.517,12,456.0,338.16,50,8.8,902.17
22,2026-02-22,21.58,365.2,63.77,17,5,0.877,0,0.0,211.68,49,8.8,425.3
23,2026-02-22,28.94,491.24,107.53,16,6,0.796,40,1520.0,48.86,15,8.8,640.15
24,2026-02-22,31.67,527.15,103.64,19,9,0.051,0,0.0,122.76,27,8.8,643.72
1,2026-02-23,15.96,296.33,134.56,21,3,0.172,12,456.0,390.18,45,10.2,327.87
2,2026-02-23,23.54,436.66,105.62,15,7,0.478,0,0.0,201.0,51,10.2,681.92
3,2026-02-23,19.61,358.99,121.57,15,8,0.96,0,0.0,48.42,17,10.2,378.57
4,2026-02-23,13.64,245.58,120.13,19,6,0.265,0,0.0,155.43,44,10.2,807.75
5,2026-02-23,24.58,456.3,156.51,23,11,0.648,0,0.0,157.9,41,10.2,814.08
6,2026-02-23,22.72,531.53,148.17,11,8,0.942,0,0.0,321.87,49,10.2,470.87
7,2026-02-23,22.54,501.61,95.96,18,5,0.091,18,684.0,83.41,31,10.2,646.49
8,2026-02-23,20.53,471.17,216.75,18,6,0.693,18,684.0,42.37,23,10.2,483.87
9,2026-02-23,24.18,544.96,153.62,14,6,0.762,0,0.0,287.11,44,10.2,635.99
10,2026-02-23,21.05,480.67,83.74,11,8,0.547,0,0.0,47.43,25,10.2,378.51
11,2026-02-23,36.29,841.38,110.2,16,7,0.231,0,0.0,223.29,28,10.2,631.51
12,2026-02-23,21.03,474.6,113.52,14,5,0.051,0,0.0,58.15,29,10.2,666.53
13,2026-02-23,14.62,312.4,80.05,11,5,0.558,40,1520.0,47.09,24,10.2,572.02
14,2026-02-23,31.02,657.57,140.78,22,7,0.635,12,456.0,158.74,47,10.2,358.79
15,2026-02-23,30.77,660.99,105.36,15,5,0.838,0,0.0,355.26,50,10.2,805.46
16,2026-02-23,17.39,375.28,175.46,23,6,0.628,18,684.0,110.0,28,10.2,320.75
17,2026-02-23,32.85,705.09,139.85,16,5,0.275,0,0.0,120.53,34,10.2,355.54
18,2026-02-23,27.0,578.53,201.91,24,9,0.715,0,0.0,79.57,19,10.2,857.84
19,2026-02-23,21.88,457.73,224.56,31,8,0.26,12,456.0,319.09,36,10.2,725.27
20,2026-02-23,12.13,205.12,58.63,14,5,0.42,0,0.0,192.82,40,10.2,334.71
21,2026-02-23,23.63,398.55,106.1,20,6,0.581,0,0.0,93.93,27,10.2,903.61
22,2026-02-23,16.29,275.64,76.17,14,6,0.498,0,0.0,75.16,31,10.2,427.09
23,2026-02-23,34.46,584.98,97.61,23,7,0.419,12,456.0,168.99,28,10.2,642.23
24,2026-02-23,25.93,431.7,132.7,17,5,0.311,0,0.0,65.06,20,10.2,643.59
1,2026-02-24,12.41,230.41,144.0,17,7,0.241,12,456.0,72.28,22,11.6,329.0
2,2026-02-24,30.83,571.99,122.76,19,8,0.179,0,0.0,84.88,33,11.6,681.46
3,2026-02-24,26.15,478.95,103.86,17,5,0.961,0,0.0,105.2,24,11.6,386.73
4,2026-02-24,12.81,230.71,161.84,14,6,0.077,12,456.0,377.11,56,11.6,800.67
5,2026-02-24,36.37,675.33,135.42,21,9,0.66,0,0.0,219.92,52,11.6,814.04
6,2026-02-24,19.02,445.01,112.05,27,3,0.653,0,0.0,67.25,22,11.6,470.73
7,2026-02-24,25.92,576.83,84.36,14,4,0.435,0,0.0,347.95,60,11.6,650.23
8,2026-02-24,31.81,730.18,219.78,25,6,0.25,24,912.0,106.31,33,11.6,491.76
9,2026-02-24,18.12,408.49,112.58,24,6,0.018,24,912.0,252.36,37,11.6,632.83
10,2026-02-24,28.88,659.5,101.9,13,5,0.203,0,0.0,59.04,26,11.6,377.1
11,2026-02-24,20.74,480.78,110.52,16,5,0.099,0,0.0,204.33,26,11.6,635.75
12,2026-02-24,22.39,505.34,138.31,11,5,0.643,12,456.0,44.24,23,11.6,668.62
13,2026-02-24,26.95,575.81,89.66,12,4,0.424,0,0.0,225.78,57,11.6,572.72
14,2026-02-24,25.81,547.29,128.27,15,7,0.371,0,0.0,92.13,31,11.6,353.69
15,2026-02-24,24.65,529.61,107.35,17,4,0.991,0,0.0,78.89,25,11.6,805.44
16,2026-02-24,15.89,342.86,155.72,21,7,0.721,0,0.0,389.98,46,11.6,316.93
17,2026-02-24,21.61,463.86,124.13,17,6,0.44,40,1520.0,62.32,24,11.6,355.59
18,2026-02-24,36.51,782.28,197.69,23,5,0.157,0,0.0,65.85,18,11.6,858.71
19,2026-02-24,37.69,788.62,183.86,30,8,0.799,24,912.0,227.7,29,11.6,720.27
20,2026-02-24,16.29,275.41,55.86,16,3,0.186,0,0.0,153.27,37,11.6,333.59
21,2026-02-24,31.53,531.72,92.96,20,7,0.142,0,0.0,55.23,20,11.6,913.02
22,2026-02-24,26.82,453.93,108.36,12,6,0.309,0,0.0,64.01,28,11.6,428.15
23,2026-02-24,34.34,583.07,119.13,25,10,0.784,0,0.0,95.41,19,11.6,640.72
24,2026-02-24,22.86,380.72,106.64,24,8,0.337,18,684.0,91.62,25,11.6,642.47
1,2026-02-25,17.61,326.98,146.86,17,4,0.855,40,1520.0,52.54,21,13.0,332.32
2,2026-02-25,21.98,407.81,149.88,18,12,0.638,0,0.0,48.11,27,13.0,683.52
3,2026-02-25,16.61,304.21,89.78,19,7,0.136,0,0.0,165.57,34,13.0,379.08
4,2026-02-25,23.64,425.57,147.55,18,6,0.706,12,456.0,51.69,24,13.0,804.66
5,2026-02-25,30.18,560.42,118.42,16,4,0.731,18,684.0,97.6,34,13.0,808.7
6,2026-02-25,27.71,648.4,108.48,19,7,0.621,0,0.0,150.09,28,13.0,468.13
7,2026-02-25,20.06,446.61,100.63,13,5,0.298,18,684.0,274.38,59,13.0,647.44
8,2026-02-25,33.58,770.88,219.04,18,5,0.607,12,456.0,67.05,28,13.0,483.42
9,2026-02-25,17.11,385.74,100.15,20,7,0.192,24,912.0,325.77,42,13.0,632.14
10,2026-02-25,25.5,582.42,85.45,12,5,0.155,18,684.0,148.35,38,13.0,370.2
11,2026-02-25,15.41,357.28,94.16,14,7,0.064,0,0.0,60.87,17,13.0,632.07
12,2026-02-25,28.65,646.53,138.26,21,7,0.684,18,684.0,143.74,36,13.0,664.05
13,2026-02-25,30.83,658.94,94.37,12,8,0.912,0,0.0,91.4,34,13.0,570.54
14,2026-02-25,35.53,753.29,137.02,17,6,0.933,0,0.0,135.4,39,13.0,354.74
15,2026-02-25,19.32,415.04,107.87,15,6,0.674,0,0.0,40.08,18,13.0,796.47
16,2026-02-25,24.94,538.4,148.26,16,4,0.308,0,0.0,256.15,43,13.0,319.71
17,2026-02-25,26.53,569.47,129.37,16,8,0.979,0,0.0,173.87,40,13.0,358.04
18,2026-02-25,29.71,636.6,158.42,31,5,0.13,0,0.0,289.02,28,13.0,856.93
19,2026-02-25,28.0,585.92,191.08,20,6,0.274,0,0.0,82.52,22,13.0,728.54
20,2026-02-25,18.69,316.11,60.88,10,4,0.365,0,0.0,77.78,27,13.0,339.28
21,2026-02-25,37.8,637.59,78.39,15,8,0.234,0,0.0,84.35,26,13.0,908.71
22,2026-02-25,20.43,345.81,91.27,19,4,0.994,24,912.0,298.27,59,13.0,432.2
23,2026-02-25,17.13,290.88,145.62,22,9,0.411,0,0.0,214.67,31,13.0,638.9
24,2026-02-25,26.5,441.31,124.3,18,6,0.511,12,456.0,332.76,46,13.0,644.53
1,2026-02-26,28.89,536.7,141.75,15,3,0.927,0,0.0,113.43,27,14.4,326.58
2,2026-02-26,13.99,259.69,148.0,20,8,0.836,0,0.0,120.14,37,14.4,684.96
3,2026-02-26,20.16,369.3,75.33,21,6,0.91,0,0.0,46.94,17,14.4,382.62
4,2026-02-26,26.45,476.24,178.15,16,4,0.104,0,0.0,50.99,23,14.4,806.89
5,2026-02-26,28.98,538.26,119.03,27,5,0.196,0,0.0,241.91,54,14.4,809.23
6,2026-02-26,12.82,300.06,132.56,14,4,0.656,12,456.0,46.29,18,14.4,472.15
7,2026-02-26,22.67,504.67,92.72,15,6,0.076,18,684.0,189.34,45,14.4,646.23
8,2026-02-26,19.87,456.24,196.4,21,6,0.413,0,0.0,70.61,27,14.4,485.37
9,2026-02-26,20.31,457.88,121.25,13,6,0.12,0,0.0,388.72,50,14.4,637.54
10,2026-02-26,17.61,402.08,60.88,19,4,0.84,0,0.0,88.32,34,14.4,374.48
11,2026-02-26,23.33,541.18,88.9,15,3,0.953,24,912.0,224.15,30,14.4,636.46
12,2026-02-26,19.64,443.33,151.2,11,5,0.335,40,1520.0,361.08,61,14.4,667.49
13,2026-02-26,16.32,348.76,114.18,7,6,0.892,0,0.0,99.41,36,14.4,573.06
14,2026-02-26,32.04,679.45,165.9,22,5,0.571,18,684.0,81.16,29,14.4,360.04
15,2026-02-26,19.81,425.82,84.12,25,3,0.763,12,456.0,174.11,37,14.4,802.73
16,2026-02-26,30.73,663.39,111.5,24,3,0.944,0,0.0,305.12,49,14.4,313.86
17,2026-02-26,23.06,495.22,148.67,25,2,0.721,0,0.0,89.95,31,14.4,357.89
18,2026-02-26,30.3,649.36,174.88,21,9,0.51,24,912.0,315.28,32,14.4,856.84
19,2026-02-26,36.87,771.61,184.9,24,9,0.929,12,456.0,50.93,15,14.4,721.34
20,2026-02-26,20.24,342.34,66.19,8,5,0.019,40,1520.0,73.24,27,14.4,339.24
21,2026-02-26,26.67,449.99,132.55,13,8,0.124,0,0.0,90.82,26,14.4,905.22
22,2026-02-26,17.24,291.9,99.68,11,4,0.144,12,456.0,167.86,43,14.4,427.7
23,2026-02-26,29.73,504.86,160.89,16,8,0.965,0,0.0,299.05,36,14.4,644.75
24,2026-02-26,20.64,343.76,128.62,19,7,0.881,0,0.0,49.98,17,14.4,638.04
1,2026-02-27,24.08,447.41,122.36,13,8,0.846,0,0.0,276.09,39,15.8,328.77
2,2026-02-27,22.81,423.32,196.85,22,7,0.667,0,0.0,201.0,49,15.8,682.51
3,2026-02-27,22.08,404.57,54.02,19,4,0.826,0,0.0,67.07,21,15.8,385.98
4,2026-02-27,18.72,337.16,191.51,17,8,0.775,0,0.0,120.96,36,15.8,809.81
5,2026-02-27,24.3,451.38,91.08,23,7,0.08,0,0.0,74.76,33,15.8,814.85
6,2026-02-27,33.8,791.07,125.59,20,5,0.473,0,0.0,122.59,28,15.8,474.09
7,2026-02-27,20.94,466.21,103.34,13,4,0.028,0,0.0,43.1,24,15.8,647.51
8,2026-02-27,37.16,853.17,185.55,26,3,0.385,0,0.0,135.96,39,15.8,491.14
9,2026-02-27,33.35,751.86,103.91,18,6,0.587,0,0.0,142.75,31,15.8,631.1
10,2026-02-27,18.25,416.82,52.96,10,4,0.52,12,456.0,354.08,58,15.8,376.81
11,2026-02-27,21.99,510.06,85.12,13,6,0.889,12,456.0,62.84,16,15.8,632.13
12,2026-02-27,15.44,348.6,127.91,24,7,0.772,12,456.0,197.45,47,15.8,668.61
13,2026-02-27,19.83,423.98,121.38,13,2,0.861,0,0.0,45.72,24,15.8,567.14
14,2026-02-27,18.88,400.37,162.43,23,4,0.095,0,0.0,392.45,65,15.8,352.97
15,2026-02-27,21.37,459.27,91.46,11,4,0.993,0,0.0,105.87,29,15.8,798.88
16,2026-02-27,30.96,668.39,138.6,15,5,0.7,0,0.0,124.45,30,15.8,320.18
17,2026-02-27,23.44,503.33,139.21,19,3,0.761,0,0.0,99.41,32,15.8,365.47
18,2026-02-27,29.95,642.0,165.03,24,7,0.816,40,1520.0,131.23,24,15.8,861.03
19,2026-02-27,35.92,751.8,194.31,26,11,0.437,0,0.0,64.87,19,15.8,722.33
20,2026-02-27,21.74,367.71,51.23,15,6,0.953,0,0.0,121.5,34,15.8,340.03
21,2026-02-27,24.87,419.56,105.09,21,6,0.63,24,912.0,63.92,24,15.8,911.84
22,2026-02-27,15.95,270.01,132.16,19,8,0.166,40,1520.0,375.63,59,15.8,428.32
23,2026-02-27,32.27,548.17,166.21,19,5,0.84,0,0.0,192.36,30,15.8,644.86
24,2026-02-27,27.29,454.53,142.23,18,7,0.511,0,0.0,43.5,18,15.8,647.6
1,2026-02-28,20.49,380.73,101.02,21,6,0.349,0,0.0,349.89,48,17.2,330.03
2,2026-02-28,21.03,390.32,192.5,25,8,0.13,24,912.0,180.5,49,17.2,689.5
3,2026-02-28,23.77,435.49,61.84,14,6,0.02,0,0.0,351.38,44,17.2,383.83
4,2026-02-28,22.0,396.21,195.06,17,5,0.758,18,684.0,343.01,52,17.2,804.75
5,2026-02-28,19.25,357.61,79.79,18,6,0.548,0,0.0,318.19,62,17.2,813.37
6,2026-02-28,23.97,561.11,68.14,23,6,0.296,0,0.0,106.01,28,17.2,472.9
7,2026-02-28,19.09,424.97,108.68,13,4,0.622,18,684.0,114.6,34,17.2,647.7
8,2026-02-28,21.67,497.64,170.25,26,6,0.772,12,456.0,225.16,49,17.2,489.09
9,2026-02-28,25.43,573.44,71.29,23,8,0.05,0,0.0,44.57,17,17.2,630.2
10,2026-02-28,19.37,442.54,47.98,16,7,0.669,18,684.0,198.23,44,17.2,369.04
11,2026-02-28,22.6,524.21,97.71,8,8,0.802,0,0.0,84.75,18,17.2,638.6
12,2026-02-28,28.09,634.07,122.41,14,7,0.669,0,0.0,58.21,24,17.2,668.19
13,2026-02-28,15.58,333.14,115.06,13,7,0.457,0,0.0,145.27,43,17.2,575.26
14,2026-02-28,19.8,419.96,172.59,21,9,0.469,24,912.0,271.74,51,17.2,357.54
15,2026-02-28,20.88,448.85,93.55,18,5,0.83,0,0.0,156.71,35,17.2,804.2
16,2026-02-28,21.6,466.48,92.73,26,4,0.793,40,1520.0,54.27,21,17.2,324.1
17,2026-02-28,23.61,506.99,173.15,12,2,0.033,18,684.0,55.8,25,17.2,359.15
18,2026-02-28,37.1,795.4,130.69,27,7,0.42,18,684.0,150.66,27,17.2,858.26
19,2026-02-28,25.65,537.01,169.69,28,8,0.794,0,0.0,273.45,34,17.2,721.98
20,2026-02-28,14.11,238.77,41.79,15,5,0.158,0,0.0,251.22,47,17.2,337.84
21,2026-02-28,20.71,349.5,106.95,19,9,0.818,24,912.0,131.02,33,17.2,911.82
22,2026-02-28,26.05,441.2,117.13,18,6,0.415,0,0.0,57.62,28,17.2,427.33
23,2026-02-28,27.49,466.97,184.94,19,10,0.714,24,912.0,109.56,20,17.2,645.17
24,2026-02-28,24.74,412.13,138.78,21,8,0.697,24,912.0,126.91,27,17.2,645.26
1,2026-03-01,20.37,378.51,94.13,16,4,0.182,40,1520.0,99.42,23,18.6,336.66
2,2026-03-01,22.52,418.09,177.47,25,6,0.818,0,0.0,140.42,42,18.6,685.52
3,2026-03-01,25.84,473.46,58.38,16,6,0.748,40,1520.0,53.37,20,18.6,378.51
4,2026-03-01,20.85,375.63,160.06,19,3,0.201,0,0.0,54.27,24,18.6,810.43
5,2026-03-01,29.68,551.42,76.6,16,7,0.342,18,684.0,134.71,39,18.6,818.95
6,2026-03-01,17.05,399.21,69.67,18,7,0.512,0,0.0,61.44,22,18.6,473.99
7,2026-03-01,20.44,455.29,106.41,13,4,0.503,0,0.0,156.66,46,18.6,651.66
8,2026-03-01,31.31,719.05,172.97,19,5,0.857,0,0.0,389.42,61,18.6,486.69
9,2026-03-01,17.66,398.32,61.82,15,2,0.827,40,1520.0,209.37,37,18.6,631.01
10,2026-03-01,27.68,632.47,60.22,12,8,0.689,0,0.0,218.88,49,18.6,377.08
11,2026-03-01,22.12,513.25,76.69,22,6,0.027,0,0.0,216.42,29,18.6,637.82
12,2026-03-01,12.79,288.7,126.42,15,4,0.592,0,0.0,270.96,55,18.6,667.57
13,2026-03-01,11.0,235.17,118.51,13,4,0.618,0,0.0,132.53,41,18.6,574.93
14,2026-03-01,25.53,541.68,133.59,23,11,0.66,0,0.0,94.76,33,18.6,352.31
15,2026-03-01,34.57,743.18,96.14,14,5,0.001,12,456.0,90.72,24,18.6,803.13
16,2026-03-01,30.21,652.47,84.64,18,5,0.36,0,0.0,40.99,20,18.6,326.79
17,2026-03-01,31.08,667.52,156.19,19,9,0.383,12,456.0,140.57,39,18.6,360.29
18,2026-03-01,27.59,591.48,145.31,24,10,0.07,0,0.0,49.02,16,18.6,859.02
19,2026-03-01,31.0,649.02,175.19,22,10,0.16,0,0.0,150.86,30,18.6,728.12
20,2026-03-01,10.82,183.15,52.96,14,7,0.891,12,456.0,241.79,47,18.6,344.25
21,2026-03-01,17.84,301.01,121.62,15,4,0.565,40,1520.0,118.95,36,18.6,908.51
22,2026-03-01,14.58,246.87,122.44,15,7,0.841,0,0.0,59.64,25,18.6,428.86
23,2026-03-01,21.43,364.0,163.65,23,5,0.252,12,456.0,193.19,29,18.6,647.56
24,2026-03-01,24.34,405.48,134.44,21,10,0.736,40,1520.0,79.16,22,18.6,653.07
1,2026-03-02,18.01,334.6,92.73,17,4,0.749,0,0.0,90.34,26,20.0,334.93
2,2026-03-02,23.93,444.42,222.8,22,8,0.021,0,0.0,48.36,25,20.0,686.72
3,2026-03-02,22.85,418.81,80.76,15,4,0.055,0,0.0,104.75,25,20.0,382.69
4,2026-03-02,20.33,366.27,145.75,25,6,0.641,12,456.0,246.54,50,20.0,808.56
5,2026-03-02,26.46,491.72,49.31,27,11,0.177,18,684.0,129.13,35,20.0,817.96
6,2026-03-02,26.46,619.36,92.47,17,5,0.496,0,0.0,94.66,26,20.0,479.83
7,2026-03-02,19.47,433.71,99.49,14,3,0.726,18,684.0,80.21,30,20.0,652.76
8,2026-03-02,37.07,851.29,178.67,24,8,0.714,0,0.0,266.21,49,20.0,494.28
9,2026-03-02,24.3,548.15,92.45,11,5,0.685,0,0.0,158.7,34,20.0,637.72
10,2026-03-02,15.72,359.25,81.43,10,7,0.45,0,0.0,52.19,27,20.0,381.5
11,2026-03-02,19.4,450.2,70.08,13,8,0.343,0,0.0,165.98,25,20.0,640.95
12,2026-03-02,33.34,752.96,136.34,21,4,0.35,0,0.0,85.09,33,20.0,671.66
13,2026-03-02,17.98,384.54,118.63,18,7,0.078,0,0.0,68.46,32,20.0,572.5
14,2026-03-02,33.32,706.94,125.77,19,6,0.905,0,0.0,191.37,44,20.0,356.69
15,2026-03-02,15.79,339.54,97.95,8,7,0.226,0,0.0,171.64,37,20.0,807.53
16,2026-03-02,18.74,404.7,99.71,18,8,0.542,0,0.0,78.91,25,20.0,322.63
17,2026-03-02,24.91,535.17,141.64,19,5,0.631,0,0.0,101.86,32,20.0,353.94
18,2026-03-02,31.61,677.87,139.49,22,9,0.978,0,0.0,234.62,33,20.0,859.52
19,2026-03-02,30.14,631.04,132.58,28,9,0.845,0,0.0,239.84,35,20.0,731.38
20,2026-03-02,22.08,373.6,78.49,9,7,0.338,24,912.0,99.78,31,20.0,343.4
21,2026-03-02,29.44,496.87,109.09,14,6,0.08,12,456.0,348.41,59,20.0,912.77
22,2026-03-02,25.3,428.57,133.73,16,5,0.722,0,0.0,175.29,40,20.0,426.65
23,2026-03-02,24.92,423.45,177.86,24,10,0.055,24,912.0,0.0,0,20.0,648.64
24,2026-03-02,20.86,347.53,127.77,25,4,0.13,0,0.0,55.68,18,20.0,646.98
1,2026-03-03,26.98,501.39,74.78,21,4,0.339,40,1520.0,369.32,49,21.4,330.26
2,2026-03-03,28.9,536.76,217.23,22,7,0.23,0,0.0,44.45,29,21.4,688.01
3,2026-03-03,19.14,350.78,75.33,12,3,0.471,0,0.0,45.37,16,21.4,388.31
4,2026-03-03,23.83,429.47,134.08,26,5,0.524,24,912.0,171.83,40,21.4,813.45
5,2026-03-03,24.24,450.44,77.59,16,8,0.6,0,0.0,171.07,45,21.4,821.42
6,2026-03-03,31.68,741.81,115.0,14,5,0.771,0,0.0,68.56,21,21.4,472.22
7,2026-03-03,22.27,496.17,128.64,11,3,0.605,40,1520.0,105.3,32,21.4,650.68
8,2026-03-03,30.65,703.92,142.56,21,8,0.724,40,1520.0,45.0,24,21.4,488.52
9,2026-03-03,33.28,750.78,124.68,10,4,0.204,12,456.0,102.28,28,21.4,635.41
10,2026-03-03,22.59,516.29,76.88,13,4,0.457,0,0.0,91.86,35,21.4,378.28
11,2026-03-03,12.92,299.77,83.23,14,6,0.905,12,456.0,57.8,16,21.4,634.08
12,2026-03-03,18.25,412.12,118.26,18,3,0.967,0,0.0,208.63,49,21.4,672.47
13,2026-03-03,21.5,459.76,95.33,17,3,0.011,18,684.0,195.61,50,21.4,578.65
14,2026-03-03,26.84,569.57,184.34,16,8,0.593,18,684.0,153.9,43,21.4,354.77
15,2026-03-03,26.03,559.74,77.93,17,6,0.337,0,0.0,79.73,26,21.4,804.2
16,2026-03-03,34.41,743.29,94.63,13,8,0.147,0,0.0,43.01,21,21.4,320.91
17,2026-03-03,16.21,348.29,178.16,12,4,0.763,24,912.0,187.91,37,21.4,360.47
18,2026-03-03,33.33,714.71,155.56,24,9,0.208,0,0.0,215.03,30,21.4,859.84
19,2026-03-03,35.0,732.94,132.89,19,11,0.298,12,456.0,384.11,41,21.4,722.82
20,2026-03-03,19.38,327.98,77.7,13,4,0.053,12,456.0,351.54,54,21.4,343.28
21,2026-03-03,26.11,440.77,117.6,18,6,0.904,0,0.0,56.04,24,21.4,915.82
22,2026-03-03,22.09,374.16,129.89,22,6,0.5,0,0.0,107.23,29,21.4,423.86
23,2026-03-03,22.44,381.37,160.0,25,7,0.04,18,684.0,227.44,32,21.4,648.52
24,2026-03-03,26.09,434.74,141.14,14,7,0.318,0,0.0,46.9,17,21.4,648.61
1,2026-03-04,24.06,447.24,86.87,15,5,0.905,24,912.0,52.93,20,22.8,329.5
2,2026-03-04,29.35,545.11,188.64,29,7,0.985,12,456.0,51.47,27,22.8,686.45
3,2026-03-04,20.54,376.57,98.94,13,5,0.556,0,0.0,62.27,20,22.8,383.36
4,2026-03-04,22.62,407.72,141.63,12,6,0.428,0,0.0,216.04,48,22.8,810.52
5,2026-03-04,22.46,417.37,114.87,12,10,0.388,18,684.0,264.04,55,22.8,821.37
6,2026-03-04,26.08,610.71,153.88,16,6,0.737,12,456.0,75.0,26,22.8,475.02
7,2026-03-04,18.43,410.5,96.43,18,3,0.299,0,0.0,49.01,27,22.8,651.9
8,2026-03-04,24.74,568.37,149.07,22,8,0.249,0,0.0,99.7,34,22.8,496.39
9,2026-03-04,24.72,557.75,115.98,15,1,0.217,0,0.0,71.67,26,22.8,639.77
10,2026-03-04,16.79,383.84,121.42,8,4,0.37,12,456.0,60.32,26,22.8,377.57
11,2026-03-04,31.54,732.01,100.17,15,7,0.376,0,0.0,338.09,36,22.8,635.52
12,2026-03-04,24.0,542.12,110.31,19,7,0.605,0,0.0,180.39,45,22.8,666.58
13,2026-03-04,20.07,429.27,94.52,15,1,0.509,18,684.0,77.63,33,22.8,578.0
14,2026-03-04,30.03,637.39,189.85,20,7,0.047,0,0.0,105.95,39,22.8,358.01
15,2026-03-04,18.51,398.16,75.14,17,4,0.99,0,0.0,89.17,25,22.8,811.63
16,2026-03-04,24.59,531.23,93.96,14,7,0.876,0,0.0,77.75,26,22.8,330.11
17,2026-03-04,27.75,596.28,194.88,17,5,0.626,0,0.0,215.92,39,22.8,364.05
18,2026-03-04,32.0,686.26,179.2,18,7,0.133,18,684.0,179.08,29,22.8,856.13
19,2026-03-04,24.82,519.88,115.57,24,7,0.526,0,0.0,134.02,30,22.8,726.32
20,2026-03-04,17.89,302.79,96.49,11,3,0.816,40,1520.0,46.0,20,22.8,338.18
21,2026-03-04,21.58,364.37,171.43,12,7,0.895,0,0.0,51.88,20,22.8,916.22
22,2026-03-04,17.96,304.23,153.75,15,6,0.086,0,0.0,234.7,50,22.8,425.8
23,2026-03-04,28.44,483.39,184.12,29,8,0.998,0,0.0,171.92,27,22.8,646.46
24,2026-03-04,26.9,448.26,143.34,20,6,0.003,12,456.0,112.71,26,22.8,652.34
1,2026-03-05,21.13,392.77,117.29,10,5,0.066,0,0.0,107.6,26,24.2,332.57
2,2026-03-05,21.85,405.85,167.39,29,8,0.321,0,0.0,134.49,43,24.2,695.88
3,2026-03-05,19.47,356.86,123.87,12,8,0.442,0,0.0,0.0,0,24.2,382.46
4,2026-03-05,30.27,545.58,95.2,27,7,0.904,24,912.0,160.75,44,24.2,811.61
5,2026-03-05,35.61,661.91,92.18,20,5,0.498,0,0.0,133.22,42,24.2,818.77
6,2026-03-05,21.02,492.23,151.14,21,10,0.929,24,912.0,236.83,42,24.2,477.8
7,2026-03-05,19.14,426.55,117.08,16,4,0.254,0,0.0,169.21,45,24.2,648.42
8,2026-03-05,34.25,786.92,131.53,17,7,0.142,0,0.0,54.46,24,24.2,493.81
9,2026-03-05,15.45,348.68,119.4,16,3,0.196,40,1520.0,321.38,44,24.2,647.29
10,2026-03-05,17.44,398.7,144.67,13,4,0.51,0,0.0,118.13,40,24.2,378.98
11,2026-03-05,20.34,472.2,90.27,13,7,0.706,0,0.0,169.59,26,24.2,636.11
12,2026-03-05,26.31,594.34,128.66,15,4,0.357,12,456.0,106.7,36,24.2,671.37
13,2026-03-05,26.89,575.15,77.4,15,5,0.144,0,0.0,87.09,32,24.2,572.29
14,2026-03-05,26.28,557.77,152.35,29,5,0.353,0,0.0,287.05,54,24.2,356.85
15,2026-03-05,12.4,266.76,90.44,13,5,0.952,0,0.0,112.91,31,24.2,802.79
16,2026-03-05,26.62,575.05,92.64,13,5,0.573,12,456.0,172.84,34,24.2,324.8
17,2026-03-05,25.27,543.02,184.91,28,3,0.149,0,0.0,322.11,52,24.2,360.07
18,2026-03-05,26.28,563.65,187.27,28,9,0.716,0,0.0,332.87,37,24.2,857.95
19,2026-03-05,37.82,792.29,128.84,20,7,0.206,0,0.0,193.81,33,24.2,723.66
20,2026-03-05,13.87,234.77,91.25,11,4,0.893,12,456.0,196.17,45,24.2,340.44
21,2026-03-05,17.84,301.24,154.85,27,7,0.106,24,912.0,346.98,53,24.2,913.97
22,2026-03-05,21.56,365.33,117.78,16,8,0.682,18,684.0,59.29,30,24.2,429.53
23,2026-03-05,27.36,465.06,166.18,23,9,0.758,40,1520.0,130.69,23,24.2,643.18
24,2026-03-05,31.99,533.21,142.72,23,10,0.904,0,0.0,291.53,36,24.2,648.84
1,2026-03-06,30.85,573.66,120.78,14,8,0.248,0,0.0,69.45,22,25.6,333.09
2,2026-03-06,26.5,492.25,152.21,33,9,0.128,0,0.0,278.7,57,25.6,684.51
3,2026-03-06,18.73,343.4,119.27,17,6,0.177,24,912.0,151.88,29,25.6,388.89
4,2026-03-06,33.98,612.5,79.45,21,6,0.958,0,0.0,54.79,26,25.6,818.3
5,2026-03-06,19.62,364.81,123.05,18,7,0.245,24,912.0,0.0,0,25.6,820.41
6,2026-03-06,18.11,424.1,183.62,15,5,0.715,0,0.0,86.08,25,25.6,476.67
7,2026-03-06,16.41,365.55,111.12,15,4,0.557,0,0.0,43.21,25,25.6,650.25
8,2026-03-06,28.45,653.83,127.8,19,8,0.59,24,912.0,70.21,24,25.6,494.79
9,2026-03-06,14.19,320.11,122.64,11,6,0.955,18,684.0,390.48,48,25.6,641.93
10,2026-03-06,20.32,464.6,138.7,10,4,0.342,0,0.0,268.04,56,25.6,384.15
11,2026-03-06,18.66,433.18,102.61,14,4,0.879,12,456.0,0.0,0,25.6,641.01
12,2026-03-06,24.87,561.94,106.55,18,5,0.348,18,684.0,83.75,29,25.6,672.2
13,2026-03-06,27.0,577.69,102.42,12,6,0.954,0,0.0,196.35,47,25.6,574.85
14,2026-03-06,15.55,330.18,114.28,31,10,0.195,12,456.0,47.0,25,25.6,358.89
15,2026-03-06,23.37,502.62,103.76,15,3,0.989,12,456.0,63.8,24,25.6,807.98
16,2026-03-06,16.29,351.95,73.34,21,4,0.273,40,1520.0,372.7,58,25.6,317.71
17,2026-03-06,17.88,384.18,182.29,22,6,0.824,40,1520.0,377.7,50,25.6,362.09
18,2026-03-06,28.65,614.55,184.57,24,9,0.444,12,456.0,346.02,36,25.6,860.68
19,2026-03-06,22.5,471.42,135.05,26,7,0.937,0,0.0,267.65,36,25.6,726.22
20,2026-03-06,19.36,327.78,81.4,10,5,0.447,0,0.0,80.78,29,25.6,343.48
21,2026-03-06,24.26,409.62,133.02,17,10,0.288,0,0.0,47.48,20,25.6,913.95
22,2026-03-06,28.51,483.14,128.03,21,3,0.82,0,0.0,295.4,54,25.6,430.22
23,2026-03-06,30.47,518.02,166.56,22,9,0.364,0,0.0,386.5,38,25.6,655.9
24,2026-03-06,16.49,274.88,147.35,21,4,0.418,0,0.0,152.23,29,25.6,652.19
1,2026-03-07,19.33,359.4,121.29,13,3,0.502,0,0.0,206.34,36,27.0,338.45
2,2026-03-07,34.84,647.33,124.35,21,9,0.298,12,456.0,152.83,45,27.0,689.61
3,2026-03-07,15.84,290.49,125.36,14,6,0.717,0,0.0,308.81,40,27.0,386.5
4,2026-03-07,15.87,286.1,69.95,15,7,0.346,12,456.0,44.76,24,27.0,810.55
5,2026-03-07,13.15,244.42,160.6,14,5,0.381,0,0.0,127.59,42,27.0,816.37
6,2026-03-07,23.12,541.5,212.22,13,4,0.268,18,684.0,74.53,25,27.0,481.55
7,2026-03-07,25.06,558.4,109.36,15,3,0.967,0,0.0,141.08,38,27.0,655.85
8,2026-03-07,26.9,618.27,108.99,24,6,0.011,0,0.0,0.0,0,27.0,491.9
9,2026-03-07,23.81,537.44,138.54,13,3,0.429,12,456.0,129.58,26,27.0,640.63
10,2026-03-07,10.75,245.77,136.95,12,10,0.606,12,456.0,369.13,62,27.0,382.04
11,2026-03-07,21.34,495.4,101.25,15,5,0.25,0,0.0,63.67,16,27.0,638.5
12,2026-03-07,25.93,585.85,124.93,13,3,0.924,18,684.0,61.48,26,27.0,665.72
13,2026-03-07,21.62,462.68,98.63,11,3,0.356,0,0.0,271.47,59,27.0,583.34
14,2026-03-07,24.26,514.99,115.31,22,10,0.922,0,0.0,0.0,0,27.0,355.38
15,2026-03-07,23.85,513.17,111.2,17,5,0.811,0,0.0,72.03,21,27.0,804.42
16,2026-03-07,18.77,405.69,92.65,13,5,0.992,12,456.0,264.82,44,27.0,326.01
17,2026-03-07,21.34,458.67,144.42,25,8,0.372,18,684.0,102.15,27,27.0,364.53
18,2026-03-07,21.2,454.85,198.94,20,6,0.716,12,456.0,399.19,38,27.0,862.74
19,2026-03-07,30.82,645.79,132.01,30,9,0.998,0,0.0,114.48,24,27.0,728.68
20,2026-03-07,16.72,283.07,101.78,13,5,0.137,0,0.0,154.13,37,27.0,344.01
21,2026-03-07,18.98,320.48,134.18,21,9,0.309,18,684.0,334.61,54,27.0,906.23
22,2026-03-07,19.85,336.46,134.32,15,4,0.429,0,0.0,204.55,50,27.0,433.82
23,2026-03-07,36.31,617.36,161.67,21,9,0.606,12,456.0,153.19,27,27.0,649.58
24,2026-03-07,27.59,459.98,152.53,22,8,0.514,18,684.0,117.49,23,27.0,649.85
1,2026-03-08,14.35,266.83,127.21,12,5,0.546,12,456.0,69.0,22,28.4,332.7
2,2026-03-08,31.2,579.78,158.61,18,9,0.05,40,1520.0,88.58,33,28.4,691.33
3,2026-03-08,14.02,257.06,149.2,14,6,0.428,0,0.0,44.54,17,28.4,386.16
4,2026-03-08,33.06,595.99,92.34,11,7,0.255,0,0.0,57.37,26,28.4,812.91
5,2026-03-08,26.09,485.15,168.72,18,7,0.954,40,1520.0,42.74,23,28.4,820.21
6,2026-03-08,25.54,598.48,207.1,23,5,0.495,0,0.0,50.33,19,28.4,480.15
7,2026-03-08,22.57,503.0,130.16,10,4,0.053,12,456.0,62.21,28,28.4,652.89
8,2026-03-08,21.91,503.65,115.37,15,5,0.439,0,0.0,58.54,27,28.4,496.32
9,2026-03-08,23.15,522.46,150.28,15,5,0.44,0,0.0,215.2,40,28.4,635.18
10,2026-03-08,19.83,453.39,128.99,13,3,0.035,0,0.0,99.99,36,28.4,378.0
11,2026-03-08,17.88,415.15,99.78,13,9,0.611,0,0.0,228.77,30,28.4,641.99
12,2026-03-08,19.13,432.32,124.81,18,6,0.946,18,684.0,283.41,55,28.4,667.37
13,2026-03-08,22.9,490.12,94.0,19,8,0.836,0,0.0,280.15,55,28.4,576.34
14,2026-03-08,33.88,719.27,130.41,10,7,0.855,0,0.0,105.78,35,28.4,361.37
15,2026-03-08,20.44,439.84,150.71,13,9,0.832,24,912.0,350.16,51,28.4,807.6
16,2026-03-08,17.84,385.62,141.89,11,5,0.985,0,0.0,206.94,36,28.4,323.03
17,2026-03-08,40.04,860.81,152.33,12,9,0.642,0,0.0,117.88,32,28.4,366.6
18,2026-03-08,33.46,718.07,190.9,26,4,0.101,0,0.0,53.16,16,28.4,861.1
19,2026-03-08,27.24,570.87,143.98,18,6,0.259,0,0.0,176.77,33,28.4,724.75
20,2026-03-08,15.58,263.9,111.09,17,2,0.688,0,0.0,91.43,30,28.4,345.32
21,2026-03-08,32.48,548.54,128.31,20,10,0.011,0,0.0,248.93,45,28.4,915.79
22,2026-03-08,21.62,366.44,125.6,20,8,0.689,12,456.0,0.0,0,28.4,434.23
23,2026-03-08,30.09,511.59,146.36,23,7,0.729,0,0.0,216.63,29,28.4,650.97
24,2026-03-08,28.51,475.33,174.68,16,9,0.788,0,0.0,84.41,21,28.4,647.35
1,2026-03-09,16.46,306.12,114.53,17,5,0.882,0,0.0,0.0,0,29.8,336.32
2,2026-03-09,40.79,758.05,100.82,36,10,0.616,24,912.0,296.87,55,29.8,688.03
3,2026-03-09,19.29,353.84,153.37,21,7,0.715,0,0.0,154.56,29,29.8,394.94
4,2026-03-09,27.44,494.81,95.49,18,6,0.5,12,456.0,53.79,25,29.8,811.85
5,2026-03-09,20.25,376.65,205.34,17,6,0.072,0,0.0,55.43,26,29.8,819.24
6,2026-03-09,18.0,421.72,212.38,22,10,0.127,0,0.0,50.63,20,29.8,475.14
7,2026-03-09,20.73,462.17,137.93,14,5,0.544,0,0.0,164.74,41,29.8,653.18
8,2026-03-09,22.31,512.73,95.21,28,7,0.581,12,456.0,83.83,31,29.8,490.02
9,2026-03-09,15.09,340.68,141.48,27,5,0.354,0,0.0,67.67,23,29.8,641.61
10,2026-03-09,17.23,394.04,152.76,20,3,0.797,40,1520.0,306.42,56,29.8,380.8
11,2026-03-09,16.91,392.61,115.08,16,5,0.499,0,0.0,0.0,0,29.8,643.42
12,2026-03-09,24.45,552.51,90.63,26,3,0.102,0,0.0,53.03,27,29.8,665.64
13,2026-03-09,15.77,337.42,98.41,12,4,0.562,0,0.0,44.75,29,29.8,575.95
14,2026-03-09,38.04,807.67,165.83,14,7,0.489,0,0.0,176.86,42,29.8,361.78
15,2026-03-09,20.15,433.61,172.05,11,5,0.291,12,456.0,203.17,39,29.8,805.56
16,2026-03-09,28.44,614.78,123.9,23,6,0.662,0,0.0,55.74,22,29.8,326.52
17,2026-03-09,26.23,563.82,137.32,19,2,0.651,0,0.0,61.48,24,29.8,368.14
18,2026-03-09,27.1,581.58,201.77,26,7,0.386,40,1520.0,80.39,20,29.8,855.62
19,2026-03-09,34.18,716.31,142.51,19,11,0.26,24,912.0,104.82,23,29.8,729.62
20,2026-03-09,13.9,235.46,102.75,17,5,0.051,0,0.0,95.02,32,29.8,346.62
21,2026-03-09,20.73,350.16,158.37,12,7,0.674,0,0.0,310.56,46,29.8,913.81
22,2026-03-09,29.98,508.29,105.73,21,4,0.285,12,456.0,260.23,52,29.8,433.51
23,2026-03-09,27.97,475.56,132.61,21,9,0.968,18,684.0,142.3,27,29.8,648.48
24,2026-03-09,26.22,437.32,157.12,24,9,0.438,0,0.0,64.46,20,29.8,645.15
1,2026-03-10,19.17,356.58,113.14,17,4,0.168,18,684.0,392.98,47,31.2,334.85
2,2026-03-10,25.29,469.95,124.3,21,8,0.311,12,456.0,252.5,49,31.2,694.13
3,2026-03-10,20.77,380.95,143.07,21,4,0.313,0,0.0,120.95,28,31.2,389.45
4,2026-03-10,21.78,392.85,90.97,16,4,0.307,0,0.0,173.59,43,31.2,815.01
5,2026-03-10,16.03,298.09,204.13,25,5,0.628,0,0.0,213.13,47,31.2,818.66
6,2026-03-10,13.7,321.03,166.64,24,6,0.958,0,0.0,46.16,20,31.2,480.55
7,2026-03-10,23.66,527.43,118.7,16,5,0.722,24,912.0,94.44,33,31.2,656.06
8,2026-03-10,33.67,773.94,81.49,17,8,0.009,40,1520.0,182.57,43,31.2,490.65
9,2026-03-10,17.39,392.66,141.89,16,5,0.336,0,0.0,74.73,22,31.2,636.97
10,2026-03-10,18.06,413.04,155.59,13,8,0.033,0,0.0,65.2,27,31.2,378.5
11,2026-03-10,22.23,516.27,89.89,18,6,0.214,12,456.0,59.29,15,31.2,636.44
12,2026-03-10,15.65,353.73,113.79,13,6,0.046,12,456.0,187.49,47,31.2,667.87
13,2026-03-10,16.02,342.79,99.61,11,6,0.779,0,0.0,249.13,55,31.2,580.45
14,2026-03-10,28.77,610.94,119.52,31,6,0.849,0,0.0,71.79,33,31.2,361.46
15,2026-03-10,26.49,570.11,174.71,9,8,0.804,0,0.0,280.21,42,31.2,797.34
16,2026-03-10,16.06,347.16,135.62,12,9,0.264,18,684.0,89.12,26,31.2,326.7
17,2026-03-10,28.24,607.26,129.63,22,9,0.23,0,0.0,147.62,39,31.2,363.38
18,2026-03-10,27.3,586.01,196.41,24,8,0.4,18,684.0,301.07,37,31.2,858.74
19,2026-03-10,33.12,694.1,156.28,21,11,0.509,0,0.0,257.68,36,31.2,727.02
20,2026-03-10,17.79,301.29,94.62,16,3,0.343,24,912.0,60.61,22,31.2,345.86
21,2026-03-10,29.04,490.63,156.75,21,6,0.063,0,0.0,198.38,43,31.2,914.4
22,2026-03-10,18.23,309.16,100.91,17,5,0.599,0,0.0,248.87,48,31.2,433.32
23,2026-03-10,25.58,435.08,165.39,23,6,0.994,0,0.0,329.04,34,31.2,646.74
24,2026-03-10,24.57,409.8,169.26,16,9,0.898,12,456.0,187.25,34,31.2,649.09
1,2026-03-11,18.18,338.3,89.68,17,5,0.093,40,1520.0,251.88,40,32.6,336.86
2,2026-03-11,18.86,350.56,157.57,22,9,0.976,0,0.0,271.28,60,32.6,693.48
3,2026-03-11,18.18,333.44,164.91,15,5,0.935,0,0.0,89.76,28,32.6,389.12
4,2026-03-11,14.55,262.48,100.87,15,5,0.062,0,0.0,186.43,41,32.6,808.42
5,2026-03-11,22.23,413.5,190.25,21,7,0.091,24,912.0,0.0,0,32.6,822.08
6,2026-03-11,31.73,743.68,154.35,26,6,0.53,12,456.0,67.69,25,32.6,477.23
7,2026-03-11,14.03,312.82,123.96,9,3,0.037,0,0.0,177.0,41,32.6,654.52
8,2026-03-11,23.23,534.16,98.65,13,5,0.609,0,0.0,56.12,26,32.6,496.58
9,2026-03-11,23.29,525.8,163.3,15,7,0.237,0,0.0,119.36,27,32.6,639.89
10,2026-03-11,17.71,405.08,128.45,23,5,0.138,0,0.0,55.33,27,32.6,386.47
11,2026-03-11,18.04,419.03,124.58,14,5,0.879,0,0.0,55.3,16,32.6,640.59
12,2026-03-11,23.16,523.65,109.54,17,7,0.718,12,456.0,46.49,26,32.6,671.7
13,2026-03-11,27.51,588.94,130.23,10,5,0.651,12,456.0,221.1,49,32.6,575.29
14,2026-03-11,15.37,326.45,115.36,24,10,0.762,12,456.0,208.04,47,32.6,364.87
15,2026-03-11,20.9,449.77,171.87,20,8,0.284,0,0.0,45.4,21,32.6,807.66
16,2026-03-11,16.11,348.4,136.92,13,6,0.767,0,0.0,80.4,24,32.6,324.67
17,2026-03-11,17.58,378.04,143.4,23,8,0.555,12,456.0,58.56,26,32.6,365.39
18,2026-03-11,31.78,682.22,179.39,26,7,0.37,0,0.0,42.81,12,32.6,862.94
19,2026-03-11,21.76,456.22,150.19,20,6,0.041,0,0.0,40.27,15,32.6,732.74
20,2026-03-11,21.28,360.54,79.76,15,4,0.73,40,1520.0,199.07,39,32.6,350.01
21,2026-03-11,24.84,419.7,131.5,29,9,0.379,24,912.0,132.88,29,32.6,913.5
22,2026-03-11,24.4,413.67,78.91,21,8,0.877,0,0.0,142.95,35,32.6,434.92
23,2026-03-11,26.49,450.5,135.65,32,7,0.632,0,0.0,223.7,33,32.6,647.76
24,2026-03-11,20.62,343.97,148.3,23,4,0.257,18,684.0,63.34,19,32.6,656.55
1,2026-03-12,21.3,396.27,74.63,17,6,0.098,18,684.0,0.0,0,34.0,337.1
2,2026-03-12,43.99,817.79,170.69,22,6,0.966,0,0.0,96.68,37,34.0,691.01
3,2026-03-12,27.88,511.58,161.8,20,5,0.693,0,0.0,215.81,34,34.0,390.17
4,2026-03-12,24.03,433.54,94.5,15,7,0.482,0,0.0,256.81,49,34.0,815.04
5,2026-03-12,18.91,351.87,204.2,12,8,0.097,0,0.0,69.75,34,34.0,817.7
6,2026-03-12,31.08,728.61,128.18,24,6,0.813,0,0.0,250.17,47,34.0,483.0
7,2026-03-12,22.35,498.49,126.5,18,6,0.505,0,0.0,144.14,43,34.0,658.38
8,2026-03-12,39.28,903.26,108.19,11,3,0.148,0,0.0,297.58,57,34.0,494.87
9,2026-03-12,36.91,833.58,176.65,14,5,0.91,12,456.0,58.48,19,34.0,639.24
10,2026-03-12,26.36,603.09,105.32,18,5,0.657,12,456.0,87.54,35,34.0,379.74
11,2026-03-12,21.57,501.13,110.22,15,3,0.932,0,0.0,144.64,26,34.0,646.2
12,2026-03-12,34.35,776.7,122.26,14,5,0.647,18,684.0,296.71,60,34.0,671.74
13,2026-03-12,18.46,395.27,144.04,14,3,0.989,12,456.0,59.9,31,34.0,578.38
14,2026-03-12,19.3,409.87,110.65,19,6,0.523,12,456.0,120.87,37,34.0,359.67
15,2026-03-12,15.05,324.04,137.32,21,6,0.074,18,684.0,137.27,33,34.0,805.86
16,2026-03-12,32.2,696.36,150.82,11,2,0.4,18,684.0,159.42,34,34.0,331.39
17,2026-03-12,24.66,530.41,89.25,23,5,0.751,0,0.0,45.52,22,34.0,366.44
18,2026-03-12,29.18,626.32,159.57,29,6,0.371,12,456.0,64.71,17,34.0,867.02
19,2026-03-12,21.39,448.5,185.76,28,6,0.042,0,0.0,60.37,20,34.0,726.07
20,2026-03-12,23.45,397.28,98.99,11,4,0.668,24,912.0,139.31,30,34.0,339.17
21,2026-03-12,15.54,262.62,154.53,18,7,0.824,18,684.0,289.36,44,34.0,919.07
22,2026-03-12,27.53,466.93,99.07,9,4,0.657,18,684.0,81.99,32,34.0,432.73
23,2026-03-12,29.99,510.16,144.05,20,8,0.203,0,0.0,89.52,18,34.0,652.25
24,2026-03-12,32.56,543.17,147.35,18,5,0.045,0,0.0,79.74,22,34.0,654.17
1,2026-03-13,27.67,514.9,81.32,16,4,0.194,0,0.0,70.99,22,35.4,331.75
2,2026-03-13,22.92,426.09,155.64,27,9,0.944,0,0.0,106.5,35,35.4,691.19
3,2026-03-13,23.72,435.2,139.1,17,6,0.983,24,912.0,163.21,31,35.4,387.89
4,2026-03-13,22.75,410.37,119.77,11,6,0.393,0,0.0,86.42,32,35.4,809.73
5,2026-03-13,33.77,628.35,175.17,30,6,0.499,0,0.0,92.19,32,35.4,816.69
6,2026-03-13,33.34,781.52,122.47,22,9,0.212,12,456.0,245.77,42,35.4,479.4
7,2026-03-13,23.89,532.81,103.63,17,5,0.765,0,0.0,121.78,34,35.4,655.72
8,2026-03-13,22.92,527.15,106.31,20,7,0.481,0,0.0,49.08,26,35.4,494.75
9,2026-03-13,23.02,519.85,167.08,16,6,0.189,0,0.0,55.68,21,35.4,633.88
10,2026-03-13,20.2,462.18,112.28,14,8,0.354,18,684.0,139.77,34,35.4,378.71
11,2026-03-13,23.72,551.08,119.19,14,9,0.624,0,0.0,43.3,14,35.4,638.51
12,2026-03-13,15.85,358.47,149.61,12,5,0.729,0,0.0,145.71,41,35.4,668.92
13,2026-03-13,18.07,386.88,113.97,14,5,0.995,18,684.0,0.0,0,35.4,579.93
14,2026-03-13,42.74,908.03,96.32,17,7,0.088,0,0.0,138.65,40,35.4,360.73
15,2026-03-13,13.43,289.22,112.9,17,6,0.702,0,0.0,103.44,28,35.4,806.47
16,2026-03-13,15.83,342.45,137.35,17,3,0.231,0,0.0,180.47,37,35.4,333.88
17,2026-03-13,29.17,627.33,62.45,17,6,0.073,12,456.0,145.24,37,35.4,364.72
18,2026-03-13,29.0,622.54,142.22,25,9,0.048,24,912.0,383.46,36,35.4,859.92
19,2026-03-13,25.87,542.33,185.62,24,5,0.962,0,0.0,65.95,19,35.4,723.84
20,2026-03-13,22.11,374.64,115.73,10,6,0.882,0,0.0,292.1,53,35.4,348.49
21,2026-03-13,28.66,484.37,187.8,11,7,0.684,24,912.0,162.79,37,35.4,916.53
22,2026-03-13,26.73,453.37,97.14,20,5,0.821,0,0.0,44.08,24,35.4,434.28
23,2026-03-13,29.26,497.84,115.91,19,8,0.552,0,0.0,363.17,37,35.4,644.76
24,2026-03-13,20.61,343.84,159.73,23,5,0.962,24,912.0,286.01,40,35.4,649.08
1,2026-03-14,23.65,440.12,105.58,14,6,0.675,0,0.0,200.01,35,36.8,335.43
2,2026-03-14,23.74,441.52,158.2,21,10,0.495,0,0.0,223.26,60,36.8,694.5
3,2026-03-14,19.62,360.01,161.34,16,8,0.759,0,0.0,90.96,24,36.8,387.71
4,2026-03-14,20.45,368.97,128.0,9,8,0.854,12,456.0,306.94,56,36.8,813.11
5,2026-03-14,24.11,448.65,154.57,26,5,0.746,40,1520.0,180.05,47,36.8,814.8
6,2026-03-14,30.1,705.75,107.97,25,8,0.097,18,684.0,301.93,44,36.8,482.81
7,2026-03-14,15.94,355.49,103.68,13,4,0.994,24,912.0,306.63,53,36.8,655.4
8,2026-03-14,16.27,374.26,91.04,16,6,0.968,0,0.0,232.3,52,36.8,491.48
9,2026-03-14,22.48,507.83,184.96,16,5,0.298,0,0.0,242.83,41,36.8,637.96
10,2026-03-14,33.62,769.4,147.45,12,4,0.013,0,0.0,376.78,65,36.8,379.48
11,2026-03-14,19.45,451.88,136.02,18,4,0.917,0,0.0,349.56,38,36.8,635.28
12,2026-03-14,26.7,603.8,155.44,20,6,0.817,0,0.0,117.05,32,36.8,670.68
13,2026-03-14,17.78,380.71,135.14,12,4,0.434,0,0.0,259.37,55,36.8,580.77
14,2026-03-14,25.4,539.73,116.04,19,8,0.123,40,1520.0,52.51,26,36.8,358.45
15,2026-03-14,25.24,543.46,109.59,20,6,0.698,12,456.0,44.3,20,36.8,808.6
16,2026-03-14,20.4,441.32,115.73,20,5,0.088,40,1520.0,157.1,35,36.8,326.95
17,2026-03-14,30.22,650.11,60.66,15,6,0.669,18,684.0,92.37,29,36.8,359.6
18,2026-03-14,30.86,662.65,145.34,24,7,0.337,0,0.0,0.0,0,36.8,859.71
19,2026-03-14,23.85,500.18,167.5,27,5,0.099,40,1520.0,142.85,26,36.8,727.59
20,2026-03-14,18.49,313.37,126.85,15,3,0.435,0,0.0,282.77,49,36.8,347.58
21,2026-03-14,42.53,718.83,198.84,22,8,0.693,0,0.0,111.51,32,36.8,913.47
22,2026-03-14,25.18,427.14,84.96,19,7,0.595,12,456.0,65.36,27,36.8,430.08
23,2026-03-14,47.12,801.71,162.53,20,10,0.423,0,0.0,356.92,40,36.8,655.2
24,2026-03-14,29.24,487.85,171.72,22,5,0.538,0,0.0,121.29,24,36.8,648.46
1,2026-03-15,22.14,412.08,90.39,15,5,0.647,18,684.0,56.93,19,38.2,337.95
2,2026-03-15,25.38,472.07,194.37,18,6,0.431,24,912.0,206.31,51,38.2,691.4
3,2026-03-15,25.41,466.37,131.54,23,7,0.645,24,912.0,55.93,18,38.2,387.89
4,2026-03-15,18.96,342.16,109.51,19,5,0.416,12,456.0,167.19,40,38.2,813.44
5,2026-03-15,15.13,281.58,142.71,18,7,0.305,0,0.0,57.85,29,38.2,819.74
6,2026-03-15,33.09,775.8,101.91,20,11,0.575,12,456.0,75.74,23,38.2,483.64
7,2026-03-15,25.71,573.59,85.34,14,7,0.454,12,456.0,197.42,49,38.2,650.68
8,2026-03-15,18.22,419.17,77.89,19,8,0.528,0,0.0,84.17,33,38.2,498.04
9,2026-03-15,20.89,471.79,150.52,23,5,0.526,0,0.0,144.22,34,38.2,634.48
10,2026-03-15,23.19,530.72,162.9,16,4,0.148,0,0.0,201.12,48,38.2,383.07
11,2026-03-15,21.33,495.8,141.53,10,4,0.157,18,684.0,296.08,33,38.2,635.46
12,2026-03-15,20.3,459.14,136.52,20,4,0.416,24,912.0,92.04,34,38.2,674.37
13,2026-03-15,23.63,506.18,124.6,16,2,0.128,0,0.0,108.04,36,38.2,584.18
14,2026-03-15,22.92,487.0,154.47,21,7,0.886,0,0.0,97.47,33,38.2,366.22
15,2026-03-15,27.55,593.19,81.48,27,8,0.96,0,0.0,0.0,0,38.2,807.95
16,2026-03-15,16.38,354.28,99.51,19,5,0.101,0,0.0,40.47,18,38.2,325.88
17,2026-03-15,32.73,704.21,104.3,14,6,0.154,12,456.0,261.05,45,38.2,366.96
18,2026-03-15,33.85,726.99,158.14,24,10,0.987,0,0.0,265.47,36,38.2,865.79
19,2026-03-15,30.73,644.4,185.16,21,12,0.105,40,1520.0,59.74,17,38.2,727.58
20,2026-03-15,16.37,277.44,131.26,22,4,0.642,0,0.0,42.37,21,38.2,346.39
21,2026-03-15,21.92,370.61,176.01,18,7,0.43,0,0.0,252.78,46,38.2,918.29
22,2026-03-15,14.38,244.01,90.8,15,2,0.412,0,0.0,342.19,61,38.2,432.58
23,2026-03-15,25.91,440.91,139.4,19,7,0.92,0,0.0,0.0,0,38.2,647.62
24,2026-03-15,21.91,365.61,147.54,25,7,0.311,18,684.0,116.51,27,38.2,654.71
1,2026-03-16,20.42,380.09,97.91,9,5,0.295,0,0.0,167.37,32,39.6,331.08
2,2026-03-16,30.57,568.6,158.86,21,9,0.787,12,456.0,214.84,56,39.6,694.41
3,2026-03-16,22.81,418.75,115.78,23,4,0.263,0,0.0,110.91,27,39.6,392.15
4,2026-03-16,17.3,312.12,96.44,20,5,0.076,12,456.0,116.44,34,39.6,811.94
5,2026-03-16,37.91,705.67,141.08,30,7,0.193,18,684.0,102.69,40,39.6,826.82
6,2026-03-16,27.7,649.48,77.36,23,6,0.971,0,0.0,186.29,39,39.6,475.21
7,2026-03-16,24.69,550.9,77.67,16,6,0.239,40,1520.0,157.21,40,39.6,654.22
8,2026-03-16,22.38,514.82,105.79,19,5,0.235,0,0.0,171.19,46,39.6,496.17
9,2026-03-16,21.32,481.61,135.41,18,3,0.556,12,456.0,274.66,42,39.6,634.07
10,2026-03-16,19.44,445.01,152.03,22,5,0.004,0,0.0,56.39,27,39.6,384.06
11,2026-03-16,19.67,457.1,148.83,20,7,0.61,0,0.0,59.67,17,39.6,646.94
12,2026-03-16,16.72,378.28,132.21,17,5,0.772,0,0.0,86.47,34,39.6,667.54
13,2026-03-16,22.57,483.48,142.26,15,7,0.309,24,912.0,93.76,34,39.6,578.4
14,2026-03-16,23.38,496.9,135.51,22,8,0.601,12,456.0,175.18,43,39.6,358.42
15,2026-03-16,25.93,558.53,69.76,16,6,0.692,0,0.0,169.38,34,39.6,808.47
16,2026-03-16,25.3,547.33,116.6,17,5,0.939,0,0.0,390.0,44,39.6,325.92
17,2026-03-16,24.65,530.5,113.44,15,7,0.5,0,0.0,178.97,40,39.6,363.35
18,2026-03-16,30.54,655.89,162.82,27,4,0.694,0,0.0,62.26,17,39.6,855.82
19,2026-03-16,29.77,624.45,195.3,24,8,0.911,18,684.0,95.55,24,39.6,731.56
20,2026-03-16,13.7,232.16,134.85,14,5,0.796,0,0.0,167.74,37,39.6,339.87
21,2026-03-16,14.19,239.84,176.83,20,3,0.192,0,0.0,212.67,41,39.6,910.07
22,2026-03-16,25.51,432.84,97.43,17,6,0.127,0,0.0,50.23,24,39.6,429.82
23,2026-03-16,22.49,382.68,186.24,21,8,0.681,0,0.0,339.62,40,39.6,644.73
24,2026-03-16,34.8,580.77,160.84,17,5,0.469,18,684.0,338.62,44,39.6,649.76
1,2026-03-17,19.72,367.19,74.47,20,3,0.548,0,0.0,328.49,44,6.0,324.35
2,2026-03-17,21.5,399.84,154.3,24,5,0.996,24,912.0,305.18,62,6.0,676.82
3,2026-03-17,20.69,379.85,100.59,16,6,0.357,24,912.0,130.0,29,6.0,376.71
4,2026-03-17,13.89,250.71,101.6,19,5,0.583,0,0.0,193.77,46,6.0,806.4
5,2026-03-17,34.74,646.76,157.75,26,9,0.282,0,0.0,58.61,28,6.0,806.49
6,2026-03-17,29.04,681.19,89.12,12,3,0.494,0,0.0,0.0,0,6.0,476.29
7,2026-03-17,21.39,477.27,59.94,14,4,0.295,0,0.0,47.51,22,6.0,643.43
8,2026-03-17,25.52,587.13,137.4,17,5,0.58,0,0.0,86.58,31,6.0,486.19
9,2026-03-17,22.89,517.23,118.13,19,5,0.938,0,0.0,202.81,37,6.0,628.05
10,2026-03-17,17.64,403.81,141.81,13,4,0.5,18,684.0,139.59,41,6.0,364.26
11,2026-03-17,25.04,581.99,165.25,13,5,0.568,0,0.0,286.59,34,6.0,632.65
12,2026-03-17,24.74,559.62,113.65,14,6,0.537,0,0.0,113.74,36,6.0,658.78
13,2026-03-17,19.59,419.7,147.9,11,4,0.653,18,684.0,124.93,35,6.0,564.61
14,2026-03-17,23.2,493.19,133.07,23,8,0.776,0,0.0,315.26,58,6.0,350.11
15,2026-03-17,27.75,597.78,99.32,13,4,0.07,0,0.0,101.45,27,6.0,795.19
16,2026-03-17,29.27,633.23,115.38,22,5,0.767,0,0.0,111.53,31,6.0,317.75
17,2026-03-17,16.74,360.35,77.84,17,4,0.155,12,456.0,59.25,25,6.0,351.7
18,2026-03-17,32.05,688.48,170.19,18,11,0.768,24,912.0,144.54,24,6.0,855.36
19,2026-03-17,32.92,690.66,203.2,24,7,0.761,0,0.0,74.68,19,6.0,715.84
20,2026-03-17,22.19,376.2,126.95,12,4,0.559,18,684.0,141.39,33,6.0,333.48
21,2026-03-17,28.37,479.65,170.96,21,6,0.659,18,684.0,289.05,48,6.0,900.06
22,2026-03-17,23.5,398.81,103.59,18,4,0.72,0,0.0,62.13,28,6.0,421.95
23,2026-03-17,23.14,393.89,141.56,31,11,0.773,0,0.0,261.47,37,6.0,633.03
24,2026-03-17,27.92,466.05,141.35,22,9,1.0,24,912.0,107.73,24,6.0,638.92
1,2026-03-18,19.85,369.64,102.28,13,5,0.767,40,1520.0,76.64,23,7.4,319.39
2,2026-03-18,23.3,433.54,123.64,34,8,0.024,0,0.0,66.17,28,7.4,684.16
3,2026-03-18,26.34,483.61,94.43,19,11,0.505,12,456.0,378.75,42,7.4,377.19
4,2026-03-18,24.75,446.74,105.56,17,7,0.16,0,0.0,150.68,41,7.4,801.78
5,2026-03-18,21.89,407.54,183.34,14,9,0.303,0,0.0,142.43,38,7.4,812.48
6,2026-03-18,26.38,618.84,98.35,18,6,0.802,0,0.0,83.72,25,7.4,467.53
7,2026-03-18,22.52,502.61,68.77,13,5,0.554,0,0.0,127.06,37,7.4,640.39
8,2026-03-18,24.01,552.41,155.48,16,5,0.614,12,456.0,45.61,23,7.4,483.52
9,2026-03-18,29.5,666.54,81.55,21,6,0.147,12,456.0,375.33,44,7.4,629.65
10,2026-03-18,22.62,517.86,138.37,14,8,0.876,0,0.0,238.26,49,7.4,369.99
11,2026-03-18,18.03,419.26,164.8,22,3,0.155,0,0.0,285.73,31,7.4,630.93
12,2026-03-18,25.41,574.97,124.91,22,6,0.575,0,0.0,254.22,49,7.4,665.41
13,2026-03-18,22.16,474.72,96.96,21,3,0.82,12,456.0,85.82,35,7.4,565.04
14,2026-03-18,23.92,508.49,139.58,18,8,0.24,24,912.0,53.8,26,7.4,348.21
15,2026-03-18,34.42,741.54,78.89,17,7,0.769,0,0.0,211.67,37,7.4,801.01
16,2026-03-18,27.78,601.24,146.88,13,6,0.77,0,0.0,197.33,35,7.4,320.45
17,2026-03-18,16.76,360.63,72.0,25,5,0.615,0,0.0,112.67,31,7.4,354.07
18,2026-03-18,29.53,634.38,165.91,19,9,0.894,12,456.0,76.84,21,7.4,848.14
19,2026-03-18,26.55,556.92,224.07,20,7,0.291,0,0.0,103.23,23,7.4,713.33
20,2026-03-18,27.59,467.85,136.46,12,3,0.172,12,456.0,67.01,24,7.4,331.52
21,2026-03-18,24.17,408.78,176.04,25,7,0.745,18,684.0,113.72,31,7.4,906.43
22,2026-03-18,20.97,355.94,124.68,13,9,0.33,24,912.0,65.63,23,7.4,421.08
23,2026-03-18,21.26,361.88,136.29,26,9,0.512,0,0.0,316.13,36,7.4,634.77
24,2026-03-18,29.93,499.75,167.0,18,4,0.548,24,912.0,345.78,44,7.4,643.63
1,2026-03-19,13.98,260.24,118.45,12,4,0.003,0,0.0,104.87,24,8.8,329.8
2,2026-03-19,24.99,465.01,124.85,25,8,0.117,12,456.0,67.64,31,8.8,680.77
3,2026-03-19,30.67,563.29,94.67,18,6,0.268,12,456.0,376.52,47,8.8,383.17
4,2026-03-19,27.88,503.35,124.0,13,6,0.408,0,0.0,136.76,34,8.8,804.04
5,2026-03-19,38.93,724.96,210.14,16,7,0.282,0,0.0,216.65,50,8.8,814.53
6,2026-03-19,29.27,686.59,142.98,14,6,0.409,0,0.0,205.36,41,8.8,473.1
7,2026-03-19,23.45,523.27,50.69,19,5,0.64,0,0.0,258.19,51,8.8,647.15
8,2026-03-19,22.34,514.01,149.61,19,4,0.141,0,0.0,142.7,40,8.8,482.4
9,2026-03-19,25.89,585.06,69.27,16,5,0.788,0,0.0,66.6,22,8.8,629.72
10,2026-03-19,30.08,688.8,125.35,13,4,0.446,24,912.0,189.74,50,8.8,371.25
11,2026-03-19,28.29,657.75,190.9,10,7,0.193,0,0.0,94.03,19,8.8,636.52
12,2026-03-19,20.65,467.31,95.02,16,4,0.903,0,0.0,79.46,30,8.8,663.09
13,2026-03-19,20.03,429.21,93.47,17,1,0.303,12,456.0,158.32,44,8.8,574.13
14,2026-03-19,30.5,648.5,139.16,15,5,0.205,0,0.0,97.49,34,8.8,351.02
15,2026-03-19,22.89,493.13,90.0,11,5,0.128,0,0.0,334.32,46,8.8,800.65
16,2026-03-19,23.17,501.39,137.33,14,5,0.697,0,0.0,95.12,30,8.8,316.82
17,2026-03-19,20.53,441.81,73.4,8,6,0.795,0,0.0,334.23,58,8.8,355.03
18,2026-03-19,32.37,695.47,170.3,25,11,0.284,18,684.0,298.79,35,8.8,854.97
19,2026-03-19,26.26,550.92,192.68,28,10,0.265,0,0.0,90.8,22,8.8,721.84
20,2026-03-19,17.23,292.19,136.08,15,4,0.143,0,0.0,80.4,28,8.8,339.82
21,2026-03-19,27.98,473.22,170.05,22,7,0.106,0,0.0,54.97,23,8.8,904.43
22,2026-03-19,25.67,435.76,153.17,13,5,0.395,18,684.0,50.48,23,8.8,426.99
23,2026-03-19,22.66,385.83,160.47,25,9,0.02,0,0.0,140.79,26,8.8,637.19
24,2026-03-19,21.43,357.79,186.37,22,8,0.593,18,684.0,50.57,19,8.8,642.52
1,2026-03-20,27.4,510.21,132.46,20,6,0.728,0,0.0,0.0,0,10.2,330.67
2,2026-03-20,30.11,560.33,140.17,23,12,0.817,18,684.0,288.67,62,10.2,686.38
3,2026-03-20,22.12,406.21,103.13,13,5,0.941,18,684.0,104.53,25,10.2,376.53
4,2026-03-20,23.57,425.49,101.09,23,7,0.543,0,0.0,172.75,42,10.2,810.13
5,2026-03-20,30.84,574.24,203.09,21,9,0.837,0,0.0,288.05,55,10.2,812.81
6,2026-03-20,18.2,426.9,126.98,17,5,0.683,0,0.0,189.8,33,10.2,468.56
7,2026-03-20,19.97,445.8,41.26,11,6,0.275,0,0.0,318.08,60,10.2,646.26
8,2026-03-20,20.73,477.05,188.2,12,7,0.082,0,0.0,267.71,47,10.2,484.98
9,2026-03-20,26.02,588.21,64.33,18,7,0.716,0,0.0,63.76,23,10.2,627.18
10,2026-03-20,18.18,416.2,134.37,13,7,0.427,0,0.0,89.73,34,10.2,375.9
11,2026-03-20,17.81,414.18,179.79,18,2,0.663,0,0.0,63.96,16,10.2,636.93
12,2026-03-20,23.24,526.03,80.32,22,6,0.711,0,0.0,224.71,52,10.2,665.43
13,2026-03-20,17.02,364.66,123.16,7,3,0.549,0,0.0,129.02,40,10.2,574.11
14,2026-03-20,27.72,589.4,171.02,15,4,0.587,18,684.0,160.34,41,10.2,354.16
15,2026-03-20,15.16,326.68,86.16,11,7,0.473,12,456.0,333.54,54,10.2,798.72
16,2026-03-20,28.8,623.31,124.62,16,7,0.962,18,684.0,45.35,19,10.2,315.83
17,2026-03-20,24.03,517.2,99.35,11,5,0.45,18,684.0,95.94,31,10.2,355.15
18,2026-03-20,21.81,468.67,172.47,22,5,0.323,18,684.0,77.73,20,10.2,852.49
19,2026-03-20,28.12,590.15,166.61,30,11,0.948,0,0.0,233.41,40,10.2,719.75
20,2026-03-20,16.79,284.71,118.12,17,2,0.894,0,0.0,197.46,44,10.2,331.2
21,2026-03-20,26.57,449.5,175.13,20,7,0.24,0,0.0,299.05,43,10.2,907.32
22,2026-03-20,23.46,398.29,116.35,22,5,0.691,0,0.0,150.45,35,10.2,428.22
23,2026-03-20,38.69,658.78,166.66,17,9,0.241,0,0.0,76.88,21,10.2,643.83
24,2026-03-20,26.91,449.44,166.44,21,8,0.999,0,0.0,233.92,41,10.2,644.52
1,2026-03-21,15.42,287.14,94.59,19,3,0.366,12,456.0,312.14,43,11.6,327.28
2,2026-03-21,36.84,685.62,141.22,24,9,0.293,0,0.0,51.93,27,11.6,683.79
3,2026-03-21,23.61,433.75,104.62,18,6,0.854,0,0.0,180.43,33,11.6,385.16
4,2026-03-21,21.14,381.65,138.55,15,4,0.262,0,0.0,292.81,57,11.6,811.34
5,2026-03-21,17.33,322.68,191.79,18,12,0.143,24,912.0,46.21,25,11.6,818.26
6,2026-03-21,21.25,498.64,130.33,19,5,0.512,0,0.0,45.24,19,11.6,468.85
7,2026-03-21,18.19,405.95,38.89,12,3,0.741,0,0.0,294.27,56,11.6,646.47
8,2026-03-21,21.21,488.35,189.16,18,6,0.042,0,0.0,71.4,28,11.6,484.36
9,2026-03-21,29.29,662.09,52.09,22,5,0.031,12,456.0,183.08,33,11.6,634.56
10,2026-03-21,20.37,466.46,155.37,20,4,0.089,0,0.0,61.39,28,11.6,373.25
11,2026-03-21,29.56,687.43,179.07,23,6,0.904,24,912.0,0.0,0,11.6,629.62
12,2026-03-21,28.44,643.59,41.08,20,4,0.216,0,0.0,59.04,25,11.6,659.89
13,2026-03-21,33.07,708.85,99.7,20,4,0.364,0,0.0,50.91,29,11.6,567.16
14,2026-03-21,23.48,499.34,190.0,27,8,0.791,12,456.0,87.73,32,11.6,350.26
15,2026-03-21,23.79,512.58,92.7,15,5,0.912,18,684.0,177.98,33,11.6,801.84
16,2026-03-21,17.3,374.41,122.64,13,5,0.117,18,684.0,205.11,40,11.6,319.29
17,2026-03-21,34.84,750.21,143.0,9,6,0.61,0,0.0,132.45,37,11.6,359.82
18,2026-03-21,23.47,504.35,175.35,22,5,0.132,0,0.0,108.64,23,11.6,852.62
19,2026-03-21,23.83,500.04,172.69,22,9,0.465,18,684.0,67.67,19,11.6,717.41
20,2026-03-21,16.54,280.59,125.01,14,1,0.471,0,0.0,63.32,28,11.6,329.55
21,2026-03-21,29.46,498.37,167.34,27,5,0.938,0,0.0,0.0,0,11.6,906.77
22,2026-03-21,16.88,286.61,124.56,16,7,0.921,18,684.0,40.77,24,11.6,428.09
23,2026-03-21,30.36,516.97,179.74,28,8,0.991,12,456.0,382.88,41,11.6,632.38
24,2026-03-21,24.25,404.96,158.39,22,7,0.447,0,0.0,283.97,40,11.6,641.82
1,2026-03-22,15.25,283.99,91.23,12,3,0.469,0,0.0,154.54,30,13.0,325.97
2,2026-03-22,29.97,557.84,137.61,20,11,0.556,0,0.0,56.25,31,13.0,687.19
3,2026-03-22,23.13,424.96,94.38,18,5,0.629,0,0.0,196.7,33,13.0,388.17
4,2026-03-22,16.37,295.61,137.56,13,9,0.951,0,0.0,54.78,25,13.0,807.09
5,2026-03-22,19.43,361.96,188.29,19,7,0.053,0,0.0,129.78,41,13.0,813.83
6,2026-03-22,18.46,433.14,120.99,22,7,0.324,0,0.0,63.67,21,13.0,470.85
7,2026-03-22,25.83,576.7,48.17,12,7,0.711,0,0.0,73.43,29,13.0,645.43
8,2026-03-22,26.43,608.53,192.27,16,8,0.499,0,0.0,262.77,55,13.0,485.46
9,2026-03-22,21.34,482.47,70.46,8,5,0.949,0,0.0,149.02,32,13.0,635.33
10,2026-03-22,17.12,392.21,128.2,22,4,0.391,0,0.0,71.19,33,13.0,375.69
11,2026-03-22,14.37,334.24,208.74,16,6,0.314,0,0.0,214.02,30,13.0,635.6
12,2026-03-22,21.67,490.57,66.97,13,6,0.9,0,0.0,191.79,43,13.0,660.99
13,2026-03-22,28.14,603.12,125.21,11,3,0.826,0,0.0,127.28,43,13.0,571.49
14,2026-03-22,20.84,443.12,157.94,33,11,0.167,0,0.0,182.54,47,13.0,357.38
15,2026-03-22,15.05,324.37,120.76,14,6,0.548,0,0.0,333.02,51,13.0,800.56
16,2026-03-22,21.37,462.55,129.82,13,7,0.387,0,0.0,190.91,37,13.0,321.16
17,2026-03-22,12.85,276.66,140.77,25,3,0.01,0,0.0,43.39,22,13.0,359.76
18,2026-03-22,33.72,724.81,144.93,28,6,0.711,0,0.0,347.94,35,13.0,858.56
19,2026-03-22,35.75,750.34,160.94,26,6,0.071,0,0.0,66.21,20,13.0,723.45
20,2026-03-22,21.18,359.32,82.97,21,7,0.946,0,0.0,97.2,31,13.0,331.96
21,2026-03-22,31.33,530.09,213.58,13,7,0.201,0,0.0,356.66,51,13.0,913.01
22,2026-03-22,18.3,310.63,123.51,21,5,0.233,0,0.0,120.76,36,13.0,428.56
23,2026-03-22,33.59,572.02,190.98,16,9,0.028,0,0.0,238.15,33,13.0,648.98
24,2026-03-22,28.58,477.42,166.1,28,4,0.308,0,0.0,221.51,35,13.0,644.05
1,2026-03-23,25.4,473.27,119.54,11,3,0.368,0,0.0,296.74,42,14.4,328.18
2,2026-03-23,25.86,481.35,156.14,23,9,0.632,0,0.0,385.14,63,14.4,683.83
3,2026-03-23,16.47,302.65,123.23,14,5,0.818,0,0.0,111.69,27,14.4,384.76
4,2026-03-23,27.17,490.79,145.13,18,5,0.395,0,0.0,238.38,47,14.4,808.88
5,2026-03-23,26.12,486.56,164.64,32,6,0.915,0,0.0,66.17,28,14.4,813.28
6,2026-03-23,23.48,551.14,158.11,14,9,0.404,0,0.0,368.25,48,14.4,473.24
7,2026-03-23,19.67,439.13,65.73,11,5,0.458,0,0.0,186.02,42,14.4,648.11
8,2026-03-23,18.34,422.34,176.06,23,8,0.115,0,0.0,254.56,51,14.4,491.42
9,2026-03-23,23.74,536.74,75.93,14,6,0.255,0,0.0,122.71,30,14.4,631.55
10,2026-03-23,18.97,434.5,100.67,18,3,0.157,0,0.0,90.62,34,14.4,377.38
11,2026-03-23,24.81,577.12,191.19,22,3,0.871,0,0.0,310.61,33,14.4,630.2
12,2026-03-23,30.0,679.12,57.52,12,7,0.773,0,0.0,104.3,33,14.4,666.18
13,2026-03-23,11.06,237.15,104.81,20,4,0.286,0,0.0,394.34,62,14.4,576.61
14,2026-03-23,17.08,363.25,169.99,19,9,0.339,0,0.0,142.08,40,14.4,359.59
15,2026-03-23,14.48,312.04,111.97,20,6,0.814,0,0.0,91.06,28,14.4,802.59
16,2026-03-23,23.44,507.64,105.92,23,8,0.534,0,0.0,209.75,38,14.4,322.02
17,2026-03-23,15.33,330.16,109.89,16,6,0.619,0,0.0,274.14,49,14.4,361.9
18,2026-03-23,23.74,510.24,135.4,26,7,0.575,0,0.0,135.23,27,14.4,855.73
19,2026-03-23,37.05,777.83,170.77,25,5,0.732,0,0.0,271.41,32,14.4,720.33
20,2026-03-23,22.82,387.06,63.19,20,5,0.146,0,0.0,354.1,52,14.4,345.62
21,2026-03-23,26.93,455.67,242.07,19,9,0.406,0,0.0,335.6,49,14.4,909.68
22,2026-03-23,31.21,530.03,120.44,17,5,0.874,0,0.0,185.6,45,14.4,428.15
23,2026-03-23,18.99,323.51,168.68,30,8,0.876,0,0.0,392.12,44,14.4,646.35
24,2026-03-23,29.2,487.77,198.95,16,8,0.982,0,0.0,394.63,46,14.4,641.23
1,2026-03-24,29.3,545.97,117.72,13,5,0.744,0,0.0,68.45,21,15.8,327.63
2,2026-03-24,28.73,534.94,155.99,21,5,0.096,0,0.0,349.93,57,15.8,686.87
3,2026-03-24,23.84,438.01,131.79,11,6,0.55,0,0.0,112.19,25,15.8,386.86
4,2026-03-24,20.44,369.15,130.45,16,8,0.032,0,0.0,255.46,53,15.8,805.43
5,2026-03-24,25.1,467.63,119.7,23,8,0.091,0,0.0,112.56,35,15.8,812.36
6,2026-03-24,24.15,566.77,134.92,18,6,0.195,0,0.0,211.75,36,15.8,477.31
7,2026-03-24,17.93,400.34,69.01,10,3,0.295,0,0.0,243.24,53,15.8,650.19
8,2026-03-24,22.56,519.55,184.18,23,3,0.362,0,0.0,40.97,22,15.8,481.73
9,2026-03-24,31.29,707.5,80.37,14,4,0.112,0,0.0,95.3,25,15.8,628.52
10,2026-03-24,31.48,721.27,124.25,12,3,0.273,0,0.0,72.06,30,15.8,375.94
11,2026-03-24,32.13,747.4,174.24,17,4,0.396,0,0.0,126.5,24,15.8,632.95
12,2026-03-24,29.36,664.81,76.5,9,5,0.563,0,0.0,86.56,30,15.8,667.95
13,2026-03-24,29.02,622.12,116.5,12,5,0.568,0,0.0,78.78,34,15.8,577.52
14,2026-03-24,30.3,644.59,147.27,23,8,0.542,0,0.0,95.88,34,15.8,357.25
15,2026-03-24,24.24,522.5,126.58,17,7,0.838,0,0.0,360.2,52,15.8,797.75
16,2026-03-24,19.65,425.52,132.01,21,4,0.891,0,0.0,136.56,32,15.8,315.94
17,2026-03-24,15.99,344.29,138.82,14,4,0.499,0,0.0,57.48,25,15.8,358.65
18,2026-03-24,30.93,665.02,147.52,26,7,0.802,0,0.0,148.44,24,15.8,864.64
19,2026-03-24,31.11,653.07,178.58,31,11,0.948,0,0.0,254.54,34,15.8,728.28
20,2026-03-24,22.06,374.21,71.12,13,4,0.869,0,0.0,60.74,24,15.8,340.96
21,2026-03-24,38.96,659.29,224.49,19,4,0.054,0,0.0,370.56,49,15.8,906.58
22,2026-03-24,19.62,333.26,86.59,19,5,0.015,0,0.0,182.92,42,15.8,430.14
23,2026-03-24,30.87,525.9,164.24,21,9,0.381,0,0.0,61.09,16,15.8,643.01
24,2026-03-24,27.49,459.26,208.42,20,6,0.321,0,0.0,78.94,20,15.8,649.3
1,2026-03-25,16.01,298.34,119.79,15,3,0.557,0,0.0,216.04,32,17.2,329.09
2,2026-03-25,25.4,472.86,167.28,23,8,0.581,0,0.0,124.08,38,17.2,686.91
3,2026-03-25,24.24,445.46,130.42,14,7,0.84,0,0.0,58.14,20,17.2,385.2
4,2026-03-25,16.59,299.76,123.55,19,6,0.384,0,0.0,48.19,25,17.2,808.84
5,2026-03-25,23.1,430.38,106.43,29,10,0.463,0,0.0,118.04,39,17.2,820.01
6,2026-03-25,28.23,662.8,125.31,20,9,0.509,0,0.0,43.53,19,17.2,480.24
7,2026-03-25,17.53,391.57,81.04,11,4,0.637,0,0.0,262.76,47,17.2,654.64
8,2026-03-25,23.51,541.41,164.75,23,6,0.427,0,0.0,55.17,24,17.2,493.63
9,2026-03-25,15.1,341.41,111.61,6,5,0.616,0,0.0,104.5,26,17.2,634.86
10,2026-03-25,32.88,753.25,130.36,12,1,0.464,0,0.0,188.29,44,17.2,375.87
11,2026-03-25,23.58,548.69,161.28,18,7,0.121,0,0.0,66.91,19,17.2,633.85
12,2026-03-25,15.96,361.36,82.43,22,8,0.158,0,0.0,72.13,29,17.2,664.56
13,2026-03-25,16.81,360.46,146.26,7,4,0.54,0,0.0,326.17,59,17.2,577.71
14,2026-03-25,42.09,895.55,174.24,20,5,0.818,0,0.0,61.5,28,17.2,353.41
15,2026-03-25,19.8,426.84,164.43,12,5,0.054,0,0.0,126.81,29,17.2,800.31
16,2026-03-25,17.88,387.2,118.58,21,6,0.486,0,0.0,182.47,37,17.2,323.71
17,2026-03-25,34.93,752.45,164.84,15,6,0.56,0,0.0,129.05,32,17.2,361.57
18,2026-03-25,34.94,751.19,142.35,21,8,0.893,0,0.0,112.6,24,17.2,858.43
19,2026-03-25,34.06,715.21,175.08,21,11,0.016,0,0.0,54.68,19,17.2,723.81
20,2026-03-25,28.43,482.46,75.85,11,2,0.938,0,0.0,204.22,41,17.2,343.48
21,2026-03-25,16.95,286.84,217.73,22,9,0.753,0,0.0,96.57,26,17.2,911.06
22,2026-03-25,24.8,421.24,120.8,18,5,0.2,0,0.0,304.9,55,17.2,431.14
23,2026-03-25,20.28,345.58,176.3,23,11,0.685,0,0.0,49.04,15,17.2,647.02
24,2026-03-25,31.26,522.24,177.27,20,7,0.131,0,0.0,221.27,37,17.2,647.21
1,2026-03-26,16.05,299.18,104.3,16,5,0.802,0,0.0,55.61,21,18.6,330.18
2,2026-03-26,26.45,492.46,171.88,24,7,0.354,0,0.0,104.46,34,18.6,691.41
3,2026-03-26,19.02,349.59,100.55,21,5,0.594,0,0.0,47.81,18,18.6,384.93
4,2026-03-26,21.39,386.47,130.36,18,11,0.328,0,0.0,86.09,34,18.6,810.24
5,2026-03-26,38.62,719.68,117.22,17,7,0.963,0,0.0,53.1,28,18.6,815.56
6,2026-03-26,16.98,398.69,110.21,29,9,0.816,0,0.0,121.73,30,18.6,476.64
7,2026-03-26,15.34,342.6,86.89,12,4,0.472,0,0.0,152.07,40,18.6,646.83
8,2026-03-26,30.15,694.47,123.4,22,4,0.019,0,0.0,115.65,35,18.6,489.97
9,2026-03-26,18.12,409.93,113.99,9,5,0.87,0,0.0,55.86,21,18.6,631.09
10,2026-03-26,24.51,561.73,158.51,11,5,0.456,0,0.0,123.85,39,18.6,372.67
11,2026-03-26,32.14,747.84,153.58,18,6,0.191,0,0.0,350.45,38,18.6,639.58
12,2026-03-26,15.85,358.97,98.93,12,7,0.68,0,0.0,81.2,32,18.6,670.19
13,2026-03-26,29.06,623.26,129.24,16,2,0.645,0,0.0,49.99,29,18.6,578.88
14,2026-03-26,21.01,447.02,189.15,14,10,0.555,0,0.0,298.15,52,18.6,357.32
15,2026-03-26,25.9,558.57,166.14,16,5,0.542,0,0.0,269.87,46,18.6,807.05
16,2026-03-26,32.77,709.77,90.76,16,4,0.102,0,0.0,62.46,23,18.6,329.63
17,2026-03-26,22.09,475.88,178.73,11,5,0.346,0,0.0,127.64,33,18.6,361.44
18,2026-03-26,32.59,700.73,123.17,27,6,0.774,0,0.0,220.52,32,18.6,854.01
19,2026-03-26,31.78,667.39,179.82,21,6,0.599,0,0.0,180.05,31,18.6,719.6
20,2026-03-26,26.46,449.08,71.43,12,6,0.551,0,0.0,303.35,50,18.6,342.26
21,2026-03-26,22.78,385.65,241.84,22,4,0.231,0,0.0,363.9,58,18.6,909.12
22,2026-03-26,22.07,374.99,80.74,22,6,0.129,0,0.0,230.4,51,18.6,429.73
23,2026-03-26,39.37,670.87,172.42,27,9,0.377,0,0.0,62.37,18,18.6,641.66
24,2026-03-26,22.82,381.3,153.11,28,11,0.298,0,0.0,324.57,39,18.6,644.92
1,2026-03-27,18.52,345.15,98.85,23,3,0.107,0,0.0,191.79,35,20.0,338.78
2,2026-03-27,25.55,475.76,186.25,25,8,0.478,0,0.0,69.49,34,20.0,686.5
3,2026-03-27,13.89,255.4,112.24,17,4,0.183,0,0.0,50.72,19,20.0,385.07
4,2026-03-27,22.75,411.1,130.12,18,4,0.053,0,0.0,341.71,60,20.0,804.45
5,2026-03-27,29.23,544.79,116.23,22,6,0.713,0,0.0,87.77,33,20.0,815.67
6,2026-03-27,24.47,574.63,134.76,15,8,0.31,0,0.0,65.98,23,20.0,477.09
7,2026-03-27,14.75,329.59,104.8,11,3,0.381,0,0.0,45.14,25,20.0,652.3
8,2026-03-27,29.9,688.75,119.86,23,8,0.013,0,0.0,339.66,54,20.0,494.57
9,2026-03-27,21.31,482.11,136.7,17,4,0.781,0,0.0,254.47,37,20.0,634.52
10,2026-03-27,18.64,427.1,183.82,11,3,0.475,0,0.0,42.94,24,20.0,376.71
11,2026-03-27,25.31,589.06,162.28,15,4,0.557,0,0.0,95.86,19,20.0,640.47
12,2026-03-27,12.53,283.77,92.61,16,7,0.686,0,0.0,187.83,45,20.0,663.88
13,2026-03-27,19.03,408.19,128.07,17,2,0.4,0,0.0,306.02,52,20.0,573.91
14,2026-03-27,27.85,592.67,174.07,27,9,0.312,0,0.0,62.96,28,20.0,355.98
15,2026-03-27,26.03,561.3,194.05,10,4,0.203,0,0.0,0.0,0,20.0,808.46
16,2026-03-27,26.56,575.28,99.49,13,3,0.994,0,0.0,46.44,21,20.0,324.78
17,2026-03-27,20.51,441.82,159.6,18,6,0.833,0,0.0,48.31,23,20.0,360.28
18,2026-03-27,30.66,659.44,133.05,25,7,0.093,0,0.0,153.65,25,20.0,864.03
19,2026-03-27,34.86,732.1,149.51,23,5,0.947,0,0.0,151.42,28,20.0,723.42
20,2026-03-27,15.35,260.56,72.11,15,4,0.728,0,0.0,142.08,34,20.0,338.56
21,2026-03-27,25.82,437.18,203.85,28,3,0.138,0,0.0,294.2,45,20.0,907.55
22,2026-03-27,26.11,443.52,76.95,12,5,0.259,0,0.0,263.55,49,20.0,429.33
23,2026-03-27,26.1,444.73,165.35,27,9,0.848,0,0.0,81.25,21,20.0,642.59
24,2026-03-27,27.67,462.52,164.57,14,6,0.921,0,0.0,162.26,32,20.0,645.8
1,2026-03-28,18.68,348.28,104.43,11,5,0.055,0,0.0,47.73,19,21.4,331.5
2,2026-03-28,26.65,496.31,206.93,25,7,0.949,0,0.0,88.98,39,21.4,686.9
3,2026-03-28,17.73,325.93,127.78,16,7,0.389,0,0.0,113.67,26,21.4,382.9
4,2026-03-28,22.42,405.2,125.27,21,5,0.384,0,0.0,213.42,49,21.4,809.68
5,2026-03-28,32.15,599.21,127.29,17,7,0.215,0,0.0,54.62,24,21.4,815.73
6,2026-03-28,28.43,667.76,156.03,16,4,0.598,0,0.0,41.02,19,21.4,472.88
7,2026-03-28,19.01,424.77,101.73,11,8,0.424,0,0.0,136.13,35,21.4,650.97
8,2026-03-28,30.23,696.56,130.32,17,5,0.622,0,0.0,162.94,39,21.4,491.66
9,2026-03-28,11.53,260.84,134.01,11,8,0.376,0,0.0,64.96,20,21.4,641.25
10,2026-03-28,17.42,399.31,150.82,26,5,0.815,0,0.0,168.65,45,21.4,372.31
11,2026-03-28,26.46,615.81,152.6,15,4,0.615,0,0.0,392.09,39,21.4,641.99
12,2026-03-28,31.8,720.32,113.65,8,5,0.497,0,0.0,155.71,39,21.4,673.76
13,2026-03-28,12.74,273.36,126.29,12,6,0.665,0,0.0,339.36,71,21.4,573.84
14,2026-03-28,24.17,514.47,166.79,29,5,0.418,0,0.0,57.72,24,21.4,358.13
15,2026-03-28,17.39,375.09,192.04,15,3,0.186,0,0.0,51.38,20,21.4,807.8
16,2026-03-28,25.93,561.79,89.37,16,7,0.835,0,0.0,246.46,43,21.4,321.69
17,2026-03-28,22.54,485.63,167.59,23,8,0.511,0,0.0,230.77,47,21.4,361.17
18,2026-03-28,23.18,498.62,146.55,18,9,0.802,0,0.0,57.2,15,21.4,862.9
19,2026-03-28,22.86,480.18,129.47,26,9,0.203,0,0.0,236.13,35,21.4,728.58
20,2026-03-28,17.21,292.05,62.42,14,2,0.339,0,0.0,115.67,32,21.4,348.67
21,2026-03-28,31.27,529.46,207.88,25,7,0.644,0,0.0,56.18,21,21.4,911.67
22,2026-03-28,25.53,433.71,93.98,14,5,0.675,0,0.0,83.32,32,21.4,429.78
23,2026-03-28,27.12,462.19,163.38,28,12,0.385,0,0.0,229.76,34,21.4,654.51
24,2026-03-28,29.83,498.52,119.87,25,9,0.61,0,0.0,0.0,0,21.4,646.46
1,2026-03-29,23.87,445.1,108.14,15,10,0.433,0,0.0,265.74,39,22.8,332.11
2,2026-03-29,25.26,470.53,197.73,25,6,0.712,0,0.0,62.16,32,22.8,682.38
3,2026-03-29,27.42,504.19,132.07,18,9,0.319,0,0.0,175.98,33,22.8,387.15
4,2026-03-29,22.6,408.43,124.82,18,6,0.648,0,0.0,74.4,29,22.8,812.21
5,2026-03-29,20.01,373.02,119.7,22,7,0.585,0,0.0,155.95,47,22.8,820.96
6,2026-03-29,36.66,861.04,170.34,15,3,0.784,0,0.0,124.49,31,22.8,472.6
7,2026-03-29,18.37,410.45,110.15,13,5,0.749,0,0.0,227.44,53,22.8,651.8
8,2026-03-29,28.95,667.05,145.02,16,7,0.127,0,0.0,273.68,54,22.8,492.13
9,2026-03-29,14.09,318.71,135.25,17,7,0.436,0,0.0,221.09,37,22.8,638.73
10,2026-03-29,19.84,454.72,150.56,11,5,0.012,0,0.0,227.95,58,22.8,382.99
11,2026-03-29,25.62,596.33,109.34,24,5,0.136,0,0.0,150.32,27,22.8,642.9
12,2026-03-29,17.14,388.27,89.29,18,4,0.37,0,0.0,44.03,22,22.8,662.54
13,2026-03-29,22.25,477.34,86.99,22,6,0.237,0,0.0,156.98,47,22.8,584.57
14,2026-03-29,17.88,380.56,151.3,20,6,0.195,0,0.0,47.58,23,22.8,358.02
15,2026-03-29,20.49,441.87,182.52,25,5,0.942,0,0.0,72.25,23,22.8,808.61
16,2026-03-29,19.96,432.46,90.42,14,3,0.949,0,0.0,106.51,27,22.8,321.71
17,2026-03-29,14.59,314.42,152.47,26,7,0.837,0,0.0,169.33,41,22.8,360.47
18,2026-03-29,35.53,764.39,156.66,15,10,0.25,0,0.0,364.43,37,22.8,859.31
19,2026-03-29,25.58,537.34,182.04,19,9,0.335,0,0.0,76.8,19,22.8,723.67
20,2026-03-29,18.73,317.94,81.68,10,5,0.687,0,0.0,0.0,0,22.8,344.18
21,2026-03-29,27.49,465.48,184.31,28,6,0.482,0,0.0,122.73,35,22.8,912.72
22,2026-03-29,31.64,537.71,54.75,22,6,0.245,0,0.0,359.61,61,22.8,435.27
23,2026-03-29,32.33,551.13,162.59,20,5,0.41,0,0.0,56.78,17,22.8,650.56
24,2026-03-29,33.42,558.66,108.57,25,9,0.992,0,0.0,44.0,17,22.8,647.48
1,2026-03-30,31.13,580.45,104.31,16,5,0.902,0,0.0,43.04,17,24.2,331.74
2,2026-03-30,26.13,486.77,199.85,27,9,0.538,0,0.0,0.0,0,24.2,691.46
3,2026-03-30,21.67,398.5,107.8,20,6,0.014,0,0.0,63.95,20,24.2,385.91
4,2026-03-30,24.5,442.96,115.33,17,7,0.591,0,0.0,150.28,39,24.2,810.66
5,2026-03-30,27.77,517.81,128.48,20,6,0.297,0,0.0,281.36,53,24.2,812.55
6,2026-03-30,19.55,459.29,155.06,27,6,0.22,0,0.0,217.58,42,24.2,475.42
7,2026-03-30,18.04,403.11,125.09,16,4,0.785,0,0.0,212.91,46,24.2,658.43
8,2026-03-30,32.24,742.95,122.75,20,6,0.372,0,0.0,85.77,31,24.2,495.27
9,2026-03-30,27.29,617.6,123.52,15,6,0.282,0,0.0,188.0,33,24.2,638.99
10,2026-03-30,17.02,390.16,165.88,11,3,0.348,0,0.0,69.88,34,24.2,377.43
11,2026-03-30,26.99,628.44,137.05,16,5,0.003,0,0.0,44.75,14,24.2,639.99
12,2026-03-30,20.48,463.91,114.3,10,4,0.564,0,0.0,73.79,29,24.2,672.69
13,2026-03-30,22.32,478.97,115.32,12,4,0.068,0,0.0,139.25,43,24.2,572.86
14,2026-03-30,34.4,732.2,171.99,22,4,0.389,0,0.0,43.94,23,24.2,357.18
15,2026-03-30,14.36,309.81,193.54,13,6,0.735,0,0.0,92.51,27,24.2,803.1
16,2026-03-30,16.47,356.83,75.0,18,4,0.256,0,0.0,186.69,33,24.2,326.64
17,2026-03-30,25.65,552.83,178.43,9,4,0.953,0,0.0,398.77,55,24.2,358.62
18,2026-03-30,27.72,596.28,139.29,24,8,0.626,0,0.0,399.33,33,24.2,861.77
19,2026-03-30,30.79,646.83,164.59,30,9,0.478,0,0.0,40.96,14,24.2,731.95
20,2026-03-30,19.43,329.88,87.71,14,7,0.667,0,0.0,288.95,46,24.2,342.19
21,2026-03-30,35.04,593.41,145.14,22,9,0.982,0,0.0,46.65,22,24.2,923.43
22,2026-03-30,15.47,262.86,96.35,14,7,0.171,0,0.0,122.39,34,24.2,431.8
23,2026-03-30,34.21,583.21,166.65,25,7,0.685,0,0.0,129.86,22,24.2,650.13
24,2026-03-30,18.34,306.66,75.27,26,9,0.066,0,0.0,76.19,21,24.2,643.82
1,2026-03-31,14.12,263.38,110.11,13,5,0.565,0,0.0,210.48,33,25.6,335.94
2,2026-03-31,28.56,532.15,171.94,25,7,0.764,0,0.0,224.73,55,25.6,690.83
3,2026-03-31,20.57,378.35,118.98,14,4,0.978,0,0.0,90.22,25,25.6,384.69
4,2026-03-31,28.24,510.56,124.91,13,8,0.629,0,0.0,236.82,49,25.6,816.95
5,2026-03-31,20.55,383.23,158.7,14,6,0.802,0,0.0,50.51,24,25.6,819.05
6,2026-03-31,20.1,472.26,143.56,19,8,0.154,0,0.0,45.03,20,25.6,477.22
7,2026-03-31,17.41,389.2,97.71,14,6,0.635,0,0.0,0.0,0,25.6,651.09
8,2026-03-31,21.75,501.29,97.71,22,3,0.148,0,0.0,257.1,57,25.6,487.32
9,2026-03-31,17.48,395.56,121.51,15,4,0.369,0,0.0,53.87,20,25.6,637.55
10,2026-03-31,38.04,872.21,133.01,23,2,0.336,0,0.0,126.91,37,25.6,380.51
11,2026-03-31,24.84,578.46,132.25,16,6,0.73,0,0.0,322.23,32,25.6,643.24
12,2026-03-31,11.11,251.73,105.41,18,8,0.956,0,0.0,277.15,55,25.6,673.37
13,2026-03-31,18.05,387.22,83.64,19,3,0.955,0,0.0,59.75,27,25.6,571.66
14,2026-03-31,36.37,774.27,186.44,17,7,0.8,0,0.0,134.55,40,25.6,360.68
15,2026-03-31,22.27,480.47,162.07,22,5,0.361,0,0.0,174.07,36,25.6,806.09
16,2026-03-31,22.09,478.74,58.06,26,6,0.616,0,0.0,177.15,35,25.6,323.73
17,2026-03-31,32.1,692.01,157.16,24,7,0.737,0,0.0,193.97,41,25.6,360.17
18,2026-03-31,22.67,487.75,165.76,25,9,0.771,0,0.0,311.45,36,25.6,867.52
19,2026-03-31,31.52,662.21,131.89,32,7,0.461,0,0.0,274.96,37,25.6,729.96
20,2026-03-31,21.7,368.56,88.22,9,6,0.082,0,0.0,49.01,23,25.6,344.17
21,2026-03-31,29.38,497.54,137.83,19,3,0.394,0,0.0,110.32,32,25.6,907.67
22,2026-03-31,20.58,349.85,81.54,14,4,0.412,0,0.0,53.27,25,25.6,431.33
23,2026-03-31,34.47,587.62,201.37,21,7,0.263,0,0.0,50.47,16,25.6,646.91
24,2026-03-31,30.1,503.31,71.06,25,7,0.619,0,0.0,72.86,22,25.6,654.7
1,2026-04-01,17.81,332.21,89.36,16,4,0.152,0,0.0,368.8,42,27.0,335.82
2,2026-04-01,26.07,485.8,172.2,26,6,0.777,0,0.0,89.39,35,27.0,691.39
3,2026-04-01,25.23,463.97,159.2,17,6,0.914,0,0.0,127.88,27,27.0,386.93
4,2026-04-01,21.48,388.4,135.35,15,7,0.205,0,0.0,110.53,33,27.0,814.25
5,2026-04-01,22.56,420.75,154.53,21,7,0.688,0,0.0,188.74,47,27.0,817.82
6,2026-04-01,23.74,557.76,161.13,16,8,0.575,0,0.0,161.54,32,27.0,474.99
7,2026-04-01,20.58,460.04,119.48,11,4,0.279,0,0.0,185.16,47,27.0,655.32
8,2026-04-01,23.67,545.57,90.46,18,5,0.882,0,0.0,269.1,55,27.0,493.25
9,2026-04-01,24.18,547.31,104.25,21,8,0.417,0,0.0,0.0,0,27.0,637.58
10,2026-04-01,17.88,410.04,159.35,16,6,0.647,0,0.0,40.77,21,27.0,381.82
11,2026-04-01,32.36,753.53,140.44,15,7,0.301,0,0.0,121.63,21,27.0,639.93
12,2026-04-01,26.31,596.24,90.26,21,6,0.444,0,0.0,97.09,32,27.0,669.88
13,2026-04-01,30.92,663.49,72.87,14,5,0.182,0,0.0,366.37,62,27.0,575.83
14,2026-04-01,24.83,528.76,175.62,29,9,0.684,0,0.0,128.74,36,27.0,363.75
15,2026-04-01,34.23,738.65,132.77,23,2,0.078,0,0.0,165.63,32,27.0,802.84
16,2026-04-01,19.72,427.34,66.28,15,5,0.961,0,0.0,40.73,20,27.0,324.91
17,2026-04-01,36.57,788.45,131.8,23,6,0.97,0,0.0,44.06,23,27.0,356.04
18,2026-04-01,22.17,477.03,174.2,22,11,0.816,0,0.0,278.2,30,27.0,860.72
19,2026-04-01,24.47,514.21,138.83,21,9,0.446,0,0.0,187.28,30,27.0,725.62
20,2026-04-01,13.05,221.66,86.5,12,7,0.857,0,0.0,40.06,22,27.0,341.26
21,2026-04-01,39.98,677.23,128.83,28,6,0.739,0,0.0,44.2,20,27.0,908.31
22,2026-04-01,29.1,494.64,97.46,24,8,1.0,0,0.0,372.42,62,27.0,431.53
23,2026-04-01,24.88,424.2,210.42,22,11,0.004,0,0.0,266.84,34,27.0,647.69
24,2026-04-01,33.2,555.13,64.49,15,9,0.542,0,0.0,313.28,41,27.0,651.4
1,2026-04-02,25.7,479.41,73.22,17,6,0.633,0,0.0,43.99,16,28.4,334.98
2,2026-04-02,29.98,558.82,168.07,21,6,0.568,0,0.0,72.06,31,28.4,693.49
3,2026-04-02,25.32,465.73,158.97,16,4,0.338,0,0.0,172.56,30,28.4,384.14
4,2026-04-02,22.98,415.52,135.14,21,5,0.788,0,0.0,122.77,40,28.4,815.06
5,2026-04-02,25.35,472.8,158.28,23,6,0.129,0,0.0,199.22,50,28.4,818.86
6,2026-04-02,30.94,727.1,178.19,18,5,0.811,0,0.0,53.63,21,28.4,473.09
7,2026-04-02,20.85,466.03,112.42,18,3,0.916,0,0.0,56.07,26,28.4,652.77
8,2026-04-02,23.28,536.66,113.06,11,6,0.489,0,0.0,138.68,38,28.4,496.01
9,2026-04-02,21.69,490.97,100.17,16,5,0.812,0,0.0,64.04,22,28.4,636.06
10,2026-04-02,16.27,373.18,146.94,16,6,0.367,0,0.0,272.04,53,28.4,380.13
11,2026-04-02,25.18,586.49,139.73,11,2,0.398,0,0.0,81.74,17,28.4,638.64
12,2026-04-02,13.57,307.63,81.92,15,6,0.862,0,0.0,193.5,45,28.4,666.75
13,2026-04-02,20.19,433.25,51.5,10,4,0.98,0,0.0,337.71,64,28.4,579.91
14,2026-04-02,27.49,585.47,186.91,20,8,0.44,0,0.0,86.47,31,28.4,361.7
15,2026-04-02,21.48,463.49,138.4,17,4,0.859,0,0.0,239.14,37,28.4,814.27
16,2026-04-02,24.59,533.07,95.36,8,8,0.791,0,0.0,207.04,41,28.4,324.68
17,2026-04-02,13.87,299.05,157.65,15,4,0.258,0,0.0,73.97,25,28.4,360.98
18,2026-04-02,31.42,676.31,203.48,19,6,0.438,0,0.0,230.64,29,28.4,862.91
19,2026-04-02,35.21,740.07,166.79,19,8,0.886,0,0.0,119.96,24,28.4,724.56
20,2026-04-02,19.84,336.9,86.38,12,3,0.29,0,0.0,137.89,36,28.4,338.16
21,2026-04-02,29.67,502.58,129.39,21,7,0.323,0,0.0,53.06,22,28.4,921.15
22,2026-04-02,18.08,307.42,93.79,11,4,0.684,0,0.0,228.8,52,28.4,432.53
23,2026-04-02,27.18,463.56,202.02,25,9,0.018,0,0.0,298.02,36,28.4,642.63
24,2026-04-02,34.64,579.28,87.63,17,7,0.942,0,0.0,0.0,0,28.4,650.05
1,2026-04-03,17.41,324.7,89.3,14,6,0.175,0,0.0,169.7,33,29.8,334.07
2,2026-04-03,29.35,547.05,191.92,27,11,0.044,0,0.0,326.85,59,29.8,689.49
3,2026-04-03,18.44,339.26,165.01,17,4,0.223,0,0.0,312.02,46,29.8,389.96
4,2026-04-03,18.79,339.75,139.99,17,5,0.388,0,0.0,56.87,23,29.8,811.45
5,2026-04-03,20.08,374.65,174.37,18,5,0.416,0,0.0,44.74,24,29.8,817.47
6,2026-04-03,23.69,556.71,154.13,25,5,0.198,0,0.0,53.41,22,29.8,479.17
7,2026-04-03,21.14,472.61,126.83,16,3,0.328,0,0.0,335.56,58,29.8,660.94
8,2026-04-03,30.57,704.89,100.18,21,5,0.079,0,0.0,40.4,26,29.8,495.39
9,2026-04-03,20.43,462.57,96.41,18,5,0.804,0,0.0,217.3,34,29.8,643.75
10,2026-04-03,29.75,682.29,135.3,21,3,0.501,0,0.0,102.23,35,29.8,382.42
11,2026-04-03,19.3,449.56,94.53,25,4,0.812,0,0.0,174.49,27,29.8,641.66
12,2026-04-03,28.16,638.34,96.29,14,7,0.283,0,0.0,374.54,63,29.8,673.64
13,2026-04-03,24.86,533.55,56.07,15,6,0.228,0,0.0,232.89,52,29.8,577.12
14,2026-04-03,20.31,432.65,156.94,21,8,0.815,0,0.0,41.37,23,29.8,358.59
15,2026-04-03,33.22,716.93,135.45,19,6,0.714,0,0.0,296.28,48,29.8,807.35
16,2026-04-03,37.38,810.48,139.69,9,6,0.048,0,0.0,139.24,32,29.8,330.33
17,2026-04-03,30.88,665.77,144.07,18,9,0.271,0,0.0,150.78,41,29.8,362.45
18,2026-04-03,30.59,658.44,174.3,26,8,0.771,0,0.0,95.97,21,29.8,861.15
19,2026-04-03,39.84,837.37,213.65,21,8,0.932,0,0.0,304.05,33,29.8,727.74
20,2026-04-03,13.65,231.91,64.92,17,3,0.945,0,0.0,64.96,24,29.8,337.4
21,2026-04-03,22.41,379.7,139.72,20,4,0.278,0,0.0,273.93,45,29.8,918.19
22,2026-04-03,19.62,333.61,97.9,16,2,0.453,0,0.0,151.4,42,29.8,429.53
23,2026-04-03,25.47,434.47,212.15,24,8,0.061,0,0.0,382.42,40,29.8,649.21
24,2026-04-03,32.09,536.81,133.13,17,6,0.941,0,0.0,93.48,22,29.8,654.26
1,2026-04-04,21.93,409.21,63.14,17,3,0.185,0,0.0,108.98,28,31.2,340.86
2,2026-04-04,31.42,585.76,164.65,28,4,0.914,0,0.0,51.13,29,31.2,694.43
3,2026-04-04,20.46,376.5,159.98,21,2,0.435,0,0.0,309.07,41,31.2,382.89
4,2026-04-04,20.59,372.39,114.3,24,6,0.31,0,0.0,56.1,26,31.2,813.05
5,2026-04-04,26.25,489.78,214.96,17,5,0.612,0,0.0,75.4,30,31.2,814.97
6,2026-04-04,20.3,477.23,123.05,23,8,0.3,0,0.0,120.01,28,31.2,473.3
7,2026-04-04,16.3,364.41,132.27,12,4,0.339,0,0.0,321.46,57,31.2,655.33
8,2026-04-04,26.07,601.14,106.65,19,7,0.673,0,0.0,245.72,50,31.2,493.55
9,2026-04-04,27.28,617.75,99.15,16,5,0.622,0,0.0,258.26,40,31.2,638.11
10,2026-04-04,21.13,484.68,132.73,13,4,0.64,0,0.0,193.94,41,31.2,385.57
11,2026-04-04,22.11,515.14,116.57,11,4,0.701,0,0.0,196.04,27,31.2,641.04
12,2026-04-04,29.02,657.79,95.81,18,7,0.016,0,0.0,60.15,29,31.2,673.19
13,2026-04-04,19.03,408.53,45.12,13,4,0.473,0,0.0,166.48,43,31.2,576.79
14,2026-04-04,38.62,822.63,158.62,22,4,0.417,0,0.0,72.87,31,31.2,361.72
15,2026-04-04,34.63,747.47,140.75,16,6,0.785,0,0.0,110.25,28,31.2,809.94
16,2026-04-04,19.52,423.24,108.86,15,5,0.803,0,0.0,95.58,27,31.2,325.22
17,2026-04-04,30.16,650.38,141.93,20,5,0.818,0,0.0,147.9,38,31.2,362.48
18,2026-04-04,25.21,542.61,186.53,20,5,0.553,0,0.0,249.77,32,31.2,863.26
19,2026-04-04,23.58,495.64,235.28,19,13,0.472,0,0.0,118.36,23,31.2,727.97
20,2026-04-04,20.22,343.58,51.75,9,5,0.169,0,0.0,43.08,21,31.2,340.17
21,2026-04-04,32.93,558.08,111.47,21,11,0.654,0,0.0,143.22,35,31.2,913.52
22,2026-04-04,31.68,538.81,100.79,22,9,0.914,0,0.0,152.98,42,31.2,429.31
23,2026-04-04,27.07,461.83,210.87,28,9,0.046,0,0.0,240.63,30,31.2,648.58
24,2026-04-04,17.37,290.63,158.05,17,9,0.28,0,0.0,62.5,19,31.2,649.22
1,2026-04-05,23.69,442.06,57.91,15,11,0.831,0,0.0,87.04,22,32.6,330.58
2,2026-04-05,28.77,536.3,204.52,19,7,0.965,0,0.0,71.27,32,32.6,686.11
3,2026-04-05,18.82,346.28,147.79,20,2,0.769,0,0.0,58.53,20,32.6,387.38
4,2026-04-05,23.72,429.03,137.61,15,5,0.484,0,0.0,395.83,61,32.6,815.43
5,2026-04-05,27.83,519.33,219.74,22,4,0.831,0,0.0,43.71,24,32.6,819.17
6,2026-04-05,22.7,533.65,94.33,30,4,0.808,0,0.0,64.64,22,32.6,477.72
7,2026-04-05,26.57,594.22,116.68,18,7,0.611,0,0.0,41.09,22,32.6,655.61
8,2026-04-05,12.44,286.92,105.93,23,7,0.207,0,0.0,198.48,47,32.6,488.19
9,2026-04-05,20.05,454.09,86.92,14,5,0.269,0,0.0,40.45,20,32.6,641.09
10,2026-04-05,23.88,547.77,125.91,14,5,0.078,0,0.0,217.48,45,32.6,380.52
11,2026-04-05,17.91,417.34,130.25,14,4,0.237,0,0.0,256.32,32,32.6,638.61
12,2026-04-05,22.34,506.53,117.17,14,5,0.451,0,0.0,72.34,30,32.6,671.35
13,2026-04-05,15.74,338.0,56.07,7,9,0.329,0,0.0,239.35,49,32.6,575.15
14,2026-04-05,26.66,568.01,207.46,20,5,0.144,0,0.0,181.39,49,32.6,361.45
15,2026-04-05,24.58,530.59,125.19,23,4,0.706,0,0.0,178.44,41,32.6,805.46
16,2026-04-05,11.23,243.63,146.06,14,8,0.791,0,0.0,206.66,36,32.6,329.34
17,2026-04-05,20.51,442.44,94.99,19,8,0.715,0,0.0,60.2,26,32.6,368.46
18,2026-04-05,23.63,508.71,121.57,30,9,0.116,0,0.0,86.34,20,32.6,866.08
19,2026-04-05,20.51,431.21,179.22,35,12,0.668,0,0.0,83.4,20,32.6,728.87
20,2026-04-05,19.11,324.68,74.69,14,4,0.922,0,0.0,84.76,30,32.6,342.73
21,2026-04-05,28.72,486.68,119.44,21,7,0.277,0,0.0,93.62,28,32.6,915.66
22,2026-04-05,15.93,270.99,121.48,8,9,0.403,0,0.0,132.49,40,32.6,434.55
23,2026-04-05,29.11,496.64,227.34,22,9,0.94,0,0.0,61.76,16,32.6,649.88
24,2026-04-05,21.61,361.61,146.5,22,6,0.596,0,0.0,58.11,21,32.6,653.61
1,2026-04-06,17.5,326.52,41.3,16,2,0.373,0,0.0,284.86,43,34.0,337.93
2,2026-04-06,33.59,626.37,195.81,26,4,0.23,0,0.0,204.97,53,34.0,690.49
3,2026-04-06,22.35,411.31,156.18,13,4,0.224,0,0.0,91.29,22,34.0,384.85
4,2026-04-06,19.76,357.5,149.54,16,4,0.361,0,0.0,56.31,25,34.0,807.92
5,2026-04-06,22.36,417.28,195.09,21,6,0.47,0,0.0,83.69,33,34.0,815.48
6,2026-04-06,33.71,792.46,112.66,18,7,0.4,0,0.0,193.92,40,34.0,477.14
7,2026-04-06,22.68,507.27,119.72,17,5,0.205,0,0.0,226.4,54,34.0,653.98
8,2026-04-06,28.22,650.75,139.94,16,6,0.633,0,0.0,105.82,37,34.0,495.5
9,2026-04-06,28.85,653.4,101.47,10,5,0.038,0,0.0,0.0,0,34.0,640.31
10,2026-04-06,27.43,629.43,118.82,16,8,0.278,0,0.0,198.04,52,34.0,378.46
11,2026-04-06,35.95,837.67,101.59,22,5,0.78,0,0.0,43.38,13,34.0,642.4
12,2026-04-06,19.22,435.73,114.83,16,6,0.287,0,0.0,102.33,35,34.0,670.97
13,2026-04-06,20.29,435.71,34.48,19,3,0.967,0,0.0,366.14,62,34.0,577.23
14,2026-04-06,25.12,535.27,215.9,23,5,0.305,0,0.0,215.58,47,34.0,359.68
15,2026-04-06,25.52,551.08,126.05,18,5,0.708,0,0.0,102.04,27,34.0,810.8
16,2026-04-06,13.3,288.47,172.55,14,6,0.483,0,0.0,168.76,37,34.0,335.36
17,2026-04-06,24.97,538.73,117.31,19,7,0.259,0,0.0,253.33,48,34.0,362.17
18,2026-04-06,30.85,664.2,135.96,14,11,0.113,0,0.0,314.73,34,34.0,858.52
19,2026-04-06,24.15,507.86,153.88,26,7,0.735,0,0.0,159.42,32,34.0,723.76
20,2026-04-06,24.83,421.9,79.97,15,5,0.905,0,0.0,70.17,27,34.0,342.49
21,2026-04-06,24.47,414.7,171.06,11,5,0.861,0,0.0,59.51,23,34.0,912.98
22,2026-04-06,18.81,319.9,128.4,18,9,0.361,0,0.0,98.72,39,34.0,432.39
23,2026-04-06,32.04,546.68,238.58,26,6,0.086,0,0.0,149.76,24,34.0,645.53
24,2026-04-06,19.31,323.03,158.46,16,9,0.942,0,0.0,77.84,20,34.0,650.26
1,2026-04-07,24.47,456.64,54.27,11,6,0.734,0,0.0,224.42,37,35.4,332.42
2,2026-04-07,32.14,599.42,206.19,18,9,0.728,0,0.0,91.22,32,35.4,689.06
3,2026-04-07,24.82,456.85,159.52,19,5,0.222,0,0.0,198.47,31,35.4,393.07
4,2026-04-07,29.64,536.35,169.16,16,6,0.256,0,0.0,248.7,48,35.4,818.08
5,2026-04-07,20.98,391.58,200.03,24,4,0.965,0,0.0,166.45,42,35.4,820.15
6,2026-04-07,28.76,676.11,135.44,11,8,0.137,0,0.0,310.41,45,35.4,476.56
7,2026-04-07,15.58,348.42,112.64,11,4,0.162,0,0.0,168.78,38,35.4,659.25
8,2026-04-07,26.21,604.65,141.8,14,5,0.012,0,0.0,177.01,43,35.4,495.99
9,2026-04-07,21.16,479.31,94.62,16,2,0.191,0,0.0,110.58,28,35.4,642.4
10,2026-04-07,20.92,480.16,104.35,13,4,0.105,0,0.0,50.76,26,35.4,386.46
11,2026-04-07,17.58,409.73,95.84,15,3,0.227,0,0.0,46.08,15,35.4,644.55
12,2026-04-07,24.32,551.64,108.97,18,4,0.809,0,0.0,213.41,48,35.4,670.53
13,2026-04-07,20.83,447.32,48.23,12,6,0.511,0,0.0,94.66,36,35.4,579.78
14,2026-04-07,29.62,631.15,215.99,25,7,0.725,0,0.0,58.23,28,35.4,364.64
15,2026-04-07,24.39,526.73,154.03,12,6,0.77,0,0.0,101.87,26,35.4,805.11
16,2026-04-07,25.08,543.91,152.52,16,6,0.235,0,0.0,112.17,32,35.4,329.03
17,2026-04-07,29.69,640.54,96.96,15,8,0.509,0,0.0,117.45,32,35.4,365.34
18,2026-04-07,23.43,504.51,110.49,31,9,0.424,0,0.0,194.2,28,35.4,860.51
19,2026-04-07,21.89,460.42,170.64,23,7,0.003,0,0.0,353.64,42,35.4,728.13
20,2026-04-07,13.6,231.21,73.45,14,3,0.255,0,0.0,197.63,40,35.4,351.4
21,2026-04-07,29.57,501.3,153.56,20,7,0.085,0,0.0,304.12,48,35.4,913.13
22,2026-04-07,27.99,476.11,125.7,15,5,0.327,0,0.0,165.84,43,35.4,431.36
23,2026-04-07,34.78,593.45,197.25,31,9,0.065,0,0.0,330.02,36,35.4,649.47
24,2026-04-07,18.49,309.43,135.81,26,10,0.881,0,0.0,182.07,31,35.4,652.71
1,2026-04-08,20.0,373.29,51.36,15,5,0.063,0,0.0,77.24,26,36.8,337.8
2,2026-04-08,24.5,456.9,204.07,25,13,0.581,0,0.0,153.95,47,36.8,689.4
3,2026-04-08,24.55,451.97,121.39,29,5,0.442,0,0.0,177.79,28,36.8,388.01
4,2026-04-08,18.79,340.07,168.84,19,6,0.721,0,0.0,153.26,40,36.8,808.93
5,2026-04-08,27.74,517.73,199.36,25,3,0.365,0,0.0,351.3,59,36.8,816.85
6,2026-04-08,35.38,831.94,149.07,20,6,0.148,0,0.0,40.75,16,36.8,478.29
7,2026-04-08,25.6,572.61,107.56,15,7,0.135,0,0.0,108.84,29,36.8,659.51
8,2026-04-08,29.73,685.91,148.44,15,7,0.158,0,0.0,111.44,34,36.8,494.16
9,2026-04-08,25.26,572.28,96.54,17,4,0.713,0,0.0,98.26,28,36.8,636.86
10,2026-04-08,20.83,478.08,57.56,22,4,0.063,0,0.0,73.75,30,36.8,384.17
11,2026-04-08,18.99,442.53,119.6,13,6,0.522,0,0.0,75.65,18,36.8,644.05
12,2026-04-08,17.06,387.05,122.75,20,6,0.189,0,0.0,115.19,38,36.8,671.25
13,2026-04-08,13.7,294.22,61.99,9,4,0.129,0,0.0,41.56,21,36.8,579.57
14,2026-04-08,23.89,509.05,199.01,25,10,0.906,0,0.0,76.58,29,36.8,366.14
15,2026-04-08,30.1,650.06,147.07,19,5,0.342,0,0.0,92.93,27,36.8,807.07
16,2026-04-08,19.52,423.37,149.48,17,9,0.888,0,0.0,75.61,23,36.8,321.82
17,2026-04-08,24.05,518.94,96.32,17,4,0.241,0,0.0,152.23,39,36.8,367.12
18,2026-04-08,39.51,851.0,102.04,26,8,0.673,0,0.0,150.22,23,36.8,863.64
19,2026-04-08,41.01,862.48,198.72,22,5,0.928,0,0.0,187.66,28,36.8,726.49
20,2026-04-08,20.54,349.04,66.67,11,4,0.431,0,0.0,74.39,27,36.8,342.35
21,2026-04-08,27.96,473.97,173.19,19,6,0.701,0,0.0,236.49,40,36.8,914.42
22,2026-04-08,12.22,207.83,92.9,25,5,0.046,0,0.0,271.56,52,36.8,438.21
23,2026-04-08,25.7,438.52,221.75,26,8,0.348,0,0.0,392.09,37,36.8,649.76
24,2026-04-08,26.1,436.76,163.39,14,9,0.742,0,0.0,128.91,31,36.8,649.65
1,2026-04-09,22.87,426.9,68.16,12,6,0.112,0,0.0,93.96,25,38.2,333.87
2,2026-04-09,27.11,505.72,204.62,25,4,0.664,0,0.0,78.22,34,38.2,692.78
3,2026-04-09,17.69,325.73,112.33,18,6,0.929,0,0.0,140.23,27,38.2,392.66
4,2026-04-09,20.75,375.54,202.87,19,3,0.272,0,0.0,277.39,52,38.2,809.96
5,2026-04-09,28.3,528.17,193.23,20,7,0.71,0,0.0,215.77,47,38.2,822.86
6,2026-04-09,24.73,581.72,177.36,18,7,0.902,0,0.0,112.65,31,38.2,476.24
7,2026-04-09,23.56,527.02,116.02,16,9,0.275,0,0.0,113.05,36,38.2,656.94
8,2026-04-09,20.69,477.45,124.77,14,9,0.202,0,0.0,127.99,33,38.2,497.03
9,2026-04-09,16.03,363.15,120.4,14,5,0.014,0,0.0,219.39,35,38.2,641.35
10,2026-04-09,21.61,496.09,63.17,13,8,0.918,0,0.0,271.99,54,38.2,380.2
11,2026-04-09,32.42,755.61,130.54,19,6,0.942,0,0.0,280.37,33,38.2,640.2
12,2026-04-09,20.25,459.27,144.3,12,7,0.018,0,0.0,80.11,32,38.2,670.35
13,2026-04-09,29.97,643.73,73.91,6,4,0.376,0,0.0,68.0,32,38.2,577.16
14,2026-04-09,31.05,661.75,225.93,18,8,0.403,0,0.0,217.25,46,38.2,361.67
15,2026-04-09,24.83,536.2,131.49,17,8,0.772,0,0.0,109.44,25,38.2,804.21
16,2026-04-09,18.67,405.0,139.04,15,5,0.599,0,0.0,90.09,25,38.2,323.73
17,2026-04-09,25.0,539.4,96.78,18,5,0.312,0,0.0,128.97,34,38.2,365.38
18,2026-04-09,19.75,425.49,73.7,30,10,0.722,0,0.0,118.6,21,38.2,866.38
19,2026-04-09,33.21,698.59,162.01,28,6,0.282,0,0.0,40.18,15,38.2,730.25
20,2026-04-09,21.83,371.01,72.38,13,4,0.935,0,0.0,53.58,24,38.2,343.81
21,2026-04-09,13.65,231.42,151.47,23,4,0.735,0,0.0,75.1,23,38.2,911.53
22,2026-04-09,26.31,447.68,123.85,16,6,0.96,0,0.0,159.06,47,38.2,434.01
23,2026-04-09,30.98,528.83,235.22,26,12,0.337,0,0.0,287.94,33,38.2,649.85
24,2026-04-09,20.93,350.28,181.64,25,9,0.549,0,0.0,47.65,18,38.2,653.86
1,2026-04-10,14.28,266.63,40.09,16,5,0.99,0,0.0,61.2,22,39.6,336.54
2,2026-04-10,20.9,389.83,163.54,33,8,0.463,0,0.0,84.9,30,39.6,693.8
3,2026-04-10,24.1,443.75,102.93,16,7,0.837,0,0.0,159.55,31,39.6,384.23
4,2026-04-10,19.12,346.05,175.81,20,6,0.987,0,0.0,89.52,32,39.6,819.91
5,2026-04-10,28.86,538.83,189.24,26,5,0.725,0,0.0,130.5,35,39.6,824.72
6,2026-04-10,18.18,427.59,185.51,17,7,0.999,0,0.0,65.15,24,39.6,479.93
7,2026-04-10,16.8,375.87,72.6,18,4,0.097,0,0.0,127.96,38,39.6,651.82
8,2026-04-10,17.4,401.49,132.71,22,7,0.016,0,0.0,171.98,45,39.6,494.8
9,2026-04-10,18.92,428.77,97.55,20,7,0.459,0,0.0,87.12,25,39.6,633.35
10,2026-04-10,19.69,452.1,38.65,20,6,0.865,0,0.0,46.6,26,39.6,381.64
11,2026-04-10,21.81,508.47,141.81,8,4,0.274,0,0.0,41.9,14,39.6,637.73
12,2026-04-10,23.04,522.76,163.02,18,5,0.299,0,0.0,385.45,65,39.6,672.33
13,2026-04-10,17.17,368.78,58.94,12,3,0.874,0,0.0,128.6,43,39.6,581.63
14,2026-04-10,28.52,608.0,255.31,15,6,0.746,0,0.0,0.0,0,39.6,361.13
15,2026-04-10,16.25,350.96,128.67,20,5,0.928,0,0.0,68.85,20,39.6,807.28
16,2026-04-10,22.92,497.24,112.13,21,6,0.76,0,0.0,209.05,38,39.6,327.21
17,2026-04-10,21.69,468.01,94.85,17,3,0.178,0,0.0,195.9,44,39.6,366.77
18,2026-04-10,40.72,877.19,77.78,17,12,0.193,0,0.0,84.19,20,39.6,863.41
19,2026-04-10,27.44,577.32,134.83,30,8,0.327,0,0.0,66.18,18,39.6,725.07
20,2026-04-10,17.96,305.34,81.38,8,6,0.146,0,0.0,183.68,43,39.6,345.28
21,2026-04-10,23.36,396.13,131.11,20,4,0.586,0,0.0,122.54,32,39.6,911.82
22,2026-04-10,17.43,296.6,104.33,15,5,0.415,0,0.0,347.64,63,39.6,436.87
23,2026-04-10,40.26,687.21,221.65,27,6,0.386,0,0.0,57.46,17,39.6,650.44
24,2026-04-10,33.39,558.89,165.39,24,4,0.803,0,0.0,53.73,19,39.6,648.16
1,2026-04-11,17.02,317.87,61.63,10,5,0.12,0,0.0,90.6,22,6.0,325.7
2,2026-04-11,33.14,618.29,167.44,25,8,0.408,0,0.0,362.97,63,6.0,680.93
3,2026-04-11,38.47,708.29,105.88,19,5,0.646,0,0.0,0.0,0,6.0,380.72
4,2026-04-11,24.84,449.71,182.2,13,4,0.727,0,0.0,0.0,0,6.0,808.24
5,2026-04-11,29.82,556.74,155.48,32,7,0.345,0,0.0,91.71,34,6.0,811.65
6,2026-04-11,25.82,607.29,195.52,16,4,0.386,0,0.0,397.94,57,6.0,468.78
7,2026-04-11,19.55,437.45,99.87,11,3,0.504,0,0.0,351.68,53,6.0,644.43
8,2026-04-11,17.83,411.55,133.01,19,3,0.832,0,0.0,130.67,40,6.0,481.95
9,2026-04-11,23.23,526.36,102.98,16,4,0.469,0,0.0,62.14,20,6.0,625.09
10,2026-04-11,30.42,698.33,51.55,13,6,0.216,0,0.0,114.33,40,6.0,374.39
11,2026-04-11,21.38,498.55,101.8,19,8,0.678,0,0.0,176.99,26,6.0,631.37
12,2026-04-11,26.84,609.08,161.98,15,8,0.875,0,0.0,45.82,24,6.0,665.64
13,2026-04-11,16.72,359.32,79.98,13,5,0.656,0,0.0,55.54,26,6.0,571.22
14,2026-04-11,32.38,690.21,231.01,23,6,0.332,0,0.0,81.47,32,6.0,345.81
15,2026-04-11,24.81,535.93,113.88,15,7,0.171,0,0.0,0.0,0,6.0,796.91
16,2026-04-11,25.32,549.39,125.43,14,6,0.312,0,0.0,0.0,0,6.0,313.69
17,2026-04-11,24.34,525.35,131.1,18,7,0.802,0,0.0,130.43,35,6.0,350.62
18,2026-04-11,31.88,686.95,133.7,15,7,0.534,0,0.0,58.79,16,6.0,851.11
19,2026-04-11,27.5,578.61,142.96,26,5,0.882,0,0.0,43.54,16,6.0,714.65
20,2026-04-11,18.51,314.68,87.72,5,9,0.476,0,0.0,44.3,21,6.0,334.83
21,2026-04-11,27.09,459.36,130.17,18,9,0.746,0,0.0,0.0,0,6.0,903.88
22,2026-04-11,31.26,531.99,87.0,22,4,0.897,0,0.0,64.0,29,6.0,421.3
23,2026-04-11,31.09,530.71,244.21,24,9,0.304,0,0.0,255.26,32,6.0,637.29
24,2026-04-11,18.34,307.04,160.2,23,8,0.449,0,0.0,73.26,22,6.0,641.72
1,2026-04-12,16.36,305.46,100.8,12,4,0.701,0,0.0,49.03,19,7.4,322.56
2,2026-04-12,28.09,524.13,142.29,32,9,0.766,0,0.0,68.81,30,7.4,681.15
3,2026-04-12,21.88,402.9,152.08,15,6,0.485,0,0.0,113.26,28,7.4,376.37
4,2026-04-12,25.3,458.14,172.51,26,5,0.271,0,0.0,85.89,35,7.4,800.92
5,2026-04-12,24.49,457.35,156.91,22,7,0.167,0,0.0,65.04,29,7.4,807.29
6,2026-04-12,22.66,533.21,163.38,21,10,0.778,0,0.0,329.92,49,7.4,468.66
7,2026-04-12,22.53,504.34,81.93,18,3,0.13,0,0.0,227.06,52,7.4,644.87
8,2026-04-12,20.36,469.9,125.67,25,10,0.63,0,0.0,263.83,52,7.4,483.05
9,2026-04-12,18.77,425.4,126.36,15,4,0.915,0,0.0,67.38,22,7.4,630.81
10,2026-04-12,18.98,435.88,47.13,14,4,0.052,0,0.0,45.61,26,7.4,369.84
11,2026-04-12,24.22,564.62,97.79,17,5,0.455,0,0.0,66.01,16,7.4,637.67
12,2026-04-12,18.22,413.42,152.25,17,6,0.907,0,0.0,187.36,45,7.4,660.47
13,2026-04-12,9.0,193.37,83.01,10,3,0.268,0,0.0,140.71,47,7.4,566.79
14,2026-04-12,26.45,563.89,177.79,30,3,0.831,0,0.0,183.98,43,7.4,349.13
15,2026-04-12,21.86,472.37,116.44,17,5,0.633,0,0.0,238.57,41,7.4,798.17
16,2026-04-12,23.1,501.46,89.33,19,3,0.402,0,0.0,109.94,32,7.4,309.53
17,2026-04-12,22.49,485.57,159.07,9,8,0.507,0,0.0,47.16,22,7.4,359.15
18,2026-04-12,36.17,779.42,161.73,19,8,0.584,0,0.0,139.69,24,7.4,850.73
19,2026-04-12,35.18,740.35,157.77,18,6,0.083,0,0.0,186.27,31,7.4,716.46
20,2026-04-12,19.27,327.66,75.64,21,4,0.369,0,0.0,45.93,20,7.4,332.94
21,2026-04-12,27.28,462.69,120.05,21,7,0.296,0,0.0,380.34,56,7.4,906.39
22,2026-04-12,19.98,340.04,100.52,16,7,0.857,0,0.0,94.32,35,7.4,422.72
23,2026-04-12,27.77,474.21,238.57,26,7,0.308,0,0.0,53.57,17,7.4,642.88
24,2026-04-12,29.99,502.14,202.58,15,7,0.735,0,0.0,136.38,27,7.4,647.21
1,2026-04-13,20.9,390.4,101.67,11,6,0.99,0,0.0,67.13,20,8.8,321.17
2,2026-04-13,39.65,740.01,146.35,26,7,0.446,0,0.0,94.0,36,8.8,680.13
3,2026-04-13,23.01,423.82,159.9,15,8,0.756,0,0.0,303.78,39,8.8,384.17
4,2026-04-13,27.4,496.21,170.4,16,6,0.756,0,0.0,77.64,27,8.8,801.68
5,2026-04-13,32.76,611.78,150.85,18,8,0.383,0,0.0,69.09,32,8.8,807.54
6,2026-04-13,23.04,542.17,130.51,25,10,0.749,0,0.0,157.02,34,8.8,472.79
7,2026-04-13,27.07,605.9,78.85,15,8,0.367,0,0.0,257.04,51,8.8,646.92
8,2026-04-13,28.7,662.44,118.04,22,6,0.316,0,0.0,42.98,23,8.8,485.37
9,2026-04-13,24.18,548.08,115.45,18,4,0.677,0,0.0,55.74,18,8.8,625.84
10,2026-04-13,26.0,597.14,66.1,9,5,0.574,0,0.0,0.0,0,8.8,372.02
11,2026-04-13,11.55,269.31,111.79,12,1,0.921,0,0.0,186.94,29,8.8,634.22
12,2026-04-13,23.31,529.12,128.66,20,2,0.663,0,0.0,51.71,25,8.8,666.85
13,2026-04-13,18.79,403.75,82.2,11,3,0.806,0,0.0,226.72,58,8.8,564.61
14,2026-04-13,17.3,368.81,147.54,26,5,0.756,0,0.0,72.76,29,8.8,352.8
15,2026-04-13,26.85,580.26,123.71,17,5,0.901,0,0.0,207.04,40,8.8,800.78
16,2026-04-13,32.86,713.27,63.17,21,5,0.74,0,0.0,217.96,39,8.8,320.27
17,2026-04-13,25.04,540.59,151.97,18,4,0.23,0,0.0,153.89,38,8.8,351.47
18,2026-04-13,23.25,501.13,173.27,22,10,0.528,0,0.0,223.41,28,8.8,848.48
19,2026-04-13,38.43,808.8,182.1,16,5,0.852,0,0.0,97.73,23,8.8,715.45
20,2026-04-13,12.51,212.67,79.49,14,7,0.063,0,0.0,119.39,33,8.8,336.77
21,2026-04-13,25.37,430.36,114.62,26,5,0.261,0,0.0,42.11,19,8.8,903.59
22,2026-04-13,19.25,327.77,106.86,16,6,0.405,0,0.0,40.26,21,8.8,424.97
23,2026-04-13,34.56,590.13,216.75,26,9,0.123,0,0.0,87.65,22,8.8,639.55
24,2026-04-13,34.11,571.25,204.93,22,4,0.511,0,0.0,114.03,26,8.8,639.15
1,2026-04-14,13.8,257.74,106.21,17,4,0.069,0,0.0,55.17,21,10.2,326.04
2,2026-04-14,28.78,537.15,139.8,20,9,0.732,0,0.0,127.46,39,10.2,682.01
3,2026-04-14,26.08,480.49,150.22,17,3,0.133,0,0.0,143.02,29,10.2,382.33
4,2026-04-14,16.73,302.88,185.84,24,5,0.706,0,0.0,390.91,54,10.2,802.38
5,2026-04-14,38.34,716.04,139.13,21,6,0.044,0,0.0,102.05,36,10.2,813.53
6,2026-04-14,20.57,484.14,139.97,19,8,0.502,0,0.0,163.32,36,10.2,470.59
7,2026-04-14,17.56,393.0,98.42,10,5,0.637,0,0.0,47.96,24,10.2,647.82
8,2026-04-14,26.07,601.83,104.22,12,7,0.623,0,0.0,172.47,45,10.2,486.62
9,2026-04-14,22.24,504.2,119.77,12,6,0.586,0,0.0,0.0,0,10.2,627.62
10,2026-04-14,18.79,431.51,42.84,10,4,0.847,0,0.0,61.42,24,10.2,369.12
11,2026-04-14,27.22,634.85,108.26,14,4,0.634,0,0.0,77.41,18,10.2,636.53
12,2026-04-14,21.19,481.01,155.27,15,4,0.281,0,0.0,77.53,32,10.2,669.99
13,2026-04-14,18.8,404.0,66.98,15,8,0.325,0,0.0,331.34,58,10.2,567.65
14,2026-04-14,33.04,704.58,128.25,23,6,0.677,0,0.0,255.82,52,10.2,355.78
15,2026-04-14,23.02,497.44,98.33,21,6,0.287,0,0.0,45.27,19,10.2,800.93
16,2026-04-14,20.28,440.18,77.75,14,5,0.481,0,0.0,137.45,34,10.2,313.9
17,2026-04-14,26.62,574.7,165.14,13,7,0.426,0,0.0,347.87,56,10.2,357.85
18,2026-04-14,16.38,353.03,174.34,21,6,0.839,0,0.0,201.77,28,10.2,857.72
19,2026-04-14,30.11,633.69,166.9,31,9,0.177,0,0.0,300.91,36,10.2,717.97
20,2026-04-14,9.5,161.61,85.15,13,3,0.216,0,0.0,128.63,35,10.2,336.38
21,2026-04-14,26.44,448.6,116.73,13,10,0.703,0,0.0,367.82,49,10.2,908.72
22,2026-04-14,29.36,499.8,103.77,17,6,0.439,0,0.0,197.32,47,10.2,430.7
23,2026-04-14,34.57,590.41,207.55,24,7,0.181,0,0.0,45.49,14,10.2,642.46
24,2026-04-14,32.13,538.21,225.33,20,8,0.469,0,0.0,40.39,17,10.2,644.59
1,2026-04-15,17.96,335.45,108.58,11,4,0.39,0,0.0,190.36,37,11.6,331.26
2,2026-04-15,37.63,702.45,135.36,25,8,0.706,0,0.0,50.48,28,11.6,684.56
3,2026-04-15,19.15,352.72,137.21,18,5,0.642,0,0.0,0.0,0,11.6,380.83
4,2026-04-15,31.29,566.75,180.6,18,4,0.941,0,0.0,0.0,0,11.6,809.68
5,2026-04-15,26.23,490.01,114.34,27,7,0.75,0,0.0,61.92,28,11.6,817.56
6,2026-04-15,28.58,672.64,140.44,26,7,0.146,0,0.0,61.38,20,11.6,472.14
7,2026-04-15,25.55,572.03,123.06,12,5,0.503,0,0.0,134.95,40,11.6,643.08
8,2026-04-15,32.65,753.85,88.09,19,4,0.742,0,0.0,84.43,31,11.6,491.3
9,2026-04-15,19.77,448.23,143.48,16,5,0.727,0,0.0,95.34,26,11.6,628.99
10,2026-04-15,20.71,475.76,98.22,5,7,0.094,0,0.0,279.08,55,11.6,374.23
11,2026-04-15,24.44,570.05,103.68,21,5,0.097,0,0.0,44.68,14,11.6,636.8
12,2026-04-15,23.33,529.53,140.76,25,8,0.241,0,0.0,79.36,35,11.6,661.93
13,2026-04-15,15.67,336.86,68.57,13,4,0.892,0,0.0,56.49,28,11.6,573.13
14,2026-04-15,39.39,840.13,174.17,18,8,0.586,0,0.0,44.02,22,11.6,354.86
15,2026-04-15,21.34,461.28,79.6,15,2,0.499,0,0.0,315.37,48,11.6,803.4
16,2026-04-15,27.88,605.4,76.79,16,6,0.272,0,0.0,0.0,0,11.6,319.27
17,2026-04-15,11.92,257.5,182.17,18,10,0.68,0,0.0,80.34,27,11.6,359.19
18,2026-04-15,20.91,450.69,211.59,24,8,0.274,0,0.0,391.65,41,11.6,854.83
19,2026-04-15,20.94,440.77,171.08,32,8,0.532,0,0.0,49.04,17,11.6,722.44
20,2026-04-15,29.02,493.67,121.98,8,8,0.365,0,0.0,308.83,50,11.6,345.23
21,2026-04-15,24.53,416.25,73.25,28,4,0.765,0,0.0,43.12,20,11.6,906.72
22,2026-04-15,20.87,355.3,104.45,16,6,0.343,0,0.0,299.23,49,11.6,418.48
23,2026-04-15,32.89,561.71,186.4,31,7,0.683,0,0.0,74.1,17,11.6,641.71
24,2026-04-15,19.97,334.52,231.67,22,8,0.523,0,0.0,179.72,31,11.6,643.35
1,2026-04-16,14.61,272.96,119.52,15,4,0.361,0,0.0,274.85,40,13.0,328.07
2,2026-04-16,26.85,501.25,114.81,22,6,0.567,0,0.0,0.0,0,13.0,685.95
3,2026-04-16,18.46,340.15,148.08,15,4,0.213,0,0.0,185.99,31,13.0,382.64
4,2026-04-16,23.1,418.47,157.4,30,3,0.991,0,0.0,88.62,27,13.0,810.96
5,2026-04-16,23.95,447.52,116.25,21,8,0.343,0,0.0,169.88,50,13.0,815.11
6,2026-04-16,31.59,743.48,113.53,25,5,0.763,0,0.0,43.73,19,13.0,471.45
7,2026-04-16,22.97,514.29,114.46,12,6,0.425,0,0.0,392.65,67,13.0,651.74
8,2026-04-16,30.03,693.35,101.43,12,7,0.283,0,0.0,44.54,22,13.0,492.36
9,2026-04-16,22.45,509.14,142.44,16,6,0.643,0,0.0,291.37,45,13.0,631.84
10,2026-04-16,15.53,356.72,95.62,13,5,0.463,0,0.0,237.49,52,13.0,376.67
11,2026-04-16,17.59,410.33,91.49,18,5,0.559,0,0.0,82.01,18,13.0,636.56
12,2026-04-16,25.08,569.3,146.03,20,6,0.142,0,0.0,282.84,56,13.0,661.19
13,2026-04-16,17.06,366.7,92.87,10,4,0.089,0,0.0,109.05,37,13.0,576.33
14,2026-04-16,37.52,800.29,150.6,28,6,0.107,0,0.0,178.95,48,13.0,357.19
15,2026-04-16,22.9,495.1,61.56,14,7,0.742,0,0.0,43.59,19,13.0,802.48
16,2026-04-16,30.28,657.45,113.17,12,3,0.626,0,0.0,259.9,42,13.0,316.3
17,2026-04-16,24.99,539.77,162.71,15,5,0.445,0,0.0,248.14,44,13.0,358.98
18,2026-04-16,25.47,548.98,201.14,19,6,0.125,0,0.0,144.91,26,13.0,854.78
19,2026-04-16,19.37,407.68,190.41,18,7,0.417,0,0.0,164.86,29,13.0,720.89
20,2026-04-16,21.85,371.74,106.55,17,4,0.34,0,0.0,215.56,43,13.0,337.59
21,2026-04-16,33.5,568.42,93.6,15,8,0.05,0,0.0,101.05,28,13.0,908.09
22,2026-04-16,25.59,435.75,101.53,16,7,0.827,0,0.0,106.12,30,13.0,423.38
23,2026-04-16,32.07,547.89,204.38,27,9,0.585,0,0.0,51.06,16,13.0,643.43
24,2026-04-16,29.11,487.6,197.05,31,5,0.712,0,0.0,181.48,30,13.0,646.9
1,2026-04-17,20.84,389.37,122.06,11,2,0.96,0,0.0,56.21,19,14.4,335.42
2,2026-04-17,24.18,451.49,110.75,23,5,0.386,0,0.0,77.37,34,14.4,683.83
3,2026-04-17,21.33,393.08,140.87,15,5,0.366,0,0.0,248.42,38,14.4,382.88
4,2026-04-17,31.33,567.53,155.82,12,7,0.852,0,0.0,0.0,0,14.4,811.4
5,2026-04-17,26.06,486.86,119.04,16,7,0.594,0,0.0,245.39,49,14.4,815.05
6,2026-04-17,24.17,568.91,104.76,22,7,0.532,0,0.0,133.07,32,14.4,476.74
7,2026-04-17,15.47,346.56,127.57,11,5,0.038,0,0.0,82.46,31,14.4,648.83
8,2026-04-17,16.44,379.56,78.25,24,7,0.453,0,0.0,329.99,63,14.4,492.0
9,2026-04-17,16.73,379.44,151.39,13,3,0.165,0,0.0,103.14,29,14.4,627.94
10,2026-04-17,16.47,378.31,84.66,12,6,0.42,0,0.0,114.16,36,14.4,376.99
11,2026-04-17,19.93,465.0,69.32,13,5,0.118,0,0.0,0.0,0,14.4,632.56
12,2026-04-17,19.59,444.71,135.73,20,6,0.987,0,0.0,171.2,49,14.4,665.38
13,2026-04-17,23.12,497.12,127.86,8,4,0.949,0,0.0,337.05,62,14.4,565.39
14,2026-04-17,31.48,671.62,135.41,25,10,0.292,0,0.0,89.18,34,14.4,354.38
15,2026-04-17,31.46,680.07,57.56,15,3,0.55,0,0.0,218.2,43,14.4,801.31
16,2026-04-17,19.28,418.65,155.03,9,6,0.468,0,0.0,88.4,29,14.4,318.22
17,2026-04-17,19.2,414.67,175.5,20,6,0.539,0,0.0,182.34,42,14.4,360.2
18,2026-04-17,28.86,622.29,196.52,22,7,0.232,0,0.0,0.0,0,14.4,860.6
19,2026-04-17,39.67,835.35,180.5,19,10,0.313,0,0.0,86.54,23,14.4,726.91
20,2026-04-17,17.55,298.55,97.33,13,6,0.121,0,0.0,111.78,32,14.4,336.31
21,2026-04-17,17.11,290.4,105.96,11,8,0.505,0,0.0,52.68,20,14.4,912.58
22,2026-04-17,20.54,349.81,68.07,15,3,0.31,0,0.0,183.56,45,14.4,429.42
23,2026-04-17,30.28,517.23,223.15,26,6,0.693,0,0.0,131.8,23,14.4,643.21
24,2026-04-17,25.47,426.76,187.17,18,9,0.329,0,0.0,109.69,26,14.4,648.37
1,2026-04-18,18.08,337.85,124.25,13,8,0.293,0,0.0,86.44,22,15.8,327.21
2,2026-04-18,28.23,527.07,86.58,23,10,0.563,0,0.0,373.28,64,15.8,684.02
3,2026-04-18,25.03,461.32,97.52,22,8,0.845,0,0.0,135.65,29,15.8,388.05
4,2026-04-18,23.69,429.29,168.28,15,7,0.781,0,0.0,81.23,28,15.8,804.49
5,2026-04-18,33.62,628.24,102.27,20,8,0.879,0,0.0,137.22,44,15.8,815.76
6,2026-04-18,37.85,891.19,117.63,15,5,0.506,0,0.0,124.13,30,15.8,474.79
7,2026-04-18,17.61,394.49,83.34,23,5,0.105,0,0.0,115.18,38,15.8,646.48
8,2026-04-18,26.44,610.74,92.16,17,3,0.706,0,0.0,173.9,45,15.8,486.6
9,2026-04-18,21.33,483.87,136.48,21,3,0.03,0,0.0,116.69,29,15.8,631.6
10,2026-04-18,8.92,204.92,94.21,14,2,0.291,0,0.0,44.46,25,15.8,380.33
11,2026-04-18,31.13,726.29,75.35,11,6,0.048,0,0.0,65.52,16,15.8,633.29
12,2026-04-18,35.59,808.11,151.14,15,4,0.618,0,0.0,43.24,24,15.8,667.96
13,2026-04-18,21.58,464.05,107.0,15,6,0.089,0,0.0,40.01,25,15.8,571.67
14,2026-04-18,21.86,466.47,134.51,17,5,0.492,0,0.0,69.49,28,15.8,360.19
15,2026-04-18,19.72,426.37,86.59,11,5,0.3,0,0.0,42.65,18,15.8,803.44
16,2026-04-18,21.42,465.23,139.6,22,8,0.774,0,0.0,128.96,31,15.8,320.56
17,2026-04-18,21.98,474.85,136.47,24,6,0.158,0,0.0,206.21,42,15.8,364.17
18,2026-04-18,27.98,603.21,182.24,26,11,0.484,0,0.0,109.37,21,15.8,855.68
19,2026-04-18,36.12,760.62,212.6,26,7,0.292,0,0.0,135.07,25,15.8,717.72
20,2026-04-18,14.66,249.48,117.1,8,4,0.283,0,0.0,381.83,50,15.8,338.38
21,2026-04-18,38.51,653.62,113.64,20,8,0.132,0,0.0,71.13,25,15.8,907.66
22,2026-04-18,21.3,362.82,115.42,17,5,0.547,0,0.0,337.53,59,15.8,431.45
23,2026-04-18,39.26,670.75,197.55,34,3,0.911,0,0.0,81.0,21,15.8,644.05
24,2026-04-18,26.93,451.2,189.3,25,8,0.489,0,0.0,156.11,31,15.8,648.37
1,2026-04-19,18.77,350.75,142.38,26,6,0.327,0,0.0,40.09,17,17.2,333.14
2,2026-04-19,25.15,469.65,91.47,20,13,0.38,0,0.0,152.51,38,17.2,684.16
3,2026-04-19,18.23,336.08,49.4,26,3,0.763,0,0.0,89.47,21,17.2,385.7
4,2026-04-19,39.57,716.92,158.29,18,6,0.052,0,0.0,87.88,33,17.2,810.86
5,2026-04-19,25.55,477.5,74.98,21,6,0.278,0,0.0,72.51,33,17.2,818.36
6,2026-04-19,32.99,776.84,144.89,12,8,0.633,0,0.0,298.96,48,17.2,477.03
7,2026-04-19,15.46,346.39,111.43,16,4,0.857,0,0.0,138.11,38,17.2,646.39
8,2026-04-19,15.25,352.27,82.5,22,5,0.826,0,0.0,0.0,0,17.2,488.38
9,2026-04-19,24.68,559.91,123.43,21,5,0.179,0,0.0,211.39,36,17.2,639.45
10,2026-04-19,22.09,507.72,89.82,14,5,0.191,0,0.0,52.24,27,17.2,374.51
11,2026-04-19,24.52,572.32,69.59,14,10,0.668,0,0.0,124.54,23,17.2,637.17
12,2026-04-19,28.65,650.74,158.73,13,5,0.513,0,0.0,266.55,54,17.2,664.96
13,2026-04-19,16.73,359.86,124.52,17,5,0.961,0,0.0,167.16,48,17.2,576.23
14,2026-04-19,35.77,763.25,119.8,19,5,0.866,0,0.0,54.04,25,17.2,352.71
15,2026-04-19,22.5,486.44,89.53,15,8,0.286,0,0.0,280.57,44,17.2,806.75
16,2026-04-19,16.39,356.06,169.48,11,4,0.636,0,0.0,48.44,20,17.2,319.73
17,2026-04-19,20.99,453.54,147.04,20,4,0.74,0,0.0,0.0,0,17.2,360.19
18,2026-04-19,22.6,487.4,175.98,30,10,0.896,0,0.0,270.64,32,17.2,853.36
19,2026-04-19,22.65,476.96,249.38,26,10,0.936,0,0.0,60.75,18,17.2,724.6
20,2026-04-19,22.72,386.71,98.56,17,5,0.984,0,0.0,196.38,43,17.2,342.14
21,2026-04-19,17.51,297.19,140.57,18,8,0.433,0,0.0,170.9,36,17.2,916.11
22,2026-04-19,20.73,353.13,126.5,20,7,0.58,0,0.0,79.54,31,17.2,425.57
23,2026-04-19,31.13,531.9,223.7,17,8,0.78,0,0.0,246.94,31,17.2,641.77
24,2026-04-19,38.36,642.89,173.56,25,3,0.163,0,0.0,0.0,0,17.2,648.61
1,2026-04-20,15.74,294.14,129.28,13,5,0.445,0,0.0,42.37,17,18.6,332.52
2,2026-04-20,27.88,520.74,76.71,24,8,0.293,0,0.0,151.53,40,18.6,687.48
3,2026-04-20,18.61,343.08,33.71,19,7,0.339,0,0.0,143.84,29,18.6,384.72
4,2026-04-20,17.02,308.51,134.84,19,4,0.182,0,0.0,241.2,48,18.6,807.34
5,2026-04-20,21.73,406.23,86.64,18,9,0.518,0,0.0,103.27,34,18.6,818.21
6,2026-04-20,28.87,679.81,154.49,18,8,0.569,0,0.0,118.28,28,18.6,475.53
7,2026-04-20,18.05,404.46,117.01,12,4,0.764,0,0.0,43.23,24,18.6,648.77
8,2026-04-20,32.8,757.69,81.02,17,5,0.84,0,0.0,204.43,44,18.6,491.38
9,2026-04-20,15.28,346.67,119.46,19,6,0.156,0,0.0,49.92,18,18.6,633.79
10,2026-04-20,19.22,441.67,121.02,11,4,0.363,0,0.0,109.53,36,18.6,380.28
11,2026-04-20,17.86,416.74,79.48,15,6,0.991,0,0.0,68.93,17,18.6,632.2
12,2026-04-20,26.5,601.91,199.14,13,9,0.316,0,0.0,124.21,36,18.6,669.41
13,2026-04-20,13.68,294.31,119.68,12,4,0.222,0,0.0,60.15,25,18.6,571.26
14,2026-04-20,32.89,701.98,148.14,14,6,0.858,0,0.0,335.73,57,18.6,355.86
15,2026-04-20,22.18,479.66,71.75,18,5,0.557,0,0.0,364.12,48,18.6,799.63
16,2026-04-20,13.86,301.15,182.6,13,2,0.656,0,0.0,54.23,22,18.6,322.33
17,2026-04-20,26.64,575.67,172.71,14,5,0.44,0,0.0,306.06,52,18.6,362.2
18,2026-04-20,26.44,570.21,188.27,26,8,0.719,0,0.0,139.96,24,18.6,853.47
19,2026-04-20,24.79,522.23,238.73,24,9,0.24,0,0.0,101.99,23,18.6,723.83
20,2026-04-20,18.4,313.1,89.79,18,4,0.76,0,0.0,56.68,25,18.6,339.85
21,2026-04-20,12.54,212.95,106.82,26,7,0.331,0,0.0,120.81,31,18.6,917.74
22,2026-04-20,21.11,359.71,146.13,20,7,0.085,0,0.0,197.68,45,18.6,432.0
23,2026-04-20,34.2,584.43,213.32,23,7,0.717,0,0.0,70.64,19,18.6,646.12
24,2026-04-20,26.06,436.71,183.94,26,10,0.694,0,0.0,62.28,17,18.6,654.15
1,2026-04-21,16.91,316.17,139.43,15,4,0.297,0,0.0,188.18,31,20.0,335.89
2,2026-04-21,26.47,494.38,114.48,21,7,0.056,0,0.0,310.05,59,20.0,686.26
3,2026-04-21,32.04,590.72,23.78,12,5,0.495,0,0.0,0.0,0,20.0,384.03
4,2026-04-21,19.59,354.97,107.03,24,7,0.494,0,0.0,97.59,31,20.0,814.69
5,2026-04-21,24.37,455.63,80.42,20,4,0.283,0,0.0,167.31,44,20.0,815.67
6,2026-04-21,20.15,474.54,142.64,23,7,0.75,0,0.0,206.37,39,20.0,476.0
7,2026-04-21,30.41,681.44,88.59,16,6,0.255,0,0.0,48.66,25,20.0,649.14
8,2026-04-21,23.18,535.65,102.01,12,5,0.606,0,0.0,60.59,27,20.0,492.5
9,2026-04-21,30.16,684.25,107.25,12,7,0.753,0,0.0,64.44,20,20.0,638.09
10,2026-04-21,19.26,442.82,142.56,8,4,0.898,0,0.0,284.33,55,20.0,380.82
11,2026-04-21,14.69,342.93,73.94,18,5,0.782,0,0.0,249.95,30,20.0,637.89
12,2026-04-21,18.78,426.52,153.48,24,9,0.118,0,0.0,49.41,23,20.0,665.96
13,2026-04-21,22.07,474.79,148.55,12,2,0.761,0,0.0,43.05,28,20.0,574.34
14,2026-04-21,23.08,492.69,144.61,21,12,0.916,0,0.0,90.83,33,20.0,357.2
15,2026-04-21,16.21,350.62,75.05,15,2,0.825,0,0.0,44.26,20,20.0,796.91
16,2026-04-21,27.06,587.91,186.6,18,4,0.101,0,0.0,338.23,50,20.0,325.76
17,2026-04-21,33.66,727.39,148.31,22,6,0.022,0,0.0,206.78,42,20.0,358.89
18,2026-04-21,31.39,677.07,196.69,27,9,0.982,0,0.0,63.26,14,20.0,859.16
19,2026-04-21,33.5,705.66,216.15,21,6,0.626,0,0.0,219.19,34,20.0,726.76
20,2026-04-21,13.08,222.7,76.7,17,5,0.937,0,0.0,149.5,37,20.0,342.23
21,2026-04-21,25.36,430.62,145.73,12,8,0.017,0,0.0,266.96,41,20.0,912.67
22,2026-04-21,18.44,314.25,164.68,13,7,0.768,0,0.0,0.0,0,20.0,429.68
23,2026-04-21,43.11,736.92,244.53,22,8,0.512,0,0.0,83.95,19,20.0,645.69
24,2026-04-21,33.78,566.29,201.53,22,9,0.096,0,0.0,279.8,37,20.0,647.21
1,2026-04-22,35.27,659.38,140.92,13,7,0.61,0,0.0,294.22,48,21.4,338.91
2,2026-04-22,24.19,451.9,135.75,20,6,0.773,0,0.0,377.08,69,21.4,686.8
3,2026-04-22,35.18,648.7,20.0,17,6,0.716,0,0.0,48.77,16,21.4,385.05
4,2026-04-22,26.35,477.61,95.72,20,5,0.22,0,0.0,382.89,58,21.4,812.6
5,2026-04-22,26.16,489.14,72.35,20,8,0.523,0,0.0,108.33,39,21.4,812.62
6,2026-04-22,15.93,375.19,139.09,23,6,0.118,0,0.0,284.14,46,21.4,474.15
7,2026-04-22,23.24,520.83,92.34,13,2,0.305,0,0.0,245.27,52,21.4,652.36
8,2026-04-22,27.34,631.79,112.02,14,8,0.17,0,0.0,241.91,52,21.4,486.88
9,2026-04-22,27.37,621.09,72.1,24,8,0.992,0,0.0,187.4,33,21.4,635.42
10,2026-04-22,22.75,522.88,137.37,17,6,0.508,0,0.0,210.82,53,21.4,373.98
11,2026-04-22,18.38,428.97,64.49,20,4,0.561,0,0.0,154.23,24,21.4,638.6
12,2026-04-22,18.16,412.52,168.7,18,5,0.533,0,0.0,310.26,54,21.4,672.93
13,2026-04-22,22.83,491.17,135.94,14,7,0.572,0,0.0,40.05,22,21.4,572.12
14,2026-04-22,21.97,469.02,170.03,26,9,0.865,0,0.0,211.89,46,21.4,358.89
15,2026-04-22,19.77,427.66,88.01,10,6,0.468,0,0.0,113.55,33,21.4,805.48
16,2026-04-22,15.73,341.8,191.33,17,7,0.094,0,0.0,310.45,44,21.4,326.3
17,2026-04-22,25.07,541.84,142.06,19,6,0.722,0,0.0,178.98,31,21.4,361.36
18,2026-04-22,35.85,773.45,176.52,32,11,0.335,0,0.0,139.18,26,21.4,859.05
19,2026-04-22,31.2,657.39,191.39,28,13,0.191,0,0.0,54.71,17,21.4,723.42
20,2026-04-22,21.74,370.07,63.12,20,5,0.959,0,0.0,41.26,20,21.4,339.5
21,2026-04-22,23.8,404.17,155.1,17,7,0.802,0,0.0,63.59,20,21.4,909.11
22,2026-04-22,29.99,511.04,149.22,22,8,0.657,0,0.0,43.22,26,21.4,424.21
23,2026-04-22,21.78,372.37,220.32,30,9,0.616,0,0.0,76.37,20,21.4,649.7
24,2026-04-22,29.13,488.41,195.28,26,6,0.442,0,0.0,315.31,42,21.4,649.08
1,2026-04-23,17.8,332.86,150.67,18,3,0.107,0,0.0,0.0,0,22.8,334.46
2,2026-04-23,26.61,497.2,153.61,19,6,0.16,0,0.0,119.5,38,22.8,687.85
3,2026-04-23,24.48,451.34,20.0,14,4,0.609,0,0.0,285.6,37,22.8,386.42
4,2026-04-23,25.13,455.51,84.01,16,8,0.639,0,0.0,68.46,29,22.8,811.18
5,2026-04-23,21.35,399.17,56.59,19,7,0.423,0,0.0,225.57,54,22.8,817.98
6,2026-04-23,23.93,563.63,152.3,17,5,0.511,0,0.0,345.6,46,22.8,475.35
7,2026-04-23,20.71,464.14,125.8,11,5,0.972,0,0.0,249.68,46,22.8,650.98
8,2026-04-23,20.4,471.5,140.35,18,8,0.94,0,0.0,239.85,51,22.8,494.14
9,2026-04-23,22.63,513.52,72.7,14,4,0.096,0,0.0,49.23,19,22.8,638.62
10,2026-04-23,16.76,385.29,142.08,19,5,0.896,0,0.0,315.74,58,22.8,381.29
11,2026-04-23,21.0,490.37,106.04,7,4,0.603,0,0.0,117.02,23,22.8,639.54
12,2026-04-23,17.92,407.26,157.45,19,8,0.369,0,0.0,88.02,31,22.8,669.94
13,2026-04-23,16.65,358.22,124.2,14,4,0.744,0,0.0,317.48,59,22.8,575.15
14,2026-04-23,15.79,337.11,154.31,25,7,0.835,0,0.0,50.4,24,22.8,360.67
15,2026-04-23,27.21,588.73,130.77,11,8,0.597,0,0.0,296.15,44,22.8,803.52
16,2026-04-23,17.31,376.14,185.25,23,4,0.116,0,0.0,247.23,43,22.8,325.2
17,2026-04-23,19.95,431.16,143.47,13,7,0.878,0,0.0,158.58,39,22.8,362.19
18,2026-04-23,31.46,678.67,217.1,19,7,0.5,0,0.0,215.87,29,22.8,860.99
19,2026-04-23,31.53,664.3,173.62,22,5,0.64,0,0.0,128.13,25,22.8,725.51
20,2026-04-23,25.94,441.7,58.54,11,4,0.922,0,0.0,118.28,33,22.8,337.79
21,2026-04-23,33.04,561.1,143.04,20,4,0.684,0,0.0,117.86,31,22.8,911.42
22,2026-04-23,23.01,392.19,158.51,12,8,0.343,0,0.0,186.67,50,22.8,432.13
23,2026-04-23,28.09,480.23,234.89,29,10,0.524,0,0.0,67.36,20,22.8,646.94
24,2026-04-23,33.91,568.62,220.64,19,9,0.922,0,0.0,246.31,38,22.8,638.5
1,2026-04-24,22.16,414.42,148.41,16,3,0.326,0,0.0,283.87,40,24.2,332.14
2,2026-04-24,23.56,440.32,151.58,29,9,0.884,0,0.0,334.2,58,24.2,691.4
3,2026-04-24,17.03,314.01,51.18,14,7,0.207,0,0.0,59.77,22,24.2,387.31
4,2026-04-24,31.81,576.76,99.91,16,6,0.849,0,0.0,226.23,49,24.2,811.85
5,2026-04-24,25.49,476.6,68.0,17,8,0.934,0,0.0,137.12,41,24.2,822.41
6,2026-04-24,27.64,651.25,165.65,17,5,0.446,0,0.0,64.0,23,24.2,479.84
7,2026-04-24,24.91,558.27,136.38,10,4,0.366,0,0.0,262.58,50,24.2,654.37
8,2026-04-24,16.26,375.85,158.35,16,5,0.085,0,0.0,287.74,54,24.2,488.89
9,2026-04-24,19.04,432.17,91.47,17,3,0.996,0,0.0,394.54,51,24.2,633.65
10,2026-04-24,12.05,276.99,163.85,10,4,0.677,0,0.0,0.0,0,24.2,379.51
11,2026-04-24,22.1,515.94,112.94,12,5,0.059,0,0.0,181.87,27,24.2,636.16
12,2026-04-24,31.97,726.4,146.51,19,9,0.87,0,0.0,68.71,29,24.2,665.47
13,2026-04-24,18.74,403.22,106.21,15,4,0.019,0,0.0,100.06,35,24.2,575.34
14,2026-04-24,26.25,560.41,135.11,22,5,0.842,0,0.0,80.49,30,24.2,354.94
15,2026-04-24,19.48,421.43,129.64,18,4,0.156,0,0.0,70.68,22,24.2,806.38
16,2026-04-24,26.33,572.31,159.71,17,3,0.99,0,0.0,211.79,36,24.2,322.07
17,2026-04-24,32.76,708.22,128.83,24,6,0.51,0,0.0,50.59,25,24.2,367.25
18,2026-04-24,35.1,757.43,247.04,22,7,0.842,0,0.0,76.83,17,24.2,859.43
19,2026-04-24,27.65,582.67,188.21,23,5,0.607,0,0.0,53.56,17,24.2,731.25
20,2026-04-24,20.53,349.53,95.1,11,3,0.827,0,0.0,345.48,54,24.2,343.14
21,2026-04-24,14.42,244.87,147.85,13,4,0.537,0,0.0,82.55,28,24.2,911.87
22,2026-04-24,19.03,324.31,195.4,8,5,0.059,0,0.0,314.83,59,24.2,429.94
23,2026-04-24,24.97,427.03,212.22,26,5,0.072,0,0.0,43.58,16,24.2,643.91
24,2026-04-24,30.72,515.17,218.21,20,9,0.16,0,0.0,193.07,33,24.2,649.27
1,2026-04-25,17.63,329.77,144.13,11,4,0.917,0,0.0,53.66,20,25.6,336.87
2,2026-04-25,24.76,462.7,182.89,14,10,0.125,0,0.0,133.09,39,25.6,691.09
3,2026-04-25,22.05,406.67,50.88,10,5,0.099,0,0.0,209.04,33,25.6,386.52
4,2026-04-25,24.67,447.38,80.39,18,6,0.512,0,0.0,0.0,0,25.6,818.82
5,2026-04-25,23.95,448.0,64.13,16,9,0.753,0,0.0,0.0,0,25.6,816.96
6,2026-04-25,28.79,678.42,122.19,24,7,0.987,0,0.0,64.47,26,25.6,476.71
7,2026-04-25,18.9,423.73,111.73,12,7,0.434,0,0.0,244.81,50,25.6,649.81
8,2026-04-25,20.72,478.93,117.08,21,4,0.891,0,0.0,384.94,73,25.6,488.32
9,2026-04-25,33.54,761.43,77.27,15,7,0.797,0,0.0,156.8,34,25.6,636.22
10,2026-04-25,25.9,595.69,174.1,14,4,0.184,0,0.0,301.44,57,25.6,380.3
11,2026-04-25,30.38,709.41,120.28,13,2,0.624,0,0.0,63.08,15,25.6,644.68
12,2026-04-25,23.95,544.27,165.34,20,8,0.799,0,0.0,249.16,52,25.6,668.99
13,2026-04-25,19.3,415.47,122.09,13,3,0.354,0,0.0,295.07,62,25.6,572.36
14,2026-04-25,31.41,670.74,137.01,15,8,0.671,0,0.0,148.69,42,25.6,359.44
15,2026-04-25,13.45,290.98,143.25,18,5,0.896,0,0.0,316.1,43,25.6,808.3
16,2026-04-25,23.45,509.81,177.28,16,12,0.952,0,0.0,395.94,51,25.6,318.56
17,2026-04-25,24.25,524.23,145.54,15,5,0.939,0,0.0,294.11,52,25.6,363.17
18,2026-04-25,39.64,855.52,267.26,17,5,0.599,0,0.0,278.35,28,25.6,859.1
19,2026-04-25,35.57,749.64,132.59,36,5,0.82,0,0.0,214.16,37,25.6,725.0
20,2026-04-25,28.26,481.32,109.58,16,6,0.901,0,0.0,119.49,34,25.6,342.06
21,2026-04-25,21.72,368.94,136.8,31,7,0.953,0,0.0,148.93,34,25.6,914.43
22,2026-04-25,27.97,476.88,167.84,26,4,0.74,0,0.0,46.56,24,25.6,431.6
23,2026-04-25,36.12,617.72,219.26,26,8,0.717,0,0.0,150.76,22,25.6,647.15
24,2026-04-25,32.91,551.92,207.65,26,8,0.557,0,0.0,148.99,32,25.6,645.71
1,2026-04-26,22.87,427.71,101.16,29,3,0.657,0,0.0,73.36,21,27.0,330.45
2,2026-04-26,20.57,384.5,199.54,20,9,0.22,0,0.0,162.78,46,27.0,686.97
3,2026-04-26,18.42,339.74,88.99,7,7,0.717,0,0.0,87.09,23,27.0,389.11
4,2026-04-26,24.23,439.46,76.48,15,9,0.873,0,0.0,351.3,64,27.0,812.64
5,2026-04-26,22.84,427.12,80.21,14,7,0.165,0,0.0,0.0,0,27.0,813.38
6,2026-04-26,22.6,532.54,146.14,15,9,0.624,0,0.0,51.76,20,27.0,482.45
7,2026-04-26,16.27,364.82,87.5,18,7,0.157,0,0.0,85.01,32,27.0,653.79
8,2026-04-26,23.99,554.69,149.92,18,8,0.786,0,0.0,91.71,35,27.0,491.9
9,2026-04-26,20.21,458.79,82.48,15,8,0.033,0,0.0,116.09,25,27.0,645.41
10,2026-04-26,25.17,578.93,166.93,14,5,0.565,0,0.0,155.18,45,27.0,384.64
11,2026-04-26,10.62,248.05,133.49,12,4,0.69,0,0.0,230.69,31,27.0,642.19
12,2026-04-26,27.59,627.14,160.79,16,3,0.821,0,0.0,173.93,45,27.0,668.72
13,2026-04-26,22.37,481.6,81.42,24,7,0.988,0,0.0,271.48,57,27.0,578.96
14,2026-04-26,32.8,700.53,141.92,17,5,0.757,0,0.0,394.95,67,27.0,362.61
15,2026-04-26,13.87,300.27,156.34,12,6,0.342,0,0.0,184.5,36,27.0,804.81
16,2026-04-26,32.89,714.96,123.4,21,3,0.565,0,0.0,396.82,53,27.0,324.94
17,2026-04-26,15.4,332.92,127.44,21,6,0.26,0,0.0,40.45,20,27.0,364.19
18,2026-04-26,23.08,498.03,247.19,26,9,0.124,0,0.0,191.25,30,27.0,859.15
19,2026-04-26,28.4,598.55,87.95,35,11,0.627,0,0.0,44.73,16,27.0,718.06
20,2026-04-26,14.82,252.5,124.75,12,5,0.502,0,0.0,212.33,40,27.0,341.97
21,2026-04-26,25.96,441.06,141.49,19,6,0.89,0,0.0,364.44,54,27.0,907.93
22,2026-04-26,15.99,272.55,135.16,26,6,0.521,0,0.0,375.23,63,27.0,432.57
23,2026-04-26,36.43,623.03,188.58,29,7,0.04,0,0.0,48.19,16,27.0,649.48
24,2026-04-26,23.06,386.71,215.15,20,7,0.236,0,0.0,243.09,34,27.0,653.1
1,2026-04-27,24.29,454.49,121.11,9,5,0.343,0,0.0,158.97,31,28.4,332.16
2,2026-04-27,31.51,589.08,198.45,16,9,0.783,0,0.0,379.79,67,28.4,691.9
3,2026-04-27,16.62,306.68,119.36,13,4,0.895,0,0.0,92.29,24,28.4,386.45
4,2026-04-27,20.96,380.1,111.62,12,5,0.796,0,0.0,223.38,42,28.4,814.18
5,2026-04-27,21.69,405.83,89.02,19,12,0.359,0,0.0,356.06,62,28.4,812.65
6,2026-04-27,24.31,572.95,171.01,21,12,0.395,0,0.0,67.01,23,28.4,477.46
7,2026-04-27,19.24,431.46,121.84,13,9,0.32,0,0.0,73.85,32,28.4,654.5
8,2026-04-27,19.5,450.85,157.76,16,5,0.075,0,0.0,205.62,49,28.4,498.7
9,2026-04-27,22.28,505.89,65.12,17,7,0.245,0,0.0,299.94,38,28.4,644.26
10,2026-04-27,15.45,355.49,132.05,22,6,0.345,0,0.0,111.33,40,28.4,383.05
11,2026-04-27,15.23,355.74,94.14,15,6,0.498,0,0.0,0.0,0,28.4,638.83
12,2026-04-27,22.38,508.78,125.46,18,7,0.331,0,0.0,58.24,26,28.4,667.2
13,2026-04-27,27.47,591.39,94.64,9,3,0.213,0,0.0,188.37,53,28.4,570.77
14,2026-04-27,31.12,664.62,112.56,17,5,0.883,0,0.0,75.32,30,28.4,360.01
15,2026-04-27,24.48,529.86,149.23,14,3,0.671,0,0.0,278.83,45,28.4,805.62
16,2026-04-27,25.1,545.77,122.38,19,5,0.226,0,0.0,75.31,26,28.4,330.64
17,2026-04-27,31.59,683.2,119.6,21,5,0.942,0,0.0,61.11,26,28.4,361.17
18,2026-04-27,25.06,540.9,239.1,31,6,0.03,0,0.0,56.14,16,28.4,862.26
19,2026-04-27,27.75,585.07,74.87,21,9,0.036,0,0.0,145.84,28,28.4,726.14
20,2026-04-27,14.8,252.17,131.58,14,5,0.173,0,0.0,70.01,25,28.4,342.83
21,2026-04-27,15.68,266.45,123.46,18,4,0.786,0,0.0,218.74,37,28.4,913.34
22,2026-04-27,10.54,179.69,101.14,27,6,0.535,0,0.0,45.78,23,28.4,438.13
23,2026-04-27,35.27,603.21,198.33,20,7,0.105,0,0.0,74.14,20,28.4,652.1
24,2026-04-27,21.27,356.75,168.5,28,9,0.954,0,0.0,241.04,38,28.4,653.51
1,2026-04-28,15.29,286.09,99.16,18,6,0.694,0,0.0,55.27,20,29.8,330.23
2,2026-04-28,14.28,266.97,187.11,27,8,0.738,0,0.0,311.01,59,29.8,694.89
3,2026-04-28,16.53,305.02,116.86,15,8,0.818,0,0.0,101.29,26,29.8,387.8
4,2026-04-28,23.41,424.55,99.78,18,9,0.902,0,0.0,372.59,59,29.8,818.05
5,2026-04-28,19.7,368.61,91.49,14,8,0.962,0,0.0,58.81,32,29.8,819.08
6,2026-04-28,31.42,740.52,182.9,22,6,0.917,0,0.0,262.07,38,29.8,480.6
7,2026-04-28,19.02,426.45,124.85,12,6,0.881,0,0.0,0.0,0,29.8,659.05
8,2026-04-28,25.69,594.14,162.55,15,5,0.75,0,0.0,155.68,40,29.8,490.13
9,2026-04-28,19.76,448.7,106.3,9,4,0.233,0,0.0,109.36,26,29.8,636.1
10,2026-04-28,18.96,436.17,138.47,13,3,0.319,0,0.0,87.07,32,29.8,383.44
11,2026-04-28,20.98,490.04,91.13,11,5,0.764,0,0.0,374.69,36,29.8,644.54
12,2026-04-28,27.54,626.04,125.81,13,6,0.604,0,0.0,238.73,55,29.8,674.96
13,2026-04-28,15.8,340.08,85.64,17,3,0.838,0,0.0,42.88,24,29.8,583.39
14,2026-04-28,21.15,451.68,113.24,21,7,0.845,0,0.0,198.27,43,29.8,359.79
15,2026-04-28,25.36,548.87,149.18,16,4,0.155,0,0.0,136.41,32,29.8,805.79
16,2026-04-28,23.02,500.54,117.37,16,6,0.88,0,0.0,137.05,36,29.8,329.53
17,2026-04-28,19.57,423.33,112.93,23,7,0.017,0,0.0,112.43,34,29.8,359.67
18,2026-04-28,20.33,438.88,211.28,27,5,0.87,0,0.0,161.13,25,29.8,863.97
19,2026-04-28,46.79,986.5,109.54,19,6,0.481,0,0.0,66.56,21,29.8,727.86
20,2026-04-28,22.23,378.72,138.33,8,6,0.088,0,0.0,40.53,18,29.8,343.71
21,2026-04-28,36.59,621.79,138.03,22,5,0.654,0,0.0,234.8,45,29.8,910.75
22,2026-04-28,34.98,596.55,103.47,17,7,0.921,0,0.0,65.65,28,29.8,432.52
23,2026-04-28,30.3,518.37,187.82,26,4,0.875,0,0.0,50.96,16,29.8,648.14
24,2026-04-28,36.25,608.22,132.59,29,7,0.972,0,0.0,141.39,31,29.8,646.88
1,2026-04-29,41.53,777.1,89.51,16,7,0.735,0,0.0,43.58,16,31.2,339.16
2,2026-04-29,25.35,473.9,141.07,37,9,0.778,0,0.0,222.62,48,31.2,692.09
3,2026-04-29,10.95,201.99,119.23,15,5,0.785,0,0.0,64.37,22,31.2,385.73
4,2026-04-29,20.43,370.62,67.76,17,4,0.02,0,0.0,139.57,41,31.2,811.01
5,2026-04-29,18.74,350.59,146.88,13,5,0.845,0,0.0,54.46,29,31.2,815.97
6,2026-04-29,20.65,486.87,170.69,20,8,0.778,0,0.0,82.85,26,31.2,478.89
7,2026-04-29,26.68,598.36,98.96,19,6,0.372,0,0.0,200.8,45,31.2,651.74
8,2026-04-29,26.76,618.89,143.56,20,7,0.244,0,0.0,369.49,57,31.2,495.05
9,2026-04-29,21.95,498.47,119.35,12,5,0.434,0,0.0,0.0,0,31.2,641.97
10,2026-04-29,20.92,481.34,152.45,12,3,0.767,0,0.0,141.01,43,31.2,383.91
11,2026-04-29,18.37,429.23,96.02,18,6,0.678,0,0.0,41.75,14,31.2,638.48
12,2026-04-29,22.73,516.74,126.67,20,6,0.197,0,0.0,99.75,35,31.2,671.76
13,2026-04-29,32.57,701.35,86.75,13,1,0.612,0,0.0,354.25,63,31.2,580.07
14,2026-04-29,19.93,425.76,102.96,29,7,0.268,0,0.0,68.71,27,31.2,360.84
15,2026-04-29,19.56,423.52,147.84,15,3,0.763,0,0.0,188.42,39,31.2,809.43
16,2026-04-29,30.75,668.71,87.23,25,2,0.128,0,0.0,68.01,20,31.2,323.13
17,2026-04-29,27.49,594.64,148.36,14,5,0.367,0,0.0,363.37,58,31.2,361.69
18,2026-04-29,32.04,691.7,207.32,25,6,0.174,0,0.0,0.0,0,31.2,859.74
19,2026-04-29,46.87,988.34,112.32,18,10,0.553,0,0.0,398.31,42,31.2,725.54
20,2026-04-29,17.1,291.38,170.61,13,5,0.055,0,0.0,42.1,22,31.2,348.41
21,2026-04-29,27.39,465.52,136.88,19,6,0.151,0,0.0,308.92,44,31.2,909.85
22,2026-04-29,38.53,657.22,112.9,16,8,0.696,0,0.0,47.95,25,31.2,431.92
23,2026-04-29,36.32,621.34,181.58,25,8,0.31,0,0.0,303.63,38,31.2,648.97
24,2026-04-29,24.58,412.35,122.32,26,6,0.163,0,0.0,380.53,44,31.2,655.02
1,2026-04-30,13.35,249.75,73.51,19,7,0.282,0,0.0,121.59,30,32.6,331.55
2,2026-04-30,21.76,406.93,160.91,16,5,0.459,0,0.0,179.94,45,32.6,692.05
3,2026-04-30,15.0,276.78,126.11,17,7,0.162,0,0.0,155.94,30,32.6,389.23
4,2026-04-30,12.56,227.97,89.08,10,6,0.159,0,0.0,395.28,59,32.6,808.22
5,2026-04-30,22.63,423.43,115.07,20,11,0.689,0,0.0,193.4,47,32.6,819.79
6,2026-04-30,25.33,597.3,157.58,20,5,0.143,0,0.0,72.49,26,32.6,479.76
7,2026-04-30,19.81,444.37,92.92,24,4,0.543,0,0.0,65.91,29,32.6,655.15
8,2026-04-30,23.79,550.33,138.6,25,7,0.534,0,0.0,193.36,45,32.6,492.9
9,2026-04-30,23.65,537.18,117.15,15,5,0.306,0,0.0,214.22,39,32.6,636.55
10,2026-04-30,31.19,717.74,118.87,22,3,0.27,0,0.0,322.65,59,32.6,376.77
11,2026-04-30,23.24,543.06,79.42,16,2,0.02,0,0.0,60.01,15,32.6,639.01
12,2026-04-30,29.25,665.26,113.41,21,6,0.55,0,0.0,49.62,24,32.6,668.22
13,2026-04-30,14.83,319.28,100.23,12,4,0.697,0,0.0,60.82,31,32.6,580.35
14,2026-04-30,22.11,472.4,100.88,22,7,0.089,0,0.0,291.61,61,32.6,365.17
15,2026-04-30,19.7,426.5,144.65,23,5,0.37,0,0.0,378.26,56,32.6,814.55
16,2026-04-30,25.77,560.5,69.76,15,4,0.614,0,0.0,253.08,39,32.6,324.67
17,2026-04-30,29.89,646.5,144.35,16,4,0.299,0,0.0,282.89,48,32.6,364.31
18,2026-04-30,43.61,941.61,160.84,29,6,0.351,0,0.0,40.86,15,32.6,862.74
19,2026-04-30,24.98,526.69,147.73,19,8,0.618,0,0.0,92.65,22,32.6,723.57
20,2026-04-30,18.88,321.7,174.37,12,6,0.109,0,0.0,278.47,46,32.6,346.5
21,2026-04-30,22.09,375.45,169.06,15,10,0.906,0,0.0,40.9,18,32.6,907.91
22,2026-04-30,36.13,616.29,121.96,18,9,0.304,0,0.0,72.38,29,32.6,438.63
23,2026-04-30,27.42,469.11,154.09,35,9,0.588,0,0.0,68.5,19,32.6,645.26
24,2026-04-30,39.88,669.2,105.44,24,10,0.228,0,0.0,0.0,0,32.6,646.15
1,2026-05-01,27.81,520.51,52.62,15,5,0.451,0,0.0,144.85,32,34.0,333.4
2,2026-05-01,38.87,726.87,128.14,26,7,0.431,0,0.0,46.46,28,34.0,693.62
3,2026-05-01,16.86,311.15,101.49,20,4,0.472,0,0.0,111.18,24,34.0,387.94
4,2026-05-01,24.38,442.43,82.98,19,3,0.917,0,0.0,335.69,60,34.0,812.22
5,2026-05-01,18.73,350.51,142.12,16,4,0.074,0,0.0,89.88,35,34.0,820.98
6,2026-05-01,26.39,622.26,149.95,22,6,0.606,0,0.0,240.26,42,34.0,476.48
7,2026-05-01,18.35,411.55,108.42,12,4,0.821,0,0.0,213.99,53,34.0,657.75
8,2026-05-01,22.54,521.48,132.32,20,6,0.656,0,0.0,0.0,0,34.0,493.07
9,2026-05-01,12.23,277.84,90.54,18,4,0.396,0,0.0,50.77,20,34.0,642.15
10,2026-05-01,24.79,570.53,132.51,17,3,0.383,0,0.0,380.34,70,34.0,385.36
11,2026-05-01,16.45,384.43,76.15,14,4,0.708,0,0.0,61.98,16,34.0,643.61
12,2026-05-01,18.33,416.97,112.38,17,6,0.247,0,0.0,143.8,38,34.0,667.28
13,2026-05-01,30.02,646.61,104.83,10,5,0.423,0,0.0,284.22,62,34.0,575.56
14,2026-05-01,28.26,603.81,124.48,18,7,0.924,0,0.0,125.64,36,34.0,363.34
15,2026-05-01,24.84,537.97,113.06,16,3,0.257,0,0.0,134.34,28,34.0,808.35
16,2026-05-01,20.26,440.79,71.67,17,6,0.229,0,0.0,49.64,20,34.0,324.7
17,2026-05-01,32.32,699.35,162.31,10,6,0.749,0,0.0,60.97,25,34.0,366.8
18,2026-05-01,34.18,738.1,133.59,34,6,0.492,0,0.0,161.2,29,34.0,862.3
19,2026-05-01,21.88,461.51,160.35,23,11,0.644,0,0.0,59.22,17,34.0,726.27
20,2026-05-01,13.32,227.03,170.64,18,4,0.999,0,0.0,91.88,32,34.0,342.91
21,2026-05-01,26.87,456.77,195.34,14,12,0.315,0,0.0,97.78,29,34.0,913.56
22,2026-05-01,23.0,392.33,100.68,15,6,0.603,0,0.0,245.21,51,34.0,435.87
23,2026-05-01,35.46,606.75,159.21,17,10,0.188,0,0.0,43.86,15,34.0,647.34
24,2026-05-01,36.36,610.23,129.65,16,8,0.054,0,0.0,54.7,19,34.0,653.89
1,2026-05-02,21.68,405.82,82.77,14,5,0.001,0,0.0,78.53,20,35.4,336.96
2,2026-05-02,43.43,812.33,116.62,23,7,0.365,0,0.0,51.09,27,35.4,698.03
3,2026-05-02,16.62,306.83,134.19,17,7,0.749,0,0.0,214.66,34,35.4,380.88
4,2026-05-02,19.39,351.87,87.34,13,8,0.868,0,0.0,43.55,24,35.4,813.03
5,2026-05-02,14.52,271.69,148.62,20,6,0.445,0,0.0,394.94,64,35.4,821.9
6,2026-05-02,25.76,607.57,173.38,12,10,0.021,0,0.0,265.81,41,35.4,480.06
7,2026-05-02,24.23,543.69,120.46,8,4,0.923,0,0.0,50.27,25,35.4,654.16
8,2026-05-02,25.77,596.19,146.35,11,10,0.769,0,0.0,95.88,34,35.4,493.32
9,2026-05-02,16.99,386.1,86.14,13,6,0.975,0,0.0,69.18,24,35.4,638.85
10,2026-05-02,16.38,377.06,116.89,17,5,0.564,0,0.0,124.41,37,35.4,382.58
11,2026-05-02,25.82,603.52,68.74,21,3,0.062,0,0.0,240.46,30,35.4,644.05
12,2026-05-02,26.39,600.3,102.72,24,9,0.636,0,0.0,185.7,45,35.4,673.0
13,2026-05-02,17.54,377.73,109.7,14,5,0.553,0,0.0,148.35,47,35.4,575.73
14,2026-05-02,36.89,788.29,108.97,18,7,0.742,0,0.0,54.61,25,35.4,365.95
15,2026-05-02,18.98,411.15,103.38,21,5,0.31,0,0.0,118.51,30,35.4,804.01
16,2026-05-02,33.31,724.61,93.2,17,5,0.395,0,0.0,346.78,48,35.4,326.36
17,2026-05-02,19.41,420.05,155.69,21,6,0.937,0,0.0,179.41,41,35.4,366.14
18,2026-05-02,34.63,748.03,161.24,20,9,0.912,0,0.0,239.01,31,35.4,863.21
19,2026-05-02,23.16,488.6,165.25,18,9,0.049,0,0.0,296.97,38,35.4,731.64
20,2026-05-02,19.16,326.66,131.12,26,4,0.269,0,0.0,369.44,47,35.4,347.84
21,2026-05-02,24.58,417.96,182.95,25,5,0.838,0,0.0,129.08,31,35.4,916.91
22,2026-05-02,20.73,353.75,117.59,14,6,0.139,0,0.0,161.0,41,35.4,437.15
23,2026-05-02,34.12,583.96,112.97,28,8,0.28,0,0.0,245.58,31,35.4,651.6
24,2026-05-02,34.96,586.75,131.01,24,7,0.987,0,0.0,46.39,17,35.4,657.0
1,2026-05-03,25.69,480.96,86.97,15,7,0.597,0,0.0,48.53,18,36.8,332.75
2,2026-05-03,20.62,385.75,165.32,28,10,0.778,0,0.0,192.18,49,36.8,687.92
3,2026-05-03,19.11,352.73,101.24,19,5,0.264,0,0.0,44.46,16,36.8,386.78
4,2026-05-03,13.65,247.7,95.62,16,6,0.92,0,0.0,207.73,49,36.8,813.87
5,2026-05-03,23.41,438.25,137.48,19,6,0.853,0,0.0,50.82,29,36.8,814.85
6,2026-05-03,26.12,616.05,171.47,28,8,0.213,0,0.0,127.08,31,36.8,481.23
7,2026-05-03,32.08,719.77,144.9,10,6,0.996,0,0.0,80.42,28,36.8,662.2
8,2026-05-03,32.13,743.3,112.51,28,7,0.78,0,0.0,103.47,40,36.8,500.05
9,2026-05-03,21.39,485.92,103.91,14,2,0.521,0,0.0,94.58,24,36.8,641.11
10,2026-05-03,29.53,679.63,109.23,13,4,0.015,0,0.0,166.49,42,36.8,383.41
11,2026-05-03,23.75,555.14,89.75,15,7,0.433,0,0.0,45.53,15,36.8,645.99
12,2026-05-03,29.23,664.87,87.93,17,6,0.439,0,0.0,116.76,40,36.8,669.46
13,2026-05-03,15.09,325.02,120.86,10,6,0.768,0,0.0,370.3,71,36.8,580.63
14,2026-05-03,27.01,577.25,115.35,12,7,0.846,0,0.0,395.69,63,36.8,363.81
15,2026-05-03,32.85,711.48,116.22,17,4,0.981,0,0.0,186.21,32,36.8,804.89
16,2026-05-03,23.1,502.54,84.32,11,3,0.216,0,0.0,119.46,29,36.8,326.48
17,2026-05-03,22.41,484.98,140.85,23,7,0.405,0,0.0,0.0,0,36.8,360.61
18,2026-05-03,35.05,757.2,180.74,23,10,0.181,0,0.0,0.0,0,36.8,860.26
19,2026-05-03,21.36,450.51,199.17,19,10,0.205,0,0.0,142.62,27,36.8,730.08
20,2026-05-03,15.59,265.72,136.51,14,5,0.258,0,0.0,100.31,29,36.8,342.22
21,2026-05-03,19.54,332.27,175.93,21,5,0.671,0,0.0,228.68,39,36.8,910.9
22,2026-05-03,24.95,425.72,109.52,21,8,0.6,0,0.0,0.0,0,36.8,441.19
23,2026-05-03,40.62,695.23,122.72,21,8,0.634,0,0.0,61.24,18,36.8,649.89
24,2026-05-03,25.08,421.0,107.4,21,5,0.321,0,0.0,84.32,25,36.8,650.96
1,2026-05-04,19.67,368.27,66.99,16,6,0.939,0,0.0,199.62,36,38.2,333.86
2,2026-05-04,31.65,592.04,158.37,23,10,0.703,0,0.0,69.53,29,38.2,691.15
3,2026-05-04,28.46,525.54,94.8,21,6,0.292,0,0.0,217.54,36,38.2,390.48
4,2026-05-04,27.09,491.66,78.99,17,4,0.126,0,0.0,64.41,29,38.2,817.63
5,2026-05-04,19.73,369.3,126.15,22,6,0.369,0,0.0,88.79,34,38.2,821.69
6,2026-05-04,29.12,686.84,158.47,28,6,0.868,0,0.0,52.16,21,38.2,481.68
7,2026-05-04,16.57,371.76,95.92,21,6,0.312,0,0.0,159.79,43,38.2,652.67
8,2026-05-04,29.25,676.86,109.8,17,5,0.103,0,0.0,322.66,52,38.2,496.83
9,2026-05-04,25.93,589.19,112.42,13,6,0.534,0,0.0,297.99,39,38.2,639.72
10,2026-05-04,26.38,607.24,105.36,13,4,0.247,0,0.0,148.75,43,38.2,388.4
11,2026-05-04,22.91,535.59,141.75,7,5,0.053,0,0.0,321.44,37,38.2,642.47
12,2026-05-04,22.19,504.81,119.29,10,6,0.587,0,0.0,71.19,29,38.2,672.77
13,2026-05-04,17.74,382.27,108.89,11,5,0.335,0,0.0,284.42,58,38.2,576.35
14,2026-05-04,21.98,469.81,118.99,17,8,0.762,0,0.0,46.47,24,38.2,363.21
15,2026-05-04,24.08,521.71,119.42,13,4,0.579,0,0.0,341.91,46,38.2,805.7
16,2026-05-04,23.62,513.96,92.43,15,5,0.347,0,0.0,392.93,59,38.2,329.83
17,2026-05-04,16.63,359.98,122.0,14,4,0.765,0,0.0,159.3,36,38.2,365.56
18,2026-05-04,41.18,889.61,177.72,29,8,0.942,0,0.0,40.82,13,38.2,861.42
19,2026-05-04,31.68,668.3,226.95,17,6,0.258,0,0.0,68.44,21,38.2,732.79
20,2026-05-04,24.22,412.91,112.76,18,4,0.776,0,0.0,43.09,19,38.2,347.05
21,2026-05-04,18.74,318.62,198.68,16,9,0.819,0,0.0,48.49,20,38.2,912.65
22,2026-05-04,23.74,405.17,127.41,18,6,0.719,0,0.0,61.58,29,38.2,430.86
23,2026-05-04,20.36,348.56,100.29,27,5,0.62,0,0.0,214.03,25,38.2,648.63
24,2026-05-04,20.37,341.95,131.25,15,9,0.482,0,0.0,51.02,18,38.2,650.38
1,2026-05-05,18.53,347.04,86.17,12,3,0.619,0,0.0,340.58,42,39.6,334.94
2,2026-05-05,25.93,485.1,143.49,26,10,0.781,0,0.0,90.9,30,39.6,694.48
3,2026-05-05,20.79,383.83,99.88,12,4,0.601,0,0.0,42.65,18,39.6,391.95
4,2026-05-05,17.11,310.61,94.71,15,6,0.144,0,0.0,0.0,0,39.6,818.49
5,2026-05-05,24.05,450.25,126.25,20,8,0.39,0,0.0,161.69,45,39.6,818.46
6,2026-05-05,14.86,350.58,150.4,23,4,0.09,0,0.0,104.1,26,39.6,478.15
7,2026-05-05,11.89,266.78,110.22,15,5,0.55,0,0.0,0.0,0,39.6,655.84
8,2026-05-05,16.92,391.49,105.72,21,8,0.498,0,0.0,358.09,56,39.6,499.57
9,2026-05-05,18.02,409.53,115.92,19,10,0.925,0,0.0,77.56,25,39.6,644.39
10,2026-05-05,23.58,542.8,104.78,10,4,0.561,0,0.0,40.69,24,39.6,379.45
11,2026-05-05,29.52,690.24,166.25,11,5,0.497,0,0.0,177.22,26,39.6,642.63
12,2026-05-05,30.56,695.39,154.37,12,8,0.6,0,0.0,255.27,53,39.6,666.31
13,2026-05-05,24.05,518.11,63.83,21,8,0.95,0,0.0,91.09,34,39.6,579.16
14,2026-05-05,26.64,569.51,161.31,19,5,0.989,0,0.0,0.0,0,39.6,364.39
15,2026-05-05,29.2,632.68,81.01,18,7,0.983,0,0.0,167.5,31,39.6,814.1
16,2026-05-05,23.29,506.93,75.73,15,5,0.71,0,0.0,224.7,38,39.6,329.9
17,2026-05-05,26.21,567.34,138.3,23,4,0.368,0,0.0,351.43,58,39.6,359.51
18,2026-05-05,25.4,548.72,206.34,19,8,0.404,0,0.0,148.73,23,39.6,863.59
19,2026-05-05,23.92,504.64,209.41,26,7,0.422,0,0.0,149.55,26,39.6,725.14
20,2026-05-05,35.33,602.45,127.59,11,4,0.432,0,0.0,0.0,0,39.6,339.03
21,2026-05-05,33.66,572.56,189.03,28,6,0.182,0,0.0,249.56,40,39.6,915.72
22,2026-05-05,18.0,307.18,128.63,18,6,0.291,0,0.0,0.0,0,39.6,432.42
23,2026-05-05,33.49,573.4,97.5,23,8,0.419,0,0.0,46.12,17,39.6,654.33
24,2026-05-05,30.93,519.24,146.75,24,4,0.207,0,0.0,244.07,37,39.6,645.82
1,2026-05-06,19.83,371.28,94.05,12,6,0.68,0,0.0,279.49,41,6.0,322.23
2,2026-05-06,33.6,628.82,144.94,24,8,0.452,0,0.0,384.55,69,6.0,682.08
3,2026-05-06,25.94,479.1,95.44,16,8,0.587,0,0.0,42.07,17,6.0,383.09
4,2026-05-06,20.69,375.72,96.87,14,4,0.083,0,0.0,153.97,36,6.0,802.94
5,2026-05-06,22.72,425.52,135.36,22,8,0.301,0,0.0,220.66,51,6.0,812.75
6,2026-05-06,37.03,873.63,144.95,20,6,0.645,0,0.0,66.06,24,6.0,468.4
7,2026-05-06,14.3,320.91,87.44,14,5,0.189,0,0.0,271.51,53,6.0,646.79
8,2026-05-06,32.9,761.56,138.28,14,5,0.33,0,0.0,91.12,33,6.0,483.43
9,2026-05-06,20.78,472.37,144.01,14,5,0.02,0,0.0,91.49,26,6.0,628.3
10,2026-05-06,20.59,474.02,112.94,20,6,0.249,0,0.0,205.39,51,6.0,372.25
11,2026-05-06,19.1,446.72,154.34,17,6,0.631,0,0.0,67.7,17,6.0,641.52
12,2026-05-06,22.64,515.11,137.33,21,6,0.463,0,0.0,238.66,50,6.0,658.52
13,2026-05-06,15.04,324.18,91.54,13,3,0.88,0,0.0,194.97,49,6.0,562.01
14,2026-05-06,15.75,336.76,164.2,23,11,0.063,0,0.0,53.72,25,6.0,350.97
15,2026-05-06,24.58,532.61,106.48,10,6,0.649,0,0.0,272.82,49,6.0,795.9
16,2026-05-06,16.72,363.87,92.94,15,4,0.66,0,0.0,129.26,32,6.0,318.68
17,2026-05-06,28.36,614.03,97.37,27,8,0.851,0,0.0,48.59,24,6.0,356.51
18,2026-05-06,26.92,581.69,232.06,23,8,0.673,0,0.0,92.99,20,6.0,848.68
19,2026-05-06,22.18,468.13,224.03,25,9,0.745,0,0.0,131.85,26,6.0,709.44
20,2026-05-06,20.78,354.35,102.34,22,3,0.341,0,0.0,93.04,31,6.0,332.16
21,2026-05-06,26.53,451.21,211.18,12,8,0.093,0,0.0,241.43,41,6.0,903.03
22,2026-05-06,25.2,430.11,129.15,19,6,0.687,0,0.0,323.23,55,6.0,423.19
23,2026-05-06,28.35,485.49,138.4,21,8,0.62,0,0.0,202.17,31,6.0,639.62
24,2026-05-06,27.17,456.23,149.41,22,9,0.581,0,0.0,48.87,18,6.0,641.06
1,2026-05-07,23.69,443.66,103.63,12,4,0.467,0,0.0,60.39,21,7.4,329.23
2,2026-05-07,23.55,440.77,139.52,20,6,0.207,0,0.0,326.1,62,7.4,679.39
3,2026-05-07,27.72,512.03,87.83,14,4,0.461,0,0.0,68.43,23,7.4,381.66
4,2026-05-07,21.84,396.54,129.8,11,2,0.666,0,0.0,281.53,53,7.4,804.34
5,2026-05-07,28.25,529.1,113.07,22,7,0.044,0,0.0,47.21,25,7.4,811.85
6,2026-05-07,35.23,831.3,153.42,15,4,0.514,0,0.0,0.0,0,7.4,469.25
7,2026-05-07,33.8,758.67,78.45,18,6,0.984,0,0.0,296.54,61,7.4,644.82
8,2026-05-07,23.44,542.52,116.66,20,6,0.649,0,0.0,392.25,65,7.4,482.7
9,2026-05-07,20.22,459.75,128.34,17,6,0.201,0,0.0,56.71,18,7.4,631.48
10,2026-05-07,20.27,466.85,106.99,15,5,0.101,0,0.0,221.93,54,7.4,373.09
11,2026-05-07,11.5,268.94,152.47,14,4,0.215,0,0.0,144.72,20,7.4,632.2
12,2026-05-07,15.89,361.75,152.53,16,6,0.203,0,0.0,233.26,54,7.4,665.0
13,2026-05-07,19.22,414.27,79.85,12,4,0.706,0,0.0,98.99,33,7.4,569.35
14,2026-05-07,19.66,420.4,151.7,20,6,0.266,0,0.0,53.33,26,7.4,351.04
15,2026-05-07,18.81,407.62,106.86,21,6,0.552,0,0.0,258.68,40,7.4,803.83
16,2026-05-07,18.37,399.92,105.75,10,8,0.845,0,0.0,157.26,40,7.4,317.85
17,2026-05-07,19.18,415.21,115.37,17,6,0.77,0,0.0,227.87,46,7.4,360.36
18,2026-05-07,35.76,772.83,247.42,19,10,0.513,0,0.0,43.26,14,7.4,855.29
19,2026-05-07,20.84,439.87,197.61,23,6,0.732,0,0.0,151.77,26,7.4,718.57
20,2026-05-07,27.28,465.21,91.7,11,6,0.226,0,0.0,293.39,47,7.4,326.42
21,2026-05-07,19.94,339.23,162.96,24,3,0.249,0,0.0,96.8,28,7.4,912.14
22,2026-05-07,21.48,366.74,131.18,20,9,0.236,0,0.0,190.09,40,7.4,420.1
23,2026-05-07,33.29,570.12,154.45,26,6,0.559,0,0.0,141.08,27,7.4,642.47
24,2026-05-07,19.49,327.38,179.14,17,6,0.838,0,0.0,41.29,16,7.4,640.72
1,2026-05-08,13.62,255.07,116.11,8,5,0.087,0,0.0,319.12,47,8.8,325.74
2,2026-05-08,30.65,573.73,174.0,15,6,0.238,0,0.0,214.29,49,8.8,684.18
3,2026-05-08,15.28,282.22,108.34,14,6,0.157,0,0.0,197.45,34,8.8,383.98
4,2026-05-08,17.68,321.06,122.11,20,6,0.791,0,0.0,231.88,51,8.8,803.01
5,2026-05-08,22.21,416.02,152.74,19,6,0.884,0,0.0,49.09,21,8.8,812.34
6,2026-05-08,30.16,711.83,139.95,20,6,0.145,0,0.0,129.9,32,8.8,472.47
7,2026-05-08,21.29,478.06,78.32,14,3,0.794,0,0.0,94.11,31,8.8,645.18
8,2026-05-08,26.14,605.07,113.96,23,7,0.101,0,0.0,361.75,60,8.8,477.96
9,2026-05-08,26.67,606.3,139.87,9,3,0.783,0,0.0,74.8,23,8.8,631.11
10,2026-05-08,18.61,428.61,102.69,17,3,0.025,0,0.0,95.31,33,8.8,370.98
11,2026-05-08,15.7,367.21,166.89,16,7,0.104,0,0.0,44.9,14,8.8,630.28
12,2026-05-08,15.64,356.03,180.86,19,6,0.215,0,0.0,62.73,29,8.8,665.12
13,2026-05-08,30.92,666.49,93.93,12,3,0.198,0,0.0,233.8,58,8.8,567.34
14,2026-05-08,21.71,464.39,125.36,28,8,0.626,0,0.0,296.47,55,8.8,354.17
15,2026-05-08,23.91,518.09,108.36,11,4,0.099,0,0.0,97.86,27,8.8,800.19
16,2026-05-08,19.68,428.37,77.71,18,7,0.616,0,0.0,105.67,27,8.8,319.95
17,2026-05-08,30.11,652.01,117.54,19,4,0.741,0,0.0,235.35,41,8.8,360.49
18,2026-05-08,18.85,407.47,254.26,22,13,0.417,0,0.0,61.74,16,8.8,853.05
19,2026-05-08,32.22,680.18,167.83,30,11,0.927,0,0.0,106.17,22,8.8,719.11
20,2026-05-08,16.25,277.2,75.58,17,3,0.437,0,0.0,45.11,20,8.8,330.02
21,2026-05-08,36.46,620.34,124.27,24,2,0.842,0,0.0,76.35,28,8.8,909.63
22,2026-05-08,25.37,433.1,151.56,9,1,0.287,0,0.0,113.22,34,8.8,425.59
23,2026-05-08,27.32,467.92,136.7,18,6,0.887,0,0.0,76.62,19,8.8,640.99
24,2026-05-08,30.08,505.19,176.41,27,6,0.738,0,0.0,81.94,23,8.8,643.6
1,2026-05-09,18.41,344.9,89.06,22,5,0.016,0,0.0,43.23,19,10.2,326.38
2,2026-05-09,26.42,494.51,175.1,28,10,0.417,0,0.0,212.53,55,10.2,684.63
3,2026-05-09,21.43,395.86,88.16,24,6,0.045,0,0.0,52.38,19,10.2,379.61
4,2026-05-09,18.3,332.47,122.57,18,5,0.343,0,0.0,68.52,27,10.2,811.22
5,2026-05-09,25.81,483.49,162.69,23,7,0.161,0,0.0,43.92,26,10.2,811.66
6,2026-05-09,24.36,574.93,160.56,16,10,0.853,0,0.0,276.21,47,10.2,473.22
7,2026-05-09,18.94,425.17,93.01,16,4,0.008,0,0.0,0.0,0,10.2,642.4
8,2026-05-09,17.98,416.19,110.11,12,6,0.503,0,0.0,130.21,39,10.2,480.21
9,2026-05-09,24.81,564.08,169.25,11,4,0.993,0,0.0,274.02,44,10.2,632.94
10,2026-05-09,28.44,655.13,98.26,10,5,0.661,0,0.0,120.97,37,10.2,374.94
11,2026-05-09,20.97,490.55,111.17,19,4,0.243,0,0.0,123.27,23,10.2,632.36
12,2026-05-09,29.56,673.02,217.01,14,4,0.759,0,0.0,58.8,31,10.2,664.87
13,2026-05-09,18.7,403.11,71.44,18,6,0.511,0,0.0,60.8,29,10.2,566.91
14,2026-05-09,34.69,742.04,128.68,16,12,0.2,0,0.0,85.12,34,10.2,354.54
15,2026-05-09,17.99,390.02,114.31,15,5,0.078,0,0.0,73.26,23,10.2,803.52
16,2026-05-09,21.37,465.22,136.44,23,3,0.382,0,0.0,321.37,46,10.2,314.12
17,2026-05-09,33.32,721.62,110.24,18,4,0.74,0,0.0,116.69,35,10.2,357.77
18,2026-05-09,29.5,637.64,210.65,31,11,0.161,0,0.0,102.75,20,10.2,851.98
19,2026-05-09,35.89,757.54,162.32,21,8,0.462,0,0.0,338.48,38,10.2,719.72
20,2026-05-09,29.93,510.63,95.57,12,6,0.783,0,0.0,52.87,24,10.2,331.86
21,2026-05-09,17.18,292.28,121.95,23,4,0.648,0,0.0,40.62,22,10.2,905.54
22,2026-05-09,27.36,467.25,150.11,17,8,0.091,0,0.0,49.78,27,10.2,429.43
23,2026-05-09,24.15,413.63,163.76,13,10,0.125,0,0.0,40.5,14,10.2,642.22
24,2026-05-09,26.26,441.1,169.84,22,4,0.218,0,0.0,40.36,16,10.2,641.11
1,2026-05-10,16.16,302.71,77.63,18,4,0.992,0,0.0,0.0,0,11.6,332.28
2,2026-05-10,23.55,440.91,137.13,36,8,0.157,0,0.0,186.79,48,11.6,679.28
3,2026-05-10,17.76,328.2,114.91,12,3,0.091,0,0.0,394.13,48,11.6,382.79
4,2026-05-10,15.13,274.77,150.88,17,4,0.092,0,0.0,204.34,48,11.6,807.11
5,2026-05-10,25.33,474.61,147.74,18,8,0.979,0,0.0,48.76,26,11.6,808.85
6,2026-05-10,16.74,395.15,161.84,24,6,0.29,0,0.0,154.76,36,11.6,472.92
7,2026-05-10,25.63,575.44,93.79,13,6,0.668,0,0.0,151.6,40,11.6,650.96
8,2026-05-10,29.15,675.0,149.87,14,7,0.939,0,0.0,165.96,44,11.6,485.47
9,2026-05-10,23.45,533.36,181.45,16,3,0.126,0,0.0,381.8,49,11.6,635.24
10,2026-05-10,22.59,520.48,100.2,15,4,0.962,0,0.0,41.6,23,11.6,372.02
11,2026-05-10,18.43,431.09,98.5,26,5,0.384,0,0.0,0.0,0,11.6,638.45
12,2026-05-10,23.34,531.29,196.48,15,6,0.706,0,0.0,144.88,34,11.6,666.48
13,2026-05-10,19.77,426.19,94.4,14,3,0.075,0,0.0,296.67,53,11.6,570.23
14,2026-05-10,27.69,592.3,160.73,15,6,0.102,0,0.0,78.98,29,11.6,354.11
15,2026-05-10,28.74,623.04,102.07,22,3,0.974,0,0.0,41.05,18,11.6,802.28
16,2026-05-10,13.93,303.43,124.83,11,7,0.817,0,0.0,54.6,23,11.6,314.61
17,2026-05-10,22.03,477.07,107.07,13,7,0.654,0,0.0,318.21,51,11.6,355.5
18,2026-05-10,23.0,497.23,217.8,30,7,0.533,0,0.0,347.4,38,11.6,859.64
19,2026-05-10,29.24,617.23,157.11,31,7,0.24,0,0.0,47.09,15,11.6,721.45
20,2026-05-10,18.52,315.91,89.38,15,9,0.635,0,0.0,50.42,23,11.6,337.37
21,2026-05-10,34.05,579.44,118.1,23,8,0.538,0,0.0,72.98,23,11.6,906.1
22,2026-05-10,29.04,496.01,143.89,21,4,0.51,0,0.0,64.31,28,11.6,426.4
23,2026-05-10,29.69,508.58,165.24,23,9,0.983,0,0.0,115.09,23,11.6,645.02
24,2026-05-10,20.9,351.11,223.68,11,7,0.776,0,0.0,62.12,19,11.6,646.71
1,2026-05-11,12.09,226.56,82.23,14,8,0.865,0,0.0,273.02,39,13.0,323.58
2,2026-05-11,16.78,314.18,144.21,24,7,0.013,0,0.0,195.46,53,13.0,684.14
3,2026-05-11,16.93,312.85,103.12,20,6,0.338,0,0.0,118.27,27,13.0,379.18
4,2026-05-11,25.89,470.33,155.5,12,7,0.358,0,0.0,155.5,38,13.0,808.06
5,2026-05-11,25.09,470.15,188.58,24,9,0.379,0,0.0,273.58,55,13.0,811.69
6,2026-05-11,25.73,607.52,175.14,23,8,0.59,0,0.0,56.42,21,13.0,472.26
7,2026-05-11,22.15,497.42,133.61,10,7,0.605,0,0.0,47.81,24,13.0,650.06
8,2026-05-11,32.37,749.78,138.98,18,7,0.876,0,0.0,137.13,40,13.0,487.26
9,2026-05-11,13.97,317.78,169.0,19,8,0.492,0,0.0,134.12,30,13.0,633.92
10,2026-05-11,22.57,520.04,99.3,12,5,0.132,0,0.0,119.75,39,13.0,374.88
11,2026-05-11,20.52,480.18,89.95,19,2,0.455,0,0.0,51.05,13,13.0,637.4
12,2026-05-11,24.28,552.86,211.12,24,9,0.591,0,0.0,215.97,52,13.0,667.46
13,2026-05-11,16.98,366.17,93.47,13,4,0.964,0,0.0,209.82,52,13.0,573.92
14,2026-05-11,33.91,725.48,142.54,18,7,0.761,0,0.0,0.0,0,13.0,356.85
15,2026-05-11,15.66,339.58,92.02,15,5,0.574,0,0.0,88.81,25,13.0,805.26
16,2026-05-11,26.3,572.87,145.53,10,6,0.823,0,0.0,43.55,20,13.0,320.09
17,2026-05-11,24.13,522.68,133.41,15,8,0.061,0,0.0,329.4,50,13.0,355.71
18,2026-05-11,26.41,570.99,184.53,24,9,0.826,0,0.0,296.57,32,13.0,853.59
19,2026-05-11,35.7,753.81,179.82,24,9,0.313,0,0.0,201.2,33,13.0,718.35
20,2026-05-11,21.81,372.16,99.56,13,3,0.379,0,0.0,51.62,20,13.0,339.84
21,2026-05-11,32.81,558.48,114.07,20,6,0.155,0,0.0,75.9,25,13.0,909.8
22,2026-05-11,12.47,213.01,128.5,22,6,0.375,0,0.0,161.49,39,13.0,425.77
23,2026-05-11,19.44,333.11,191.84,20,9,0.909,0,0.0,70.2,19,13.0,648.78
24,2026-05-11,33.89,569.43,214.57,27,9,0.626,0,0.0,65.27,19,13.0,648.75
1,2026-05-12,29.47,552.24,84.32,13,4,0.718,0,0.0,48.12,20,14.4,332.29
2,2026-05-12,29.63,554.85,159.9,23,9,0.959,0,0.0,194.75,49,14.4,683.3
3,2026-05-12,28.7,530.35,129.64,15,5,0.357,0,0.0,41.75,18,14.4,385.72
4,2026-05-12,22.48,408.43,160.89,21,7,0.274,0,0.0,130.87,35,14.4,808.36
5,2026-05-12,25.93,485.91,218.05,13,7,0.789,0,0.0,55.0,28,14.4,810.56
6,2026-05-12,21.24,501.55,173.61,21,7,0.065,0,0.0,165.4,35,14.4,472.44
7,2026-05-12,25.15,564.9,156.76,17,7,0.533,0,0.0,70.24,28,14.4,650.09
8,2026-05-12,20.13,466.24,132.54,16,7,0.865,0,0.0,217.76,49,14.4,488.04
9,2026-05-12,15.78,358.97,159.13,20,7,0.672,0,0.0,248.95,39,14.4,632.64
10,2026-05-12,17.56,404.65,109.76,11,2,0.711,0,0.0,195.42,49,14.4,376.57
11,2026-05-12,27.5,643.46,84.71,15,6,0.963,0,0.0,331.98,40,14.4,640.78
12,2026-05-12,18.96,431.87,187.19,25,5,0.588,0,0.0,167.54,44,14.4,662.16
13,2026-05-12,25.07,540.62,111.24,8,3,0.618,0,0.0,43.3,25,14.4,572.46
14,2026-05-12,19.05,407.59,134.69,33,10,0.67,0,0.0,128.19,41,14.4,353.52
15,2026-05-12,20.09,435.66,106.85,7,7,0.445,0,0.0,49.42,22,14.4,806.86
16,2026-05-12,29.21,636.19,156.1,13,3,0.069,0,0.0,54.58,24,14.4,318.11
17,2026-05-12,22.43,486.0,126.67,17,5,0.067,0,0.0,89.93,31,14.4,360.84
18,2026-05-12,37.74,816.19,157.47,25,10,0.681,0,0.0,257.45,27,14.4,850.03
19,2026-05-12,27.53,581.38,176.63,19,7,0.309,0,0.0,239.69,37,14.4,718.85
20,2026-05-12,17.85,304.54,100.9,15,3,0.762,0,0.0,292.93,45,14.4,342.8
21,2026-05-12,30.45,518.26,80.15,23,5,0.424,0,0.0,47.4,19,14.4,909.44
22,2026-05-12,22.56,385.42,160.77,20,5,0.143,0,0.0,293.87,55,14.4,431.58
23,2026-05-12,16.1,275.86,183.68,24,6,0.569,0,0.0,77.64,19,14.4,643.18
24,2026-05-12,25.02,420.45,212.37,26,8,0.746,0,0.0,256.06,38,14.4,650.46
1,2026-05-13,21.61,405.08,72.69,18,5,0.37,0,0.0,120.66,27,15.8,327.75
2,2026-05-13,41.73,781.53,182.13,21,10,0.569,0,0.0,61.59,31,15.8,686.35
3,2026-05-13,16.65,307.81,128.97,17,7,0.684,0,0.0,49.54,17,15.8,381.05
4,2026-05-13,21.0,381.61,163.47,14,5,0.656,0,0.0,244.41,55,15.8,805.43
5,2026-05-13,21.94,411.11,190.0,24,7,0.574,0,0.0,381.09,59,15.8,813.4
6,2026-05-13,32.93,777.63,181.45,18,7,0.44,0,0.0,125.86,33,15.8,470.48
7,2026-05-13,20.55,461.6,167.59,8,6,0.891,0,0.0,235.8,48,15.8,649.49
8,2026-05-13,17.85,413.39,117.48,23,5,0.344,0,0.0,87.92,34,15.8,495.55
9,2026-05-13,27.27,620.29,115.03,23,4,0.388,0,0.0,172.22,39,15.8,636.74
10,2026-05-13,19.77,455.65,84.65,18,5,0.907,0,0.0,283.76,52,15.8,375.65
11,2026-05-13,31.37,734.09,104.46,14,5,0.113,0,0.0,51.1,13,15.8,637.23
12,2026-05-13,18.41,419.4,196.9,17,5,0.806,0,0.0,46.84,26,15.8,668.8
13,2026-05-13,19.52,420.95,71.52,18,5,0.644,0,0.0,93.76,35,15.8,571.62
14,2026-05-13,15.27,326.84,121.59,25,5,0.488,0,0.0,160.3,42,15.8,350.41
15,2026-05-13,31.03,672.98,86.51,17,8,0.396,0,0.0,61.55,23,15.8,807.84
16,2026-05-13,16.08,350.19,107.9,20,6,0.916,0,0.0,74.2,25,15.8,323.4
17,2026-05-13,21.49,465.5,121.68,17,7,0.246,0,0.0,87.64,31,15.8,358.07
18,2026-05-13,41.81,904.28,122.32,34,9,0.568,0,0.0,44.01,16,15.8,859.97
19,2026-05-13,42.45,896.46,159.93,37,11,0.193,0,0.0,184.17,30,15.8,715.16
20,2026-05-13,22.4,382.32,98.73,14,3,0.922,0,0.0,61.13,23,15.8,342.01
21,2026-05-13,29.95,509.81,70.69,22,6,0.394,0,0.0,0.0,0,15.8,907.62
22,2026-05-13,27.51,470.01,153.46,22,8,0.751,0,0.0,48.23,28,15.8,427.06
23,2026-05-13,29.49,505.35,158.78,28,7,0.167,0,0.0,201.36,26,15.8,648.47
24,2026-05-13,12.81,215.26,190.02,19,7,0.315,0,0.0,150.29,30,15.8,651.75
1,2026-05-14,17.68,331.46,99.15,13,4,0.338,0,0.0,393.25,46,17.2,327.14
2,2026-05-14,29.37,550.04,167.14,19,7,0.947,0,0.0,175.18,47,17.2,690.33
3,2026-05-14,21.7,401.2,153.55,13,3,0.591,0,0.0,145.58,29,17.2,385.86
4,2026-05-14,16.24,295.07,145.94,22,4,0.903,0,0.0,98.17,33,17.2,812.94
5,2026-05-14,29.87,559.9,218.75,22,7,0.221,0,0.0,104.49,35,17.2,817.18
6,2026-05-14,28.65,676.5,197.99,15,6,0.961,0,0.0,91.08,31,17.2,479.12
7,2026-05-14,14.77,331.89,167.24,15,4,0.1,0,0.0,369.88,55,17.2,652.55
8,2026-05-14,24.28,562.53,117.45,23,7,0.915,0,0.0,41.27,21,17.2,485.38
9,2026-05-14,24.74,562.96,124.58,13,6,0.889,0,0.0,361.15,51,17.2,628.64
10,2026-05-14,19.8,456.33,57.05,16,6,0.718,0,0.0,314.05,57,17.2,375.23
11,2026-05-14,30.19,706.64,80.06,12,4,0.772,0,0.0,56.21,14,17.2,634.79
12,2026-05-14,27.9,635.43,175.6,23,3,0.036,0,0.0,240.37,55,17.2,668.36
13,2026-05-14,18.68,402.99,74.8,12,7,0.103,0,0.0,211.14,52,17.2,572.47
14,2026-05-14,21.96,469.97,108.18,22,5,0.92,0,0.0,0.0,0,17.2,359.03
15,2026-05-14,20.38,441.96,75.76,22,8,0.242,0,0.0,94.17,26,17.2,804.56
16,2026-05-14,12.07,262.88,115.12,13,7,0.035,0,0.0,61.57,22,17.2,324.05
17,2026-05-14,17.13,371.2,83.92,19,6,0.153,0,0.0,47.16,21,17.2,361.5
18,2026-05-14,29.43,636.5,108.99,23,5,0.142,0,0.0,57.08,17,17.2,856.94
19,2026-05-14,26.49,559.59,173.38,16,10,0.702,0,0.0,67.59,19,17.2,722.5
20,2026-05-14,19.03,324.83,124.69,12,2,0.491,0,0.0,265.62,44,17.2,332.46
21,2026-05-14,24.04,409.3,114.2,12,11,0.334,0,0.0,326.97,49,17.2,910.34
22,2026-05-14,27.06,462.29,171.15,22,9,0.627,0,0.0,268.22,50,17.2,429.34
23,2026-05-14,25.77,441.69,150.75,29,10,0.736,0,0.0,278.16,35,17.2,645.99
24,2026-05-14,33.37,560.82,211.14,26,8,0.624,0,0.0,44.61,18,17.2,649.29
1,2026-05-15,17.7,331.88,98.04,10,4,0.804,0,0.0,325.47,46,18.6,330.53
2,2026-05-15,27.07,507.02,176.62,28,10,0.782,0,0.0,0.0,0,18.6,684.1
3,2026-05-15,18.32,338.67,136.92,21,5,0.38,0,0.0,360.01,41,18.6,383.32
4,2026-05-15,26.94,489.7,121.7,17,6,0.737,0,0.0,145.29,39,18.6,812.24
5,2026-05-15,14.39,269.78,195.02,25,6,0.157,0,0.0,98.46,34,18.6,812.25
6,2026-05-15,28.71,678.1,206.11,17,3,0.105,0,0.0,42.27,17,18.6,473.09
7,2026-05-15,24.12,541.94,174.97,13,6,0.515,0,0.0,259.18,51,18.6,652.32
8,2026-05-15,21.28,493.16,125.64,18,6,0.227,0,0.0,48.95,23,18.6,488.52
9,2026-05-15,30.49,693.69,120.32,11,2,0.778,0,0.0,164.07,31,18.6,630.71
10,2026-05-15,17.3,398.84,63.06,12,4,0.698,0,0.0,72.73,31,18.6,373.32
11,2026-05-15,24.0,561.78,62.71,15,2,0.164,0,0.0,175.66,25,18.6,640.59
12,2026-05-15,33.68,767.37,145.16,26,8,0.735,0,0.0,75.0,31,18.6,662.85
13,2026-05-15,14.02,302.47,76.48,14,5,0.329,0,0.0,125.63,40,18.6,575.28
14,2026-05-15,39.45,844.3,133.91,15,9,0.573,0,0.0,328.86,59,18.6,354.18
15,2026-05-15,11.38,246.81,60.44,13,5,0.863,0,0.0,303.76,48,18.6,806.75
16,2026-05-15,20.56,447.96,127.9,12,9,0.139,0,0.0,171.57,35,18.6,328.9
17,2026-05-15,24.55,532.08,88.11,19,5,0.29,0,0.0,153.98,38,18.6,361.31
18,2026-05-15,31.2,674.81,97.43,23,7,0.496,0,0.0,101.51,21,18.6,858.19
19,2026-05-15,23.4,494.36,213.28,17,6,0.969,0,0.0,193.97,31,18.6,722.49
20,2026-05-15,19.54,333.52,126.17,10,5,0.039,0,0.0,44.12,21,18.6,341.09
21,2026-05-15,30.58,520.67,160.45,13,4,0.311,0,0.0,58.98,24,18.6,912.95
22,2026-05-15,24.75,422.87,190.1,16,3,0.486,0,0.0,80.88,28,18.6,433.08
23,2026-05-15,29.6,507.38,187.79,17,8,0.817,0,0.0,61.4,17,18.6,648.63
24,2026-05-15,35.92,603.89,187.61,27,6,0.067,0,0.0,51.11,18,18.6,649.9
1,2026-05-16,26.4,495.01,116.36,13,7,0.729,0,0.0,70.32,22,20.0,330.57
2,2026-05-16,21.65,405.55,160.34,29,7,0.021,0,0.0,158.39,47,20.0,686.32
3,2026-05-16,21.94,405.72,138.05,14,4,0.668,0,0.0,284.38,46,20.0,385.52
4,2026-05-16,18.86,342.9,121.7,16,5,0.94,0,0.0,130.32,36,20.0,813.62
5,2026-05-16,31.46,589.75,169.18,26,7,0.026,0,0.0,229.43,51,20.0,814.25
6,2026-05-16,26.43,624.32,222.64,20,5,0.998,0,0.0,87.05,25,20.0,475.84
7,2026-05-16,12.95,290.92,146.42,19,6,0.946,0,0.0,260.76,52,20.0,660.38
8,2026-05-16,33.38,773.53,170.83,14,3,0.399,0,0.0,336.34,60,20.0,486.54
9,2026-05-16,33.86,770.65,124.46,20,8,0.507,0,0.0,378.44,46,20.0,632.82
10,2026-05-16,24.83,572.46,65.15,11,7,0.511,0,0.0,75.72,30,20.0,378.36
11,2026-05-16,19.86,464.92,72.39,7,3,0.816,0,0.0,88.89,19,20.0,637.37
12,2026-05-16,23.52,535.82,130.84,23,4,0.936,0,0.0,0.0,0,20.0,667.77
13,2026-05-16,24.98,538.93,79.86,10,2,0.51,0,0.0,92.81,34,20.0,572.71
14,2026-05-16,31.31,670.2,143.28,22,7,0.542,0,0.0,0.0,0,20.0,363.87
15,2026-05-16,26.84,582.35,59.01,16,5,0.924,0,0.0,49.19,20,20.0,807.06
16,2026-05-16,27.5,599.2,79.91,33,8,0.427,0,0.0,54.35,23,20.0,325.86
17,2026-05-16,22.38,484.97,79.92,16,6,0.349,0,0.0,79.87,28,20.0,362.16
18,2026-05-16,44.07,953.49,116.23,18,6,0.954,0,0.0,71.32,17,20.0,858.36
19,2026-05-16,44.25,934.87,243.92,18,7,0.582,0,0.0,338.04,43,20.0,725.63
20,2026-05-16,20.13,343.73,110.83,19,8,0.871,0,0.0,59.25,24,20.0,343.5
21,2026-05-16,26.31,448.11,154.65,21,5,0.027,0,0.0,285.22,46,20.0,914.31
22,2026-05-16,27.6,471.71,219.41,13,12,0.758,0,0.0,80.93,30,20.0,428.14
23,2026-05-16,33.66,577.04,163.94,25,6,0.496,0,0.0,397.58,43,20.0,649.62
24,2026-05-16,25.78,433.4,195.13,24,9,0.772,0,0.0,213.68,32,20.0,648.37
1,2026-05-17,18.52,347.29,144.78,11,6,0.406,0,0.0,119.41,30,21.4,331.99
2,2026-05-17,20.38,381.88,174.43,26,10,0.751,0,0.0,82.54,38,21.4,688.43
3,2026-05-17,17.32,320.36,131.05,20,8,0.983,0,0.0,112.35,28,21.4,389.29
4,2026-05-17,28.95,526.26,104.33,24,5,0.73,0,0.0,283.43,50,21.4,812.75
5,2026-05-17,26.64,499.47,144.24,20,8,0.952,0,0.0,80.41,34,21.4,819.99
6,2026-05-17,18.86,445.44,203.88,26,6,0.28,0,0.0,100.98,28,21.4,477.33
7,2026-05-17,21.81,490.11,138.86,17,7,0.243,0,0.0,153.51,39,21.4,650.97
8,2026-05-17,28.23,654.21,142.38,24,7,0.965,0,0.0,198.19,49,21.4,488.78
9,2026-05-17,21.3,484.78,90.45,22,5,0.987,0,0.0,95.67,27,21.4,643.66
10,2026-05-17,22.69,523.07,50.72,15,3,0.482,0,0.0,111.43,40,21.4,380.54
11,2026-05-17,19.42,454.78,85.32,12,3,0.766,0,0.0,219.4,28,21.4,633.45
12,2026-05-17,31.91,727.04,163.28,9,5,0.084,0,0.0,88.2,32,21.4,667.45
13,2026-05-17,18.69,403.38,80.75,20,4,0.875,0,0.0,192.51,47,21.4,577.25
14,2026-05-17,27.59,590.65,134.43,17,2,0.419,0,0.0,233.04,49,21.4,362.71
15,2026-05-17,28.74,623.64,53.01,17,6,0.434,0,0.0,51.12,22,21.4,802.43
16,2026-05-17,20.22,440.58,71.4,11,6,0.451,0,0.0,354.9,45,21.4,322.43
17,2026-05-17,28.36,614.71,108.56,17,7,0.498,0,0.0,111.39,36,21.4,363.97
18,2026-05-17,30.16,652.56,119.71,27,7,0.884,0,0.0,388.08,37,21.4,855.98
19,2026-05-17,20.61,435.56,236.76,31,9,0.855,0,0.0,90.44,21,21.4,724.2
20,2026-05-17,16.91,288.81,97.29,13,7,0.31,0,0.0,83.0,26,21.4,334.89
21,2026-05-17,16.43,279.77,147.42,19,5,0.972,0,0.0,115.7,33,21.4,913.1
22,2026-05-17,30.79,526.21,234.17,16,6,0.786,0,0.0,54.39,29,21.4,436.75
23,2026-05-17,36.44,624.84,196.78,22,7,0.797,0,0.0,137.4,25,21.4,649.17
24,2026-05-17,33.6,565.01,154.44,20,9,0.96,0,0.0,55.98,19,21.4,644.04
1,2026-05-18,16.67,312.65,145.37,15,7,0.641,0,0.0,40.28,17,22.8,332.0
2,2026-05-18,31.11,582.97,187.12,25,9,0.217,0,0.0,48.81,23,22.8,685.82
3,2026-05-18,26.31,486.57,149.79,13,8,0.111,0,0.0,42.93,16,22.8,390.36
4,2026-05-18,22.74,413.45,109.45,15,6,0.006,0,0.0,75.23,32,22.8,808.24
5,2026-05-18,27.13,508.8,117.98,32,9,0.186,0,0.0,66.2,31,22.8,814.11
6,2026-05-18,24.42,577.0,171.63,34,5,0.421,0,0.0,119.06,30,22.8,477.57
7,2026-05-18,17.44,391.95,111.39,25,3,0.095,0,0.0,49.79,24,22.8,653.22
8,2026-05-18,23.79,551.48,146.48,16,7,0.306,0,0.0,53.69,24,22.8,490.53
9,2026-05-18,17.71,403.07,86.52,19,8,0.817,0,0.0,0.0,0,22.8,638.74
10,2026-05-18,17.41,401.56,43.24,18,2,0.554,0,0.0,148.29,41,22.8,378.06
11,2026-05-18,23.6,552.69,83.94,18,5,0.75,0,0.0,40.62,14,22.8,639.21
12,2026-05-18,36.92,841.49,138.03,22,4,0.462,0,0.0,44.8,23,22.8,667.09
13,2026-05-18,18.22,393.25,77.18,10,6,0.21,0,0.0,47.76,24,22.8,574.55
14,2026-05-18,18.46,395.33,162.92,18,7,0.44,0,0.0,61.54,27,22.8,357.53
15,2026-05-18,16.43,356.46,40.84,12,5,0.636,0,0.0,160.05,35,22.8,804.25
16,2026-05-18,18.31,399.08,70.14,16,6,0.975,0,0.0,58.78,21,22.8,321.52
17,2026-05-18,25.85,560.4,102.51,16,6,0.199,0,0.0,141.89,37,22.8,361.79
18,2026-05-18,31.64,684.63,140.52,20,6,0.016,0,0.0,373.79,35,22.8,861.8
19,2026-05-18,23.96,506.41,213.7,27,6,0.464,0,0.0,205.04,33,22.8,726.79
20,2026-05-18,15.73,268.71,95.98,16,4,0.623,0,0.0,115.87,31,22.8,344.06
21,2026-05-18,17.51,298.32,183.02,14,7,0.695,0,0.0,139.31,39,22.8,911.02
22,2026-05-18,23.17,396.03,210.46,20,5,0.369,0,0.0,280.39,52,22.8,435.28
23,2026-05-18,21.86,374.9,164.03,23,11,0.385,0,0.0,103.93,24,22.8,645.8
24,2026-05-18,33.28,559.66,168.76,26,10,0.441,0,0.0,129.02,29,22.8,644.55
1,2026-05-19,15.09,283.11,138.66,16,3,0.943,0,0.0,245.36,37,24.2,334.23
2,2026-05-19,30.72,575.79,194.86,25,6,0.418,0,0.0,104.86,38,24.2,690.14
3,2026-05-19,18.85,348.62,118.71,23,7,0.959,0,0.0,172.5,30,24.2,387.89
4,2026-05-19,23.28,423.39,96.18,26,9,0.862,0,0.0,120.28,34,24.2,809.15
5,2026-05-19,33.94,636.47,130.43,22,6,0.418,0,0.0,52.95,26,24.2,821.14
6,2026-05-19,28.34,669.76,153.81,17,6,0.117,0,0.0,44.37,21,24.2,477.17
7,2026-05-19,26.53,596.31,106.56,17,5,0.65,0,0.0,184.72,45,24.2,646.14
8,2026-05-19,16.96,393.16,183.79,16,9,0.812,0,0.0,117.3,36,24.2,497.3
9,2026-05-19,27.25,620.45,113.16,13,3,0.6,0,0.0,97.22,28,24.2,639.5
10,2026-05-19,16.4,378.12,58.5,11,4,0.719,0,0.0,126.69,37,24.2,379.37
11,2026-05-19,9.05,211.83,78.14,16,5,0.959,0,0.0,222.7,30,24.2,640.04
12,2026-05-19,34.63,789.28,158.85,18,3,0.581,0,0.0,267.26,53,24.2,668.06
13,2026-05-19,16.54,357.06,116.95,12,3,0.778,0,0.0,318.91,61,24.2,578.47
14,2026-05-19,28.27,605.35,142.86,22,5,0.54,0,0.0,344.89,57,24.2,358.68
15,2026-05-19,22.24,482.55,72.76,12,3,0.401,0,0.0,267.82,44,24.2,812.62
16,2026-05-19,47.64,1038.45,60.18,17,6,0.765,0,0.0,233.5,41,24.2,327.27
17,2026-05-19,22.82,494.68,68.62,20,5,0.172,0,0.0,47.47,23,24.2,362.42
18,2026-05-19,23.74,513.75,151.57,16,9,0.311,0,0.0,213.94,30,24.2,863.27
19,2026-05-19,19.74,417.24,199.64,21,14,0.014,0,0.0,112.37,24,24.2,722.49
20,2026-05-19,25.69,438.73,74.35,18,3,0.645,0,0.0,366.28,54,24.2,341.18
21,2026-05-19,26.67,454.38,182.21,17,8,0.169,0,0.0,0.0,0,24.2,914.67
22,2026-05-19,17.99,307.62,199.59,22,6,0.499,0,0.0,219.08,48,24.2,431.2
23,2026-05-19,32.1,550.56,159.15,16,8,0.736,0,0.0,54.07,16,24.2,644.35
24,2026-05-19,34.51,580.43,129.52,21,6,0.537,0,0.0,67.18,21,24.2,649.52
1,2026-05-20,15.79,296.21,129.13,19,7,0.553,0,0.0,376.69,47,25.6,340.05
2,2026-05-20,29.19,547.04,173.97,27,11,0.085,0,0.0,143.88,43,25.6,693.21
3,2026-05-20,27.99,517.83,131.04,16,4,0.661,0,0.0,204.57,34,25.6,393.55
4,2026-05-20,29.93,544.35,95.0,13,4,0.926,0,0.0,92.63,30,25.6,812.86
5,2026-05-20,23.63,443.16,139.04,15,11,0.582,0,0.0,60.02,27,25.6,820.23
6,2026-05-20,35.51,839.25,153.59,25,5,0.712,0,0.0,195.49,40,25.6,477.58
7,2026-05-20,24.4,548.53,103.06,17,3,0.612,0,0.0,253.83,46,25.6,650.92
8,2026-05-20,33.38,773.86,168.91,20,7,0.3,0,0.0,41.14,22,25.6,493.95
9,2026-05-20,29.53,672.41,121.79,13,3,0.082,0,0.0,154.22,33,25.6,639.03
10,2026-05-20,22.74,524.49,78.4,10,5,0.167,0,0.0,194.23,43,25.6,378.68
11,2026-05-20,21.7,508.18,62.85,16,5,0.875,0,0.0,94.52,18,25.6,642.42
12,2026-05-20,11.98,273.0,147.07,18,3,0.16,0,0.0,119.25,36,25.6,668.6
13,2026-05-20,30.83,665.57,127.93,6,6,0.337,0,0.0,56.61,25,25.6,578.65
14,2026-05-20,22.94,491.36,171.44,21,7,0.62,0,0.0,0.0,0,25.6,364.82
15,2026-05-20,23.3,505.71,89.06,12,3,0.133,0,0.0,348.76,47,25.6,805.83
16,2026-05-20,15.33,334.33,87.67,8,4,0.131,0,0.0,66.53,26,25.6,323.07
17,2026-05-20,21.86,474.09,113.07,16,4,0.872,0,0.0,142.05,36,25.6,364.91
18,2026-05-20,35.09,759.56,165.19,19,11,0.096,0,0.0,284.3,34,25.6,857.7
19,2026-05-20,38.56,815.13,194.45,28,9,0.974,0,0.0,300.58,38,25.6,730.52
20,2026-05-20,21.86,373.35,66.86,16,6,0.784,0,0.0,66.28,26,25.6,342.56
21,2026-05-20,26.23,446.87,211.18,17,6,0.548,0,0.0,328.23,48,25.6,914.83
22,2026-05-20,19.79,338.42,177.31,23,6,0.625,0,0.0,216.62,51,25.6,435.18
23,2026-05-20,26.58,455.91,167.91,25,14,0.384,0,0.0,161.67,26,25.6,647.59
24,2026-05-20,27.51,462.75,157.65,19,5,0.622,0,0.0,75.57,20,25.6,653.21
1,2026-05-21,20.27,380.35,108.3,21,5,0.949,0,0.0,44.3,18,27.0,333.06
2,2026-05-21,28.04,525.68,178.84,18,10,0.59,0,0.0,91.67,34,27.0,691.22
3,2026-05-21,17.8,329.38,98.55,21,6,0.221,0,0.0,85.11,23,27.0,390.68
4,2026-05-21,21.16,384.95,79.75,18,5,0.654,0,0.0,138.49,38,27.0,816.18
5,2026-05-21,38.83,728.41,130.72,29,6,0.911,0,0.0,0.0,0,27.0,813.16
6,2026-05-21,42.15,996.22,140.23,18,5,0.825,0,0.0,89.04,25,27.0,484.04
7,2026-05-21,35.0,786.87,107.1,13,5,0.769,0,0.0,187.85,45,27.0,656.22
8,2026-05-21,21.39,495.88,167.16,20,8,0.032,0,0.0,52.01,25,27.0,485.36
9,2026-05-21,26.78,609.9,124.01,16,5,0.844,0,0.0,213.55,33,27.0,640.26
10,2026-05-21,25.13,579.75,81.6,9,3,0.876,0,0.0,316.43,58,27.0,386.36
11,2026-05-21,25.3,592.59,107.55,8,4,0.946,0,0.0,134.7,23,27.0,637.84
12,2026-05-21,32.98,751.93,161.31,17,5,0.993,0,0.0,41.75,21,27.0,674.54
13,2026-05-21,15.54,335.48,137.24,13,6,0.867,0,0.0,186.36,51,27.0,572.52
14,2026-05-21,22.01,471.33,165.07,21,7,0.026,0,0.0,225.03,50,27.0,361.34
15,2026-05-21,15.68,340.32,106.7,15,9,0.014,0,0.0,61.07,22,27.0,806.21
16,2026-05-21,21.89,477.31,116.58,12,5,0.752,0,0.0,128.27,30,27.0,321.69
17,2026-05-21,21.37,463.48,131.75,12,6,0.851,0,0.0,218.61,45,27.0,357.48
18,2026-05-21,24.56,531.66,213.03,19,8,0.203,0,0.0,303.77,36,27.0,860.74
19,2026-05-21,37.82,799.56,183.06,24,7,0.735,0,0.0,95.28,24,27.0,729.25
20,2026-05-21,21.16,361.48,63.22,17,5,0.867,0,0.0,176.17,43,27.0,343.56
21,2026-05-21,16.68,284.3,161.37,28,8,0.857,0,0.0,0.0,0,27.0,912.89
22,2026-05-21,28.57,488.52,187.88,25,8,0.646,0,0.0,190.95,45,27.0,431.61
23,2026-05-21,35.73,612.9,155.37,26,8,0.155,0,0.0,308.89,32,27.0,645.34
24,2026-05-21,35.21,592.3,120.93,28,5,0.791,0,0.0,146.68,28,27.0,649.33
1,2026-05-22,21.64,406.05,101.75,15,3,0.132,0,0.0,66.05,24,28.4,330.5
2,2026-05-22,29.23,548.09,178.63,23,9,0.153,0,0.0,88.21,36,28.4,695.84
3,2026-05-22,27.86,515.51,121.3,13,6,0.36,0,0.0,216.65,34,28.4,389.46
4,2026-05-22,33.38,607.15,100.76,10,5,0.86,0,0.0,70.78,30,28.4,813.85
5,2026-05-22,28.41,533.11,139.99,15,12,0.22,0,0.0,245.66,54,28.4,817.89
6,2026-05-22,21.83,516.12,135.05,17,8,0.882,0,0.0,0.0,0,28.4,475.78
7,2026-05-22,20.88,469.64,103.95,13,8,0.855,0,0.0,60.89,29,28.4,650.88
8,2026-05-22,20.91,484.79,172.43,19,5,0.527,0,0.0,263.81,49,28.4,493.67
9,2026-05-22,18.44,419.9,126.92,12,5,0.395,0,0.0,106.11,27,28.4,637.6
10,2026-05-22,14.82,341.87,102.04,10,5,0.495,0,0.0,173.33,45,28.4,383.13
11,2026-05-22,21.98,514.94,127.63,14,7,0.999,0,0.0,191.45,26,28.4,637.8
12,2026-05-22,24.38,555.98,168.95,18,8,0.427,0,0.0,364.35,57,28.4,663.48
13,2026-05-22,20.6,444.85,133.37,14,6,0.229,0,0.0,0.0,0,28.4,575.56
14,2026-05-22,29.95,641.65,173.2,22,8,0.955,0,0.0,283.57,52,28.4,361.28
15,2026-05-22,17.16,372.43,126.43,11,6,0.156,0,0.0,109.8,32,28.4,807.78
16,2026-05-22,22.72,495.36,124.38,17,5,0.955,0,0.0,65.99,23,28.4,322.62
17,2026-05-22,28.38,615.55,117.59,18,5,0.231,0,0.0,44.24,22,28.4,360.65
18,2026-05-22,18.33,396.81,249.63,22,8,0.001,0,0.0,212.68,29,28.4,864.48
19,2026-05-22,23.6,498.98,190.17,31,8,0.814,0,0.0,0.0,0,28.4,725.44
20,2026-05-22,22.61,386.28,53.62,12,5,0.637,0,0.0,97.05,32,28.4,339.65
21,2026-05-22,22.65,386.04,79.94,33,8,0.955,0,0.0,126.08,28,28.4,911.32
22,2026-05-22,31.11,532.09,125.45,20,5,0.044,0,0.0,102.23,33,28.4,430.96
23,2026-05-22,21.76,373.22,152.75,27,11,0.293,0,0.0,46.5,14,28.4,648.24
24,2026-05-22,26.25,441.6,108.96,22,10,0.49,0,0.0,208.03,35,28.4,655.27
1,2026-05-23,22.18,416.27,101.95,15,3,0.915,0,0.0,107.32,26,29.8,333.39
2,2026-05-23,33.61,630.24,169.6,23,8,0.585,0,0.0,342.01,58,29.8,688.89
3,2026-05-23,22.26,411.88,104.28,18,1,0.071,0,0.0,67.29,20,29.8,393.18
4,2026-05-23,15.81,287.64,89.18,22,5,0.12,0,0.0,52.17,24,29.8,818.37
5,2026-05-23,20.37,382.26,137.29,17,9,0.948,0,0.0,260.54,51,29.8,814.02
6,2026-05-23,31.15,736.46,148.22,27,8,0.821,0,0.0,174.87,37,29.8,479.11
7,2026-05-23,26.05,585.97,108.34,13,4,0.854,0,0.0,221.5,50,29.8,655.58
8,2026-05-23,23.7,549.55,143.26,28,7,0.175,0,0.0,294.99,53,29.8,491.47
9,2026-05-23,18.05,411.06,87.44,18,6,0.008,0,0.0,291.38,44,29.8,637.22
10,2026-05-23,16.52,381.12,99.78,15,5,0.489,0,0.0,212.34,50,29.8,372.32
11,2026-05-23,23.87,559.23,129.9,9,5,0.873,0,0.0,303.38,33,29.8,638.03
12,2026-05-23,23.93,545.68,133.07,25,5,0.825,0,0.0,324.79,57,29.8,672.32
13,2026-05-23,12.26,264.66,134.6,15,2,0.298,0,0.0,78.19,32,29.8,581.35
14,2026-05-23,24.38,522.35,210.5,21,8,0.997,0,0.0,148.31,36,29.8,368.96
15,2026-05-23,16.9,366.93,112.82,16,5,0.107,0,0.0,49.18,19,29.8,808.42
16,2026-05-23,11.61,253.23,111.2,15,2,0.42,0,0.0,169.85,35,29.8,332.36
17,2026-05-23,17.77,385.37,99.17,19,4,0.244,0,0.0,52.22,22,29.8,364.41
18,2026-05-23,22.4,485.01,263.83,27,6,0.475,0,0.0,129.97,23,29.8,858.57
19,2026-05-23,37.56,794.26,155.82,27,10,0.863,0,0.0,104.06,23,29.8,727.58
20,2026-05-23,22.24,380.07,55.26,13,4,0.067,0,0.0,77.01,28,29.8,347.54
21,2026-05-23,21.72,370.19,96.09,16,6,0.424,0,0.0,96.78,28,29.8,913.06
22,2026-05-23,34.11,583.38,136.5,18,9,0.641,0,0.0,307.16,62,29.8,430.63
23,2026-05-23,32.76,562.13,147.7,24,11,0.496,0,0.0,220.68,27,29.8,650.4
24,2026-05-23,21.84,367.43,79.93,22,7,0.387,0,0.0,358.39,41,29.8,651.41
1,2026-05-24,27.61,518.11,88.53,20,5,0.597,0,0.0,137.78,28,31.2,334.12
2,2026-05-24,20.52,384.71,164.39,30,8,0.477,0,0.0,40.68,23,31.2,688.71
3,2026-05-24,30.34,561.6,83.55,16,4,0.838,0,0.0,377.0,46,31.2,384.07
4,2026-05-24,24.48,445.33,76.82,19,5,0.057,0,0.0,144.7,37,31.2,808.65
5,2026-05-24,37.9,711.25,149.53,18,9,0.417,0,0.0,68.83,32,31.2,817.25
6,2026-05-24,24.39,576.79,132.62,22,3,0.541,0,0.0,0.0,0,31.2,477.39
7,2026-05-24,22.36,503.02,97.13,17,6,0.451,0,0.0,0.0,0,31.2,658.11
8,2026-05-24,26.65,618.15,144.18,21,6,0.719,0,0.0,110.05,36,31.2,491.98
9,2026-05-24,23.73,540.6,91.53,7,7,0.012,0,0.0,0.0,0,31.2,634.82
10,2026-05-24,13.44,310.04,79.09,12,5,0.973,0,0.0,222.24,49,31.2,381.81
11,2026-05-24,11.21,262.77,106.16,21,5,0.851,0,0.0,85.66,18,31.2,643.97
12,2026-05-24,24.66,562.47,139.41,17,7,0.199,0,0.0,59.81,27,31.2,668.24
13,2026-05-24,17.47,377.27,118.15,16,4,0.904,0,0.0,326.76,66,31.2,575.5
14,2026-05-24,22.47,481.49,214.36,19,6,0.599,0,0.0,164.34,43,31.2,363.72
15,2026-05-24,21.6,469.03,114.77,12,6,0.379,0,0.0,155.33,31,31.2,808.79
16,2026-05-24,19.22,419.23,132.84,11,6,0.049,0,0.0,376.63,50,31.2,321.25
17,2026-05-24,13.98,303.21,126.23,20,4,0.928,0,0.0,97.01,32,31.2,367.92
18,2026-05-24,24.39,528.18,241.94,29,8,0.231,0,0.0,70.29,18,31.2,863.23
19,2026-05-24,29.28,619.26,137.04,29,11,0.451,0,0.0,127.65,27,31.2,728.81
20,2026-05-24,21.58,368.78,96.01,14,7,0.83,0,0.0,61.98,23,31.2,342.02
21,2026-05-24,38.59,657.82,110.58,16,7,0.899,0,0.0,66.96,23,31.2,912.74
22,2026-05-24,34.74,594.32,126.05,23,3,0.94,0,0.0,129.3,34,31.2,434.7
23,2026-05-24,34.02,583.83,165.1,24,10,0.765,0,0.0,258.77,33,31.2,643.56
24,2026-05-24,36.48,613.91,96.41,14,7,0.038,0,0.0,381.99,44,31.2,653.93
1,2026-05-25,19.9,373.46,101.34,17,4,0.544,0,0.0,235.22,42,32.6,335.59
2,2026-05-25,26.53,497.61,142.69,28,8,0.933,0,0.0,208.69,49,32.6,690.43
3,2026-05-25,19.43,359.57,82.4,18,5,0.557,0,0.0,194.04,32,32.6,393.79
4,2026-05-25,11.36,206.73,97.22,13,6,0.936,0,0.0,41.72,23,32.6,807.73
5,2026-05-25,18.22,342.05,148.87,19,9,0.951,0,0.0,143.36,44,32.6,822.97
6,2026-05-25,23.76,561.83,137.84,20,8,0.817,0,0.0,60.44,21,32.6,477.98
7,2026-05-25,16.39,368.7,107.27,17,4,0.512,0,0.0,190.58,45,32.6,652.63
8,2026-05-25,24.86,576.65,145.14,16,10,0.608,0,0.0,40.25,23,32.6,495.12
9,2026-05-25,19.57,445.85,111.11,18,6,0.785,0,0.0,50.1,20,32.6,640.71
10,2026-05-25,16.08,371.17,90.87,13,3,0.22,0,0.0,131.07,38,32.6,382.68
11,2026-05-25,16.91,396.37,97.51,15,6,0.094,0,0.0,352.22,35,32.6,640.49
12,2026-05-25,23.6,538.31,163.65,17,6,0.756,0,0.0,338.89,56,32.6,671.81
13,2026-05-25,21.46,463.4,102.92,15,6,0.663,0,0.0,59.86,29,32.6,576.77
14,2026-05-25,29.02,621.85,204.42,23,7,0.804,0,0.0,68.72,28,32.6,365.42
15,2026-05-25,15.24,330.95,130.66,13,5,0.574,0,0.0,96.5,25,32.6,804.01
16,2026-05-25,22.75,496.26,131.28,15,4,0.491,0,0.0,53.6,22,32.6,325.09
17,2026-05-25,24.13,523.63,135.57,15,6,0.851,0,0.0,82.49,26,32.6,368.42
18,2026-05-25,24.37,527.82,245.87,25,10,0.229,0,0.0,168.43,29,32.6,864.64
19,2026-05-25,36.92,780.82,156.68,20,7,0.509,0,0.0,68.94,19,32.6,731.4
20,2026-05-25,17.9,305.87,86.69,14,3,0.768,0,0.0,179.39,39,32.6,352.22
21,2026-05-25,43.01,733.27,82.8,25,4,0.044,0,0.0,135.22,33,32.6,918.37
22,2026-05-25,31.9,545.77,131.78,17,5,0.113,0,0.0,220.7,44,32.6,433.31
23,2026-05-25,29.81,511.5,199.25,18,9,0.728,0,0.0,103.67,22,32.6,646.08
24,2026-05-25,26.93,453.25,108.01,25,11,0.555,0,0.0,70.79,21,32.6,653.56
1,2026-05-26,20.76,389.71,96.93,11,5,0.046,0,0.0,192.78,33,34.0,336.52
2,2026-05-26,28.05,526.15,134.73,30,8,0.308,0,0.0,79.97,33,34.0,693.73
3,2026-05-26,22.53,417.07,85.61,15,4,0.659,0,0.0,44.79,18,34.0,388.57
4,2026-05-26,26.7,485.9,86.44,19,8,0.01,0,0.0,44.86,23,34.0,809.83
5,2026-05-26,20.15,378.16,141.7,23,6,0.497,0,0.0,75.12,32,34.0,822.18
6,2026-05-26,33.52,792.78,161.09,14,6,0.718,0,0.0,122.3,30,34.0,482.38
7,2026-05-26,18.47,415.45,118.19,13,5,0.124,0,0.0,122.03,35,34.0,656.64
8,2026-05-26,33.44,775.71,154.97,23,5,0.311,0,0.0,44.04,24,34.0,491.04
9,2026-05-26,27.82,633.9,100.54,27,2,0.83,0,0.0,49.86,20,34.0,634.87
10,2026-05-26,21.75,501.92,85.84,13,5,0.202,0,0.0,0.0,0,34.0,381.25
11,2026-05-26,12.21,286.26,91.79,15,5,0.278,0,0.0,95.04,20,34.0,639.96
12,2026-05-26,29.73,678.09,144.63,23,7,0.457,0,0.0,69.68,28,34.0,672.33
13,2026-05-26,18.49,399.42,74.68,22,5,0.573,0,0.0,240.0,55,34.0,579.29
14,2026-05-26,26.68,571.72,232.0,18,6,0.042,0,0.0,56.8,24,34.0,357.09
15,2026-05-26,22.7,492.98,124.16,20,4,0.844,0,0.0,49.62,22,34.0,808.8
16,2026-05-26,20.65,450.51,105.62,17,4,0.712,0,0.0,56.58,22,34.0,323.89
17,2026-05-26,25.44,551.92,161.33,13,4,0.963,0,0.0,166.19,35,34.0,362.18
18,2026-05-26,33.59,727.55,273.53,24,10,0.157,0,0.0,188.67,27,34.0,865.35
19,2026-05-26,36.81,778.59,166.11,22,13,0.348,0,0.0,185.05,32,34.0,729.83
20,2026-05-26,17.62,301.26,87.78,12,4,0.864,0,0.0,142.34,35,34.0,346.98
21,2026-05-26,21.71,370.21,82.46,18,7,0.013,0,0.0,295.09,48,34.0,912.95
22,2026-05-26,26.75,457.73,122.78,19,5,0.912,0,0.0,212.5,44,34.0,441.03
23,2026-05-26,28.86,495.34,154.29,24,6,0.265,0,0.0,66.04,16,34.0,646.03
24,2026-05-26,32.85,552.94,135.77,12,11,0.181,0,0.0,42.24,17,34.0,654.92
1,2026-05-27,25.93,486.86,81.51,17,8,0.656,0,0.0,129.34,27,35.4,336.02
2,2026-05-27,31.94,599.08,152.03,25,8,0.331,0,0.0,119.99,38,35.4,693.36
3,2026-05-27,21.59,399.7,92.71,21,5,0.839,0,0.0,195.87,30,35.4,391.35
4,2026-05-27,24.73,450.22,97.77,14,5,0.134,0,0.0,0.0,0,35.4,810.33
5,2026-05-27,20.12,377.68,147.81,23,8,0.559,0,0.0,256.81,53,35.4,819.97
6,2026-05-27,31.44,743.59,155.0,18,9,0.857,0,0.0,103.88,25,35.4,483.08
7,2026-05-27,23.06,518.87,130.34,15,3,0.004,0,0.0,148.86,39,35.4,656.44
8,2026-05-27,30.81,714.89,144.42,16,6,0.213,0,0.0,102.28,34,35.4,493.93
9,2026-05-27,11.78,268.41,97.54,14,5,0.856,0,0.0,98.07,26,35.4,639.03
10,2026-05-27,16.88,389.65,77.27,18,5,0.486,0,0.0,103.5,40,35.4,380.01
11,2026-05-27,32.28,756.61,91.66,16,5,0.805,0,0.0,51.85,15,35.4,641.4
12,2026-05-27,21.4,488.27,155.19,19,5,0.004,0,0.0,41.52,24,35.4,665.62
13,2026-05-27,24.98,539.62,71.75,11,5,0.632,0,0.0,175.51,45,35.4,583.28
14,2026-05-27,22.74,487.52,205.56,29,8,0.849,0,0.0,112.67,34,35.4,362.72
15,2026-05-27,16.07,348.97,128.98,19,4,0.525,0,0.0,285.43,40,35.4,810.19
16,2026-05-27,17.77,387.64,129.24,14,7,0.695,0,0.0,161.48,35,35.4,327.69
17,2026-05-27,27.48,596.28,160.4,22,4,0.05,0,0.0,45.48,22,35.4,365.15
18,2026-05-27,32.43,702.51,275.1,24,5,0.018,0,0.0,83.54,17,35.4,864.41
19,2026-05-27,34.68,733.61,193.26,28,8,0.135,0,0.0,286.79,37,35.4,728.28
20,2026-05-27,17.55,299.95,81.38,10,4,0.152,0,0.0,108.66,35,35.4,345.17
21,2026-05-27,21.91,373.59,60.92,22,10,0.327,0,0.0,42.8,20,35.4,913.97
22,2026-05-27,29.94,512.38,137.29,17,5,0.334,0,0.0,185.05,44,35.4,433.37
23,2026-05-27,31.33,537.72,161.68,25,8,0.195,0,0.0,99.28,19,35.4,654.1
24,2026-05-27,18.38,309.48,109.65,27,7,0.473,0,0.0,131.05,28,35.4,654.6
1,2026-05-28,21.93,411.76,95.37,12,3,0.997,0,0.0,90.4,24,36.8,338.31
2,2026-05-28,32.71,613.76,162.16,21,7,0.33,0,0.0,230.72,55,36.8,690.43
3,2026-05-28,23.14,428.5,92.57,14,5,0.842,0,0.0,55.67,17,36.8,385.76
4,2026-05-28,16.07,292.61,101.37,10,7,0.354,0,0.0,213.04,45,36.8,814.72
5,2026-05-28,25.88,485.86,140.76,21,5,0.95,0,0.0,138.29,42,36.8,820.17
6,2026-05-28,25.48,602.67,168.59,15,8,0.151,0,0.0,391.37,46,36.8,477.57
7,2026-05-28,23.29,524.08,109.36,18,3,0.797,0,0.0,46.92,25,36.8,656.36
8,2026-05-28,20.64,478.92,152.61,19,5,0.972,0,0.0,111.98,37,36.8,494.86
9,2026-05-28,25.66,584.73,102.7,19,3,0.75,0,0.0,197.18,35,36.8,638.08
10,2026-05-28,18.3,422.57,72.46,16,5,0.635,0,0.0,387.07,64,36.8,386.3
11,2026-05-28,21.21,497.17,91.59,14,6,0.262,0,0.0,44.59,14,36.8,639.8
12,2026-05-28,25.05,571.56,127.48,18,2,0.781,0,0.0,98.3,36,36.8,668.24
13,2026-05-28,21.11,456.06,75.46,12,7,0.969,0,0.0,327.48,67,36.8,579.81
14,2026-05-28,32.11,688.36,191.12,17,6,0.138,0,0.0,139.11,38,36.8,360.38
15,2026-05-28,17.51,380.43,148.89,18,5,0.603,0,0.0,234.72,39,36.8,810.04
16,2026-05-28,22.19,484.24,127.54,24,5,0.681,0,0.0,41.67,19,36.8,325.6
17,2026-05-28,19.75,428.76,159.94,19,8,0.067,0,0.0,243.33,48,36.8,361.98
18,2026-05-28,32.22,698.03,228.97,30,4,0.135,0,0.0,188.14,26,36.8,858.95
19,2026-05-28,24.95,527.92,221.58,18,7,0.636,0,0.0,240.26,35,36.8,730.61
20,2026-05-28,16.61,284.03,59.5,18,3,0.842,0,0.0,78.83,30,36.8,348.01
21,2026-05-28,30.09,513.19,120.34,12,5,0.06,0,0.0,146.14,33,36.8,914.05
22,2026-05-28,22.06,377.59,122.01,26,6,0.93,0,0.0,384.75,61,36.8,437.31
23,2026-05-28,25.01,429.29,179.58,20,8,0.96,0,0.0,45.5,15,36.8,645.76
24,2026-05-28,28.88,486.25,139.15,21,6,0.405,0,0.0,164.75,32,36.8,653.51
1,2026-05-29,16.02,300.89,92.36,15,4,0.701,0,0.0,265.64,37,38.2,332.62
2,2026-05-29,33.13,621.65,193.3,19,6,0.513,0,0.0,75.25,32,38.2,692.84
3,2026-05-29,18.1,335.27,79.98,18,5,0.347,0,0.0,289.95,38,38.2,390.0
4,2026-05-29,22.92,417.32,97.96,19,8,0.666,0,0.0,220.87,46,38.2,820.78
5,2026-05-29,29.48,553.55,138.8,19,7,0.663,0,0.0,79.16,33,38.2,822.12
6,2026-05-29,20.81,492.28,147.66,19,9,0.162,0,0.0,202.47,37,38.2,486.66
7,2026-05-29,18.57,417.88,131.96,10,5,0.359,0,0.0,156.15,41,38.2,656.39
8,2026-05-29,32.76,760.39,152.65,21,9,0.569,0,0.0,235.32,46,38.2,495.58
9,2026-05-29,35.12,800.35,88.67,11,4,0.049,0,0.0,167.08,31,38.2,638.38
10,2026-05-29,17.43,402.5,71.76,11,3,0.592,0,0.0,133.67,42,38.2,383.8
11,2026-05-29,21.45,503.03,57.06,21,5,0.773,0,0.0,397.14,39,38.2,643.32
12,2026-05-29,31.95,729.15,131.98,18,7,0.473,0,0.0,100.98,33,38.2,672.94
13,2026-05-29,30.8,665.44,99.56,11,5,0.274,0,0.0,52.88,27,38.2,580.28
14,2026-05-29,23.7,508.21,196.27,26,7,0.979,0,0.0,51.94,25,38.2,360.86
15,2026-05-29,31.14,676.47,153.52,14,4,0.573,0,0.0,140.07,33,38.2,813.0
16,2026-05-29,19.87,433.57,131.14,21,7,0.945,0,0.0,78.88,25,38.2,327.48
17,2026-05-29,15.24,330.72,149.04,15,2,0.234,0,0.0,58.53,24,38.2,361.94
18,2026-05-29,29.64,642.19,192.36,37,9,0.335,0,0.0,241.6,29,38.2,863.12
19,2026-05-29,24.75,523.78,196.29,31,9,0.719,0,0.0,175.28,29,38.2,728.81
20,2026-05-29,17.38,297.2,69.26,9,4,0.601,0,0.0,59.09,24,38.2,346.44
21,2026-05-29,24.58,419.3,135.79,10,6,0.953,0,0.0,311.52,48,38.2,919.31
22,2026-05-29,26.24,449.19,138.36,7,5,0.946,0,0.0,42.6,23,38.2,436.86
23,2026-05-29,28.36,486.87,203.88,18,8,0.45,0,0.0,55.01,16,38.2,649.24
24,2026-05-29,16.19,272.63,132.8,18,6,0.96,0,0.0,52.42,16,38.2,653.0
1,2026-05-30,20.24,380.17,107.65,14,6,0.009,0,0.0,320.49,43,39.6,336.82
2,2026-05-30,27.14,509.37,172.68,30,7,0.888,0,0.0,61.89,31,39.6,696.66
3,2026-05-30,23.0,425.92,77.41,17,8,0.247,0,0.0,110.42,24,39.6,392.48
4,2026-05-30,20.29,369.46,99.73,15,5,0.975,0,0.0,156.17,40,39.6,812.66
5,2026-05-30,27.87,523.34,140.7,19,10,0.038,0,0.0,361.06,64,39.6,824.72
6,2026-05-30,23.41,553.98,109.75,28,7,0.715,0,0.0,0.0,0,39.6,474.62
7,2026-05-30,22.0,495.13,153.79,12,4,0.847,0,0.0,231.89,48,39.6,654.64
8,2026-05-30,20.87,484.33,107.6,17,10,0.376,0,0.0,334.91,58,39.6,490.81
9,2026-05-30,18.74,427.14,115.24,12,2,0.892,0,0.0,223.19,38,39.6,640.02
10,2026-05-30,24.71,570.6,109.13,14,4,0.771,0,0.0,67.54,30,39.6,383.59
11,2026-05-30,22.94,537.87,37.37,12,5,0.888,0,0.0,181.19,28,39.6,643.28
12,2026-05-30,26.19,597.81,136.8,13,3,0.905,0,0.0,153.61,41,39.6,667.13
13,2026-05-30,19.28,416.63,72.3,16,4,0.028,0,0.0,329.09,61,39.6,580.77
14,2026-05-30,37.68,807.9,173.2,33,9,0.659,0,0.0,251.07,52,39.6,361.67
15,2026-05-30,25.74,559.31,161.21,14,4,0.232,0,0.0,182.78,36,39.6,800.5
16,2026-05-30,19.81,432.4,164.71,12,3,0.467,0,0.0,41.36,18,39.6,329.99
17,2026-05-30,29.85,648.12,158.92,14,5,0.53,0,0.0,69.06,25,39.6,363.73
18,2026-05-30,30.25,655.49,163.2,32,6,0.731,0,0.0,176.39,30,39.6,863.43
19,2026-05-30,33.4,706.83,206.4,23,5,0.288,0,0.0,202.04,31,39.6,727.45
20,2026-05-30,14.85,253.97,101.27,16,4,0.442,0,0.0,118.24,30,39.6,344.28
21,2026-05-30,35.42,604.25,137.69,13,6,0.872,0,0.0,69.14,26,39.6,912.47
22,2026-05-30,23.4,400.63,184.07,21,7,0.144,0,0.0,138.17,37,39.6,434.77
23,2026-05-30,28.57,490.65,167.0,29,9,0.55,0,0.0,50.68,13,39.6,657.37
24,2026-05-30,30.93,520.91,168.42,14,7,0.402,0,0.0,107.53,26,39.6,650.49
1,2026-05-31,15.25,286.4,109.36,13,6,0.38,0,0.0,271.66,41,6.0,326.48
2,2026-05-31,22.04,413.62,187.11,24,9,0.215,0,0.0,63.63,29,6.0,676.41
3,2026-05-31,17.93,332.16,127.43,11,5,0.812,0,0.0,82.89,24,6.0,384.08
4,2026-05-31,15.04,273.81,107.95,13,6,0.593,0,0.0,320.39,53,6.0,806.7
5,2026-05-31,28.08,527.38,159.83,23,8,0.202,0,0.0,81.72,31,6.0,810.04
6,2026-05-31,20.51,485.23,120.06,19,5,0.378,0,0.0,40.41,19,6.0,460.98
7,2026-05-31,25.12,565.54,153.73,16,5,0.689,0,0.0,85.37,33,6.0,644.27
8,2026-05-31,28.62,664.42,113.37,21,9,0.633,0,0.0,99.07,36,6.0,482.67
9,2026-05-31,26.25,598.52,130.46,10,5,0.765,0,0.0,142.81,28,6.0,631.07
10,2026-05-31,24.39,563.27,107.82,13,3,0.998,0,0.0,0.0,0,6.0,372.33
11,2026-05-31,19.96,468.06,36.6,16,4,0.076,0,0.0,74.98,18,6.0,633.44
12,2026-05-31,22.78,519.97,108.28,19,8,0.588,0,0.0,43.01,23,6.0,658.75
13,2026-05-31,21.86,472.38,69.7,11,7,0.847,0,0.0,97.34,36,6.0,569.7
14,2026-05-31,23.55,505.12,149.68,21,5,0.826,0,0.0,282.71,57,6.0,345.53
15,2026-05-31,26.04,565.8,169.92,9,4,0.32,0,0.0,385.2,53,6.0,797.19
16,2026-05-31,32.95,719.27,168.33,20,3,0.684,0,0.0,258.42,46,6.0,316.74
17,2026-05-31,25.11,545.16,163.56,20,8,0.918,0,0.0,398.51,58,6.0,351.4
18,2026-05-31,39.38,853.37,162.42,22,7,0.585,0,0.0,128.39,25,6.0,855.31
19,2026-05-31,20.41,431.98,231.45,21,14,0.856,0,0.0,130.25,25,6.0,711.09
20,2026-05-31,23.85,407.99,91.41,24,7,0.867,0,0.0,302.58,51,6.0,329.15
21,2026-05-31,17.33,295.61,125.5,23,7,0.864,0,0.0,40.19,18,6.0,902.04
22,2026-05-31,38.31,655.85,180.06,14,4,0.905,0,0.0,50.38,25,6.0,417.86
23,2026-05-31,25.92,445.09,153.96,24,10,0.527,0,0.0,52.67,17,6.0,634.15
24,2026-05-31,22.79,383.87,200.5,20,8,0.019,0,0.0,94.2,24,6.0,642.19
1,2026-06-01,21.15,397.35,107.69,24,5,0.788,0,0.0,138.56,31,7.4,330.85
2,2026-06-01,19.41,364.28,203.41,21,12,0.003,0,0.0,200.33,50,7.4,682.58
3,2026-06-01,24.75,458.5,131.44,16,5,0.48,0,0.0,68.76,21,7.4,378.4
4,2026-06-01,23.56,429.01,87.65,20,3,0.507,0,0.0,181.81,44,7.4,804.39
5,2026-06-01,22.38,420.33,160.36,26,8,0.458,0,0.0,154.53,43,7.4,809.87
6,2026-06-01,23.03,545.08,88.38,23,6,0.105,0,0.0,179.58,39,7.4,466.46
7,2026-06-01,15.99,360.02,136.7,20,5,0.871,0,0.0,0.0,0,7.4,646.05
8,2026-06-01,25.15,583.8,102.43,22,5,0.803,0,0.0,59.62,29,7.4,483.84
9,2026-06-01,15.67,357.35,139.91,21,1,0.352,0,0.0,306.57,45,7.4,632.58
10,2026-06-01,15.4,355.81,74.24,15,5,0.496,0,0.0,46.22,24,7.4,366.44
11,2026-06-01,26.79,628.3,45.1,9,9,0.973,0,0.0,50.6,16,7.4,631.01
12,2026-06-01,24.3,554.65,93.34,25,5,0.775,0,0.0,51.3,26,7.4,661.8
13,2026-06-01,17.93,387.64,85.63,13,3,0.041,0,0.0,202.98,51,7.4,564.17
14,2026-06-01,32.86,704.78,136.98,22,10,0.488,0,0.0,219.8,52,7.4,352.98
15,2026-06-01,21.77,473.05,171.71,16,6,0.96,0,0.0,176.53,36,7.4,797.78
16,2026-06-01,27.42,598.67,177.72,17,4,0.719,0,0.0,58.24,23,7.4,321.85
17,2026-06-01,22.8,495.02,144.54,24,6,0.15,0,0.0,297.44,53,7.4,349.04
18,2026-06-01,44.49,964.35,144.34,28,8,0.08,0,0.0,113.03,22,7.4,857.69
19,2026-06-01,41.39,876.2,201.54,28,8,0.008,0,0.0,0.0,0,7.4,722.16
20,2026-06-01,13.03,222.97,92.21,10,7,0.523,0,0.0,79.64,30,7.4,335.15
21,2026-06-01,14.78,252.15,133.88,17,5,0.362,0,0.0,263.22,50,7.4,904.14
22,2026-06-01,9.33,159.7,175.92,19,7,0.027,0,0.0,65.4,30,7.4,421.54
23,2026-06-01,23.31,400.32,151.99,27,8,0.002,0,0.0,209.01,32,7.4,637.92
24,2026-06-01,22.46,378.24,197.0,27,9,0.378,0,0.0,143.64,30,7.4,646.52
1,2026-06-02,21.28,399.86,109.38,12,4,0.69,0,0.0,329.24,40,8.8,324.22
2,2026-06-02,33.23,623.86,201.14,26,7,0.926,0,0.0,202.32,50,8.8,682.27
3,2026-06-02,21.92,406.21,166.12,14,5,0.284,0,0.0,202.39,33,8.8,379.08
4,2026-06-02,17.19,313.17,103.8,19,3,0.039,0,0.0,106.92,34,8.8,808.93
5,2026-06-02,20.14,378.36,150.0,21,6,0.265,0,0.0,44.68,24,8.8,805.32
6,2026-06-02,36.61,866.48,81.56,21,8,0.555,0,0.0,258.95,45,8.8,473.57
7,2026-06-02,18.26,411.25,139.17,19,3,0.384,0,0.0,170.04,43,8.8,647.04
8,2026-06-02,25.18,584.57,132.61,20,6,0.463,0,0.0,280.7,58,8.8,483.78
9,2026-06-02,17.55,400.12,121.63,20,6,0.503,0,0.0,49.37,18,8.8,627.84
10,2026-06-02,17.19,397.17,79.57,8,7,0.45,0,0.0,231.55,46,8.8,374.47
11,2026-06-02,18.26,428.41,53.66,17,6,0.678,0,0.0,42.07,14,8.8,634.25
12,2026-06-02,18.1,413.17,76.6,16,5,0.103,0,0.0,49.86,25,8.8,660.21
13,2026-06-02,23.35,504.8,103.84,8,5,0.823,0,0.0,372.52,68,8.8,570.34
14,2026-06-02,40.87,876.73,112.18,28,6,0.915,0,0.0,72.62,30,8.8,355.35
15,2026-06-02,20.78,451.68,127.16,20,7,0.106,0,0.0,393.73,51,8.8,798.68
16,2026-06-02,15.74,343.65,184.17,10,7,0.001,0,0.0,214.63,39,8.8,320.12
17,2026-06-02,18.08,392.7,140.74,15,6,0.815,0,0.0,310.08,54,8.8,349.96
18,2026-06-02,37.71,817.49,126.83,29,7,0.804,0,0.0,199.24,29,8.8,853.25
19,2026-06-02,25.17,532.9,259.37,25,8,0.486,0,0.0,344.77,38,8.8,717.1
20,2026-06-02,20.04,342.78,91.67,9,7,0.031,0,0.0,336.22,53,8.8,335.07
21,2026-06-02,18.4,314.0,157.18,17,6,0.429,0,0.0,105.77,32,8.8,902.69
22,2026-06-02,29.46,504.45,190.08,16,6,0.218,0,0.0,78.38,30,8.8,424.17
23,2026-06-02,35.51,609.95,183.2,19,8,0.529,0,0.0,83.61,20,8.8,639.07
24,2026-06-02,19.3,325.11,193.44,23,6,0.508,0,0.0,51.17,18,8.8,644.85
1,2026-06-03,19.11,359.16,138.98,12,5,0.489,0,0.0,114.55,26,10.2,325.38
2,2026-06-03,26.39,495.54,202.44,29,8,0.423,0,0.0,315.39,56,10.2,678.06
3,2026-06-03,13.6,252.0,126.81,20,7,0.0,0,0.0,54.48,19,10.2,382.12
4,2026-06-03,17.42,317.31,94.75,17,6,0.451,0,0.0,275.45,50,10.2,809.12
5,2026-06-03,27.25,511.97,190.96,20,7,0.134,0,0.0,41.93,24,10.2,813.99
6,2026-06-03,24.82,587.49,75.05,20,6,0.715,0,0.0,77.79,23,10.2,469.86
7,2026-06-03,24.6,554.0,99.03,18,3,0.892,0,0.0,233.49,44,10.2,650.54
8,2026-06-03,29.5,685.05,152.66,17,7,0.369,0,0.0,206.78,49,10.2,488.7
9,2026-06-03,14.76,336.61,128.3,14,5,0.974,0,0.0,353.03,50,10.2,626.91
10,2026-06-03,17.95,414.64,97.6,15,3,0.062,0,0.0,78.73,34,10.2,372.44
11,2026-06-03,21.54,505.45,76.92,14,4,0.311,0,0.0,115.1,21,10.2,632.33
12,2026-06-03,26.69,609.51,48.78,17,2,0.204,0,0.0,64.98,32,10.2,667.9
13,2026-06-03,16.55,357.75,120.4,14,6,0.564,0,0.0,51.27,28,10.2,574.28
14,2026-06-03,26.63,571.2,120.94,16,6,0.72,0,0.0,69.96,29,10.2,351.37
15,2026-06-03,13.63,296.39,97.29,21,5,0.427,0,0.0,45.76,19,10.2,799.77
16,2026-06-03,27.62,603.22,184.86,17,10,0.798,0,0.0,46.54,20,10.2,320.21
17,2026-06-03,27.52,597.66,115.68,21,6,0.173,0,0.0,167.63,37,10.2,355.37
18,2026-06-03,26.66,577.99,154.57,26,7,0.088,0,0.0,104.57,20,10.2,853.33
19,2026-06-03,24.67,522.41,225.4,32,10,0.345,0,0.0,77.67,23,10.2,721.94
20,2026-06-03,32.01,547.67,112.91,10,5,0.583,0,0.0,44.51,23,10.2,337.88
21,2026-06-03,29.67,506.3,154.69,17,7,0.518,0,0.0,113.91,28,10.2,904.17
22,2026-06-03,19.49,333.8,194.97,21,5,0.573,0,0.0,65.34,27,10.2,421.77
23,2026-06-03,34.53,593.21,230.29,21,9,0.294,0,0.0,84.17,21,10.2,640.74
24,2026-06-03,21.57,363.44,176.32,22,4,0.324,0,0.0,79.39,25,10.2,647.03
1,2026-06-04,27.43,515.48,152.84,12,8,0.976,0,0.0,40.49,18,11.6,331.38
2,2026-06-04,25.59,480.54,206.99,23,8,0.015,0,0.0,226.48,50,11.6,688.31
3,2026-06-04,22.44,415.9,129.95,12,5,0.723,0,0.0,116.4,26,11.6,380.94
4,2026-06-04,25.6,466.49,89.58,12,4,0.881,0,0.0,236.37,52,11.6,806.76
5,2026-06-04,27.5,516.71,201.64,21,7,0.124,0,0.0,242.9,55,11.6,809.58
6,2026-06-04,28.96,685.52,72.85,19,8,0.287,0,0.0,126.54,35,11.6,473.92
7,2026-06-04,25.1,565.26,124.81,12,4,0.964,0,0.0,217.28,51,11.6,646.59
8,2026-06-04,28.33,657.86,159.71,22,11,0.014,0,0.0,297.93,47,11.6,492.25
9,2026-06-04,31.25,712.74,113.24,20,3,0.225,0,0.0,135.8,31,11.6,633.28
10,2026-06-04,21.25,490.91,65.69,18,3,0.982,0,0.0,203.63,52,11.6,373.7
11,2026-06-04,14.37,337.18,67.9,13,7,0.277,0,0.0,255.96,31,11.6,633.78
12,2026-06-04,29.44,672.38,74.25,11,3,0.885,0,0.0,362.95,60,11.6,663.5
13,2026-06-04,18.0,389.17,103.4,18,2,0.8,0,0.0,125.8,37,11.6,568.52
14,2026-06-04,26.34,565.19,124.58,18,8,0.755,0,0.0,243.33,53,11.6,351.48
15,2026-06-04,23.94,520.5,101.58,23,7,0.664,0,0.0,43.37,20,11.6,798.75
16,2026-06-04,23.39,510.76,172.62,20,5,0.609,0,0.0,100.81,30,11.6,317.79
17,2026-06-04,33.82,734.66,123.77,18,7,0.64,0,0.0,67.9,26,11.6,361.82
18,2026-06-04,33.47,725.75,178.72,18,8,0.46,0,0.0,67.58,17,11.6,853.36
19,2026-06-04,35.68,755.57,199.91,30,9,0.341,0,0.0,53.52,15,11.6,723.79
20,2026-06-04,13.19,225.68,133.12,8,5,0.468,0,0.0,0.0,0,11.6,341.83
21,2026-06-04,20.02,341.69,148.55,31,6,0.556,0,0.0,45.53,19,11.6,908.92
22,2026-06-04,26.55,454.78,167.5,25,4,0.94,0,0.0,195.36,43,11.6,422.61
23,2026-06-04,34.67,595.69,212.9,27,8,0.015,0,0.0,69.59,16,11.6,645.75
24,2026-06-04,35.94,605.58,155.63,26,10,0.14,0,0.0,89.8,21,11.6,642.76
1,2026-06-05,15.73,295.61,123.46,14,6,0.729,0,0.0,0.0,0,13.0,333.18
2,2026-06-05,31.34,588.56,193.97,29,8,0.792,0,0.0,159.05,46,13.0,681.6
3,2026-06-05,18.94,351.12,146.36,15,6,0.442,0,0.0,45.42,16,13.0,382.83
4,2026-06-05,26.22,477.75,99.59,17,5,0.304,0,0.0,247.1,49,13.0,806.23
5,2026-06-05,26.81,503.85,223.15,19,5,0.392,0,0.0,85.35,29,13.0,820.17
6,2026-06-05,28.91,684.5,120.97,10,7,0.844,0,0.0,64.11,23,13.0,467.67
7,2026-06-05,26.7,601.46,139.06,16,5,0.14,0,0.0,123.79,35,13.0,652.28
8,2026-06-05,27.33,634.9,149.26,18,11,0.8,0,0.0,81.43,31,13.0,486.62
9,2026-06-05,23.13,527.52,148.71,8,6,0.844,0,0.0,371.94,49,13.0,634.27
10,2026-06-05,12.83,296.47,75.43,11,6,0.841,0,0.0,162.39,44,13.0,374.26
11,2026-06-05,21.03,493.49,106.12,8,4,0.36,0,0.0,367.38,39,13.0,635.45
12,2026-06-05,22.23,507.59,85.07,21,6,0.789,0,0.0,295.57,55,13.0,660.55
13,2026-06-05,13.0,281.04,119.76,15,5,0.634,0,0.0,336.75,64,13.0,573.31
14,2026-06-05,35.75,767.0,105.59,28,3,0.84,0,0.0,0.0,0,13.0,353.94
15,2026-06-05,27.74,603.15,102.7,15,2,0.493,0,0.0,217.15,40,13.0,800.52
16,2026-06-05,14.18,309.76,151.2,25,6,0.76,0,0.0,61.79,22,13.0,321.67
17,2026-06-05,23.29,506.03,94.61,15,6,0.198,0,0.0,44.38,20,13.0,358.82
18,2026-06-05,42.82,928.47,176.06,24,11,0.672,0,0.0,221.84,29,13.0,859.95
19,2026-06-05,32.74,693.39,203.44,21,10,0.656,0,0.0,275.35,37,13.0,719.69
20,2026-06-05,13.63,233.32,131.17,15,4,0.183,0,0.0,362.93,48,13.0,339.02
21,2026-06-05,22.27,380.17,167.91,14,5,0.269,0,0.0,343.13,54,13.0,907.18
22,2026-06-05,22.85,391.49,187.52,12,5,0.707,0,0.0,68.49,29,13.0,425.37
23,2026-06-05,23.08,396.52,254.01,23,5,0.331,0,0.0,42.09,16,13.0,643.46
24,2026-06-05,27.78,468.19,169.85,17,10,0.932,0,0.0,89.54,22,13.0,644.63
1,2026-06-06,15.89,298.67,94.61,20,5,0.002,0,0.0,174.53,32,14.4,326.15
2,2026-06-06,34.37,645.42,215.21,22,11,0.863,0,0.0,82.42,32,14.4,686.62
3,2026-06-06,28.02,519.41,130.52,15,5,0.858,0,0.0,215.12,33,14.4,378.06
4,2026-06-06,23.29,424.38,98.58,15,7,0.736,0,0.0,59.25,27,14.4,800.92
5,2026-06-06,23.51,441.9,231.82,20,5,0.922,0,0.0,348.61,67,14.4,811.38
6,2026-06-06,26.43,625.88,144.11,16,6,0.54,0,0.0,132.78,32,14.4,473.44
7,2026-06-06,25.46,573.53,111.79,17,4,0.25,0,0.0,94.54,33,14.4,649.16
8,2026-06-06,20.92,485.96,176.87,11,9,0.492,0,0.0,150.49,37,14.4,492.91
9,2026-06-06,18.66,425.6,134.13,21,6,0.069,0,0.0,70.76,23,14.4,632.64
10,2026-06-06,21.57,498.62,57.12,19,6,0.554,0,0.0,199.23,51,14.4,373.06
11,2026-06-06,18.5,434.07,121.52,11,6,0.942,0,0.0,161.83,22,14.4,635.18
12,2026-06-06,24.48,559.03,83.02,14,8,0.18,0,0.0,63.03,28,14.4,676.66
13,2026-06-06,20.53,444.13,101.51,8,2,0.371,0,0.0,79.02,31,14.4,575.97
14,2026-06-06,19.86,426.24,114.58,21,5,0.447,0,0.0,260.1,51,14.4,351.52
15,2026-06-06,30.12,654.95,100.57,16,5,0.291,0,0.0,78.73,25,14.4,806.4
16,2026-06-06,25.01,546.31,102.89,23,4,0.073,0,0.0,0.0,0,14.4,321.84
17,2026-06-06,30.52,663.17,98.01,18,8,0.378,0,0.0,75.38,29,14.4,357.61
18,2026-06-06,26.31,570.67,172.18,17,7,0.683,0,0.0,0.0,0,14.4,859.03
19,2026-06-06,41.14,871.25,213.2,23,9,0.308,0,0.0,43.6,16,14.4,722.72
20,2026-06-06,17.18,294.06,95.4,23,5,0.591,0,0.0,160.11,37,14.4,334.79
21,2026-06-06,22.69,387.36,169.02,15,10,0.216,0,0.0,160.81,37,14.4,905.47
22,2026-06-06,26.51,454.14,161.2,33,7,0.333,0,0.0,0.0,0,14.4,427.18
23,2026-06-06,26.41,453.93,261.29,19,8,0.087,0,0.0,74.36,18,14.4,645.96
24,2026-06-06,26.57,447.73,170.57,26,5,0.333,0,0.0,298.0,41,14.4,645.25
1,2026-06-07,17.67,332.11,91.61,16,5,0.51,0,0.0,269.75,36,15.8,327.13
2,2026-06-07,24.68,463.53,205.83,28,9,0.832,0,0.0,287.46,57,15.8,687.28
3,2026-06-07,16.95,314.18,90.33,24,4,0.926,0,0.0,41.39,17,15.8,392.69
4,2026-06-07,14.84,270.46,103.41,15,6,0.426,0,0.0,98.02,30,15.8,820.86
5,2026-06-07,23.14,435.02,234.6,24,11,0.648,0,0.0,63.17,28,15.8,816.15
6,2026-06-07,25.68,608.26,118.87,19,6,0.711,0,0.0,81.88,25,15.8,471.5
7,2026-06-07,17.31,390.09,107.38,20,6,0.596,0,0.0,369.26,62,15.8,650.48
8,2026-06-07,28.72,667.34,180.15,20,11,0.45,0,0.0,127.63,37,15.8,488.76
9,2026-06-07,26.42,602.86,140.6,16,4,0.928,0,0.0,0.0,0,15.8,636.93
10,2026-06-07,25.71,594.28,60.61,10,6,0.53,0,0.0,48.94,26,15.8,381.25
11,2026-06-07,19.69,462.28,125.74,12,5,0.259,0,0.0,84.49,19,15.8,629.13
12,2026-06-07,14.05,320.97,97.89,16,4,0.713,0,0.0,93.05,34,15.8,668.37
13,2026-06-07,26.5,573.32,103.56,11,7,0.002,0,0.0,71.07,31,15.8,578.86
14,2026-06-07,24.97,535.92,140.75,10,7,0.783,0,0.0,286.59,49,15.8,353.91
15,2026-06-07,33.19,721.8,110.27,17,4,0.89,0,0.0,177.52,38,15.8,803.7
16,2026-06-07,25.07,547.66,99.77,19,4,0.891,0,0.0,45.8,17,15.8,320.85
17,2026-06-07,25.22,547.96,79.85,21,7,0.869,0,0.0,71.18,26,15.8,359.22
18,2026-06-07,19.74,428.23,188.29,23,8,0.458,0,0.0,85.72,21,15.8,859.24
19,2026-06-07,40.45,856.84,232.07,26,13,0.093,0,0.0,95.31,21,15.8,720.44
20,2026-06-07,11.16,191.08,108.05,20,3,0.396,0,0.0,132.68,36,15.8,339.2
21,2026-06-07,39.34,671.76,197.85,17,5,0.691,0,0.0,228.63,45,15.8,909.24
22,2026-06-07,33.49,573.82,144.72,19,6,0.876,0,0.0,258.41,52,15.8,430.75
23,2026-06-07,33.54,576.4,316.3,23,9,0.275,0,0.0,376.05,37,15.8,648.01
24,2026-06-07,31.97,538.96,144.82,27,6,0.007,0,0.0,140.6,28,15.8,649.72
1,2026-06-08,20.24,380.59,66.92,20,5,0.767,0,0.0,92.2,25,17.2,330.1
2,2026-06-08,35.06,658.58,179.59,27,7,0.07,0,0.0,124.75,41,17.2,683.72
3,2026-06-08,20.0,370.74,64.6,23,7,0.009,0,0.0,97.04,24,17.2,383.62
4,2026-06-08,23.23,423.4,95.13,17,5,0.046,0,0.0,122.93,36,17.2,805.54
5,2026-06-08,27.02,507.96,249.07,24,1,0.865,0,0.0,260.59,58,17.2,813.06
6,2026-06-08,10.75,254.53,147.03,15,8,0.446,0,0.0,182.75,37,17.2,473.56
7,2026-06-08,22.81,514.04,105.5,11,6,0.969,0,0.0,50.44,25,17.2,646.66
8,2026-06-08,25.57,594.03,190.51,21,5,0.161,0,0.0,131.89,37,17.2,487.99
9,2026-06-08,13.58,309.87,124.87,24,4,0.137,0,0.0,221.22,34,17.2,634.97
10,2026-06-08,16.9,390.61,79.92,8,2,0.41,0,0.0,58.52,23,17.2,377.14
11,2026-06-08,10.62,249.28,148.05,17,4,0.107,0,0.0,58.19,16,17.2,637.02
12,2026-06-08,29.51,674.16,99.79,14,3,0.969,0,0.0,209.46,49,17.2,669.47
13,2026-06-08,23.28,503.74,123.87,17,5,0.108,0,0.0,0.0,0,17.2,574.26
14,2026-06-08,34.99,751.16,140.19,21,8,0.771,0,0.0,96.46,32,17.2,355.12
15,2026-06-08,24.94,542.61,96.35,14,6,0.749,0,0.0,103.66,27,17.2,801.31
16,2026-06-08,32.35,706.91,76.77,20,7,0.199,0,0.0,129.25,31,17.2,326.84
17,2026-06-08,17.85,387.87,82.91,18,4,0.344,0,0.0,224.1,44,17.2,359.38
18,2026-06-08,31.47,682.74,206.7,19,8,0.7,0,0.0,156.93,24,17.2,856.73
19,2026-06-08,28.3,599.59,225.05,19,5,0.889,0,0.0,166.24,30,17.2,720.24
20,2026-06-08,22.09,378.25,91.58,11,5,0.031,0,0.0,298.07,46,17.2,339.22
21,2026-06-08,19.36,330.52,178.62,21,8,0.365,0,0.0,41.48,20,17.2,910.39
22,2026-06-08,15.66,268.4,136.3,18,7,0.455,0,0.0,180.55,42,17.2,431.25
23,2026-06-08,32.79,563.71,278.93,30,10,0.27,0,0.0,178.84,26,17.2,643.37
24,2026-06-08,23.11,389.54,164.55,26,8,0.016,0,0.0,46.8,17,17.2,646.08
1,2026-06-09,24.32,457.36,78.61,11,4,0.27,0,0.0,88.02,25,18.6,331.53
2,2026-06-09,24.33,457.08,196.08,19,9,0.721,0,0.0,52.14,25,18.6,684.85
3,2026-06-09,18.75,347.69,64.17,21,9,0.751,0,0.0,243.67,34,18.6,388.77
4,2026-06-09,17.92,326.65,97.66,24,9,0.604,0,0.0,106.16,35,18.6,804.28
5,2026-06-09,24.09,452.85,235.33,19,5,0.895,0,0.0,297.38,47,18.6,816.74
6,2026-06-09,20.26,479.92,147.09,20,5,0.154,0,0.0,161.09,36,18.6,475.54
7,2026-06-09,24.57,553.6,94.87,16,5,0.829,0,0.0,42.08,22,18.6,646.46
8,2026-06-09,12.71,295.33,154.41,25,8,0.716,0,0.0,58.17,24,18.6,487.82
9,2026-06-09,29.72,678.19,119.74,11,6,0.157,0,0.0,212.96,34,18.6,636.36
10,2026-06-09,29.2,675.12,91.08,12,4,0.287,0,0.0,197.69,49,18.6,376.04
11,2026-06-09,14.82,348.03,140.83,17,8,0.59,0,0.0,59.35,16,18.6,639.89
12,2026-06-09,19.42,443.84,147.19,10,6,0.795,0,0.0,89.48,31,18.6,668.24
13,2026-06-09,13.91,300.9,132.26,10,2,0.493,0,0.0,105.81,38,18.6,572.1
14,2026-06-09,28.92,620.75,136.8,16,4,0.243,0,0.0,49.9,25,18.6,359.75
15,2026-06-09,22.04,479.58,108.33,12,7,0.342,0,0.0,311.11,52,18.6,801.83
16,2026-06-09,31.5,688.31,65.7,16,7,0.555,0,0.0,121.85,30,18.6,329.81
17,2026-06-09,25.25,548.86,82.33,14,4,0.98,0,0.0,145.2,38,18.6,358.19
18,2026-06-09,21.84,473.9,207.2,26,7,0.154,0,0.0,127.1,23,18.6,867.1
19,2026-06-09,27.89,590.86,238.29,40,9,0.271,0,0.0,63.74,21,18.6,721.8
20,2026-06-09,30.62,524.23,113.83,10,4,0.224,0,0.0,268.53,50,18.6,342.56
21,2026-06-09,22.45,383.43,166.36,24,6,0.161,0,0.0,263.76,47,18.6,909.54
22,2026-06-09,44.71,766.19,146.01,19,6,0.053,0,0.0,249.45,49,18.6,428.41
23,2026-06-09,22.72,390.56,270.14,24,6,0.472,0,0.0,167.71,26,18.6,646.28
24,2026-06-09,35.48,598.23,216.34,19,8,0.802,0,0.0,63.43,19,18.6,647.07
1,2026-06-10,23.17,435.65,82.62,20,4,0.536,0,0.0,168.04,32,20.0,332.98
2,2026-06-10,33.18,623.37,189.8,33,8,0.348,0,0.0,55.08,29,20.0,683.73
3,2026-06-10,30.87,572.57,77.39,13,6,0.194,0,0.0,43.9,19,20.0,381.32
4,2026-06-10,18.1,330.08,105.86,13,6,0.243,0,0.0,128.54,40,20.0,809.36
5,2026-06-10,30.46,572.76,212.39,31,5,0.839,0,0.0,230.82,53,20.0,815.63
6,2026-06-10,23.38,553.86,172.19,16,4,0.651,0,0.0,147.68,31,20.0,479.39
7,2026-06-10,29.6,667.07,106.81,10,5,0.548,0,0.0,97.48,32,20.0,655.97
8,2026-06-10,24.42,567.57,156.88,22,7,0.105,0,0.0,393.99,62,20.0,491.6
9,2026-06-10,20.4,465.54,129.01,12,7,0.372,0,0.0,205.62,38,20.0,635.51
10,2026-06-10,16.28,376.46,78.59,15,6,0.028,0,0.0,146.96,40,20.0,378.14
11,2026-06-10,19.2,450.73,120.66,15,7,0.317,0,0.0,43.73,13,20.0,637.39
12,2026-06-10,21.62,493.97,159.55,10,9,0.692,0,0.0,83.6,30,20.0,665.77
13,2026-06-10,17.73,383.71,95.24,18,2,0.238,0,0.0,52.51,26,20.0,579.45
14,2026-06-10,13.5,289.87,150.27,22,7,0.992,0,0.0,334.89,58,20.0,357.35
15,2026-06-10,23.23,505.39,135.87,9,5,0.111,0,0.0,49.68,21,20.0,804.36
16,2026-06-10,26.66,582.61,72.41,14,5,0.289,0,0.0,327.05,53,20.0,321.9
17,2026-06-10,27.02,587.38,71.79,13,9,0.539,0,0.0,266.66,48,20.0,361.82
18,2026-06-10,26.05,565.23,151.16,31,8,0.734,0,0.0,0.0,0,20.0,858.9
19,2026-06-10,31.97,677.36,211.1,27,8,0.291,0,0.0,43.1,16,20.0,726.99
20,2026-06-10,25.99,444.98,103.78,18,3,0.997,0,0.0,353.01,50,20.0,342.76
21,2026-06-10,21.31,363.96,187.21,18,6,0.413,0,0.0,320.15,50,20.0,904.76
22,2026-06-10,25.79,442.05,133.13,17,5,0.925,0,0.0,89.1,32,20.0,432.18
23,2026-06-10,26.44,454.65,239.22,38,7,0.479,0,0.0,372.44,38,20.0,648.52
24,2026-06-10,35.04,590.81,232.99,16,5,0.563,0,0.0,129.45,25,20.0,645.65
1,2026-06-11,27.6,519.07,67.92,15,7,0.257,0,0.0,86.47,26,21.4,332.97
2,2026-06-11,32.03,601.91,155.4,28,12,0.352,0,0.0,73.85,34,21.4,690.89
3,2026-06-11,30.85,572.17,75.28,18,5,0.703,0,0.0,86.79,23,21.4,387.04
4,2026-06-11,23.03,419.85,124.31,15,6,0.508,0,0.0,0.0,0,21.4,815.08
5,2026-06-11,30.15,566.96,199.57,19,5,0.342,0,0.0,0.0,0,21.4,820.73
6,2026-06-11,21.33,505.5,187.21,17,6,0.758,0,0.0,46.31,20,21.4,474.53
7,2026-06-11,17.45,393.29,73.75,15,4,0.062,0,0.0,152.06,36,21.4,651.6
8,2026-06-11,25.59,594.92,138.43,23,5,0.208,0,0.0,272.76,55,21.4,493.04
9,2026-06-11,34.07,777.81,122.37,15,3,0.675,0,0.0,133.94,32,21.4,636.88
10,2026-06-11,12.73,294.45,100.86,9,5,0.874,0,0.0,41.79,22,21.4,379.81
11,2026-06-11,24.04,564.63,134.11,13,5,0.704,0,0.0,196.62,27,21.4,638.31
12,2026-06-11,20.34,464.87,150.85,17,2,0.405,0,0.0,42.68,23,21.4,671.76
13,2026-06-11,19.69,426.23,121.89,16,2,0.179,0,0.0,215.86,50,21.4,585.02
14,2026-06-11,26.0,558.35,145.87,22,8,0.366,0,0.0,263.56,54,21.4,355.77
15,2026-06-11,19.77,430.29,92.69,23,3,0.412,0,0.0,66.5,25,21.4,807.68
16,2026-06-11,26.0,568.27,99.23,16,5,0.439,0,0.0,49.33,22,21.4,325.16
17,2026-06-11,24.29,528.01,91.96,17,6,0.651,0,0.0,71.78,26,21.4,362.97
18,2026-06-11,26.89,583.5,121.1,23,8,0.114,0,0.0,65.12,15,21.4,859.31
19,2026-06-11,23.4,495.84,221.11,22,10,0.438,0,0.0,105.72,24,21.4,726.68
20,2026-06-11,18.91,323.85,88.83,16,9,0.622,0,0.0,273.14,49,21.4,345.94
21,2026-06-11,29.03,495.98,166.51,24,4,0.155,0,0.0,83.14,30,21.4,914.92
22,2026-06-11,24.8,425.22,118.07,22,5,0.364,0,0.0,116.76,39,21.4,432.02
23,2026-06-11,39.04,671.24,227.8,25,4,0.502,0,0.0,304.09,35,21.4,647.75
24,2026-06-11,31.68,534.28,254.44,17,6,0.839,0,0.0,88.01,23,21.4,655.05
1,2026-06-12,16.09,302.62,88.3,8,4,0.453,0,0.0,135.71,29,22.8,332.9
2,2026-06-12,24.64,463.16,132.74,28,12,0.141,0,0.0,82.98,32,22.8,690.84
3,2026-06-12,24.3,450.76,49.08,19,4,0.788,0,0.0,45.22,16,22.8,390.37
4,2026-06-12,28.14,513.16,151.37,15,6,0.4,0,0.0,58.96,27,22.8,815.01
5,2026-06-12,25.32,476.31,161.88,32,3,0.955,0,0.0,47.84,26,22.8,818.67
6,2026-06-12,23.76,562.97,186.79,23,11,0.662,0,0.0,57.92,24,22.8,478.53
7,2026-06-12,22.9,516.23,58.48,22,4,0.54,0,0.0,64.58,26,22.8,648.83
8,2026-06-12,34.86,810.31,163.1,15,7,0.247,0,0.0,0.0,0,22.8,493.79
9,2026-06-12,17.0,388.12,117.74,17,6,0.296,0,0.0,143.97,28,22.8,635.29
10,2026-06-12,16.9,390.97,89.28,13,7,0.005,0,0.0,75.37,32,22.8,372.4
11,2026-06-12,22.37,525.27,108.21,20,3,0.822,0,0.0,63.34,16,22.8,643.89
12,2026-06-12,13.64,311.87,129.09,23,8,0.055,0,0.0,154.89,41,22.8,668.59
13,2026-06-12,19.39,419.64,108.35,19,7,0.648,0,0.0,192.16,45,22.8,577.5
14,2026-06-12,21.39,459.28,140.23,24,9,0.556,0,0.0,388.17,61,22.8,356.9
15,2026-06-12,14.61,317.96,81.6,16,6,0.116,0,0.0,88.32,28,22.8,808.32
16,2026-06-12,21.59,471.95,109.52,15,6,0.357,0,0.0,225.36,38,22.8,323.71
17,2026-06-12,21.03,457.22,73.89,16,7,0.323,0,0.0,40.62,21,22.8,361.47
18,2026-06-12,34.37,746.01,160.89,24,7,0.016,0,0.0,76.36,18,22.8,859.25
19,2026-06-12,51.6,1093.77,216.46,26,8,0.177,0,0.0,187.74,26,22.8,718.97
20,2026-06-12,14.17,242.7,88.56,13,4,0.736,0,0.0,135.18,34,22.8,345.74
21,2026-06-12,28.96,494.71,145.06,22,6,0.037,0,0.0,107.36,30,22.8,912.95
22,2026-06-12,27.84,477.23,124.74,15,4,0.792,0,0.0,224.65,54,22.8,436.29
23,2026-06-12,31.92,548.89,198.08,31,10,0.357,0,0.0,383.9,39,22.8,649.99
24,2026-06-12,23.86,402.4,208.31,29,10,0.596,0,0.0,51.08,18,22.8,647.43
1,2026-06-13,27.61,519.43,107.28,8,4,0.403,0,0.0,58.54,22,24.2,338.14
2,2026-06-13,37.21,699.52,127.31,24,8,0.937,0,0.0,169.57,49,24.2,690.89
3,2026-06-13,16.02,297.2,87.0,7,8,0.277,0,0.0,160.16,32,24.2,385.76
4,2026-06-13,16.43,299.6,152.19,16,7,0.368,0,0.0,220.93,49,24.2,809.1
5,2026-06-13,38.62,726.56,164.51,26,6,0.512,0,0.0,335.33,59,24.2,818.41
6,2026-06-13,21.18,502.03,166.42,24,8,0.568,0,0.0,338.29,54,24.2,477.06
7,2026-06-13,13.97,314.88,71.72,12,3,0.998,0,0.0,96.9,34,24.2,656.29
8,2026-06-13,30.36,705.88,207.02,20,5,0.989,0,0.0,52.74,27,24.2,491.27
9,2026-06-13,18.58,424.16,75.91,18,6,0.11,0,0.0,397.65,47,24.2,636.22
10,2026-06-13,24.15,558.66,93.32,15,6,0.979,0,0.0,172.87,47,24.2,376.3
11,2026-06-13,23.35,548.55,106.5,16,6,0.674,0,0.0,47.21,13,24.2,641.63
12,2026-06-13,15.79,360.86,111.46,15,6,0.298,0,0.0,217.19,49,24.2,673.12
13,2026-06-13,28.77,622.68,127.79,7,6,0.606,0,0.0,65.68,27,24.2,574.43
14,2026-06-13,24.94,535.65,166.14,23,8,0.569,0,0.0,85.03,32,24.2,361.88
15,2026-06-13,13.71,298.34,82.87,15,6,0.157,0,0.0,43.52,19,24.2,803.42
16,2026-06-13,19.64,429.47,123.56,9,6,0.214,0,0.0,156.16,31,24.2,325.72
17,2026-06-13,15.99,347.68,93.41,13,5,0.838,0,0.0,0.0,0,24.2,367.16
18,2026-06-13,37.81,820.69,149.45,18,9,0.131,0,0.0,52.89,14,24.2,859.26
19,2026-06-13,32.72,693.51,207.46,26,8,0.079,0,0.0,47.61,17,24.2,724.39
20,2026-06-13,22.22,380.65,79.37,13,9,0.083,0,0.0,158.57,37,24.2,345.92
21,2026-06-13,21.98,375.53,137.63,20,7,0.606,0,0.0,213.36,44,24.2,919.08
22,2026-06-13,25.36,434.76,102.95,26,5,0.391,0,0.0,110.48,37,24.2,431.88
23,2026-06-13,47.45,816.17,188.05,29,9,0.006,0,0.0,249.26,32,24.2,646.63
24,2026-06-13,19.33,326.12,198.93,20,7,0.888,0,0.0,194.93,30,24.2,646.51
1,2026-06-14,20.32,382.4,106.11,16,3,0.669,0,0.0,48.95,19,25.6,336.21
2,2026-06-14,30.63,575.78,142.19,25,8,0.101,0,0.0,166.89,45,25.6,693.92
3,2026-06-14,21.58,400.33,93.32,15,4,0.463,0,0.0,42.09,15,25.6,389.97
4,2026-06-14,18.56,338.49,168.1,14,4,0.217,0,0.0,53.7,23,25.6,811.8
5,2026-06-14,25.27,475.47,136.12,27,5,0.596,0,0.0,140.9,43,25.6,817.91
6,2026-06-14,23.07,546.87,199.18,11,7,0.099,0,0.0,50.39,19,25.6,479.23
7,2026-06-14,22.02,496.55,55.73,17,5,0.864,0,0.0,157.8,41,25.6,655.49
8,2026-06-14,33.29,774.05,213.98,16,5,0.176,0,0.0,75.35,31,25.6,489.94
9,2026-06-14,22.64,516.92,62.12,21,6,0.473,0,0.0,224.33,39,25.6,632.74
10,2026-06-14,15.47,357.79,82.99,14,8,0.862,0,0.0,370.4,60,25.6,384.99
11,2026-06-14,22.26,522.88,97.06,15,4,0.735,0,0.0,45.86,13,25.6,638.82
12,2026-06-14,23.27,532.05,101.43,20,5,0.57,0,0.0,342.53,58,25.6,670.19
13,2026-06-14,25.02,541.75,151.31,13,5,0.906,0,0.0,122.82,37,25.6,574.94
14,2026-06-14,27.57,592.29,154.2,19,7,0.05,0,0.0,62.78,23,25.6,360.92
15,2026-06-14,34.95,760.77,50.11,18,4,0.683,0,0.0,178.68,36,25.6,805.95
16,2026-06-14,20.91,457.27,91.32,17,5,0.478,0,0.0,221.14,46,25.6,330.61
17,2026-06-14,23.61,513.55,114.74,15,8,0.041,0,0.0,356.36,55,25.6,362.42
18,2026-06-14,27.11,588.44,147.25,25,10,0.459,0,0.0,281.2,33,25.6,866.78
19,2026-06-14,25.85,547.92,218.35,31,10,0.716,0,0.0,368.35,45,25.6,721.99
20,2026-06-14,23.71,406.28,76.72,20,6,0.499,0,0.0,359.78,56,25.6,343.57
21,2026-06-14,32.72,559.08,131.84,21,3,0.256,0,0.0,56.75,25,25.6,915.67
22,2026-06-14,29.19,500.56,102.47,12,6,0.503,0,0.0,40.54,23,25.6,435.67
23,2026-06-14,31.47,541.32,193.47,28,9,0.555,0,0.0,63.1,16,25.6,655.99
24,2026-06-14,20.67,348.67,190.7,19,6,0.649,0,0.0,130.23,30,25.6,647.42
1,2026-06-15,13.06,245.69,106.52,13,4,0.159,0,0.0,102.58,25,27.0,333.35
2,2026-06-15,31.48,591.82,159.93,25,11,0.781,0,0.0,64.37,29,27.0,687.56
3,2026-06-15,25.27,468.87,93.06,14,5,0.668,0,0.0,373.61,44,27.0,390.21
4,2026-06-15,20.94,382.05,138.23,19,6,0.264,0,0.0,185.29,45,27.0,809.12
5,2026-06-15,41.39,778.78,145.0,25,8,0.12,0,0.0,73.93,30,27.0,821.71
6,2026-06-15,31.85,755.09,181.24,24,4,0.158,0,0.0,357.59,46,27.0,477.9
7,2026-06-15,28.37,639.76,74.53,12,6,0.555,0,0.0,91.92,31,27.0,651.11
8,2026-06-15,21.36,496.74,168.39,28,10,0.064,0,0.0,83.15,34,27.0,490.77
9,2026-06-15,26.5,605.21,36.5,17,7,0.251,0,0.0,154.13,32,27.0,634.12
10,2026-06-15,20.8,481.18,74.62,11,3,0.697,0,0.0,64.56,27,27.0,378.75
11,2026-06-15,26.73,628.01,126.34,17,6,0.079,0,0.0,45.18,14,27.0,634.95
12,2026-06-15,34.88,797.61,109.66,18,5,0.433,0,0.0,229.59,46,27.0,677.05
13,2026-06-15,29.11,630.28,131.75,17,6,0.033,0,0.0,104.26,37,27.0,577.64
14,2026-06-15,30.89,663.61,183.42,20,7,0.856,0,0.0,48.4,24,27.0,360.38
15,2026-06-15,25.03,544.94,77.24,14,5,0.369,0,0.0,301.17,45,27.0,802.43
16,2026-06-15,20.34,444.74,116.78,13,6,0.903,0,0.0,157.2,33,27.0,328.13
17,2026-06-15,20.35,442.63,98.38,19,5,0.896,0,0.0,346.49,59,27.0,358.23
18,2026-06-15,29.72,645.19,129.62,27,8,0.341,0,0.0,155.58,24,27.0,859.6
19,2026-06-15,29.44,624.18,235.71,21,12,0.299,0,0.0,275.63,37,27.0,727.87
20,2026-06-15,16.96,290.57,101.49,10,5,0.877,0,0.0,68.39,23,27.0,344.39
21,2026-06-15,31.04,530.41,136.33,15,5,0.515,0,0.0,147.24,34,27.0,909.47
22,2026-06-15,20.77,356.16,102.86,17,8,0.165,0,0.0,139.71,40,27.0,428.86
23,2026-06-15,38.66,665.08,203.42,27,11,0.751,0,0.0,52.01,16,27.0,648.25
24,2026-06-15,38.68,652.65,203.15,30,5,0.924,0,0.0,51.25,17,27.0,649.65
1,2026-06-16,12.05,226.7,107.7,14,5,0.085,0,0.0,46.78,19,28.4,336.16
2,2026-06-16,25.53,480.12,158.89,26,9,0.56,0,0.0,287.25,55,28.4,684.81
3,2026-06-16,11.65,216.26,105.09,13,5,0.139,0,0.0,313.74,42,28.4,386.68
4,2026-06-16,19.45,354.86,115.34,21,3,0.216,0,0.0,344.43,57,28.4,814.13
5,2026-06-16,30.89,581.27,146.62,18,6,0.823,0,0.0,224.8,51,28.4,821.71
6,2026-06-16,34.48,817.35,197.39,18,5,0.094,0,0.0,47.56,21,28.4,474.57
7,2026-06-16,16.2,365.44,79.22,13,6,0.0,0,0.0,80.02,30,28.4,653.76
8,2026-06-16,24.93,579.9,177.71,15,6,0.901,0,0.0,140.0,41,28.4,494.83
9,2026-06-16,23.11,527.79,56.52,9,6,0.787,0,0.0,175.48,33,28.4,641.18
10,2026-06-16,21.82,504.86,79.06,16,5,0.43,0,0.0,70.03,29,28.4,384.59
11,2026-06-16,24.65,579.21,139.45,13,5,0.277,0,0.0,67.22,17,28.4,643.8
12,2026-06-16,20.32,464.57,102.46,21,6,0.873,0,0.0,356.48,60,28.4,671.65
13,2026-06-16,9.88,213.88,127.38,15,5,0.498,0,0.0,105.06,38,28.4,578.89
14,2026-06-16,29.59,635.76,177.5,18,6,0.083,0,0.0,88.87,33,28.4,365.58
15,2026-06-16,19.58,426.24,96.79,14,5,0.212,0,0.0,243.47,41,28.4,809.0
16,2026-06-16,15.32,334.97,137.89,13,4,0.941,0,0.0,53.68,21,28.4,321.82
17,2026-06-16,17.69,384.86,118.75,14,7,0.551,0,0.0,42.5,22,28.4,361.86
18,2026-06-16,20.79,451.34,120.66,28,4,0.683,0,0.0,371.19,38,28.4,862.64
19,2026-06-16,33.76,715.89,188.41,38,7,0.109,0,0.0,90.96,23,28.4,724.25
20,2026-06-16,21.32,365.37,105.9,14,4,0.074,0,0.0,159.99,34,28.4,343.34
21,2026-06-16,24.61,420.63,138.27,21,11,0.886,0,0.0,91.08,28,28.4,914.79
22,2026-06-16,35.2,603.71,90.98,18,7,0.468,0,0.0,104.32,36,28.4,431.54
23,2026-06-16,39.78,684.5,203.39,19,8,0.216,0,0.0,41.81,15,28.4,650.13
24,2026-06-16,29.24,493.46,152.77,32,6,0.488,0,0.0,294.19,42,28.4,652.24
1,2026-06-17,22.41,421.82,97.79,21,7,0.864,0,0.0,266.76,37,29.8,333.15
2,2026-06-17,26.81,504.27,158.97,23,8,0.573,0,0.0,0.0,0,29.8,695.17
3,2026-06-17,18.75,347.98,102.01,15,2,0.942,0,0.0,70.18,21,29.8,386.91
4,2026-06-17,20.12,367.09,115.29,17,5,0.945,0,0.0,379.59,63,29.8,814.58
5,2026-06-17,34.22,644.01,137.57,24,9,0.504,0,0.0,131.18,38,29.8,820.51
6,2026-06-17,13.74,325.77,175.02,26,9,0.852,0,0.0,308.43,43,29.8,481.09
7,2026-06-17,27.07,610.6,80.58,10,5,0.388,0,0.0,151.43,42,29.8,647.73
8,2026-06-17,22.14,515.01,163.49,19,4,0.709,0,0.0,74.11,27,29.8,497.97
9,2026-06-17,29.34,670.29,49.54,15,5,0.099,0,0.0,233.73,37,29.8,639.29
10,2026-06-17,16.6,384.19,72.85,15,5,0.419,0,0.0,246.63,61,29.8,376.66
11,2026-06-17,19.7,462.88,121.8,17,6,0.966,0,0.0,41.46,13,29.8,640.03
12,2026-06-17,27.48,628.44,71.51,17,7,0.424,0,0.0,295.36,54,29.8,669.78
13,2026-06-17,20.48,443.44,157.83,14,6,0.347,0,0.0,44.22,25,29.8,578.61
14,2026-06-17,23.49,504.75,185.32,23,9,0.975,0,0.0,305.96,55,29.8,357.28
15,2026-06-17,25.18,548.38,97.27,12,8,0.764,0,0.0,168.98,34,29.8,805.9
16,2026-06-17,24.43,534.35,146.31,21,8,0.308,0,0.0,59.39,24,29.8,331.18
17,2026-06-17,22.56,490.89,130.82,12,7,0.228,0,0.0,53.53,24,29.8,363.19
18,2026-06-17,32.28,701.02,115.3,16,6,0.953,0,0.0,55.05,16,29.8,866.02
19,2026-06-17,37.55,796.29,219.66,24,6,0.122,0,0.0,137.28,25,29.8,727.27
20,2026-06-17,26.53,454.64,112.87,14,5,0.211,0,0.0,0.0,0,29.8,349.49
21,2026-06-17,30.33,518.41,116.98,26,6,0.174,0,0.0,70.66,25,29.8,915.99
22,2026-06-17,15.29,262.37,119.57,16,6,0.719,0,0.0,257.79,44,29.8,432.43
23,2026-06-17,35.92,618.08,201.75,27,8,0.011,0,0.0,45.35,14,29.8,647.28
24,2026-06-17,24.73,417.26,118.71,21,10,0.501,0,0.0,279.27,40,29.8,656.05
1,2026-06-18,16.09,302.77,126.18,10,5,0.41,0,0.0,129.92,28,31.2,336.94
2,2026-06-18,28.29,532.1,183.26,21,6,0.208,0,0.0,106.12,36,31.2,690.12
3,2026-06-18,19.65,364.69,102.57,15,5,0.818,0,0.0,222.18,37,31.2,384.22
4,2026-06-18,23.72,432.93,93.14,19,7,0.777,0,0.0,53.08,24,31.2,819.5
5,2026-06-18,27.14,510.77,157.32,15,7,0.676,0,0.0,281.31,57,31.2,819.21
6,2026-06-18,30.25,717.36,181.56,25,6,0.64,0,0.0,41.99,19,31.2,481.44
7,2026-06-18,17.48,394.37,86.69,9,3,0.389,0,0.0,209.77,49,31.2,654.27
8,2026-06-18,36.23,842.79,228.92,16,5,0.039,0,0.0,91.42,32,31.2,493.39
9,2026-06-18,25.17,575.07,46.18,12,4,0.184,0,0.0,223.01,37,31.2,636.56
10,2026-06-18,19.56,452.77,64.69,14,4,0.088,0,0.0,140.84,42,31.2,380.48
11,2026-06-18,26.17,615.13,122.49,18,7,0.837,0,0.0,175.41,25,31.2,638.71
12,2026-06-18,20.82,476.16,77.2,9,5,0.129,0,0.0,288.22,59,31.2,677.76
13,2026-06-18,24.56,531.95,119.61,19,6,0.009,0,0.0,222.1,53,31.2,577.7
14,2026-06-18,24.09,517.65,175.4,18,9,0.065,0,0.0,45.97,22,31.2,360.5
15,2026-06-18,18.76,408.52,121.32,16,6,0.665,0,0.0,214.36,37,31.2,808.59
16,2026-06-18,17.57,384.29,127.77,17,5,0.431,0,0.0,75.52,24,31.2,323.75
17,2026-06-18,25.36,551.86,136.37,22,5,0.853,0,0.0,70.2,28,31.2,357.74
18,2026-06-18,31.92,693.26,137.74,14,10,0.85,0,0.0,303.91,36,31.2,859.83
19,2026-06-18,26.51,562.35,225.15,21,10,0.083,0,0.0,68.09,20,31.2,721.06
20,2026-06-18,15.43,264.43,125.54,9,8,0.236,0,0.0,0.0,0,31.2,343.88
21,2026-06-18,20.68,353.49,129.47,15,9,0.784,0,0.0,380.57,55,31.2,913.77
22,2026-06-18,23.43,402.06,90.79,18,7,0.478,0,0.0,53.36,26,31.2,433.23
23,2026-06-18,33.34,573.7,213.62,22,6,0.373,0,0.0,101.35,21,31.2,650.33
24,2026-06-18,40.18,678.21,153.55,21,5,0.516,0,0.0,139.4,30,31.2,653.35
1,2026-06-19,20.73,390.25,126.75,13,5,0.844,0,0.0,162.05,33,32.6,333.34
2,2026-06-19,28.36,533.43,183.87,20,5,0.785,0,0.0,117.6,44,32.6,691.28
3,2026-06-19,16.98,315.21,111.74,13,4,0.508,0,0.0,125.19,30,32.6,390.26
4,2026-06-19,28.25,515.68,63.56,23,5,0.57,0,0.0,53.11,26,32.6,813.37
5,2026-06-19,20.9,393.38,132.09,22,4,0.044,0,0.0,182.01,45,32.6,819.37
6,2026-06-19,23.86,565.78,165.51,24,6,0.156,0,0.0,329.13,45,32.6,477.42
7,2026-06-19,18.21,410.83,107.4,15,5,0.331,0,0.0,68.58,25,32.6,656.71
8,2026-06-19,17.93,417.09,258.09,27,7,0.295,0,0.0,42.06,22,32.6,496.43
9,2026-06-19,13.88,317.15,69.54,13,7,0.89,0,0.0,316.29,47,32.6,638.85
10,2026-06-19,23.49,543.81,108.71,11,3,0.933,0,0.0,50.82,26,32.6,384.5
11,2026-06-19,16.45,386.56,121.79,14,8,0.591,0,0.0,297.59,32,32.6,643.22
12,2026-06-19,27.9,638.13,91.35,19,4,0.214,0,0.0,380.0,59,32.6,670.92
13,2026-06-19,20.77,449.84,132.75,14,2,0.729,0,0.0,158.27,48,32.6,574.57
14,2026-06-19,25.98,558.35,143.88,22,7,0.411,0,0.0,43.39,22,32.6,360.12
15,2026-06-19,20.12,438.22,105.97,12,5,0.346,0,0.0,281.61,45,32.6,815.6
16,2026-06-19,17.36,379.76,119.97,21,7,0.372,0,0.0,275.57,49,32.6,328.34
17,2026-06-19,19.8,430.94,158.34,9,4,0.115,0,0.0,75.98,27,32.6,363.98
18,2026-06-19,36.38,790.15,166.07,27,10,0.871,0,0.0,112.63,24,32.6,863.44
19,2026-06-19,44.81,950.45,208.98,27,7,0.13,0,0.0,349.8,42,32.6,727.84
20,2026-06-19,22.81,390.99,126.1,12,5,0.206,0,0.0,97.47,31,32.6,346.22
21,2026-06-19,28.18,481.81,120.6,19,5,0.699,0,0.0,137.79,34,32.6,912.93
22,2026-06-19,26.39,452.8,100.23,16,10,0.107,0,0.0,156.98,42,32.6,440.53
23,2026-06-19,20.76,357.37,199.59,24,12,0.115,0,0.0,108.83,24,32.6,652.52
24,2026-06-19,42.46,716.8,191.95,19,5,0.754,0,0.0,121.93,27,32.6,648.35
1,2026-06-20,28.22,531.32,150.23,18,7,0.121,0,0.0,111.33,23,34.0,333.14
2,2026-06-20,27.43,516.09,199.26,22,8,0.505,0,0.0,103.59,37,34.0,690.75
3,2026-06-20,22.55,418.69,96.65,23,8,0.665,0,0.0,139.4,27,34.0,391.81
4,2026-06-20,21.82,398.35,79.75,17,6,0.086,0,0.0,188.99,43,34.0,813.47
5,2026-06-20,27.41,516.09,97.87,26,6,0.8,0,0.0,165.88,45,34.0,817.22
6,2026-06-20,38.02,901.7,160.44,20,7,0.018,0,0.0,244.85,42,34.0,476.85
7,2026-06-20,16.02,361.48,108.22,12,5,0.384,0,0.0,43.55,22,34.0,652.32
8,2026-06-20,29.84,694.36,230.35,29,6,0.801,0,0.0,92.17,30,34.0,491.54
9,2026-06-20,23.89,545.96,96.54,8,3,0.493,0,0.0,49.92,21,34.0,640.86
10,2026-06-20,21.24,491.81,117.48,11,3,0.157,0,0.0,132.5,41,34.0,383.6
11,2026-06-20,23.17,544.77,111.43,16,6,0.533,0,0.0,368.31,33,34.0,640.39
12,2026-06-20,27.51,629.33,134.91,10,6,0.247,0,0.0,257.11,53,34.0,669.05
13,2026-06-20,19.53,423.04,106.35,13,4,0.564,0,0.0,290.43,61,34.0,579.06
14,2026-06-20,28.17,605.46,98.69,27,3,0.877,0,0.0,0.0,0,34.0,365.97
15,2026-06-20,19.66,428.31,94.13,14,5,0.177,0,0.0,94.1,23,34.0,805.9
16,2026-06-20,26.96,589.83,126.03,10,5,0.391,0,0.0,50.27,22,34.0,329.2
17,2026-06-20,15.45,336.33,160.73,16,4,0.088,0,0.0,390.62,59,34.0,367.5
18,2026-06-20,20.45,444.24,146.47,21,10,0.687,0,0.0,119.65,24,34.0,865.0
19,2026-06-20,27.59,585.39,223.19,18,10,0.818,0,0.0,126.48,25,34.0,727.78
20,2026-06-20,19.73,338.2,146.05,12,3,0.009,0,0.0,210.9,44,34.0,347.12
21,2026-06-20,33.08,565.6,157.16,18,5,0.452,0,0.0,216.55,38,34.0,914.11
22,2026-06-20,18.76,321.89,86.98,21,6,0.804,0,0.0,96.45,36,34.0,425.72
23,2026-06-20,34.95,601.61,170.52,27,9,0.334,0,0.0,63.66,18,34.0,644.44
24,2026-06-20,31.16,525.99,178.12,19,10,0.725,0,0.0,160.56,32,34.0,652.37
1,2026-06-21,14.97,281.89,131.07,17,5,0.583,0,0.0,320.56,43,35.4,332.45
2,2026-06-21,19.75,371.65,218.58,25,7,0.866,0,0.0,117.39,43,35.4,688.99
3,2026-06-21,19.37,359.67,96.95,15,5,0.839,0,0.0,80.64,23,35.4,389.32
4,2026-06-21,27.85,508.47,76.89,17,5,0.753,0,0.0,84.2,33,35.4,811.1
5,2026-06-21,20.27,381.65,144.54,22,5,0.876,0,0.0,390.14,59,35.4,814.92
6,2026-06-21,32.25,765.03,152.75,17,5,0.012,0,0.0,316.66,49,35.4,480.97
7,2026-06-21,15.29,345.04,103.26,14,6,0.174,0,0.0,87.0,32,35.4,658.06
8,2026-06-21,20.74,482.58,248.24,24,6,0.786,0,0.0,63.61,27,35.4,491.21
9,2026-06-21,16.1,368.01,90.9,17,10,0.995,0,0.0,122.23,28,35.4,639.65
10,2026-06-21,22.54,521.96,144.92,10,2,0.342,0,0.0,54.96,29,35.4,384.62
11,2026-06-21,23.5,552.47,125.16,13,5,0.354,0,0.0,136.18,26,35.4,636.66
12,2026-06-21,12.67,289.83,82.96,21,8,0.01,0,0.0,88.5,29,35.4,668.04
13,2026-06-21,29.7,643.59,87.13,21,5,0.333,0,0.0,47.03,27,35.4,578.17
14,2026-06-21,27.32,587.22,113.86,17,6,0.272,0,0.0,124.14,35,35.4,358.06
15,2026-06-21,21.55,469.41,110.24,11,3,0.651,0,0.0,57.74,19,35.4,810.87
16,2026-06-21,25.64,561.04,133.57,9,6,0.891,0,0.0,285.09,44,35.4,328.25
17,2026-06-21,29.46,641.16,166.04,22,5,0.703,0,0.0,159.23,40,35.4,362.49
18,2026-06-21,17.86,388.0,145.1,22,6,0.39,0,0.0,308.12,28,35.4,856.6
19,2026-06-21,26.26,557.18,224.36,38,10,0.936,0,0.0,0.0,0,35.4,728.36
20,2026-06-21,12.89,220.95,117.73,19,6,0.852,0,0.0,240.22,45,35.4,344.26
21,2026-06-21,19.78,338.29,152.84,21,6,0.246,0,0.0,278.0,43,35.4,918.74
22,2026-06-21,23.76,407.73,118.18,13,5,0.085,0,0.0,397.14,55,35.4,433.23
23,2026-06-21,28.81,496.01,145.4,31,11,0.779,0,0.0,135.22,23,35.4,649.65
24,2026-06-21,24.68,416.65,171.55,23,10,0.481,0,0.0,110.63,25,35.4,655.49
1,2026-06-22,20.35,383.15,133.56,15,10,0.968,0,0.0,376.6,51,36.8,330.0
2,2026-06-22,23.99,451.4,173.94,35,5,0.826,0,0.0,78.15,34,36.8,691.8
3,2026-06-22,16.8,311.96,99.19,17,4,0.475,0,0.0,203.39,36,36.8,386.72
4,2026-06-22,29.8,544.03,103.11,11,3,0.193,0,0.0,124.09,32,36.8,817.42
5,2026-06-22,26.96,507.76,113.7,24,6,0.838,0,0.0,273.65,53,36.8,824.35
6,2026-06-22,33.31,790.2,153.39,17,7,0.763,0,0.0,197.65,44,36.8,481.09
7,2026-06-22,20.42,460.98,117.27,15,4,0.08,0,0.0,137.55,38,36.8,655.09
8,2026-06-22,34.31,798.6,266.14,15,6,0.31,0,0.0,56.1,26,36.8,499.62
9,2026-06-22,20.21,461.92,101.25,6,5,0.683,0,0.0,48.76,19,36.8,636.49
10,2026-06-22,15.97,369.84,128.39,14,7,0.171,0,0.0,118.12,35,36.8,380.64
11,2026-06-22,18.56,436.37,98.83,24,5,0.994,0,0.0,127.61,23,36.8,637.25
12,2026-06-22,26.0,594.9,83.58,16,7,0.138,0,0.0,387.43,68,36.8,672.16
13,2026-06-22,18.25,395.45,99.11,9,4,0.297,0,0.0,0.0,0,36.8,576.21
14,2026-06-22,27.83,598.4,109.34,29,7,0.516,0,0.0,105.28,33,36.8,362.44
15,2026-06-22,15.96,347.75,110.74,18,5,0.973,0,0.0,278.1,42,36.8,806.86
16,2026-06-22,32.51,711.46,144.47,14,5,0.342,0,0.0,54.36,23,36.8,328.33
17,2026-06-22,14.42,313.83,151.78,16,8,0.697,0,0.0,124.89,33,36.8,368.16
18,2026-06-22,35.71,775.85,158.16,23,8,0.892,0,0.0,44.9,14,36.8,861.85
19,2026-06-22,37.44,794.49,215.31,25,9,0.216,0,0.0,301.12,37,36.8,726.26
20,2026-06-22,17.32,296.93,112.7,19,4,0.401,0,0.0,78.85,30,36.8,351.01
21,2026-06-22,24.59,420.51,158.0,15,5,0.206,0,0.0,136.72,31,36.8,915.36
22,2026-06-22,22.08,378.97,110.29,19,5,0.764,0,0.0,77.99,31,36.8,438.08
23,2026-06-22,31.34,539.57,181.16,25,8,0.765,0,0.0,70.2,19,36.8,648.24
24,2026-06-22,22.17,374.4,170.65,26,9,0.679,0,0.0,345.87,44,36.8,654.19
1,2026-06-23,23.89,449.97,123.18,13,2,0.131,0,0.0,72.6,22,38.2,336.45
2,2026-06-23,26.52,499.15,201.36,22,11,0.718,0,0.0,0.0,0,38.2,693.16
3,2026-06-23,29.25,543.23,124.55,16,4,0.279,0,0.0,166.62,30,38.2,386.51
4,2026-06-23,22.99,419.8,127.93,11,5,0.194,0,0.0,69.22,26,38.2,816.48
5,2026-06-23,31.42,591.65,84.05,18,7,0.924,0,0.0,165.72,45,38.2,826.25
6,2026-06-23,28.19,668.9,134.59,24,6,0.436,0,0.0,219.48,39,38.2,478.85
7,2026-06-23,18.3,412.99,118.48,11,4,0.697,0,0.0,48.06,24,38.2,657.85
8,2026-06-23,37.23,866.5,272.28,19,5,0.247,0,0.0,393.28,67,38.2,496.69
9,2026-06-23,11.42,261.08,120.74,19,3,0.506,0,0.0,237.12,41,38.2,636.63
10,2026-06-23,17.16,397.39,99.74,20,5,0.68,0,0.0,127.27,37,38.2,379.28
11,2026-06-23,20.92,491.92,117.22,17,6,0.05,0,0.0,213.5,28,38.2,647.7
12,2026-06-23,12.24,280.19,88.68,17,6,0.662,0,0.0,124.77,36,38.2,676.41
13,2026-06-23,20.05,434.52,79.63,16,5,0.917,0,0.0,113.69,38,38.2,575.45
14,2026-06-23,35.38,760.81,91.97,18,9,0.346,0,0.0,65.71,29,38.2,357.77
15,2026-06-23,21.53,469.05,105.89,21,7,0.27,0,0.0,188.59,36,38.2,807.83
16,2026-06-23,19.05,417.07,151.96,19,2,0.986,0,0.0,115.85,32,38.2,328.12
17,2026-06-23,24.57,535.02,137.94,18,4,0.65,0,0.0,223.14,48,38.2,363.66
18,2026-06-23,28.9,628.1,156.55,21,4,0.756,0,0.0,111.69,22,38.2,861.42
19,2026-06-23,24.96,529.77,244.15,24,7,0.848,0,0.0,66.41,18,38.2,725.2
20,2026-06-23,19.04,326.61,102.35,20,3,0.292,0,0.0,387.57,55,38.2,341.74
21,2026-06-23,21.6,369.56,147.16,19,6,0.206,0,0.0,64.48,23,38.2,913.64
22,2026-06-23,26.61,456.82,109.72,18,8,0.344,0,0.0,342.86,56,38.2,436.52
23,2026-06-23,36.26,624.41,162.77,26,9,0.079,0,0.0,375.42,41,38.2,652.03
24,2026-06-23,20.97,354.1,192.11,19,6,0.032,0,0.0,93.89,24,38.2,651.61
1,2026-06-24,23.58,444.14,113.56,14,4,0.822,0,0.0,207.39,35,39.6,337.44
2,2026-06-24,28.38,534.11,180.13,27,6,0.931,0,0.0,264.17,59,39.6,692.97
3,2026-06-24,19.8,367.83,110.48,20,4,0.099,0,0.0,188.01,37,39.6,387.59
4,2026-06-24,23.82,435.01,132.84,17,2,0.404,0,0.0,68.94,28,39.6,810.77
5,2026-06-24,25.69,483.82,93.9,21,5,0.98,0,0.0,72.23,30,39.6,819.43
6,2026-06-24,25.09,595.5,126.3,19,9,0.118,0,0.0,122.36,30,39.6,477.82
7,2026-06-24,21.14,477.32,132.17,11,3,0.97,0,0.0,216.25,47,39.6,651.98
8,2026-06-24,30.61,712.55,283.0,20,7,0.48,0,0.0,62.51,29,39.6,499.52
9,2026-06-24,23.32,533.18,123.35,15,7,0.175,0,0.0,293.73,42,39.6,636.18
10,2026-06-24,11.51,266.67,125.03,9,4,0.633,0,0.0,157.4,44,39.6,377.01
11,2026-06-24,20.24,476.05,117.87,13,5,0.84,0,0.0,222.8,28,39.6,639.62
12,2026-06-24,26.47,605.9,122.87,8,4,0.802,0,0.0,0.0,0,39.6,673.68
13,2026-06-24,31.02,672.35,63.68,19,4,0.229,0,0.0,121.07,39,39.6,579.27
14,2026-06-24,20.47,440.24,83.89,21,9,0.737,0,0.0,40.93,22,39.6,362.13
15,2026-06-24,16.21,353.3,107.31,15,4,0.166,0,0.0,57.86,23,39.6,807.22
16,2026-06-24,15.26,334.02,114.0,26,7,0.445,0,0.0,271.92,47,39.6,328.8
17,2026-06-24,30.12,655.92,168.66,18,7,0.004,0,0.0,246.73,48,39.6,363.54
18,2026-06-24,25.59,556.12,176.42,22,5,0.556,0,0.0,314.57,34,39.6,862.48
19,2026-06-24,44.64,947.42,211.41,28,7,0.3,0,0.0,53.25,18,39.6,722.63
20,2026-06-24,23.91,410.09,80.1,17,4,0.576,0,0.0,0.0,0,39.6,341.21
21,2026-06-24,26.77,457.96,156.9,21,5,0.17,0,0.0,0.0,0,39.6,915.92
22,2026-06-24,15.71,269.76,82.79,17,8,0.864,0,0.0,111.97,38,39.6,437.63
23,2026-06-24,39.84,686.15,153.24,26,12,0.538,0,0.0,275.92,38,39.6,644.36
24,2026-06-24,27.5,464.42,180.2,15,10,0.41,0,0.0,320.49,40,39.6,642.53
1,2026-06-25,18.74,352.98,118.13,21,5,0.989,0,0.0,145.56,34,6.0,326.04
2,2026-06-25,41.05,772.67,216.08,24,9,0.916,0,0.0,126.95,41,6.0,677.89
3,2026-06-25,21.15,392.93,117.96,14,8,0.057,0,0.0,78.92,22,6.0,373.1
4,2026-06-25,14.52,265.19,151.52,13,7,0.098,0,0.0,175.44,44,6.0,809.04
5,2026-06-25,28.58,538.42,77.17,21,9,0.891,0,0.0,180.97,45,6.0,805.62
6,2026-06-25,22.76,540.26,88.37,25,5,0.034,0,0.0,115.64,29,6.0,467.98
7,2026-06-25,23.17,523.16,106.95,13,6,0.319,0,0.0,299.02,56,6.0,641.66
8,2026-06-25,19.77,460.34,226.3,31,6,0.941,0,0.0,170.41,43,6.0,480.88
9,2026-06-25,9.44,215.75,131.7,11,8,0.727,0,0.0,54.79,20,6.0,628.6
10,2026-06-25,23.02,533.18,134.41,13,7,0.194,0,0.0,145.88,40,6.0,369.35
11,2026-06-25,30.77,723.7,128.52,17,5,0.364,0,0.0,261.76,30,6.0,633.1
12,2026-06-25,24.32,556.77,132.51,10,5,0.444,0,0.0,371.41,64,6.0,659.35
13,2026-06-25,17.0,368.48,40.47,8,4,0.063,0,0.0,48.05,27,6.0,566.32
14,2026-06-25,34.45,741.01,109.26,21,8,0.235,0,0.0,70.12,30,6.0,349.18
15,2026-06-25,23.35,509.03,81.23,20,5,0.236,0,0.0,65.94,24,6.0,796.64
16,2026-06-25,19.76,432.72,100.51,15,4,0.251,0,0.0,67.78,23,6.0,312.39
17,2026-06-25,20.98,456.81,160.15,21,7,0.525,0,0.0,87.0,28,6.0,352.16
18,2026-06-25,25.05,544.51,169.85,24,8,0.535,0,0.0,0.0,0,6.0,851.62
19,2026-06-25,28.53,605.55,239.87,26,8,0.18,0,0.0,251.96,30,6.0,717.64
20,2026-06-25,24.83,425.99,103.03,16,6,0.875,0,0.0,266.84,44,6.0,330.48
21,2026-06-25,21.53,368.37,152.57,18,9,0.151,0,0.0,133.92,30,6.0,901.7
22,2026-06-25,23.12,397.04,113.33,13,5,0.983,0,0.0,68.62,29,6.0,423.23
23,2026-06-25,34.15,588.29,141.09,24,5,0.942,0,0.0,132.82,24,6.0,640.65
24,2026-06-25,33.75,570.05,156.81,28,10,0.738,0,0.0,54.84,18,6.0,639.58
1,2026-06-26,19.24,362.59,93.04,19,5,0.776,0,0.0,57.69,20,7.4,327.88
2,2026-06-26,22.43,422.24,247.35,25,9,0.755,0,0.0,176.55,50,7.4,682.86
3,2026-06-26,21.18,393.58,104.16,17,7,0.937,0,0.0,150.87,34,7.4,375.22
4,2026-06-26,13.64,249.22,154.16,14,6,0.714,0,0.0,40.48,23,7.4,806.79
5,2026-06-26,23.35,439.97,68.85,16,10,0.553,0,0.0,155.08,40,7.4,808.67
6,2026-06-26,31.3,742.89,118.36,22,6,0.491,0,0.0,57.45,20,7.4,466.35
7,2026-06-26,16.2,365.84,115.4,15,7,0.513,0,0.0,196.01,40,7.4,644.59
8,2026-06-26,22.93,533.92,202.81,29,8,0.975,0,0.0,85.6,34,7.4,487.37
9,2026-06-26,26.2,599.01,134.56,19,7,0.828,0,0.0,200.62,34,7.4,627.58
10,2026-06-26,31.27,724.49,129.36,19,7,0.112,0,0.0,45.68,26,7.4,374.48
11,2026-06-26,22.09,519.66,113.8,12,5,0.914,0,0.0,228.82,30,7.4,632.99
12,2026-06-26,25.93,593.75,145.7,19,4,0.562,0,0.0,64.45,28,7.4,663.38
13,2026-06-26,23.59,511.42,64.68,15,5,0.988,0,0.0,366.78,68,7.4,571.04
14,2026-06-26,23.18,498.6,139.76,10,6,0.754,0,0.0,59.86,24,7.4,349.11
15,2026-06-26,30.79,671.2,91.79,8,4,0.878,0,0.0,222.91,36,7.4,801.38
16,2026-06-26,23.59,516.58,103.81,17,4,0.094,0,0.0,130.91,34,7.4,314.0
17,2026-06-26,27.46,598.07,162.55,18,7,0.684,0,0.0,41.25,20,7.4,353.19
18,2026-06-26,26.5,575.99,142.29,30,6,0.515,0,0.0,234.92,33,7.4,852.2
19,2026-06-26,29.13,618.34,235.66,29,9,0.761,0,0.0,0.0,0,7.4,727.54
20,2026-06-26,22.33,383.1,89.7,12,5,0.021,0,0.0,77.02,26,7.4,330.42
21,2026-06-26,23.54,402.8,142.82,16,8,0.083,0,0.0,155.09,37,7.4,900.21
22,2026-06-26,24.17,414.99,96.73,16,5,0.724,0,0.0,47.44,25,7.4,428.32
23,2026-06-26,31.67,545.55,176.7,21,4,0.674,0,0.0,69.62,20,7.4,641.66
24,2026-06-26,25.46,430.15,162.77,31,9,0.839,0,0.0,101.38,24,7.4,641.63
1,2026-06-27,20.0,376.89,86.74,16,5,0.445,0,0.0,108.68,24,8.8,328.48
2,2026-06-27,32.94,620.13,220.17,30,10,0.551,0,0.0,62.82,33,8.8,678.77
3,2026-06-27,25.08,466.01,119.03,14,7,0.559,0,0.0,70.07,22,8.8,383.5
4,2026-06-27,21.58,394.27,142.96,22,6,0.252,0,0.0,130.26,37,8.8,801.73
5,2026-06-27,21.0,395.64,81.13,17,9,0.617,0,0.0,73.08,31,8.8,813.2
6,2026-06-27,27.63,655.93,127.45,19,6,0.538,0,0.0,189.99,38,8.8,471.07
7,2026-06-27,19.76,446.25,94.87,12,6,0.672,0,0.0,244.22,53,8.8,646.87
8,2026-06-27,27.58,642.33,182.3,25,8,0.675,0,0.0,80.52,34,8.8,484.08
9,2026-06-27,19.41,443.91,125.0,19,7,0.551,0,0.0,299.3,40,8.8,634.24
10,2026-06-27,14.53,336.75,138.34,17,6,0.121,0,0.0,156.25,45,8.8,374.16
11,2026-06-27,17.2,404.63,123.69,17,5,0.644,0,0.0,250.81,29,8.8,631.46
12,2026-06-27,14.08,322.28,116.53,24,4,0.637,0,0.0,291.55,58,8.8,662.24
13,2026-06-27,28.15,610.28,91.76,7,4,0.302,0,0.0,134.62,46,8.8,568.16
14,2026-06-27,25.73,553.6,178.49,15,6,0.753,0,0.0,73.47,29,8.8,354.25
15,2026-06-27,21.67,472.43,95.97,14,5,0.123,0,0.0,66.16,23,8.8,800.47
16,2026-06-27,38.51,843.43,114.53,14,5,0.313,0,0.0,74.82,26,8.8,315.13
17,2026-06-27,24.73,538.62,147.08,22,7,0.219,0,0.0,162.12,39,8.8,358.13
18,2026-06-27,25.94,564.01,153.75,20,7,0.442,0,0.0,338.94,40,8.8,853.24
19,2026-06-27,39.18,831.85,264.44,26,8,0.013,0,0.0,179.53,32,8.8,718.12
20,2026-06-27,26.41,453.13,125.25,15,5,0.595,0,0.0,62.15,25,8.8,340.94
21,2026-06-27,30.9,528.92,115.78,29,9,0.839,0,0.0,213.26,45,8.8,908.79
22,2026-06-27,27.26,468.22,76.12,20,5,0.218,0,0.0,144.66,39,8.8,421.08
23,2026-06-27,29.92,515.5,191.7,22,5,0.148,0,0.0,69.96,18,8.8,636.67
24,2026-06-27,21.35,360.64,180.15,16,10,0.543,0,0.0,248.16,35,8.8,646.08
1,2026-06-28,28.39,535.02,70.36,14,6,0.761,0,0.0,287.82,38,10.2,326.79
2,2026-06-28,25.58,481.62,216.24,27,10,0.968,0,0.0,300.9,58,10.2,680.61
3,2026-06-28,18.27,339.57,120.15,14,7,0.783,0,0.0,231.79,35,10.2,381.93
4,2026-06-28,15.52,283.62,122.12,19,7,0.54,0,0.0,0.0,0,10.2,807.02
5,2026-06-28,27.15,511.7,51.15,30,9,0.612,0,0.0,183.57,48,10.2,811.78
6,2026-06-28,35.76,848.97,164.81,15,6,0.605,0,0.0,56.44,22,10.2,473.45
7,2026-06-28,21.98,496.38,88.44,17,6,0.052,0,0.0,53.33,23,10.2,644.26
8,2026-06-28,42.99,1001.37,118.91,31,8,0.926,0,0.0,176.29,44,10.2,489.53
9,2026-06-28,15.88,363.22,148.23,12,7,0.727,0,0.0,167.76,33,10.2,628.84
10,2026-06-28,19.94,462.11,155.07,17,6,0.23,0,0.0,348.21,62,10.2,367.64
11,2026-06-28,23.09,543.22,119.29,16,6,0.93,0,0.0,55.82,15,10.2,629.61
12,2026-06-28,15.18,347.73,128.04,12,5,0.225,0,0.0,69.38,26,10.2,662.32
13,2026-06-28,14.62,317.09,71.98,19,4,0.261,0,0.0,196.06,44,10.2,572.53
14,2026-06-28,26.91,578.99,181.5,22,7,0.546,0,0.0,56.67,25,10.2,348.92
15,2026-06-28,28.4,619.3,92.58,14,5,0.958,0,0.0,44.32,18,10.2,799.47
16,2026-06-28,20.11,440.51,121.93,12,5,0.094,0,0.0,254.47,44,10.2,319.93
17,2026-06-28,30.13,656.27,147.53,21,6,0.172,0,0.0,81.99,27,10.2,359.13
18,2026-06-28,32.1,698.06,204.09,24,8,0.778,0,0.0,82.44,21,10.2,854.81
19,2026-06-28,29.81,633.09,227.5,37,8,0.725,0,0.0,86.62,19,10.2,720.91
20,2026-06-28,20.84,357.56,137.57,9,5,0.625,0,0.0,319.93,50,10.2,336.31
21,2026-06-28,21.27,364.09,105.9,17,8,0.447,0,0.0,190.61,38,10.2,911.66
22,2026-06-28,15.63,268.44,94.44,17,6,0.438,0,0.0,81.24,32,10.2,429.61
23,2026-06-28,28.3,487.55,202.13,28,5,0.193,0,0.0,232.52,29,10.2,642.72
24,2026-06-28,40.39,682.55,185.63,19,10,0.303,0,0.0,0.0,0,10.2,640.19
1,2026-06-29,24.72,465.96,60.46,16,6,0.824,0,0.0,175.09,31,11.6,330.93
2,2026-06-29,27.62,520.18,237.57,22,10,0.654,0,0.0,276.44,56,11.6,686.56
3,2026-06-29,26.42,491.13,108.73,22,7,0.29,0,0.0,190.66,32,11.6,378.22
4,2026-06-29,18.67,341.21,141.12,16,6,0.568,0,0.0,48.94,23,11.6,804.41
5,2026-06-29,18.6,350.57,75.38,9,8,0.532,0,0.0,209.86,51,11.6,806.37
6,2026-06-29,25.39,602.87,123.11,23,6,0.979,0,0.0,59.44,22,11.6,473.98
7,2026-06-29,24.8,560.1,86.77,18,6,0.853,0,0.0,113.08,35,11.6,648.65
8,2026-06-29,38.82,904.25,147.21,16,7,0.106,0,0.0,296.62,55,11.6,481.01
9,2026-06-29,27.2,622.14,148.33,14,6,0.286,0,0.0,43.06,18,11.6,630.26
10,2026-06-29,29.91,693.1,150.7,9,7,0.909,0,0.0,80.24,35,11.6,370.5
11,2026-06-29,17.82,419.39,129.08,11,6,0.006,0,0.0,287.91,35,11.6,633.66
12,2026-06-29,26.64,610.07,134.31,11,4,0.194,0,0.0,265.15,55,11.6,672.59
13,2026-06-29,20.3,440.15,96.67,13,4,0.307,0,0.0,388.6,64,11.6,574.28
14,2026-06-29,10.74,231.1,169.19,24,7,0.634,0,0.0,76.97,29,11.6,350.62
15,2026-06-29,13.55,295.4,113.67,18,6,0.334,0,0.0,261.6,45,11.6,803.43
16,2026-06-29,24.01,526.02,119.05,18,5,0.852,0,0.0,377.38,50,11.6,320.83
17,2026-06-29,24.03,523.47,152.72,14,7,0.756,0,0.0,151.22,35,11.6,350.65
18,2026-06-29,34.8,756.84,194.46,25,7,0.484,0,0.0,108.19,21,11.6,860.23
19,2026-06-29,32.86,697.95,298.3,18,9,0.585,0,0.0,215.65,31,11.6,717.97
20,2026-06-29,16.61,285.06,141.1,16,5,0.443,0,0.0,305.03,50,11.6,336.09
21,2026-06-29,20.7,354.35,101.57,23,8,0.032,0,0.0,310.89,51,11.6,903.53
22,2026-06-29,25.81,443.44,100.16,18,5,0.794,0,0.0,184.53,42,11.6,429.27
23,2026-06-29,24.16,416.29,193.08,29,4,0.493,0,0.0,198.94,30,11.6,633.73
24,2026-06-29,40.1,677.75,162.63,21,10,0.325,0,0.0,41.83,17,11.6,645.99
1,2026-06-30,22.9,431.57,63.94,13,7,0.792,0,0.0,267.42,42,13.0,325.86
2,2026-06-30,33.64,633.63,233.53,27,11,0.731,0,0.0,282.9,63,13.0,680.6
3,2026-06-30,18.86,350.52,84.82,24,7,0.131,0,0.0,320.95,43,13.0,386.24
4,2026-06-30,31.14,569.04,105.9,23,6,0.898,0,0.0,46.5,20,13.0,808.77
5,2026-06-30,18.78,353.92,78.29,16,9,0.487,0,0.0,48.62,27,13.0,808.56
6,2026-06-30,25.07,595.33,130.87,16,6,0.712,0,0.0,66.05,22,13.0,475.56
7,2026-06-30,18.5,417.89,96.46,13,6,0.594,0,0.0,68.54,28,13.0,645.03
8,2026-06-30,33.99,791.87,131.03,21,7,0.962,0,0.0,394.59,63,13.0,484.38
9,2026-06-30,25.01,572.07,156.73,19,7,0.689,0,0.0,51.15,20,13.0,636.45
10,2026-06-30,24.08,558.18,170.63,12,7,0.842,0,0.0,135.25,44,13.0,371.31
11,2026-06-30,22.48,529.05,117.9,22,6,0.07,0,0.0,70.46,17,13.0,638.49
12,2026-06-30,35.11,804.24,114.41,18,4,0.373,0,0.0,79.52,30,13.0,664.45
13,2026-06-30,12.22,264.99,117.14,6,5,0.51,0,0.0,334.46,63,13.0,569.56
14,2026-06-30,16.88,363.25,189.06,14,7,0.285,0,0.0,340.68,59,13.0,347.46
15,2026-06-30,19.8,431.73,85.37,21,6,0.923,0,0.0,250.92,41,13.0,800.6
16,2026-06-30,20.63,451.96,103.72,19,5,0.277,0,0.0,85.02,23,13.0,323.52
17,2026-06-30,30.65,667.86,171.58,13,6,0.265,0,0.0,49.69,22,13.0,357.26
18,2026-06-30,26.83,583.55,167.05,21,7,0.681,0,0.0,126.99,23,13.0,858.88
19,2026-06-30,30.4,645.64,290.5,27,9,0.809,0,0.0,321.97,40,13.0,721.27
20,2026-06-30,21.43,367.88,145.74,13,5,0.382,0,0.0,74.86,27,13.0,339.18
21,2026-06-30,39.77,680.86,147.49,18,7,0.859,0,0.0,286.43,46,13.0,902.04
22,2026-06-30,24.49,420.73,122.39,18,5,0.51,0,0.0,48.19,25,13.0,431.83
23,2026-06-30,25.22,434.66,214.24,21,5,0.425,0,0.0,59.39,18,13.0,644.49
24,2026-06-30,19.21,324.7,148.0,25,10,0.334,0,0.0,220.94,37,13.0,648.4
1,2026-07-01,18.86,355.5,97.58,13,6,0.135,0,0.0,174.13,37,14.4,336.17
2,2026-07-01,32.21,606.64,227.17,25,11,0.746,0,0.0,69.25,29,14.4,691.34
3,2026-07-01,17.98,334.21,63.75,18,7,0.84,0,0.0,180.34,34,14.4,387.22
4,2026-07-01,24.6,449.61,98.92,19,6,0.105,0,0.0,57.58,25,14.4,805.84
5,2026-07-01,34.8,655.94,94.95,15,9,0.771,0,0.0,112.74,37,14.4,812.54
6,2026-07-01,19.85,471.35,180.47,15,6,0.514,0,0.0,49.0,19,14.4,474.01
7,2026-07-01,25.66,579.83,90.37,15,6,0.971,0,0.0,105.49,35,14.4,654.26
8,2026-07-01,42.11,981.09,111.78,20,7,0.62,0,0.0,101.62,36,14.4,489.42
9,2026-07-01,19.57,447.84,147.32,19,6,0.313,0,0.0,199.8,36,14.4,634.62
10,2026-07-01,22.87,530.1,149.32,17,6,0.099,0,0.0,332.74,56,14.4,378.61
11,2026-07-01,24.86,585.09,102.21,20,6,0.99,0,0.0,253.13,32,14.4,638.47
12,2026-07-01,15.2,348.1,131.22,24,4,0.565,0,0.0,53.72,26,14.4,668.24
13,2026-07-01,27.75,601.95,145.56,8,4,0.33,0,0.0,51.68,27,14.4,573.23
14,2026-07-01,29.86,642.65,221.26,21,7,0.223,0,0.0,42.23,23,14.4,354.47
15,2026-07-01,20.4,444.87,121.75,15,5,0.039,0,0.0,86.48,26,14.4,809.55
16,2026-07-01,16.4,359.42,137.01,16,5,0.557,0,0.0,156.96,34,14.4,320.98
17,2026-07-01,28.18,614.11,150.96,24,6,0.485,0,0.0,61.71,27,14.4,358.59
18,2026-07-01,28.78,625.96,152.33,24,7,0.832,0,0.0,379.24,42,14.4,853.13
19,2026-07-01,47.5,1009.1,260.08,25,9,0.647,0,0.0,62.74,19,14.4,720.03
20,2026-07-01,14.07,241.5,148.64,11,5,0.386,0,0.0,166.86,38,14.4,339.92
21,2026-07-01,20.92,358.17,134.8,20,7,0.802,0,0.0,67.95,25,14.4,910.23
22,2026-07-01,23.26,399.64,126.38,15,5,0.728,0,0.0,43.33,24,14.4,425.52
23,2026-07-01,35.32,608.7,226.05,20,5,0.984,0,0.0,333.31,36,14.4,649.68
24,2026-07-01,25.22,426.27,194.62,17,10,0.287,0,0.0,61.44,21,14.4,647.46
1,2026-07-02,19.78,372.95,80.42,20,6,0.318,0,0.0,103.56,26,15.8,335.29
2,2026-07-02,23.68,446.12,189.2,35,11,0.613,0,0.0,65.09,29,15.8,691.71
3,2026-07-02,23.22,431.74,87.35,15,7,0.498,0,0.0,289.9,42,15.8,383.8
4,2026-07-02,21.27,388.8,127.26,16,6,0.477,0,0.0,0.0,0,15.8,813.56
5,2026-07-02,15.44,291.05,117.75,15,9,0.999,0,0.0,152.69,46,15.8,817.53
6,2026-07-02,26.99,641.08,189.99,16,5,0.898,0,0.0,40.83,20,15.8,475.84
7,2026-07-02,23.68,535.03,81.12,12,6,0.182,0,0.0,46.53,23,15.8,651.28
8,2026-07-02,24.49,570.57,103.02,18,7,0.89,0,0.0,104.02,35,15.8,491.81
9,2026-07-02,22.92,524.38,155.92,11,7,0.224,0,0.0,171.66,28,15.8,631.09
10,2026-07-02,15.38,356.59,149.14,15,7,0.551,0,0.0,134.84,36,15.8,370.31
11,2026-07-02,17.14,403.46,116.23,15,7,0.735,0,0.0,322.81,35,15.8,634.59
12,2026-07-02,13.47,308.7,127.24,9,4,0.867,0,0.0,209.67,48,15.8,665.4
13,2026-07-02,17.62,382.28,173.45,9,5,0.472,0,0.0,289.53,59,15.8,575.25
14,2026-07-02,29.97,645.05,225.48,23,8,0.881,0,0.0,196.72,45,15.8,360.02
15,2026-07-02,22.66,494.36,141.86,11,5,0.927,0,0.0,167.19,34,15.8,803.26
16,2026-07-02,23.49,514.66,136.37,15,4,0.449,0,0.0,72.7,26,15.8,321.16
17,2026-07-02,20.66,450.2,135.26,19,7,0.058,0,0.0,101.91,30,15.8,361.86
18,2026-07-02,32.72,711.82,179.6,22,7,0.828,0,0.0,139.37,23,15.8,857.01
19,2026-07-02,21.92,465.69,271.29,30,8,0.445,0,0.0,273.6,35,15.8,719.07
20,2026-07-02,20.5,351.92,142.21,25,5,0.57,0,0.0,47.01,24,15.8,335.1
21,2026-07-02,29.37,502.94,168.19,13,8,0.819,0,0.0,375.76,57,15.8,911.73
22,2026-07-02,23.35,401.31,165.49,16,5,0.016,0,0.0,46.85,24,15.8,430.8
23,2026-07-02,40.88,704.67,247.81,18,5,0.151,0,0.0,343.25,36,15.8,642.48
24,2026-07-02,30.07,508.4,193.12,20,10,0.907,0,0.0,239.16,34,15.8,651.32
1,2026-07-03,17.63,332.5,85.66,13,6,0.38,0,0.0,62.36,20,17.2,328.3
2,2026-07-03,34.87,657.04,167.46,33,11,0.253,0,0.0,104.78,33,17.2,691.18
3,2026-07-03,31.88,592.83,84.02,12,7,0.298,0,0.0,78.92,20,17.2,389.64
4,2026-07-03,27.66,505.72,105.23,18,6,0.636,0,0.0,279.37,52,17.2,809.29
5,2026-07-03,19.81,373.47,105.66,14,8,0.791,0,0.0,100.1,33,17.2,816.98
6,2026-07-03,22.06,524.03,135.73,31,5,0.019,0,0.0,82.63,28,17.2,472.13
7,2026-07-03,19.68,444.73,87.97,12,6,0.251,0,0.0,66.61,29,17.2,648.45
8,2026-07-03,28.76,670.2,123.8,20,7,0.589,0,0.0,210.72,49,17.2,493.67
9,2026-07-03,27.25,623.62,149.84,19,7,0.726,0,0.0,112.34,30,17.2,634.45
10,2026-07-03,18.25,423.19,138.02,18,6,0.09,0,0.0,105.53,34,17.2,376.18
11,2026-07-03,32.25,759.2,150.36,10,6,0.427,0,0.0,127.54,22,17.2,630.96
12,2026-07-03,28.29,648.25,120.11,21,3,0.439,0,0.0,41.01,22,17.2,664.62
13,2026-07-03,12.4,269.14,132.54,20,4,0.196,0,0.0,97.37,35,17.2,574.06
14,2026-07-03,19.25,414.37,197.0,28,7,0.077,0,0.0,58.59,26,17.2,356.65
15,2026-07-03,27.2,593.38,143.81,17,6,0.13,0,0.0,375.02,45,17.2,809.01
16,2026-07-03,25.77,564.84,146.52,18,4,0.641,0,0.0,326.63,50,17.2,327.56
17,2026-07-03,21.21,462.29,126.99,21,7,0.868,0,0.0,202.58,45,17.2,361.76
18,2026-07-03,24.83,540.16,205.68,22,7,0.944,0,0.0,78.19,18,17.2,859.97
19,2026-07-03,37.06,787.51,234.69,24,10,0.253,0,0.0,108.27,25,17.2,727.65
20,2026-07-03,19.79,339.8,150.72,13,5,0.871,0,0.0,119.19,33,17.2,346.82
21,2026-07-03,26.02,445.63,163.44,16,8,0.21,0,0.0,104.38,28,17.2,913.15
22,2026-07-03,23.8,409.07,192.98,14,5,0.664,0,0.0,235.42,51,17.2,424.23
23,2026-07-03,22.64,390.24,246.98,30,4,0.465,0,0.0,194.07,24,17.2,641.8
24,2026-07-03,32.82,554.94,117.52,29,9,0.185,0,0.0,332.27,41,17.2,648.91
1,2026-07-04,17.62,332.34,107.66,12,6,0.094,0,0.0,370.23,48,18.6,328.98
2,2026-07-04,26.03,490.55,171.16,24,11,0.1,0,0.0,184.52,45,18.6,685.18
3,2026-07-04,21.47,399.36,86.37,22,8,0.415,0,0.0,393.0,51,18.6,384.58
4,2026-07-04,21.84,399.25,107.46,21,7,0.841,0,0.0,346.88,58,18.6,811.08
5,2026-07-04,20.68,389.9,113.35,18,8,0.589,0,0.0,48.04,28,18.6,817.5
6,2026-07-04,19.43,461.63,128.3,22,5,0.218,0,0.0,98.12,29,18.6,478.74
7,2026-07-04,21.7,490.45,106.21,9,6,0.928,0,0.0,45.83,20,18.6,647.84
8,2026-07-04,25.72,599.42,115.26,15,7,0.648,0,0.0,185.31,45,18.6,493.86
9,2026-07-04,25.49,583.37,121.89,17,7,0.566,0,0.0,388.93,51,18.6,629.26
10,2026-07-04,24.52,568.56,99.64,18,6,0.575,0,0.0,133.89,40,18.6,375.44
11,2026-07-04,24.96,587.66,132.74,18,5,0.662,0,0.0,52.63,15,18.6,642.67
12,2026-07-04,31.47,721.1,124.73,19,4,0.057,0,0.0,72.23,29,18.6,665.16
13,2026-07-04,13.39,290.61,129.61,16,5,0.329,0,0.0,128.36,41,18.6,575.7
14,2026-07-04,25.35,545.75,171.77,24,8,0.245,0,0.0,223.47,48,18.6,357.08
15,2026-07-04,20.1,438.64,149.61,16,5,0.387,0,0.0,145.67,30,18.6,805.24
16,2026-07-04,20.23,443.36,132.24,16,5,0.073,0,0.0,332.79,42,18.6,324.29
17,2026-07-04,34.04,742.09,119.98,16,6,0.813,0,0.0,60.43,24,18.6,358.02
18,2026-07-04,29.45,640.87,210.67,28,7,0.782,0,0.0,72.01,18,18.6,860.44
19,2026-07-04,28.59,607.51,238.03,26,9,0.431,0,0.0,388.46,46,18.6,725.97
20,2026-07-04,16.76,287.83,115.89,25,5,0.604,0,0.0,133.49,33,18.6,343.07
21,2026-07-04,29.21,500.41,161.95,18,8,0.792,0,0.0,249.11,43,18.6,913.27
22,2026-07-04,20.96,360.29,197.75,14,4,0.249,0,0.0,191.48,48,18.6,434.61
23,2026-07-04,27.44,473.1,225.19,29,5,0.428,0,0.0,46.04,15,18.6,648.61
24,2026-07-04,18.71,316.37,144.74,22,10,0.009,0,0.0,46.4,18,18.6,646.9
1,2026-07-05,27.75,523.44,116.5,11,7,0.822,0,0.0,360.41,48,20.0,330.4
2,2026-07-05,41.4,780.14,151.21,27,11,0.967,0,0.0,107.4,39,20.0,688.1
3,2026-07-05,19.9,370.19,96.88,12,7,0.386,0,0.0,306.34,39,20.0,388.18
4,2026-07-05,22.01,402.46,105.68,14,6,0.833,0,0.0,43.8,22,20.0,812.48
5,2026-07-05,18.59,350.56,122.23,16,9,0.879,0,0.0,392.56,69,20.0,816.87
6,2026-07-05,22.65,538.13,116.84,21,5,0.565,0,0.0,324.77,47,20.0,472.95
7,2026-07-05,17.69,399.83,108.56,15,6,0.031,0,0.0,50.88,25,20.0,652.47
8,2026-07-05,25.22,587.86,142.62,15,7,0.063,0,0.0,41.98,23,20.0,489.09
9,2026-07-05,14.87,340.4,165.16,19,7,0.692,0,0.0,75.08,23,20.0,636.19
10,2026-07-05,22.27,516.44,56.61,22,6,0.242,0,0.0,55.01,26,20.0,383.02
11,2026-07-05,22.15,521.55,160.17,13,5,0.16,0,0.0,253.4,28,20.0,637.49
12,2026-07-05,16.86,386.5,141.04,17,5,0.786,0,0.0,0.0,0,20.0,665.85
13,2026-07-05,13.24,287.43,118.26,14,4,0.01,0,0.0,253.82,56,20.0,575.37
14,2026-07-05,30.58,658.55,174.67,22,7,0.583,0,0.0,366.71,64,20.0,355.97
15,2026-07-05,15.23,332.44,140.12,13,6,0.269,0,0.0,47.75,19,20.0,801.22
16,2026-07-05,19.56,428.83,146.67,16,4,0.563,0,0.0,123.84,32,20.0,329.08
17,2026-07-05,23.77,518.16,94.98,23,6,0.904,0,0.0,391.42,54,20.0,359.14
18,2026-07-05,28.25,614.83,195.95,30,7,0.52,0,0.0,119.84,23,20.0,858.23
19,2026-07-05,39.4,837.27,224.65,31,9,0.62,0,0.0,191.17,32,20.0,722.37
20,2026-07-05,31.26,536.92,129.53,17,5,0.895,0,0.0,46.39,20,20.0,338.84
21,2026-07-05,20.78,356.03,158.1,12,8,0.268,0,0.0,156.71,34,20.0,905.91
22,2026-07-05,20.3,348.91,188.64,18,6,0.665,0,0.0,246.78,51,20.0,429.85
23,2026-07-05,23.6,406.92,253.34,28,5,0.816,0,0.0,303.67,35,20.0,646.83
24,2026-07-05,26.16,442.39,173.74,19,9,0.235,0,0.0,165.88,31,20.0,646.53
1,2026-07-06,16.61,313.23,160.83,11,6,0.953,0,0.0,75.99,26,21.4,330.79
2,2026-07-06,38.45,724.79,116.89,31,11,0.981,0,0.0,324.33,58,21.4,687.47
3,2026-07-06,17.48,325.1,84.95,16,7,0.81,0,0.0,73.46,20,21.4,389.25
4,2026-07-06,24.08,440.29,75.64,19,6,0.805,0,0.0,99.75,33,21.4,815.39
5,2026-07-06,16.91,318.96,113.35,24,8,0.847,0,0.0,67.13,31,21.4,811.7
6,2026-07-06,37.02,879.66,137.41,13,5,0.488,0,0.0,119.63,28,21.4,476.38
7,2026-07-06,19.53,441.54,101.95,17,7,0.604,0,0.0,47.49,24,21.4,651.32
8,2026-07-06,20.97,488.98,105.9,29,7,0.156,0,0.0,65.0,29,21.4,489.11
9,2026-07-06,27.29,624.88,150.9,20,7,0.111,0,0.0,166.15,35,21.4,639.62
10,2026-07-06,25.8,598.28,88.65,10,6,0.667,0,0.0,88.33,33,21.4,377.76
11,2026-07-06,15.95,375.59,162.21,17,6,0.587,0,0.0,318.03,33,21.4,640.74
12,2026-07-06,30.09,689.72,154.44,15,4,0.322,0,0.0,182.1,42,21.4,668.74
13,2026-07-06,28.32,614.75,100.33,18,5,0.996,0,0.0,259.56,56,21.4,575.9
14,2026-07-06,35.3,760.28,171.2,22,8,0.868,0,0.0,49.4,25,21.4,358.27
15,2026-07-06,22.55,492.15,138.83,15,5,0.476,0,0.0,44.78,19,21.4,805.16
16,2026-07-06,23.56,516.61,153.46,18,4,0.071,0,0.0,65.63,24,21.4,324.15
17,2026-07-06,27.77,605.52,115.86,16,7,0.164,0,0.0,55.66,25,21.4,360.95
18,2026-07-06,28.17,613.09,179.23,23,7,0.334,0,0.0,168.05,26,21.4,856.94
19,2026-07-06,32.64,693.75,192.94,35,8,0.323,0,0.0,40.78,16,21.4,726.76
20,2026-07-06,16.03,275.33,114.89,16,5,0.465,0,0.0,137.96,35,21.4,344.57
21,2026-07-06,22.15,379.55,158.41,17,7,0.006,0,0.0,66.38,27,21.4,911.66
22,2026-07-06,18.74,322.28,171.07,24,6,0.505,0,0.0,84.41,34,21.4,428.23
23,2026-07-06,32.5,560.54,219.05,30,5,0.656,0,0.0,161.89,27,21.4,644.77
24,2026-07-06,43.29,732.16,196.15,14,9,0.472,0,0.0,345.33,44,21.4,644.63
1,2026-07-07,16.83,317.58,149.85,15,6,0.245,0,0.0,393.6,44,22.8,331.38
2,2026-07-07,27.69,521.97,145.81,25,11,0.054,0,0.0,300.86,64,22.8,687.94
3,2026-07-07,28.56,531.32,81.13,15,8,0.314,0,0.0,269.11,41,22.8,387.02
4,2026-07-07,25.22,461.24,89.86,11,6,0.975,0,0.0,83.36,31,22.8,809.72
5,2026-07-07,21.07,397.42,106.93,18,9,0.776,0,0.0,364.21,71,22.8,820.11
6,2026-07-07,27.27,648.2,148.96,17,5,0.923,0,0.0,167.49,36,22.8,481.45
7,2026-07-07,13.32,301.17,97.45,16,5,0.739,0,0.0,334.09,57,22.8,654.37
8,2026-07-07,20.21,471.19,103.98,20,7,0.183,0,0.0,52.63,25,22.8,490.44
9,2026-07-07,24.39,558.56,110.04,20,7,0.166,0,0.0,213.0,39,22.8,640.57
10,2026-07-07,26.38,611.95,73.02,15,6,0.769,0,0.0,126.26,39,22.8,384.28
11,2026-07-07,26.08,614.28,171.61,14,5,0.322,0,0.0,204.62,26,22.8,638.27
12,2026-07-07,25.94,594.76,159.89,17,4,0.402,0,0.0,168.1,42,22.8,674.14
13,2026-07-07,24.01,521.2,111.8,14,4,0.418,0,0.0,52.81,28,22.8,580.63
14,2026-07-07,29.16,628.09,170.39,19,7,0.195,0,0.0,66.15,28,22.8,357.21
15,2026-07-07,22.04,480.99,151.94,16,5,0.235,0,0.0,46.94,20,22.8,807.48
16,2026-07-07,24.67,540.83,119.77,14,4,0.622,0,0.0,42.73,20,22.8,321.36
17,2026-07-07,22.07,481.3,96.55,20,6,0.175,0,0.0,149.79,38,22.8,367.28
18,2026-07-07,34.89,759.46,196.18,14,7,0.257,0,0.0,248.41,30,22.8,854.83
19,2026-07-07,40.12,852.91,172.35,24,8,0.28,0,0.0,166.16,31,22.8,724.25
20,2026-07-07,33.27,571.62,104.68,14,5,0.564,0,0.0,175.05,40,22.8,338.52
21,2026-07-07,23.81,407.94,122.78,30,8,0.787,0,0.0,256.23,41,22.8,913.34
22,2026-07-07,20.72,356.37,159.19,21,5,0.306,0,0.0,297.79,56,22.8,433.4
23,2026-07-07,36.44,628.46,244.33,24,5,0.903,0,0.0,86.71,21,22.8,645.87
24,2026-07-07,26.42,446.97,203.55,20,9,0.195,0,0.0,144.37,27,22.8,652.7
1,2026-07-08,16.01,302.05,130.32,21,6,0.175,0,0.0,62.76,22,24.2,331.54
2,2026-07-08,31.48,593.56,132.13,25,10,0.377,0,0.0,166.86,38,24.2,687.87
3,2026-07-08,17.24,320.73,93.14,10,7,0.703,0,0.0,46.54,18,24.2,389.1
4,2026-07-08,18.78,343.51,65.12,15,7,0.298,0,0.0,76.5,29,24.2,811.67
5,2026-07-08,20.76,391.72,85.5,25,9,0.558,0,0.0,116.69,37,24.2,817.27
6,2026-07-08,28.89,686.59,114.85,28,5,0.991,0,0.0,72.37,26,24.2,477.23
7,2026-07-08,22.06,498.91,75.94,15,6,0.967,0,0.0,142.08,39,24.2,646.09
8,2026-07-08,19.97,465.59,127.45,15,6,0.636,0,0.0,250.86,60,24.2,496.11
9,2026-07-08,29.23,669.31,108.46,14,7,0.527,0,0.0,159.71,33,24.2,641.48
10,2026-07-08,33.53,777.91,68.1,15,6,0.073,0,0.0,356.82,62,24.2,376.81
11,2026-07-08,18.82,443.25,169.67,18,6,0.307,0,0.0,325.94,35,24.2,643.53
12,2026-07-08,22.41,513.73,131.31,22,4,0.037,0,0.0,210.45,49,24.2,669.37
13,2026-07-08,20.81,451.8,85.5,18,5,0.734,0,0.0,86.79,33,24.2,579.13
14,2026-07-08,28.46,612.99,174.53,27,7,0.94,0,0.0,122.75,38,24.2,357.78
15,2026-07-08,19.35,422.4,114.12,21,5,0.6,0,0.0,394.19,47,24.2,805.49
16,2026-07-08,21.58,473.22,122.97,23,4,0.465,0,0.0,86.55,25,24.2,326.37
17,2026-07-08,29.59,645.45,83.44,20,7,0.414,0,0.0,57.84,24,24.2,361.97
18,2026-07-08,41.85,911.04,208.34,18,8,0.277,0,0.0,41.52,14,24.2,860.75
19,2026-07-08,38.83,825.43,180.83,18,8,0.403,0,0.0,201.4,28,24.2,725.7
20,2026-07-08,22.2,381.33,95.03,15,5,0.798,0,0.0,291.94,45,24.2,340.08
21,2026-07-08,17.99,308.35,109.13,18,8,0.633,0,0.0,303.89,49,24.2,910.47
22,2026-07-08,26.39,453.8,173.7,18,5,0.47,0,0.0,93.51,38,24.2,430.48
23,2026-07-08,36.42,628.21,264.64,25,5,0.004,0,0.0,113.86,24,24.2,649.09
24,2026-07-08,27.14,459.1,193.06,28,9,0.719,0,0.0,113.04,26,24.2,656.99
1,2026-07-09,15.62,294.8,118.73,15,6,0.625,0,0.0,140.35,29,25.6,334.45
2,2026-07-09,33.28,627.48,139.16,19,10,0.821,0,0.0,60.69,27,25.6,693.08
3,2026-07-09,20.75,386.08,96.1,16,7,0.337,0,0.0,362.77,41,25.6,384.64
4,2026-07-09,27.5,503.11,68.15,21,7,0.224,0,0.0,316.3,59,25.6,808.23
5,2026-07-09,27.99,528.09,112.89,21,9,0.029,0,0.0,121.31,40,25.6,816.56
6,2026-07-09,17.87,424.91,128.83,17,6,0.07,0,0.0,373.44,52,25.6,481.76
7,2026-07-09,23.46,530.59,106.17,10,7,0.153,0,0.0,56.58,27,25.6,654.66
8,2026-07-09,36.6,853.49,143.52,16,7,0.297,0,0.0,0.0,0,25.6,492.99
9,2026-07-09,24.69,565.4,129.89,13,7,0.436,0,0.0,116.68,28,25.6,636.84
10,2026-07-09,14.69,340.84,83.78,14,6,0.464,0,0.0,90.21,31,25.6,378.17
11,2026-07-09,23.45,552.5,152.31,19,6,0.508,0,0.0,182.22,28,25.6,638.33
12,2026-07-09,21.07,483.1,121.97,16,3,0.94,0,0.0,123.54,40,25.6,664.29
13,2026-07-09,24.22,525.8,77.05,19,4,0.535,0,0.0,61.81,28,25.6,581.92
14,2026-07-09,27.78,598.56,154.31,27,7,0.213,0,0.0,64.25,26,25.6,363.31
15,2026-07-09,23.97,523.34,99.4,17,5,0.212,0,0.0,141.52,33,25.6,801.29
16,2026-07-09,23.72,520.27,111.01,15,5,0.04,0,0.0,359.73,52,25.6,321.58
17,2026-07-09,23.1,503.89,105.64,13,7,0.784,0,0.0,133.81,35,25.6,361.57
18,2026-07-09,29.81,649.0,159.08,30,8,0.926,0,0.0,0.0,0,25.6,859.8
19,2026-07-09,50.91,1082.38,177.7,27,8,0.934,0,0.0,117.24,26,25.6,727.2
20,2026-07-09,19.79,340.05,83.34,22,5,0.822,0,0.0,214.03,46,25.6,343.66
21,2026-07-09,26.07,446.89,111.52,25,8,0.616,0,0.0,246.65,40,25.6,916.46
22,2026-07-09,28.13,483.86,143.43,21,5,0.531,0,0.0,46.46,24,25.6,431.0
23,2026-07-09,42.29,729.62,256.15,21,5,0.933,0,0.0,43.11,14,25.6,651.17
24,2026-07-09,22.07,373.35,226.96,17,9,0.592,0,0.0,378.31,46,25.6,652.65
1,2026-07-10,19.67,371.3,132.37,12,6,0.608,0,0.0,234.53,38,27.0,332.64
2,2026-07-10,27.92,526.4,164.6,19,10,0.445,0,0.0,52.53,27,27.0,693.36
3,2026-07-10,18.26,339.79,97.05,13,8,0.396,0,0.0,71.25,20,27.0,387.62
4,2026-07-10,13.34,244.02,54.42,16,6,0.407,0,0.0,110.56,36,27.0,809.24
5,2026-07-10,20.54,387.6,121.48,14,8,0.547,0,0.0,104.42,35,27.0,821.97
6,2026-07-10,22.84,543.11,133.55,17,5,0.317,0,0.0,148.04,35,27.0,471.98
7,2026-07-10,21.54,487.11,102.51,16,7,0.872,0,0.0,137.95,39,27.0,651.04
8,2026-07-10,22.91,534.35,139.58,21,7,0.75,0,0.0,249.16,46,27.0,494.99
9,2026-07-10,30.1,689.47,135.36,19,7,0.95,0,0.0,265.93,41,27.0,638.85
10,2026-07-10,20.77,481.94,96.61,9,5,0.855,0,0.0,53.12,25,27.0,382.18
11,2026-07-10,18.47,435.29,145.68,22,6,0.171,0,0.0,76.9,19,27.0,643.84
12,2026-07-10,19.69,451.64,146.32,13,4,0.602,0,0.0,92.4,32,27.0,668.49
13,2026-07-10,21.84,474.32,98.99,8,4,0.687,0,0.0,47.86,24,27.0,577.46
14,2026-07-10,26.1,562.4,158.41,22,8,0.41,0,0.0,42.51,23,27.0,354.58
15,2026-07-10,21.39,466.97,103.18,16,5,0.878,0,0.0,383.82,51,27.0,806.37
16,2026-07-10,18.43,404.31,99.61,21,4,0.788,0,0.0,375.8,56,27.0,328.75
17,2026-07-10,24.6,536.59,114.03,13,7,0.605,0,0.0,125.12,33,27.0,366.05
18,2026-07-10,18.18,395.97,145.08,27,7,0.076,0,0.0,52.01,15,27.0,864.66
19,2026-07-10,33.44,711.01,204.82,20,8,0.825,0,0.0,98.42,21,27.0,724.07
20,2026-07-10,19.1,328.17,92.08,13,5,0.73,0,0.0,99.25,30,27.0,342.61
21,2026-07-10,41.98,719.55,105.66,15,7,0.755,0,0.0,70.46,25,27.0,914.26
22,2026-07-10,30.85,530.64,115.64,28,5,0.083,0,0.0,279.69,58,27.0,435.28
23,2026-07-10,30.21,521.18,238.19,33,4,0.25,0,0.0,98.88,24,27.0,642.71
24,2026-07-10,25.92,438.54,274.29,15,10,0.698,0,0.0,312.34,43,27.0,653.05
1,2026-07-11,27.17,512.9,111.83,20,6,0.671,0,0.0,157.62,31,28.4,335.18
2,2026-07-11,30.19,569.3,151.17,24,11,0.386,0,0.0,123.46,39,28.4,686.98
3,2026-07-11,15.29,284.52,83.73,23,7,0.242,0,0.0,228.15,39,28.4,389.12
4,2026-07-11,20.82,380.95,48.22,18,7,0.527,0,0.0,182.08,46,28.4,813.86
5,2026-07-11,30.34,572.61,141.4,19,8,0.403,0,0.0,299.78,54,28.4,817.48
6,2026-07-11,37.3,886.98,119.77,20,5,0.755,0,0.0,181.28,42,28.4,480.74
7,2026-07-11,20.9,472.89,120.77,13,6,0.839,0,0.0,76.14,29,28.4,651.89
8,2026-07-11,19.1,445.54,138.22,18,7,0.172,0,0.0,43.08,23,28.4,494.05
9,2026-07-11,23.41,536.36,157.36,12,7,0.534,0,0.0,111.63,27,28.4,639.75
10,2026-07-11,22.95,532.66,118.22,8,6,0.476,0,0.0,97.93,34,28.4,385.84
11,2026-07-11,23.41,551.63,152.51,16,6,0.112,0,0.0,167.92,26,28.4,639.46
12,2026-07-11,31.8,729.32,135.41,17,3,0.646,0,0.0,71.69,27,28.4,670.1
13,2026-07-11,28.59,620.83,89.55,13,4,0.158,0,0.0,107.58,38,28.4,582.52
14,2026-07-11,36.51,786.69,182.59,14,7,0.448,0,0.0,364.74,66,28.4,360.11
15,2026-07-11,33.58,733.32,103.23,16,6,0.221,0,0.0,56.46,20,28.4,805.46
16,2026-07-11,33.11,726.22,95.29,17,4,0.183,0,0.0,79.65,23,28.4,318.73
17,2026-07-11,28.88,630.17,119.47,12,7,0.369,0,0.0,79.23,28,28.4,360.98
18,2026-07-11,21.22,462.14,124.92,30,8,0.667,0,0.0,321.8,32,28.4,866.05
19,2026-07-11,21.41,455.28,167.31,28,8,0.715,0,0.0,65.39,18,28.4,729.29
20,2026-07-11,19.55,336.04,95.46,10,4,0.104,0,0.0,112.5,30,28.4,343.05
21,2026-07-11,27.34,468.65,126.84,16,8,0.37,0,0.0,68.93,25,28.4,905.02
22,2026-07-11,26.18,450.39,107.36,17,5,0.965,0,0.0,296.79,50,28.4,432.63
23,2026-07-11,31.55,544.4,252.15,25,5,0.082,0,0.0,64.17,19,28.4,648.41
24,2026-07-11,38.63,653.68,244.73,28,10,0.1,0,0.0,96.19,27,28.4,650.88
1,2026-07-12,20.73,391.24,122.79,15,6,0.44,0,0.0,0.0,0,29.8,333.09
2,2026-07-12,25.9,488.41,159.08,23,11,0.475,0,0.0,192.8,42,29.8,689.55
3,2026-07-12,20.39,379.49,69.0,16,8,0.372,0,0.0,325.11,37,29.8,386.99
4,2026-07-12,26.36,482.32,40.09,13,7,0.093,0,0.0,369.55,56,29.8,814.12
5,2026-07-12,25.32,477.91,127.47,17,9,0.731,0,0.0,129.79,44,29.8,816.79
6,2026-07-12,24.47,581.98,141.35,17,6,0.785,0,0.0,65.41,22,29.8,480.14
7,2026-07-12,16.32,369.26,96.88,17,6,0.52,0,0.0,58.27,26,29.8,652.1
8,2026-07-12,20.16,470.21,146.07,20,7,0.507,0,0.0,197.23,47,29.8,499.36
9,2026-07-12,17.51,401.1,91.85,26,6,0.581,0,0.0,94.07,25,29.8,637.19
10,2026-07-12,24.09,559.04,155.54,8,6,0.721,0,0.0,197.09,48,29.8,379.13
11,2026-07-12,28.75,677.6,134.74,15,6,0.826,0,0.0,123.18,25,29.8,642.97
12,2026-07-12,19.8,454.16,97.49,22,4,0.343,0,0.0,381.91,57,29.8,667.37
13,2026-07-12,27.6,599.44,100.47,14,4,0.009,0,0.0,167.2,46,29.8,572.38
14,2026-07-12,37.47,807.45,220.11,19,8,0.97,0,0.0,324.15,58,29.8,362.46
15,2026-07-12,22.46,490.45,121.95,11,6,0.538,0,0.0,55.23,21,29.8,806.8
16,2026-07-12,21.54,472.63,79.76,17,4,0.47,0,0.0,143.71,36,29.8,323.14
17,2026-07-12,17.2,375.36,146.58,15,7,0.814,0,0.0,146.73,40,29.8,367.76
18,2026-07-12,42.79,931.92,122.89,18,7,0.065,0,0.0,123.16,22,29.8,859.69
19,2026-07-12,35.8,761.52,176.58,27,9,0.768,0,0.0,52.78,17,29.8,722.94
20,2026-07-12,28.09,482.88,73.62,17,5,0.978,0,0.0,150.29,37,29.8,339.15
21,2026-07-12,33.54,575.07,128.84,18,8,0.101,0,0.0,238.93,41,29.8,918.69
22,2026-07-12,31.36,539.62,133.39,15,5,0.862,0,0.0,82.88,31,29.8,434.03
23,2026-07-12,29.57,510.27,240.32,32,5,0.115,0,0.0,84.54,20,29.8,649.43
24,2026-07-12,20.88,353.43,245.85,29,10,0.687,0,0.0,175.67,35,29.8,652.26
1,2026-07-13,18.51,349.47,123.4,27,6,0.613,0,0.0,249.08,38,31.2,335.22
2,2026-07-13,23.28,439.13,158.12,17,11,0.602,0,0.0,333.27,67,31.2,687.42
3,2026-07-13,18.61,346.48,63.02,14,7,0.442,0,0.0,52.54,20,31.2,383.42
4,2026-07-13,21.09,385.92,46.19,10,7,0.804,0,0.0,292.63,51,31.2,812.36
5,2026-07-13,18.25,344.47,133.29,18,8,0.799,0,0.0,162.77,43,31.2,818.53
6,2026-07-13,18.7,444.78,126.77,20,5,0.365,0,0.0,44.1,19,31.2,483.38
7,2026-07-13,22.53,509.75,97.24,14,6,0.71,0,0.0,71.95,29,31.2,656.43
8,2026-07-13,28.95,675.51,139.95,17,7,0.24,0,0.0,40.85,23,31.2,498.29
9,2026-07-13,23.42,536.55,96.71,14,7,0.845,0,0.0,96.77,27,31.2,640.94
10,2026-07-13,15.96,370.48,150.29,19,6,0.535,0,0.0,282.87,55,31.2,380.48
11,2026-07-13,28.54,672.78,129.3,16,6,0.942,0,0.0,81.16,21,31.2,635.72
12,2026-07-13,18.49,424.28,94.36,19,4,0.002,0,0.0,310.15,52,31.2,666.87
13,2026-07-13,11.48,249.31,110.25,12,4,0.817,0,0.0,42.78,26,31.2,575.53
14,2026-07-13,25.39,547.35,208.79,20,7,0.418,0,0.0,251.43,50,31.2,358.52
15,2026-07-13,22.7,495.78,117.01,16,5,0.846,0,0.0,45.36,18,31.2,810.08
16,2026-07-13,28.06,615.66,85.08,16,4,0.394,0,0.0,49.81,19,31.2,324.17
17,2026-07-13,18.53,404.35,152.31,21,6,0.321,0,0.0,97.23,30,31.2,359.13
18,2026-07-13,35.94,782.93,129.67,23,8,0.753,0,0.0,58.29,18,31.2,867.9
19,2026-07-13,27.01,574.5,152.18,27,8,0.605,0,0.0,65.01,20,31.2,730.85
20,2026-07-13,18.34,315.22,75.86,12,5,0.43,0,0.0,243.15,47,31.2,343.53
21,2026-07-13,19.5,334.38,143.53,16,8,0.939,0,0.0,67.8,25,31.2,914.31
22,2026-07-13,38.05,654.71,134.57,17,5,0.185,0,0.0,107.53,33,31.2,439.23
23,2026-07-13,39.54,682.47,226.95,24,5,0.003,0,0.0,282.54,36,31.2,646.16
24,2026-07-13,17.46,295.6,238.71,28,9,0.422,0,0.0,346.02,45,31.2,653.45
1,2026-07-14,27.45,518.35,119.02,9,6,0.469,0,0.0,189.65,32,32.6,331.02
2,2026-07-14,25.47,480.57,171.67,32,10,0.855,0,0.0,204.98,51,32.6,686.96
3,2026-07-14,32.07,597.16,69.88,12,7,0.824,0,0.0,122.35,26,32.6,391.28
4,2026-07-14,25.0,457.63,42.75,15,6,0.953,0,0.0,41.1,24,32.6,814.85
5,2026-07-14,24.06,454.15,142.24,21,9,0.975,0,0.0,318.56,60,32.6,818.34
6,2026-07-14,26.49,630.18,130.18,20,6,0.812,0,0.0,117.49,29,32.6,476.77
7,2026-07-14,17.72,401.02,100.0,13,7,0.557,0,0.0,372.86,55,32.6,654.23
8,2026-07-14,24.48,571.17,139.7,15,7,0.68,0,0.0,0.0,0,32.6,491.54
9,2026-07-14,18.72,429.08,85.61,11,7,0.962,0,0.0,48.77,19,32.6,641.22
10,2026-07-14,13.27,308.1,152.2,15,6,0.75,0,0.0,86.34,31,32.6,380.48
11,2026-07-14,23.04,543.12,137.59,18,6,0.276,0,0.0,264.48,30,32.6,638.05
12,2026-07-14,23.24,533.28,101.9,18,4,0.295,0,0.0,236.06,53,32.6,669.08
13,2026-07-14,19.41,421.69,97.44,15,4,0.17,0,0.0,261.2,54,32.6,579.65
14,2026-07-14,19.29,415.81,217.8,26,7,0.556,0,0.0,68.2,27,32.6,357.27
15,2026-07-14,21.75,475.17,120.47,21,6,0.599,0,0.0,255.98,40,32.6,814.37
16,2026-07-14,21.81,478.59,82.71,11,4,0.126,0,0.0,196.22,36,32.6,323.53
17,2026-07-14,21.84,476.6,130.45,13,6,0.61,0,0.0,167.92,32,32.6,359.06
18,2026-07-14,37.92,826.01,104.55,16,7,0.298,0,0.0,156.1,25,32.6,860.84
19,2026-07-14,34.18,727.08,171.94,20,9,0.216,0,0.0,46.45,17,32.6,720.98
20,2026-07-14,16.82,289.2,79.36,11,5,0.938,0,0.0,51.89,23,32.6,347.3
21,2026-07-14,23.77,407.66,144.47,18,8,0.882,0,0.0,134.04,33,32.6,918.63
22,2026-07-14,24.42,420.27,121.41,22,5,0.036,0,0.0,75.67,27,32.6,435.24
23,2026-07-14,28.52,492.25,226.4,28,5,0.599,0,0.0,113.17,23,32.6,647.84
24,2026-07-14,36.34,615.21,247.07,20,10,0.562,0,0.0,96.04,26,32.6,656.97
1,2026-07-15,18.41,347.63,118.61,13,6,0.422,0,0.0,43.14,17,34.0,338.5
2,2026-07-15,26.42,498.5,168.58,20,10,0.315,0,0.0,99.4,34,34.0,692.32
3,2026-07-15,21.55,401.27,80.67,13,7,0.062,0,0.0,48.23,17,34.0,389.28
4,2026-07-15,17.7,324.12,26.62,7,6,0.708,0,0.0,84.01,28,34.0,815.4
5,2026-07-15,22.64,427.5,121.17,17,8,0.399,0,0.0,216.33,48,34.0,819.1
6,2026-07-15,22.54,536.28,138.74,23,5,0.893,0,0.0,82.73,22,34.0,480.1
7,2026-07-15,26.99,610.82,95.44,10,6,0.826,0,0.0,393.9,71,34.0,655.53
8,2026-07-15,27.6,644.05,141.42,21,7,0.271,0,0.0,62.14,27,34.0,495.78
9,2026-07-15,40.72,933.26,102.8,18,7,0.868,0,0.0,84.03,23,34.0,636.81
10,2026-07-15,13.75,319.19,143.05,12,6,0.791,0,0.0,84.52,33,34.0,383.2
11,2026-07-15,24.64,581.02,126.34,15,6,0.336,0,0.0,86.21,19,34.0,645.42
12,2026-07-15,33.49,768.37,92.88,14,4,0.286,0,0.0,184.87,47,34.0,669.3
13,2026-07-15,18.86,409.87,102.39,13,4,0.977,0,0.0,58.39,25,34.0,583.31
14,2026-07-15,23.58,508.33,225.24,28,7,0.836,0,0.0,0.0,0,34.0,358.94
15,2026-07-15,16.55,361.5,119.27,12,6,0.774,0,0.0,152.97,32,34.0,808.5
16,2026-07-15,24.62,540.3,80.49,20,4,0.431,0,0.0,129.2,32,34.0,329.5
17,2026-07-15,21.71,473.93,149.66,20,6,0.836,0,0.0,90.87,25,34.0,366.8
18,2026-07-15,25.44,554.39,122.37,20,8,0.826,0,0.0,151.6,26,34.0,866.93
19,2026-07-15,32.5,691.54,164.3,21,8,0.265,0,0.0,115.45,26,34.0,730.49
20,2026-07-15,26.9,462.5,70.14,14,5,0.363,0,0.0,49.25,22,34.0,341.12
21,2026-07-15,20.61,353.41,123.15,16,8,0.79,0,0.0,69.59,24,34.0,918.46
22,2026-07-15,18.26,314.29,127.31,22,5,0.546,0,0.0,111.23,38,34.0,438.77
23,2026-07-15,39.02,673.61,220.04,35,5,0.163,0,0.0,387.59,40,34.0,649.58
24,2026-07-15,37.05,627.31,239.12,28,10,0.675,0,0.0,357.58,42,34.0,652.21
1,2026-07-16,36.98,698.44,122.07,14,6,0.519,0,0.0,133.11,29,35.4,335.68
2,2026-07-16,21.64,408.27,166.89,27,11,0.405,0,0.0,232.98,48,35.4,690.2
3,2026-07-16,16.74,311.72,70.43,21,8,0.108,0,0.0,203.52,35,35.4,392.97
4,2026-07-16,14.16,259.35,45.72,20,6,0.054,0,0.0,187.33,42,35.4,812.99
5,2026-07-16,19.81,374.18,132.62,25,9,0.219,0,0.0,216.45,47,35.4,818.99
6,2026-07-16,25.26,601.05,143.71,17,5,0.832,0,0.0,56.65,23,35.4,477.22
7,2026-07-16,21.23,480.6,94.35,18,7,0.802,0,0.0,366.31,58,35.4,652.0
8,2026-07-16,24.52,572.25,133.19,20,7,0.739,0,0.0,0.0,0,35.4,490.48
9,2026-07-16,16.83,385.68,88.1,22,7,0.128,0,0.0,43.68,17,35.4,638.32
10,2026-07-16,26.5,615.45,148.08,18,6,0.402,0,0.0,210.77,45,35.4,383.45
11,2026-07-16,23.82,561.76,137.69,16,6,0.379,0,0.0,155.35,23,35.4,640.18
12,2026-07-16,26.76,614.08,101.83,14,4,0.652,0,0.0,158.2,40,35.4,672.3
13,2026-07-16,17.74,385.4,101.39,12,4,0.816,0,0.0,69.16,27,35.4,579.07
14,2026-07-16,26.3,567.16,208.69,21,7,0.277,0,0.0,214.85,50,35.4,358.78
15,2026-07-16,24.11,526.8,115.74,16,5,0.508,0,0.0,95.92,28,35.4,811.41
16,2026-07-16,20.92,459.15,76.23,13,5,0.989,0,0.0,275.99,46,35.4,326.58
17,2026-07-16,28.36,619.01,148.75,20,6,0.888,0,0.0,202.57,42,35.4,365.79
18,2026-07-16,30.37,661.69,103.4,22,7,0.585,0,0.0,224.75,28,35.4,868.96
19,2026-07-16,34.43,732.75,153.37,26,9,0.35,0,0.0,311.99,38,35.4,730.83
20,2026-07-16,17.94,308.54,71.38,17,5,0.132,0,0.0,248.09,47,35.4,343.4
21,2026-07-16,27.05,463.94,129.99,26,8,0.784,0,0.0,95.84,30,35.4,911.26
22,2026-07-16,21.59,371.69,132.86,14,5,0.257,0,0.0,96.28,33,35.4,433.3
23,2026-07-16,34.32,592.51,223.99,17,4,0.981,0,0.0,301.0,38,35.4,645.56
24,2026-07-16,35.34,598.47,240.46,29,10,0.553,0,0.0,157.81,30,35.4,648.69
1,2026-07-17,12.93,244.22,122.9,16,6,0.968,0,0.0,159.26,30,36.8,334.47
2,2026-07-17,34.17,644.82,164.44,29,10,0.256,0,0.0,64.42,30,36.8,695.22
3,2026-07-17,16.49,307.12,61.59,21,7,0.819,0,0.0,208.94,36,36.8,386.9
4,2026-07-17,19.82,363.02,44.46,19,6,0.196,0,0.0,230.64,49,36.8,812.54
5,2026-07-17,24.79,468.28,121.47,26,9,0.929,0,0.0,102.69,35,36.8,819.7
6,2026-07-17,28.48,677.63,150.44,17,6,0.068,0,0.0,160.31,36,36.8,478.53
7,2026-07-17,18.78,425.13,99.18,19,6,0.35,0,0.0,70.46,29,36.8,655.69
8,2026-07-17,17.76,414.66,145.07,22,7,0.098,0,0.0,0.0,0,36.8,496.14
9,2026-07-17,14.18,324.97,100.45,20,6,0.642,0,0.0,296.29,38,36.8,640.24
10,2026-07-17,19.9,462.1,149.93,19,6,0.801,0,0.0,103.46,37,36.8,378.82
11,2026-07-17,28.62,674.89,134.89,15,6,0.695,0,0.0,146.46,22,36.8,648.52
12,2026-07-17,25.12,576.47,106.89,13,4,0.591,0,0.0,212.37,50,36.8,673.47
13,2026-07-17,25.49,554.03,91.13,14,5,0.258,0,0.0,68.65,31,36.8,583.55
14,2026-07-17,33.1,713.75,207.25,20,7,0.794,0,0.0,57.89,27,36.8,361.92
15,2026-07-17,28.76,628.38,132.82,15,5,0.254,0,0.0,252.89,39,36.8,808.47
16,2026-07-17,13.79,302.61,95.18,14,5,0.671,0,0.0,70.1,26,36.8,328.39
17,2026-07-17,17.63,385.0,135.71,21,7,0.775,0,0.0,162.28,36,36.8,369.83
18,2026-07-17,18.58,404.97,119.58,22,8,0.034,0,0.0,150.14,24,36.8,860.11
19,2026-07-17,23.37,497.31,169.52,25,9,0.212,0,0.0,268.39,39,36.8,727.06
20,2026-07-17,15.84,272.4,71.16,15,5,0.884,0,0.0,294.31,44,36.8,346.87
21,2026-07-17,23.05,395.44,141.93,24,8,0.337,0,0.0,42.2,21,36.8,915.72
22,2026-07-17,25.89,445.72,122.5,14,5,0.253,0,0.0,361.12,64,36.8,430.52
23,2026-07-17,39.55,682.94,239.81,15,4,0.079,0,0.0,84.17,21,36.8,646.35
24,2026-07-17,22.79,386.0,231.18,28,10,0.968,0,0.0,48.74,16,36.8,655.68
1,2026-07-18,18.7,353.28,120.73,15,6,0.778,0,0.0,262.58,35,38.2,331.26
2,2026-07-18,23.41,441.85,160.93,30,10,0.741,0,0.0,96.17,35,38.2,683.75
3,2026-07-18,15.66,291.65,62.86,20,7,0.424,0,0.0,226.79,33,38.2,387.53
4,2026-07-18,10.18,186.51,40.18,18,6,0.978,0,0.0,141.42,36,38.2,817.21
5,2026-07-18,20.99,396.51,142.1,27,8,0.961,0,0.0,211.59,51,38.2,822.77
6,2026-07-18,26.35,627.01,134.8,17,6,0.049,0,0.0,65.32,24,38.2,482.98
7,2026-07-18,14.93,337.97,88.85,18,6,0.667,0,0.0,52.19,26,38.2,656.02
8,2026-07-18,29.29,683.9,144.94,22,7,0.039,0,0.0,107.34,34,38.2,488.05
9,2026-07-18,24.08,552.06,92.85,19,7,0.032,0,0.0,147.46,33,38.2,640.19
10,2026-07-18,18.57,431.25,158.61,19,6,0.585,0,0.0,159.38,46,38.2,391.22
11,2026-07-18,20.75,489.5,127.85,16,6,0.012,0,0.0,78.89,17,38.2,638.5
12,2026-07-18,17.28,396.56,101.49,13,4,0.825,0,0.0,101.38,33,38.2,668.98
13,2026-07-18,21.37,464.46,107.53,12,4,0.818,0,0.0,310.05,59,38.2,579.62
14,2026-07-18,37.36,805.68,223.75,19,7,0.477,0,0.0,90.51,31,38.2,364.05
15,2026-07-18,17.03,372.15,127.01,14,5,0.412,0,0.0,41.61,19,38.2,811.39
16,2026-07-18,30.47,668.96,85.56,14,5,0.494,0,0.0,60.21,22,38.2,321.45
17,2026-07-18,26.99,589.42,141.82,19,6,0.783,0,0.0,45.93,21,38.2,367.99
18,2026-07-18,26.55,578.64,117.43,22,7,0.794,0,0.0,92.41,20,38.2,862.11
19,2026-07-18,27.95,595.02,167.95,24,9,0.278,0,0.0,211.43,32,38.2,726.82
20,2026-07-18,18.42,316.84,72.15,15,5,0.691,0,0.0,59.78,25,38.2,341.1
21,2026-07-18,20.47,351.26,143.01,26,8,0.419,0,0.0,370.43,47,38.2,917.78
22,2026-07-18,27.5,473.43,119.73,14,6,0.323,0,0.0,311.66,55,38.2,429.7
23,2026-07-18,44.93,775.95,248.58,16,5,0.007,0,0.0,0.0,0,38.2,655.11
24,2026-07-18,35.58,602.7,237.87,28,9,0.183,0,0.0,95.15,24,38.2,650.03
1,2026-07-19,19.52,368.78,121.11,18,6,0.008,0,0.0,61.38,21,39.6,333.15
2,2026-07-19,34.39,649.09,164.14,31,10,0.092,0,0.0,256.36,58,39.6,691.36
3,2026-07-19,25.4,473.16,76.66,21,7,0.631,0,0.0,73.29,22,39.6,393.63
4,2026-07-19,27.11,496.49,34.88,19,6,0.985,0,0.0,349.67,61,39.6,806.07
5,2026-07-19,31.07,586.88,121.33,25,9,0.194,0,0.0,40.13,27,39.6,820.93
6,2026-07-19,22.0,523.5,144.32,17,5,0.092,0,0.0,77.4,23,39.6,478.62
7,2026-07-19,28.03,634.75,99.08,18,6,0.497,0,0.0,166.47,41,39.6,656.11
8,2026-07-19,29.91,698.42,157.8,21,8,0.765,0,0.0,274.17,55,39.6,494.05
9,2026-07-19,26.63,610.6,93.98,20,7,0.223,0,0.0,45.5,17,39.6,632.98
10,2026-07-19,31.76,737.69,152.68,18,6,0.868,0,0.0,304.28,56,39.6,377.53
11,2026-07-19,22.33,526.71,136.28,17,5,0.198,0,0.0,129.84,23,39.6,640.71
12,2026-07-19,19.05,437.26,98.86,13,3,0.113,0,0.0,307.33,57,39.6,668.06
13,2026-07-19,18.46,401.25,94.48,13,4,0.2,0,0.0,52.78,29,39.6,579.18
14,2026-07-19,27.65,596.44,209.83,22,7,0.006,0,0.0,277.23,56,39.6,357.79
15,2026-07-19,22.78,497.82,128.58,16,5,0.715,0,0.0,377.96,57,39.6,813.67
16,2026-07-19,19.42,426.42,91.86,14,5,0.392,0,0.0,63.02,20,39.6,324.12
17,2026-07-19,27.94,610.13,145.63,19,6,0.337,0,0.0,75.32,24,39.6,366.37
18,2026-07-19,27.76,605.08,119.21,23,7,0.359,0,0.0,72.85,18,39.6,862.93
19,2026-07-19,31.51,670.79,157.63,26,8,0.133,0,0.0,45.9,17,39.6,728.08
20,2026-07-19,21.61,371.83,81.36,15,5,0.17,0,0.0,223.94,48,39.6,339.01
21,2026-07-19,31.72,544.26,133.12,23,8,0.469,0,0.0,208.03,36,39.6,916.61
22,2026-07-19,19.23,331.19,137.18,16,6,0.343,0,0.0,326.99,59,39.6,431.78
23,2026-07-19,19.81,342.23,239.17,16,5,0.561,0,0.0,0.0,0,39.6,649.19
24,2026-07-19,33.03,559.56,247.78,28,10,0.909,0,0.0,73.31,22,39.6,651.14
