event_date,channel,spend,clicks,impressions
2024-01-01,organic,0.0,0,0
2024-01-01,paid_search,5426.01,3055,48814
2024-01-01,paid_social,3701.91,2481,98960
2024-01-01,email,52.43,993,8654
2024-01-01,referral,0.0,0,0
2024-01-02,organic,0.0,0,0
2024-01-02,paid_search,5779.16,2913,47095
2024-01-02,paid_social,3037.2,2287,91607
2024-01-02,email,39.01,725,6636
2024-01-02,referral,0.0,0,0
2024-01-03,organic,0.0,0,0
2024-01-03,paid_search,5942.58,3351,48754
2024-01-03,paid_social,3881.75,2744,111156
2024-01-03,email,46.46,887,7753
2024-01-03,referral,0.0,0,0
2024-01-04,organic,0.0,0,0
2024-01-04,paid_search,5725.4,2999,48176
2024-01-04,paid_social,3317.58,2359,100014
2024-01-04,email,45.49,937,8705
2024-01-04,referral,0.0,0,0
2024-01-05,organic,0.0,0,0
2024-01-05,paid_search,4710.99,2963,50634
2024-01-05,paid_social,3095.92,2336,92869
2024-01-05,email,44.03,810,7787
2024-01-05,referral,0.0,0,0
2024-01-06,organic,0.0,0,0
2024-01-06,paid_search,5058.41,2760,47390
2024-01-06,paid_social,2659.2,1855,74292
2024-01-06,email,33.79,657,6038
2024-01-06,referral,0.0,0,0
2024-01-07,organic,0.0,0,0
2024-01-07,paid_search,4724.49,2396,41413
2024-01-07,paid_social,2871.75,1940,85515
2024-01-07,email,40.51,801,7000
2024-01-07,referral,0.0,0,0
2024-01-08,organic,0.0,0,0
2024-01-08,paid_search,5300.53,2891,47002
2024-01-08,paid_social,2809.86,2001,79655
2024-01-08,email,43.66,814,7211
2024-01-08,referral,0.0,0,0
2024-01-09,organic,0.0,0,0
2024-01-09,paid_search,4809.99,2495,39810
2024-01-09,paid_social,3881.33,2794,126650
2024-01-09,email,40.2,771,7479
2024-01-09,referral,0.0,0,0
2024-01-10,organic,0.0,0,0
2024-01-10,paid_search,4732.74,2577,36963
2024-01-10,paid_social,3973.92,2693,110505
2024-01-10,email,41.49,855,7269
2024-01-10,referral,0.0,0,0
2024-01-11,organic,0.0,0,0
2024-01-11,paid_search,5223.16,3140,47880
2024-01-11,paid_social,3413.23,2542,106132
2024-01-11,email,40.03,751,6137
2024-01-11,referral,0.0,0,0
2024-01-12,organic,0.0,0,0
2024-01-12,paid_search,5170.16,3111,49358
2024-01-12,paid_social,3720.78,2628,106043
2024-01-12,email,33.06,629,5972
2024-01-12,referral,0.0,0,0
2024-01-13,organic,0.0,0,0
2024-01-13,paid_search,4266.73,2215,38523
2024-01-13,paid_social,2506.8,1857,72162
2024-01-13,email,34.29,732,6768
2024-01-13,referral,0.0,0,0
2024-01-14,organic,0.0,0,0
2024-01-14,paid_search,4542.13,2538,42968
2024-01-14,paid_social,2305.12,1586,66636
2024-01-14,email,33.8,738,7047
2024-01-14,referral,0.0,0,0
2024-01-15,organic,0.0,0,0
2024-01-15,paid_search,4878.8,2411,35158
2024-01-15,paid_social,3476.84,2338,95062
2024-01-15,email,47.26,960,9072
2024-01-15,referral,0.0,0,0
2024-01-16,organic,0.0,0,0
2024-01-16,paid_search,3919.46,2280,37759
2024-01-16,paid_social,3637.19,2554,97706
2024-01-16,email,39.2,832,6834
2024-01-16,referral,0.0,0,0
2024-01-17,organic,0.0,0,0
2024-01-17,paid_search,5513.59,3005,52757
2024-01-17,paid_social,3197.55,2411,100369
2024-01-17,email,45.42,867,7414
2024-01-17,referral,0.0,0,0
2024-01-18,organic,0.0,0,0
2024-01-18,paid_search,5124.37,2613,42931
2024-01-18,paid_social,3216.21,2366,101219
2024-01-18,email,38.98,756,6638
2024-01-18,referral,0.0,0,0
2024-01-19,organic,0.0,0,0
2024-01-19,paid_search,5140.08,2626,39258
2024-01-19,paid_social,3795.39,2631,105906
2024-01-19,email,41.23,839,7712
2024-01-19,referral,0.0,0,0
2024-01-20,organic,0.0,0,0
2024-01-20,paid_search,3854.08,2101,33216
2024-01-20,paid_social,2722.01,1860,78938
2024-01-20,email,30.07,568,5373
2024-01-20,referral,0.0,0,0
2024-01-21,organic,0.0,0,0
2024-01-21,paid_search,4260.18,2430,38862
2024-01-21,paid_social,2949.65,2208,104113
2024-01-21,email,33.26,652,5959
2024-01-21,referral,0.0,0,0
2024-01-22,organic,0.0,0,0
2024-01-22,paid_search,5277.74,2992,46344
2024-01-22,paid_social,3580.35,2745,109818
2024-01-22,email,32.45,693,6643
2024-01-22,referral,0.0,0,0
2024-01-23,organic,0.0,0,0
2024-01-23,paid_search,5833.35,3050,52699
2024-01-23,paid_social,3117.64,2262,92496
2024-01-23,email,40.51,924,8131
2024-01-23,referral,0.0,0,0
2024-01-24,organic,0.0,0,0
2024-01-24,paid_search,4769.64,2847,48095
2024-01-24,paid_social,3632.99,2560,108593
2024-01-24,email,49.28,910,8588
2024-01-24,referral,0.0,0,0
2024-01-25,organic,0.0,0,0
2024-01-25,paid_search,5407.81,2796,48987
2024-01-25,paid_social,3395.68,2608,117609
2024-01-25,email,43.07,839,8259
2024-01-25,referral,0.0,0,0
2024-01-26,organic,0.0,0,0
2024-01-26,paid_search,5392.94,2913,48371
2024-01-26,paid_social,4125.46,2725,120365
2024-01-26,email,34.84,691,6402
2024-01-26,referral,0.0,0,0
2024-01-27,organic,0.0,0,0
2024-01-27,paid_search,3447.58,1977,31253
2024-01-27,paid_social,2847.2,2042,83206
2024-01-27,email,29.23,594,5292
2024-01-27,referral,0.0,0,0
2024-01-28,organic,0.0,0,0
2024-01-28,paid_search,4813.59,2619,41268
2024-01-28,paid_social,3682.1,2562,113875
2024-01-28,email,39.69,760,6667
2024-01-28,referral,0.0,0,0
2024-01-29,organic,0.0,0,0
2024-01-29,paid_search,5733.59,3086,48933
2024-01-29,paid_social,3821.27,2407,100966
2024-01-29,email,45.34,904,8614
2024-01-29,referral,0.0,0,0
2024-01-30,organic,0.0,0,0
2024-01-30,paid_search,6181.27,3046,46946
2024-01-30,paid_social,3660.44,2669,106963
2024-01-30,email,42.81,852,7314
2024-01-30,referral,0.0,0,0
2024-01-31,organic,0.0,0,0
2024-01-31,paid_search,4997.67,2920,47360
2024-01-31,paid_social,3875.44,2784,118900
2024-01-31,email,35.29,690,6419
2024-01-31,referral,0.0,0,0
2024-02-01,organic,0.0,0,0
2024-02-01,paid_search,5023.47,2844,45975
2024-02-01,paid_social,2930.79,2093,92086
2024-02-01,email,39.16,763,7567
2024-02-01,referral,0.0,0,0
2024-02-02,organic,0.0,0,0
2024-02-02,paid_search,5780.91,3099,49477
2024-02-02,paid_social,3478.24,2576,109741
2024-02-02,email,35.84,747,7354
2024-02-02,referral,0.0,0,0
2024-02-03,organic,0.0,0,0
2024-02-03,paid_search,4593.37,2506,41012
2024-02-03,paid_social,3130.94,2161,78140
2024-02-03,email,38.56,762,6560
2024-02-03,referral,0.0,0,0
2024-02-04,organic,0.0,0,0
2024-02-04,paid_search,4155.46,2419,37762
2024-02-04,paid_social,3443.25,2257,89418
2024-02-04,email,42.74,835,7548
2024-02-04,referral,0.0,0,0
2024-02-05,organic,0.0,0,0
2024-02-05,paid_search,5549.96,2968,47667
2024-02-05,paid_social,3986.9,2617,113501
2024-02-05,email,42.74,850,7956
2024-02-05,referral,0.0,0,0
2024-02-06,organic,0.0,0,0
2024-02-06,paid_search,4806.12,2519,39854
2024-02-06,paid_social,3301.22,2347,101883
2024-02-06,email,38.98,777,7114
2024-02-06,referral,0.0,0,0
2024-02-07,organic,0.0,0,0
2024-02-07,paid_search,4845.46,2417,40270
2024-02-07,paid_social,3709.9,2794,110778
2024-02-07,email,46.15,868,7923
2024-02-07,referral,0.0,0,0
2024-02-08,organic,0.0,0,0
2024-02-08,paid_search,4700.34,2603,41887
2024-02-08,paid_social,4126.7,2752,127145
2024-02-08,email,39.6,907,7757
2024-02-08,referral,0.0,0,0
2024-02-09,organic,0.0,0,0
2024-02-09,paid_search,5266.25,2774,47105
2024-02-09,paid_social,2923.86,2007,82785
2024-02-09,email,35.16,675,6144
2024-02-09,referral,0.0,0,0
2024-02-10,organic,0.0,0,0
2024-02-10,paid_search,4315.97,2171,32028
2024-02-10,paid_social,3541.95,2329,86025
2024-02-10,email,34.28,640,5871
2024-02-10,referral,0.0,0,0
2024-02-11,organic,0.0,0,0
2024-02-11,paid_search,4395.07,2348,40188
2024-02-11,paid_social,2758.58,2017,86134
2024-02-11,email,30.37,642,5563
2024-02-11,referral,0.0,0,0
2024-02-12,organic,0.0,0,0
2024-02-12,paid_search,5996.29,3187,48137
2024-02-12,paid_social,2969.48,2150,94306
2024-02-12,email,46.17,935,7989
2024-02-12,referral,0.0,0,0
2024-02-13,organic,0.0,0,0
2024-02-13,paid_search,5741.64,3018,45807
2024-02-13,paid_social,3805.66,2938,129086
2024-02-13,email,43.15,852,8144
2024-02-13,referral,0.0,0,0
2024-02-14,organic,0.0,0,0
2024-02-14,paid_search,5777.78,3186,50545
2024-02-14,paid_social,3151.54,2331,106891
2024-02-14,email,35.02,702,7069
2024-02-14,referral,0.0,0,0
2024-02-15,organic,0.0,0,0
2024-02-15,paid_search,5097.76,2884,45562
2024-02-15,paid_social,3548.86,2520,109118
2024-02-15,email,36.48,696,6321
2024-02-15,referral,0.0,0,0
2024-02-16,organic,0.0,0,0
2024-02-16,paid_search,4383.48,2405,38750
2024-02-16,paid_social,4037.81,2870,121208
2024-02-16,email,32.68,678,6344
2024-02-16,referral,0.0,0,0
2024-02-17,organic,0.0,0,0
2024-02-17,paid_search,4821.0,2433,39816
2024-02-17,paid_social,3348.16,2244,92962
2024-02-17,email,34.33,705,6756
2024-02-17,referral,0.0,0,0
2024-02-18,organic,0.0,0,0
2024-02-18,paid_search,4008.94,2298,36254
2024-02-18,paid_social,2965.01,1996,85331
2024-02-18,email,37.84,690,6304
2024-02-18,referral,0.0,0,0
2024-02-19,organic,0.0,0,0
2024-02-19,paid_search,5083.96,2727,43645
2024-02-19,paid_social,2832.78,2211,87616
2024-02-19,email,38.44,817,7648
2024-02-19,referral,0.0,0,0
2024-02-20,organic,0.0,0,0
2024-02-20,paid_search,5052.06,2827,44849
2024-02-20,paid_social,3840.67,2696,113013
2024-02-20,email,38.57,789,6980
2024-02-20,referral,0.0,0,0
2024-02-21,organic,0.0,0,0
2024-02-21,paid_search,4042.48,2272,38188
2024-02-21,paid_social,3670.43,2509,108968
2024-02-21,email,43.5,887,8849
2024-02-21,referral,0.0,0,0
2024-02-22,organic,0.0,0,0
2024-02-22,paid_search,5381.23,2942,43349
2024-02-22,paid_social,3566.2,2636,112659
2024-02-22,email,41.96,861,7385
2024-02-22,referral,0.0,0,0
2024-02-23,organic,0.0,0,0
2024-02-23,paid_search,4995.0,2773,41096
2024-02-23,paid_social,3705.85,2655,107474
2024-02-23,email,39.69,759,6858
2024-02-23,referral,0.0,0,0
2024-02-24,organic,0.0,0,0
2024-02-24,paid_search,4025.69,2292,36332
2024-02-24,paid_social,3421.28,2389,112232
2024-02-24,email,36.78,714,6710
2024-02-24,referral,0.0,0,0
2024-02-25,organic,0.0,0,0
2024-02-25,paid_search,3948.12,2107,35061
2024-02-25,paid_social,3487.8,2499,100550
2024-02-25,email,34.36,709,6274
2024-02-25,referral,0.0,0,0
2024-02-26,organic,0.0,0,0
2024-02-26,paid_search,5064.53,2829,46372
2024-02-26,paid_social,3823.07,2548,109330
2024-02-26,email,38.83,842,7305
2024-02-26,referral,0.0,0,0
2024-02-27,organic,0.0,0,0
2024-02-27,paid_search,4854.13,2726,43765
2024-02-27,paid_social,2995.68,2213,89382
2024-02-27,email,38.05,740,6600
2024-02-27,referral,0.0,0,0
2024-02-28,organic,0.0,0,0
2024-02-28,paid_search,5209.01,2773,41747
2024-02-28,paid_social,3618.97,2493,98099
2024-02-28,email,39.74,815,7213
2024-02-28,referral,0.0,0,0
2024-02-29,organic,0.0,0,0
2024-02-29,paid_search,4549.48,2561,40478
2024-02-29,paid_social,3404.75,2350,96553
2024-02-29,email,41.15,834,8046
2024-02-29,referral,0.0,0,0
2024-03-01,organic,0.0,0,0
2024-03-01,paid_search,5652.55,3202,55535
2024-03-01,paid_social,4153.85,2841,119579
2024-03-01,email,47.99,935,8377
2024-03-01,referral,0.0,0,0
2024-03-02,organic,0.0,0,0
2024-03-02,paid_search,4271.67,2412,36764
2024-03-02,paid_social,3318.86,2390,100075
2024-03-02,email,37.73,788,7066
2024-03-02,referral,0.0,0,0
2024-03-03,organic,0.0,0,0
2024-03-03,paid_search,5387.57,2776,42950
2024-03-03,paid_social,2979.54,2111,86966
2024-03-03,email,38.28,741,6779
2024-03-03,referral,0.0,0,0
2024-03-04,organic,0.0,0,0
2024-03-04,paid_search,5112.59,2816,46348
2024-03-04,paid_social,3243.2,2302,105144
2024-03-04,email,34.49,709,6111
2024-03-04,referral,0.0,0,0
2024-03-05,organic,0.0,0,0
2024-03-05,paid_search,7060.0,3733,57962
2024-03-05,paid_social,3958.04,2767,117377
2024-03-05,email,50.63,1049,10349
2024-03-05,referral,0.0,0,0
2024-03-06,organic,0.0,0,0
2024-03-06,paid_search,7026.24,3505,57479
2024-03-06,paid_social,4383.34,2805,125961
2024-03-06,email,43.32,856,7790
2024-03-06,referral,0.0,0,0
2024-03-07,organic,0.0,0,0
2024-03-07,paid_search,5851.03,3053,53938
2024-03-07,paid_social,3743.86,2755,121242
2024-03-07,email,48.36,995,9277
2024-03-07,referral,0.0,0,0
2024-03-08,organic,0.0,0,0
2024-03-08,paid_search,5485.45,2956,42474
2024-03-08,paid_social,4053.25,2748,117920
2024-03-08,email,47.12,868,7392
2024-03-08,referral,0.0,0,0
2024-03-09,organic,0.0,0,0
2024-03-09,paid_search,4291.0,2264,39362
2024-03-09,paid_social,3039.3,2171,83939
2024-03-09,email,32.91,698,7087
2024-03-09,referral,0.0,0,0
2024-03-10,organic,0.0,0,0
2024-03-10,paid_search,4964.04,2740,49348
2024-03-10,paid_social,3841.85,2687,103960
2024-03-10,email,40.12,789,6889
2024-03-10,referral,0.0,0,0
2024-03-11,organic,0.0,0,0
2024-03-11,paid_search,5786.44,3183,50546
2024-03-11,paid_social,3862.0,2758,115498
2024-03-11,email,44.52,882,8125
2024-03-11,referral,0.0,0,0
2024-03-12,organic,0.0,0,0
2024-03-12,paid_search,6375.71,3654,57978
2024-03-12,paid_social,3908.57,2715,109356
2024-03-12,email,49.46,996,9018
2024-03-12,referral,0.0,0,0
2024-03-13,organic,0.0,0,0
2024-03-13,paid_search,6106.4,3232,46731
2024-03-13,paid_social,4158.81,2830,116587
2024-03-13,email,46.14,921,7834
2024-03-13,referral,0.0,0,0
2024-03-14,organic,0.0,0,0
2024-03-14,paid_search,5242.53,2906,48204
2024-03-14,paid_social,3930.31,2921,126468
2024-03-14,email,39.92,944,10037
2024-03-14,referral,0.0,0,0
2024-03-15,organic,0.0,0,0
2024-03-15,paid_search,6719.6,3432,55403
2024-03-15,paid_social,3532.42,2497,102003
2024-03-15,email,41.63,792,7432
2024-03-15,referral,0.0,0,0
2024-03-16,organic,0.0,0,0
2024-03-16,paid_search,4815.44,2649,42216
2024-03-16,paid_social,3396.2,2516,104808
2024-03-16,email,33.21,707,6178
2024-03-16,referral,0.0,0,0
2024-03-17,organic,0.0,0,0
2024-03-17,paid_search,4935.71,2707,43195
2024-03-17,paid_social,3925.0,2819,123329
2024-03-17,email,42.7,882,7984
2024-03-17,referral,0.0,0,0
2024-03-18,organic,0.0,0,0
2024-03-18,paid_search,5677.77,3162,49637
2024-03-18,paid_social,3618.03,2726,117686
2024-03-18,email,53.35,1007,9549
2024-03-18,referral,0.0,0,0
2024-03-19,organic,0.0,0,0
2024-03-19,paid_search,5908.48,3240,49984
2024-03-19,paid_social,4469.81,3270,123661
2024-03-19,email,50.22,981,8910
2024-03-19,referral,0.0,0,0
2024-03-20,organic,0.0,0,0
2024-03-20,paid_search,5998.57,3437,54675
2024-03-20,paid_social,3418.33,2476,93412
2024-03-20,email,53.27,1081,10098
2024-03-20,referral,0.0,0,0
2024-03-21,organic,0.0,0,0
2024-03-21,paid_search,5670.24,3136,50376
2024-03-21,paid_social,3977.34,2774,117567
2024-03-21,email,44.59,908,8271
2024-03-21,referral,0.0,0,0
2024-03-22,organic,0.0,0,0
2024-03-22,paid_search,5273.07,2701,42508
2024-03-22,paid_social,3925.49,2763,109820
2024-03-22,email,49.24,949,8325
2024-03-22,referral,0.0,0,0
2024-03-23,organic,0.0,0,0
2024-03-23,paid_search,5668.91,2917,46709
2024-03-23,paid_social,2700.52,1942,81419
2024-03-23,email,40.92,764,7120
2024-03-23,referral,0.0,0,0
2024-03-24,organic,0.0,0,0
2024-03-24,paid_search,4149.09,2450,36966
2024-03-24,paid_social,3168.86,2304,98288
2024-03-24,email,36.28,745,6364
2024-03-24,referral,0.0,0,0
2024-03-25,organic,0.0,0,0
2024-03-25,paid_search,4967.25,2739,48092
2024-03-25,paid_social,3648.1,2510,109400
2024-03-25,email,45.4,840,7785
2024-03-25,referral,0.0,0,0
2024-03-26,organic,0.0,0,0
2024-03-26,paid_search,5265.64,3047,49339
2024-03-26,paid_social,4904.92,3115,132773
2024-03-26,email,43.31,973,9648
2024-03-26,referral,0.0,0,0
2024-03-27,organic,0.0,0,0
2024-03-27,paid_search,5240.26,3064,52367
2024-03-27,paid_social,3662.49,2666,120766
2024-03-27,email,45.4,821,7906
2024-03-27,referral,0.0,0,0
2024-03-28,organic,0.0,0,0
2024-03-28,paid_search,6638.15,3571,50216
2024-03-28,paid_social,3607.57,2804,118969
2024-03-28,email,47.57,894,7817
2024-03-28,referral,0.0,0,0
2024-03-29,organic,0.0,0,0
2024-03-29,paid_search,5820.99,3216,50595
2024-03-29,paid_social,3933.45,2826,119008
2024-03-29,email,50.03,927,8516
2024-03-29,referral,0.0,0,0
2024-03-30,organic,0.0,0,0
2024-03-30,paid_search,4871.47,2532,44067
2024-03-30,paid_social,3051.17,2252,94533
2024-03-30,email,30.65,608,5044
2024-03-30,referral,0.0,0,0
2024-03-31,organic,0.0,0,0
2024-03-31,paid_search,5656.82,3090,47209
2024-03-31,paid_social,4020.33,2811,111342
2024-03-31,email,41.35,839,7243
2024-03-31,referral,0.0,0,0
2024-04-01,organic,0.0,0,0
2024-04-01,paid_search,6083.21,3264,51126
2024-04-01,paid_social,3961.82,2879,143027
2024-04-01,email,43.86,878,7736
2024-04-01,referral,0.0,0,0
2024-04-02,organic,0.0,0,0
2024-04-02,paid_search,5974.11,3191,53125
2024-04-02,paid_social,3707.05,2617,108507
2024-04-02,email,38.61,767,6662
2024-04-02,referral,0.0,0,0
2024-04-03,organic,0.0,0,0
2024-04-03,paid_search,5399.02,2988,48050
2024-04-03,paid_social,3677.18,2632,117325
2024-04-03,email,45.85,930,8409
2024-04-03,referral,0.0,0,0
2024-04-04,organic,0.0,0,0
2024-04-04,paid_search,6324.47,3189,52271
2024-04-04,paid_social,3749.31,2763,119988
2024-04-04,email,43.71,843,8438
2024-04-04,referral,0.0,0,0
2024-04-05,organic,0.0,0,0
2024-04-05,paid_search,4663.83,2616,44150
2024-04-05,paid_social,3902.18,2899,112858
2024-04-05,email,44.99,888,8235
2024-04-05,referral,0.0,0,0
2024-04-06,organic,0.0,0,0
2024-04-06,paid_search,4965.67,2582,39399
2024-04-06,paid_social,3466.16,2456,108830
2024-04-06,email,38.17,795,7063
2024-04-06,referral,0.0,0,0
2024-04-07,organic,0.0,0,0
2024-04-07,paid_search,5248.53,2869,43721
2024-04-07,paid_social,2896.83,2273,98522
2024-04-07,email,40.95,847,7421
2024-04-07,referral,0.0,0,0
2024-04-08,organic,0.0,0,0
2024-04-08,paid_search,5782.71,3082,53610
2024-04-08,paid_social,3505.9,2499,108418
2024-04-08,email,48.68,971,9427
2024-04-08,referral,0.0,0,0
2024-04-09,organic,0.0,0,0
2024-04-09,paid_search,6368.61,3389,55398
2024-04-09,paid_social,3638.83,2637,121225
2024-04-09,email,47.7,958,7822
2024-04-09,referral,0.0,0,0
2024-04-10,organic,0.0,0,0
2024-04-10,paid_search,5625.09,3440,56207
2024-04-10,paid_social,4424.76,3061,126419
2024-04-10,email,45.78,870,8555
2024-04-10,referral,0.0,0,0
2024-04-11,organic,0.0,0,0
2024-04-11,paid_search,5807.11,3193,49715
2024-04-11,paid_social,3912.12,2788,115092
2024-04-11,email,45.34,848,7633
2024-04-11,referral,0.0,0,0
2024-04-12,organic,0.0,0,0
2024-04-12,paid_search,5240.73,3016,43615
2024-04-12,paid_social,3853.66,2739,118834
2024-04-12,email,33.72,729,6723
2024-04-12,referral,0.0,0,0
2024-04-13,organic,0.0,0,0
2024-04-13,paid_search,5243.66,2669,39130
2024-04-13,paid_social,3388.55,2507,94008
2024-04-13,email,34.42,734,6659
2024-04-13,referral,0.0,0,0
2024-04-14,organic,0.0,0,0
2024-04-14,paid_search,4527.88,2776,46366
2024-04-14,paid_social,2915.67,2139,86554
2024-04-14,email,34.23,680,6387
2024-04-14,referral,0.0,0,0
2024-04-15,organic,0.0,0,0
2024-04-15,paid_search,4715.54,2693,42124
2024-04-15,paid_social,3578.99,2694,120618
2024-04-15,email,49.9,1068,9829
2024-04-15,referral,0.0,0,0
2024-04-16,organic,0.0,0,0
2024-04-16,paid_search,6279.13,3569,62558
2024-04-16,paid_social,4196.53,2909,111583
2024-04-16,email,48.78,936,8916
2024-04-16,referral,0.0,0,0
2024-04-17,organic,0.0,0,0
2024-04-17,paid_search,6093.58,3336,49267
2024-04-17,paid_social,4524.18,3293,138110
2024-04-17,email,47.05,1017,8623
2024-04-17,referral,0.0,0,0
2024-04-18,organic,0.0,0,0
2024-04-18,paid_search,5513.9,2933,48872
2024-04-18,paid_social,3146.36,2329,106663
2024-04-18,email,45.4,897,7898
2024-04-18,referral,0.0,0,0
2024-04-19,organic,0.0,0,0
2024-04-19,paid_search,4396.41,2432,39584
2024-04-19,paid_social,3941.76,2593,110826
2024-04-19,email,45.89,878,7906
2024-04-19,referral,0.0,0,0
2024-04-20,organic,0.0,0,0
2024-04-20,paid_search,4702.88,2621,42243
2024-04-20,paid_social,3467.82,2394,101549
2024-04-20,email,38.93,716,6495
2024-04-20,referral,0.0,0,0
2024-04-21,organic,0.0,0,0
2024-04-21,paid_search,4728.22,2501,38574
2024-04-21,paid_social,3502.92,2330,99723
2024-04-21,email,32.97,703,6180
2024-04-21,referral,0.0,0,0
2024-04-22,organic,0.0,0,0
2024-04-22,paid_search,5255.66,2893,46633
2024-04-22,paid_social,3053.59,2471,102957
2024-04-22,email,48.9,989,8986
2024-04-22,referral,0.0,0,0
2024-04-23,organic,0.0,0,0
2024-04-23,paid_search,5270.78,2780,48670
2024-04-23,paid_social,3033.45,2276,93607
2024-04-23,email,38.94,811,6988
2024-04-23,referral,0.0,0,0
2024-04-24,organic,0.0,0,0
2024-04-24,paid_search,5815.35,2931,51069
2024-04-24,paid_social,3580.07,2689,105469
2024-04-24,email,43.37,855,7901
2024-04-24,referral,0.0,0,0
2024-04-25,organic,0.0,0,0
2024-04-25,paid_search,5641.45,2979,43751
2024-04-25,paid_social,4564.61,3002,118974
2024-04-25,email,42.68,936,8535
2024-04-25,referral,0.0,0,0
2024-04-26,organic,0.0,0,0
2024-04-26,paid_search,4836.95,2643,40648
2024-04-26,paid_social,3690.25,2744,113753
2024-04-26,email,48.19,996,8723
2024-04-26,referral,0.0,0,0
2024-04-27,organic,0.0,0,0
2024-04-27,paid_search,3987.55,2137,31321
2024-04-27,paid_social,3545.19,2523,109621
2024-04-27,email,36.98,730,6452
2024-04-27,referral,0.0,0,0
2024-04-28,organic,0.0,0,0
2024-04-28,paid_search,5091.18,2897,44461
2024-04-28,paid_social,2689.51,1868,74512
2024-04-28,email,39.95,744,7077
2024-04-28,referral,0.0,0,0
2024-04-29,organic,0.0,0,0
2024-04-29,paid_search,5432.77,3219,51710
2024-04-29,paid_social,4752.73,3185,138424
2024-04-29,email,48.26,930,8063
2024-04-29,referral,0.0,0,0
2024-04-30,organic,0.0,0,0
2024-04-30,paid_search,5236.15,2850,48540
2024-04-30,paid_social,4102.87,2853,122112
2024-04-30,email,45.35,998,8456
2024-04-30,referral,0.0,0,0
2024-05-01,organic,0.0,0,0
2024-05-01,paid_search,5489.06,2974,46923
2024-05-01,paid_social,3293.81,2397,105521
2024-05-01,email,50.29,1015,8427
2024-05-01,referral,0.0,0,0
2024-05-02,organic,0.0,0,0
2024-05-02,paid_search,5098.58,2713,48259
2024-05-02,paid_social,4673.95,3034,122854
2024-05-02,email,46.98,1017,8506
2024-05-02,referral,0.0,0,0
2024-05-03,organic,0.0,0,0
2024-05-03,paid_search,5192.89,3092,46504
2024-05-03,paid_social,3279.19,2442,106959
2024-05-03,email,38.85,810,7460
2024-05-03,referral,0.0,0,0
2024-05-04,organic,0.0,0,0
2024-05-04,paid_search,3866.87,2301,35422
2024-05-04,paid_social,3155.31,2424,111279
2024-05-04,email,39.75,787,7073
2024-05-04,referral,0.0,0,0
2024-05-05,organic,0.0,0,0
2024-05-05,paid_search,4542.42,2755,43694
2024-05-05,paid_social,3493.37,2414,104077
2024-05-05,email,31.45,577,5316
2024-05-05,referral,0.0,0,0
2024-05-06,organic,0.0,0,0
2024-05-06,paid_search,5599.94,2982,49971
2024-05-06,paid_social,3597.97,2610,108332
2024-05-06,email,41.39,886,8226
2024-05-06,referral,0.0,0,0
2024-05-07,organic,0.0,0,0
2024-05-07,paid_search,6037.37,3139,54566
2024-05-07,paid_social,3852.64,2684,119264
2024-05-07,email,37.37,809,7210
2024-05-07,referral,0.0,0,0
2024-05-08,organic,0.0,0,0
2024-05-08,paid_search,5224.08,2736,45020
2024-05-08,paid_social,3409.18,2355,101761
2024-05-08,email,47.74,934,8549
2024-05-08,referral,0.0,0,0
2024-05-09,organic,0.0,0,0
2024-05-09,paid_search,6245.49,3127,48545
2024-05-09,paid_social,3842.8,2634,123247
2024-05-09,email,50.43,959,8807
2024-05-09,referral,0.0,0,0
2024-05-10,organic,0.0,0,0
2024-05-10,paid_search,5867.96,2904,48418
2024-05-10,paid_social,4053.24,2698,118022
2024-05-10,email,59.29,1131,9417
2024-05-10,referral,0.0,0,0
2024-05-11,organic,0.0,0,0
2024-05-11,paid_search,5825.07,2864,45835
2024-05-11,paid_social,2857.13,1951,82461
2024-05-11,email,38.51,783,7014
2024-05-11,referral,0.0,0,0
2024-05-12,organic,0.0,0,0
2024-05-12,paid_search,4719.7,2437,37809
2024-05-12,paid_social,2888.76,2100,88199
2024-05-12,email,39.03,753,6856
2024-05-12,referral,0.0,0,0
2024-05-13,organic,0.0,0,0
2024-05-13,paid_search,5998.06,3207,55266
2024-05-13,paid_social,3386.84,2351,98706
2024-05-13,email,36.72,742,7188
2024-05-13,referral,0.0,0,0
2024-05-14,organic,0.0,0,0
2024-05-14,paid_search,4569.7,2678,40614
2024-05-14,paid_social,3551.79,2342,95767
2024-05-14,email,47.76,910,8212
2024-05-14,referral,0.0,0,0
2024-05-15,organic,0.0,0,0
2024-05-15,paid_search,5565.55,3215,49889
2024-05-15,paid_social,2807.4,2118,81958
2024-05-15,email,45.41,848,7678
2024-05-15,referral,0.0,0,0
2024-05-16,organic,0.0,0,0
2024-05-16,paid_search,4292.95,2424,39249
2024-05-16,paid_social,3443.45,2591,106641
2024-05-16,email,47.79,1007,9850
2024-05-16,referral,0.0,0,0
2024-05-17,organic,0.0,0,0
2024-05-17,paid_search,5273.44,2986,48355
2024-05-17,paid_social,3625.94,2592,97012
2024-05-17,email,48.77,950,8355
2024-05-17,referral,0.0,0,0
2024-05-18,organic,0.0,0,0
2024-05-18,paid_search,4111.43,2279,37234
2024-05-18,paid_social,2707.36,1894,69372
2024-05-18,email,32.46,648,6107
2024-05-18,referral,0.0,0,0
2024-05-19,organic,0.0,0,0
2024-05-19,paid_search,5211.57,2746,44496
2024-05-19,paid_social,3688.54,2786,112676
2024-05-19,email,35.86,683,5996
2024-05-19,referral,0.0,0,0
2024-05-20,organic,0.0,0,0
2024-05-20,paid_search,7170.7,4014,75940
2024-05-20,paid_social,3633.8,2812,107203
2024-05-20,email,50.03,996,8291
2024-05-20,referral,0.0,0,0
2024-05-21,organic,0.0,0,0
2024-05-21,paid_search,6563.2,3233,53537
2024-05-21,paid_social,3852.12,2955,115757
2024-05-21,email,51.66,983,8412
2024-05-21,referral,0.0,0,0
2024-05-22,organic,0.0,0,0
2024-05-22,paid_search,5164.85,2947,49271
2024-05-22,paid_social,3602.78,2681,108229
2024-05-22,email,39.86,773,7643
2024-05-22,referral,0.0,0,0
2024-05-23,organic,0.0,0,0
2024-05-23,paid_search,5680.25,3192,49482
2024-05-23,paid_social,3965.88,2888,125382
2024-05-23,email,44.81,887,8509
2024-05-23,referral,0.0,0,0
2024-05-24,organic,0.0,0,0
2024-05-24,paid_search,5962.15,3317,52135
2024-05-24,paid_social,4210.02,3059,131079
2024-05-24,email,43.46,853,8430
2024-05-24,referral,0.0,0,0
2024-05-25,organic,0.0,0,0
2024-05-25,paid_search,4113.32,2382,36752
2024-05-25,paid_social,3332.93,2496,106553
2024-05-25,email,39.18,818,7146
2024-05-25,referral,0.0,0,0
2024-05-26,organic,0.0,0,0
2024-05-26,paid_search,4409.84,2460,37944
2024-05-26,paid_social,3321.15,2252,92622
2024-05-26,email,32.94,701,6121
2024-05-26,referral,0.0,0,0
2024-05-27,organic,0.0,0,0
2024-05-27,paid_search,5681.97,3028,49103
2024-05-27,paid_social,2896.44,2118,88090
2024-05-27,email,40.89,863,7829
2024-05-27,referral,0.0,0,0
2024-05-28,organic,0.0,0,0
2024-05-28,paid_search,5921.42,3220,55966
2024-05-28,paid_social,3829.73,2620,123273
2024-05-28,email,41.16,865,8425
2024-05-28,referral,0.0,0,0
2024-05-29,organic,0.0,0,0
2024-05-29,paid_search,4998.1,2655,42133
2024-05-29,paid_social,3740.33,2790,108204
2024-05-29,email,47.7,982,8637
2024-05-29,referral,0.0,0,0
2024-05-30,organic,0.0,0,0
2024-05-30,paid_search,5626.9,2861,44617
2024-05-30,paid_social,3428.21,2530,102219
2024-05-30,email,41.6,833,7467
2024-05-30,referral,0.0,0,0
2024-05-31,organic,0.0,0,0
2024-05-31,paid_search,4388.63,2595,42602
2024-05-31,paid_social,3970.95,2778,115192
2024-05-31,email,52.38,1000,9819
2024-05-31,referral,0.0,0,0
2024-06-01,organic,0.0,0,0
2024-06-01,paid_search,3822.67,1890,31523
2024-06-01,paid_social,4000.84,2761,111040
2024-06-01,email,45.74,889,7891
2024-06-01,referral,0.0,0,0
2024-06-02,organic,0.0,0,0
2024-06-02,paid_search,5768.53,2949,47419
2024-06-02,paid_social,3847.97,2619,116912
2024-06-02,email,37.33,799,6818
2024-06-02,referral,0.0,0,0
2024-06-03,organic,0.0,0,0
2024-06-03,paid_search,6611.86,3366,50317
2024-06-03,paid_social,4467.39,3034,137698
2024-06-03,email,46.41,886,8858
2024-06-03,referral,0.0,0,0
2024-06-04,organic,0.0,0,0
2024-06-04,paid_search,5321.06,3203,51464
2024-06-04,paid_social,3374.87,2571,105253
2024-06-04,email,45.97,1002,9747
2024-06-04,referral,0.0,0,0
2024-06-05,organic,0.0,0,0
2024-06-05,paid_search,7026.01,3663,62689
2024-06-05,paid_social,4096.42,2982,127279
2024-06-05,email,46.92,957,8581
2024-06-05,referral,0.0,0,0
2024-06-06,organic,0.0,0,0
2024-06-06,paid_search,6055.43,3217,51694
2024-06-06,paid_social,4023.53,2905,118077
2024-06-06,email,50.41,948,8911
2024-06-06,referral,0.0,0,0
2024-06-07,organic,0.0,0,0
2024-06-07,paid_search,5872.84,3061,47104
2024-06-07,paid_social,3575.82,2593,101400
2024-06-07,email,42.68,968,8739
2024-06-07,referral,0.0,0,0
2024-06-08,organic,0.0,0,0
2024-06-08,paid_search,5293.26,2846,44086
2024-06-08,paid_social,3085.22,2317,95842
2024-06-08,email,35.23,758,6465
2024-06-08,referral,0.0,0,0
2024-06-09,organic,0.0,0,0
2024-06-09,paid_search,4456.73,2355,38477
2024-06-09,paid_social,2974.56,2205,91644
2024-06-09,email,29.77,615,6226
2024-06-09,referral,0.0,0,0
2024-06-10,organic,0.0,0,0
2024-06-10,paid_search,5473.67,3065,50428
2024-06-10,paid_social,4542.52,3178,132935
2024-06-10,email,44.74,988,9222
2024-06-10,referral,0.0,0,0
2024-06-11,organic,0.0,0,0
2024-06-11,paid_search,6681.99,3604,58994
2024-06-11,paid_social,4571.13,3125,143453
2024-06-11,email,41.89,844,7670
2024-06-11,referral,0.0,0,0
2024-06-12,organic,0.0,0,0
2024-06-12,paid_search,5586.46,2960,48199
2024-06-12,paid_social,3681.12,2654,115888
2024-06-12,email,44.78,908,8315
2024-06-12,referral,0.0,0,0
2024-06-13,organic,0.0,0,0
2024-06-13,paid_search,5845.12,3368,54777
2024-06-13,paid_social,3692.72,2660,107577
2024-06-13,email,48.23,986,10357
2024-06-13,referral,0.0,0,0
2024-06-14,organic,0.0,0,0
2024-06-14,paid_search,5434.84,3241,51307
2024-06-14,paid_social,4327.93,3136,128498
2024-06-14,email,38.37,777,6898
2024-06-14,referral,0.0,0,0
2024-06-15,organic,0.0,0,0
2024-06-15,paid_search,3697.47,2249,36771
2024-06-15,paid_social,3235.73,2408,92446
2024-06-15,email,37.97,734,6064
2024-06-15,referral,0.0,0,0
2024-06-16,organic,0.0,0,0
2024-06-16,paid_search,4166.23,2206,34989
2024-06-16,paid_social,3655.1,2686,123255
2024-06-16,email,38.31,744,6794
2024-06-16,referral,0.0,0,0
2024-06-17,organic,0.0,0,0
2024-06-17,paid_search,5727.96,3031,47009
2024-06-17,paid_social,4120.54,2943,133598
2024-06-17,email,38.73,841,7911
2024-06-17,referral,0.0,0,0
2024-06-18,organic,0.0,0,0
2024-06-18,paid_search,7149.33,3498,55674
2024-06-18,paid_social,3988.73,2580,115633
2024-06-18,email,48.86,988,8313
2024-06-18,referral,0.0,0,0
2024-06-19,organic,0.0,0,0
2024-06-19,paid_search,5634.42,3152,52119
2024-06-19,paid_social,3900.45,2651,115364
2024-06-19,email,51.84,974,8665
2024-06-19,referral,0.0,0,0
2024-06-20,organic,0.0,0,0
2024-06-20,paid_search,4136.91,2371,38912
2024-06-20,paid_social,4613.39,3317,141629
2024-06-20,email,54.68,1089,9981
2024-06-20,referral,0.0,0,0
2024-06-21,organic,0.0,0,0
2024-06-21,paid_search,6255.4,3289,52942
2024-06-21,paid_social,3284.67,2244,98736
2024-06-21,email,47.68,955,8372
2024-06-21,referral,0.0,0,0
2024-06-22,organic,0.0,0,0
2024-06-22,paid_search,4675.69,2416,37328
2024-06-22,paid_social,3189.49,2349,97848
2024-06-22,email,37.01,765,7371
2024-06-22,referral,0.0,0,0
2024-06-23,organic,0.0,0,0
2024-06-23,paid_search,5311.01,2968,47903
2024-06-23,paid_social,3526.78,2374,92978
2024-06-23,email,36.51,717,6848
2024-06-23,referral,0.0,0,0
2024-06-24,organic,0.0,0,0
2024-06-24,paid_search,4414.96,2379,45604
2024-06-24,paid_social,3842.08,2931,125379
2024-06-24,email,46.63,972,8335
2024-06-24,referral,0.0,0,0
2024-06-25,organic,0.0,0,0
2024-06-25,paid_search,5357.6,3022,55411
2024-06-25,paid_social,3942.32,2620,101987
2024-06-25,email,38.93,818,7306
2024-06-25,referral,0.0,0,0
2024-06-26,organic,0.0,0,0
2024-06-26,paid_search,5277.45,2927,45038
2024-06-26,paid_social,3633.88,2730,112173
2024-06-26,email,43.29,828,7272
2024-06-26,referral,0.0,0,0
2024-06-27,organic,0.0,0,0
2024-06-27,paid_search,5568.6,3042,42988
2024-06-27,paid_social,3912.31,2597,109226
2024-06-27,email,38.34,799,7792
2024-06-27,referral,0.0,0,0
2024-06-28,organic,0.0,0,0
2024-06-28,paid_search,6278.7,3201,48595
2024-06-28,paid_social,3270.74,2441,113846
2024-06-28,email,42.53,810,7457
2024-06-28,referral,0.0,0,0
2024-06-29,organic,0.0,0,0
2024-06-29,paid_search,5084.78,2771,45866
2024-06-29,paid_social,2922.8,1940,77156
2024-06-29,email,36.62,798,7444
2024-06-29,referral,0.0,0,0
2024-06-30,organic,0.0,0,0
2024-06-30,paid_search,5497.79,3155,52042
2024-06-30,paid_social,3333.57,2494,108029
2024-06-30,email,37.9,740,7017
2024-06-30,referral,0.0,0,0
2024-07-01,organic,0.0,0,0
2024-07-01,paid_search,5715.92,3021,45592
2024-07-01,paid_social,3677.37,2626,112621
2024-07-01,email,50.09,978,8493
2024-07-01,referral,0.0,0,0
2024-07-02,organic,0.0,0,0
2024-07-02,paid_search,4511.13,2519,41730
2024-07-02,paid_social,4064.65,2773,119189
2024-07-02,email,37.72,766,7049
2024-07-02,referral,0.0,0,0
2024-07-03,organic,0.0,0,0
2024-07-03,paid_search,5442.23,3022,49758
2024-07-03,paid_social,3151.06,2522,110915
2024-07-03,email,42.9,885,8030
2024-07-03,referral,0.0,0,0
2024-07-04,organic,0.0,0,0
2024-07-04,paid_search,5315.25,2841,43662
2024-07-04,paid_social,3151.18,2365,104927
2024-07-04,email,40.37,817,7004
2024-07-04,referral,0.0,0,0
2024-07-05,organic,0.0,0,0
2024-07-05,paid_search,5528.44,3013,49764
2024-07-05,paid_social,3556.18,2693,112121
2024-07-05,email,48.66,940,8314
2024-07-05,referral,0.0,0,0
2024-07-06,organic,0.0,0,0
2024-07-06,paid_search,5220.09,2652,40680
2024-07-06,paid_social,3161.79,2177,96172
2024-07-06,email,40.11,744,6828
2024-07-06,referral,0.0,0,0
2024-07-07,organic,0.0,0,0
2024-07-07,paid_search,3904.96,2073,33915
2024-07-07,paid_social,3103.35,2081,81505
2024-07-07,email,43.54,804,7031
2024-07-07,referral,0.0,0,0
2024-07-08,organic,0.0,0,0
2024-07-08,paid_search,5976.15,3233,56817
2024-07-08,paid_social,3900.19,2576,107113
2024-07-08,email,53.15,1071,9474
2024-07-08,referral,0.0,0,0
2024-07-09,organic,0.0,0,0
2024-07-09,paid_search,5724.15,2900,45217
2024-07-09,paid_social,3676.56,2473,97919
2024-07-09,email,44.96,950,8822
2024-07-09,referral,0.0,0,0
2024-07-10,organic,0.0,0,0
2024-07-10,paid_search,6235.45,3603,57395
2024-07-10,paid_social,4081.25,2975,123964
2024-07-10,email,44.64,895,8224
2024-07-10,referral,0.0,0,0
2024-07-11,organic,0.0,0,0
2024-07-11,paid_search,6640.06,3422,57304
2024-07-11,paid_social,4006.3,2777,122413
2024-07-11,email,43.53,859,8288
2024-07-11,referral,0.0,0,0
2024-07-12,organic,0.0,0,0
2024-07-12,paid_search,6636.9,3404,51871
2024-07-12,paid_social,3533.64,2381,102649
2024-07-12,email,40.52,804,8159
2024-07-12,referral,0.0,0,0
2024-07-13,organic,0.0,0,0
2024-07-13,paid_search,6371.38,3318,55560
2024-07-13,paid_social,3337.49,2300,92891
2024-07-13,email,36.77,774,6657
2024-07-13,referral,0.0,0,0
2024-07-14,organic,0.0,0,0
2024-07-14,paid_search,3687.45,2276,37051
2024-07-14,paid_social,3149.05,2445,101902
2024-07-14,email,33.66,664,6100
2024-07-14,referral,0.0,0,0
2024-07-15,organic,0.0,0,0
2024-07-15,paid_search,5607.47,3154,46758
2024-07-15,paid_social,3010.64,2421,99135
2024-07-15,email,47.73,984,8450
2024-07-15,referral,0.0,0,0
2024-07-16,organic,0.0,0,0
2024-07-16,paid_search,6238.31,3296,49596
2024-07-16,paid_social,3815.73,2771,118132
2024-07-16,email,38.63,816,7259
2024-07-16,referral,0.0,0,0
2024-07-17,organic,0.0,0,0
2024-07-17,paid_search,5668.7,2942,47687
2024-07-17,paid_social,4006.35,2925,125446
2024-07-17,email,47.34,919,7994
2024-07-17,referral,0.0,0,0
2024-07-18,organic,0.0,0,0
2024-07-18,paid_search,5929.33,3032,45927
2024-07-18,paid_social,4323.57,3026,122526
2024-07-18,email,36.79,733,6901
2024-07-18,referral,0.0,0,0
2024-07-19,organic,0.0,0,0
2024-07-19,paid_search,6885.74,3749,57556
2024-07-19,paid_social,3110.16,2184,91728
2024-07-19,email,38.81,822,7847
2024-07-19,referral,0.0,0,0
2024-07-20,organic,0.0,0,0
2024-07-20,paid_search,4576.78,2242,35622
2024-07-20,paid_social,3254.03,2339,102434
2024-07-20,email,33.4,724,6414
2024-07-20,referral,0.0,0,0
2024-07-21,organic,0.0,0,0
2024-07-21,paid_search,4512.25,2570,45884
2024-07-21,paid_social,3291.64,2273,93031
2024-07-21,email,36.4,792,7087
2024-07-21,referral,0.0,0,0
2024-07-22,organic,0.0,0,0
2024-07-22,paid_search,5428.13,3069,46062
2024-07-22,paid_social,2951.39,2137,94925
2024-07-22,email,48.49,923,7804
2024-07-22,referral,0.0,0,0
2024-07-23,organic,0.0,0,0
2024-07-23,paid_search,5664.48,3169,49007
2024-07-23,paid_social,3607.03,2507,108077
2024-07-23,email,37.76,813,6806
2024-07-23,referral,0.0,0,0
2024-07-24,organic,0.0,0,0
2024-07-24,paid_search,6079.67,3235,51059
2024-07-24,paid_social,3846.15,2896,114773
2024-07-24,email,47.0,956,9264
2024-07-24,referral,0.0,0,0
2024-07-25,organic,0.0,0,0
2024-07-25,paid_search,6715.46,3585,56767
2024-07-25,paid_social,3341.83,2580,113976
2024-07-25,email,53.15,1042,9146
2024-07-25,referral,0.0,0,0
2024-07-26,organic,0.0,0,0
2024-07-26,paid_search,5527.54,3044,50934
2024-07-26,paid_social,3737.79,2697,119874
2024-07-26,email,52.79,1035,10241
2024-07-26,referral,0.0,0,0
2024-07-27,organic,0.0,0,0
2024-07-27,paid_search,5230.29,2724,45180
2024-07-27,paid_social,2383.02,1695,71122
2024-07-27,email,37.48,747,6521
2024-07-27,referral,0.0,0,0
2024-07-28,organic,0.0,0,0
2024-07-28,paid_search,4122.56,2306,37489
2024-07-28,paid_social,2767.99,1863,82794
2024-07-28,email,37.54,748,7420
2024-07-28,referral,0.0,0,0
2024-07-29,organic,0.0,0,0
2024-07-29,paid_search,5302.14,3080,54088
2024-07-29,paid_social,3686.17,2639,108059
2024-07-29,email,41.45,784,7247
2024-07-29,referral,0.0,0,0
2024-07-30,organic,0.0,0,0
2024-07-30,paid_search,4751.96,2813,45948
2024-07-30,paid_social,4236.78,3178,130770
2024-07-30,email,41.34,868,7855
2024-07-30,referral,0.0,0,0
2024-07-31,organic,0.0,0,0
2024-07-31,paid_search,4696.78,2505,41106
2024-07-31,paid_social,3932.8,2830,112417
2024-07-31,email,51.01,999,9430
2024-07-31,referral,0.0,0,0
2024-08-01,organic,0.0,0,0
2024-08-01,paid_search,4538.18,2577,39480
2024-08-01,paid_social,4252.91,3013,123951
2024-08-01,email,44.72,911,8375
2024-08-01,referral,0.0,0,0
2024-08-02,organic,0.0,0,0
2024-08-02,paid_search,5113.44,2598,43625
2024-08-02,paid_social,3702.01,2702,105379
2024-08-02,email,39.22,841,7593
2024-08-02,referral,0.0,0,0
2024-08-03,organic,0.0,0,0
2024-08-03,paid_search,5202.02,2656,45521
2024-08-03,paid_social,3169.24,2407,105066
2024-08-03,email,32.17,660,5911
2024-08-03,referral,0.0,0,0
2024-08-04,organic,0.0,0,0
2024-08-04,paid_search,5010.19,2915,46213
2024-08-04,paid_social,2724.43,2020,78786
2024-08-04,email,33.5,684,5911
2024-08-04,referral,0.0,0,0
2024-08-05,organic,0.0,0,0
2024-08-05,paid_search,7062.53,3484,53279
2024-08-05,paid_social,3413.4,2428,105797
2024-08-05,email,49.56,980,8699
2024-08-05,referral,0.0,0,0
2024-08-06,organic,0.0,0,0
2024-08-06,paid_search,5087.16,2691,43019
2024-08-06,paid_social,4063.08,2621,108384
2024-08-06,email,41.1,874,7707
2024-08-06,referral,0.0,0,0
2024-08-07,organic,0.0,0,0
2024-08-07,paid_search,4491.72,2551,42633
2024-08-07,paid_social,3452.35,2594,105975
2024-08-07,email,48.01,1035,9568
2024-08-07,referral,0.0,0,0
2024-08-08,organic,0.0,0,0
2024-08-08,paid_search,5290.67,3084,50116
2024-08-08,paid_social,3639.45,2710,114542
2024-08-08,email,46.08,856,7079
2024-08-08,referral,0.0,0,0
2024-08-09,organic,0.0,0,0
2024-08-09,paid_search,5265.84,3068,48365
2024-08-09,paid_social,3218.25,2556,110891
2024-08-09,email,43.89,872,7859
2024-08-09,referral,0.0,0,0
2024-08-10,organic,0.0,0,0
2024-08-10,paid_search,4036.23,2286,34951
2024-08-10,paid_social,2747.89,1936,77193
2024-08-10,email,29.99,678,6541
2024-08-10,referral,0.0,0,0
2024-08-11,organic,0.0,0,0
2024-08-11,paid_search,5542.91,2813,47996
2024-08-11,paid_social,3642.51,2705,110975
2024-08-11,email,39.63,820,8393
2024-08-11,referral,0.0,0,0
2024-08-12,organic,0.0,0,0
2024-08-12,paid_search,7046.25,3671,59565
2024-08-12,paid_social,3721.11,2747,112273
2024-08-12,email,35.48,805,7913
2024-08-12,referral,0.0,0,0
2024-08-13,organic,0.0,0,0
2024-08-13,paid_search,6510.44,3481,55194
2024-08-13,paid_social,3740.77,2665,111260
2024-08-13,email,46.83,869,7316
2024-08-13,referral,0.0,0,0
2024-08-14,organic,0.0,0,0
2024-08-14,paid_search,5708.38,3077,48155
2024-08-14,paid_social,4287.63,3072,126547
2024-08-14,email,44.8,882,7733
2024-08-14,referral,0.0,0,0
2024-08-15,organic,0.0,0,0
2024-08-15,paid_search,5357.7,2802,44271
2024-08-15,paid_social,3926.24,2827,118395
2024-08-15,email,38.98,803,7224
2024-08-15,referral,0.0,0,0
2024-08-16,organic,0.0,0,0
2024-08-16,paid_search,5820.89,3101,45590
2024-08-16,paid_social,3061.26,2438,107678
2024-08-16,email,41.29,770,7131
2024-08-16,referral,0.0,0,0
2024-08-17,organic,0.0,0,0
2024-08-17,paid_search,4932.49,2582,40559
2024-08-17,paid_social,4361.72,2889,118838
2024-08-17,email,43.36,885,7612
2024-08-17,referral,0.0,0,0
2024-08-18,organic,0.0,0,0
2024-08-18,paid_search,4513.91,2568,40030
2024-08-18,paid_social,3365.15,2349,93266
2024-08-18,email,43.36,871,7440
2024-08-18,referral,0.0,0,0
2024-08-19,organic,0.0,0,0
2024-08-19,paid_search,6445.42,3287,49851
2024-08-19,paid_social,4398.07,3153,136294
2024-08-19,email,44.68,886,8653
2024-08-19,referral,0.0,0,0
2024-08-20,organic,0.0,0,0
2024-08-20,paid_search,6764.53,3444,54869
2024-08-20,paid_social,4250.12,3060,122382
2024-08-20,email,36.8,821,7324
2024-08-20,referral,0.0,0,0
2024-08-21,organic,0.0,0,0
2024-08-21,paid_search,5985.44,3134,46981
2024-08-21,paid_social,3186.87,2323,101290
2024-08-21,email,47.63,941,8592
2024-08-21,referral,0.0,0,0
2024-08-22,organic,0.0,0,0
2024-08-22,paid_search,5148.95,2845,43292
2024-08-22,paid_social,3524.7,2586,102559
2024-08-22,email,45.13,897,8533
2024-08-22,referral,0.0,0,0
2024-08-23,organic,0.0,0,0
2024-08-23,paid_search,6158.32,3159,54936
2024-08-23,paid_social,4433.51,3154,118837
2024-08-23,email,51.12,1004,9078
2024-08-23,referral,0.0,0,0
2024-08-24,organic,0.0,0,0
2024-08-24,paid_search,4902.29,2532,40636
2024-08-24,paid_social,3962.24,2728,112853
2024-08-24,email,38.34,741,6482
2024-08-24,referral,0.0,0,0
2024-08-25,organic,0.0,0,0
2024-08-25,paid_search,5223.83,2757,38272
2024-08-25,paid_social,3348.37,2336,99797
2024-08-25,email,36.68,706,6507
2024-08-25,referral,0.0,0,0
2024-08-26,organic,0.0,0,0
2024-08-26,paid_search,6290.08,3179,52882
2024-08-26,paid_social,3950.16,2903,131582
2024-08-26,email,48.19,937,8501
2024-08-26,referral,0.0,0,0
2024-08-27,organic,0.0,0,0
2024-08-27,paid_search,6047.29,3214,49798
2024-08-27,paid_social,3886.86,3022,133445
2024-08-27,email,42.95,884,7975
2024-08-27,referral,0.0,0,0
2024-08-28,organic,0.0,0,0
2024-08-28,paid_search,5172.05,2823,46362
2024-08-28,paid_social,4691.58,3327,143903
2024-08-28,email,48.67,962,9183
2024-08-28,referral,0.0,0,0
2024-08-29,organic,0.0,0,0
2024-08-29,paid_search,5706.86,2989,52706
2024-08-29,paid_social,3724.65,2490,104258
2024-08-29,email,45.05,930,8531
2024-08-29,referral,0.0,0,0
2024-08-30,organic,0.0,0,0
2024-08-30,paid_search,5973.69,2933,45352
2024-08-30,paid_social,3535.41,2527,110130
2024-08-30,email,46.55,886,7347
2024-08-30,referral,0.0,0,0
2024-08-31,organic,0.0,0,0
2024-08-31,paid_search,4762.93,2824,43220
2024-08-31,paid_social,3151.3,2143,93398
2024-08-31,email,38.43,741,6625
2024-08-31,referral,0.0,0,0
2024-09-01,organic,0.0,0,0
2024-09-01,paid_search,5313.26,2885,48269
2024-09-01,paid_social,2564.03,1940,75484
2024-09-01,email,35.63,701,6484
2024-09-01,referral,0.0,0,0
2024-09-02,organic,0.0,0,0
2024-09-02,paid_search,5962.15,3134,50002
2024-09-02,paid_social,3565.15,2660,114820
2024-09-02,email,41.44,878,8209
2024-09-02,referral,0.0,0,0
2024-09-03,organic,0.0,0,0
2024-09-03,paid_search,6547.92,3396,53336
2024-09-03,paid_social,3493.95,2386,99601
2024-09-03,email,45.95,913,7942
2024-09-03,referral,0.0,0,0
2024-09-04,organic,0.0,0,0
2024-09-04,paid_search,6350.16,3407,54628
2024-09-04,paid_social,2996.88,2272,89207
2024-09-04,email,59.32,1100,9830
2024-09-04,referral,0.0,0,0
2024-09-05,organic,0.0,0,0
2024-09-05,paid_search,5897.2,3019,53231
2024-09-05,paid_social,3534.05,2713,111535
2024-09-05,email,38.73,736,6608
2024-09-05,referral,0.0,0,0
2024-09-06,organic,0.0,0,0
2024-09-06,paid_search,5020.27,2723,43973
2024-09-06,paid_social,3904.5,2697,114381
2024-09-06,email,49.7,927,8716
2024-09-06,referral,0.0,0,0
2024-09-07,organic,0.0,0,0
2024-09-07,paid_search,4408.27,2320,38228
2024-09-07,paid_social,2991.45,2104,87614
2024-09-07,email,39.67,785,6975
2024-09-07,referral,0.0,0,0
2024-09-08,organic,0.0,0,0
2024-09-08,paid_search,4558.32,2524,40232
2024-09-08,paid_social,3309.97,2157,95913
2024-09-08,email,41.39,900,8185
2024-09-08,referral,0.0,0,0
2024-09-09,organic,0.0,0,0
2024-09-09,paid_search,4977.12,2969,50445
2024-09-09,paid_social,4184.91,2884,118878
2024-09-09,email,53.16,975,8838
2024-09-09,referral,0.0,0,0
2024-09-10,organic,0.0,0,0
2024-09-10,paid_search,4576.88,2532,43703
2024-09-10,paid_social,4472.96,2829,126214
2024-09-10,email,49.33,1014,9647
2024-09-10,referral,0.0,0,0
2024-09-11,organic,0.0,0,0
2024-09-11,paid_search,6870.5,3588,60262
2024-09-11,paid_social,4162.0,3071,130102
2024-09-11,email,41.51,799,7187
2024-09-11,referral,0.0,0,0
2024-09-12,organic,0.0,0,0
2024-09-12,paid_search,6439.35,3623,56102
2024-09-12,paid_social,4236.2,2865,111442
2024-09-12,email,48.66,947,8811
2024-09-12,referral,0.0,0,0
2024-09-13,organic,0.0,0,0
2024-09-13,paid_search,5311.24,2792,43259
2024-09-13,paid_social,4513.76,3128,133985
2024-09-13,email,39.24,821,7419
2024-09-13,referral,0.0,0,0
2024-09-14,organic,0.0,0,0
2024-09-14,paid_search,5858.06,2963,46569
2024-09-14,paid_social,2935.38,2109,83474
2024-09-14,email,34.0,682,6142
2024-09-14,referral,0.0,0,0
2024-09-15,organic,0.0,0,0
2024-09-15,paid_search,5028.77,2814,50485
2024-09-15,paid_social,3387.74,2355,94434
2024-09-15,email,49.39,927,8495
2024-09-15,referral,0.0,0,0
2024-09-16,organic,0.0,0,0
2024-09-16,paid_search,6048.96,3084,51230
2024-09-16,paid_social,3614.17,2498,96912
2024-09-16,email,47.54,946,8357
2024-09-16,referral,0.0,0,0
2024-09-17,organic,0.0,0,0
2024-09-17,paid_search,5558.07,2975,48870
2024-09-17,paid_social,3504.63,2369,109145
2024-09-17,email,54.43,995,9702
2024-09-17,referral,0.0,0,0
2024-09-18,organic,0.0,0,0
2024-09-18,paid_search,6815.12,3688,61619
2024-09-18,paid_social,3090.9,2282,94643
2024-09-18,email,44.81,933,8290
2024-09-18,referral,0.0,0,0
2024-09-19,organic,0.0,0,0
2024-09-19,paid_search,5190.51,2832,49766
2024-09-19,paid_social,3708.44,2696,124324
2024-09-19,email,39.2,817,7050
2024-09-19,referral,0.0,0,0
2024-09-20,organic,0.0,0,0
2024-09-20,paid_search,7013.55,3824,61951
2024-09-20,paid_social,4505.62,2895,125025
2024-09-20,email,45.63,955,9222
2024-09-20,referral,0.0,0,0
2024-09-21,organic,0.0,0,0
2024-09-21,paid_search,5103.97,2815,44566
2024-09-21,paid_social,3376.46,2348,103557
2024-09-21,email,38.16,769,6936
2024-09-21,referral,0.0,0,0
2024-09-22,organic,0.0,0,0
2024-09-22,paid_search,4095.1,2321,37213
2024-09-22,paid_social,2948.79,2128,84949
2024-09-22,email,38.9,760,6882
2024-09-22,referral,0.0,0,0
2024-09-23,organic,0.0,0,0
2024-09-23,paid_search,5701.41,2915,48164
2024-09-23,paid_social,3446.0,2674,107318
2024-09-23,email,44.87,841,7817
2024-09-23,referral,0.0,0,0
2024-09-24,organic,0.0,0,0
2024-09-24,paid_search,4881.43,2906,44561
2024-09-24,paid_social,3844.95,2759,127451
2024-09-24,email,53.67,1030,10236
2024-09-24,referral,0.0,0,0
2024-09-25,organic,0.0,0,0
2024-09-25,paid_search,5849.37,3355,57057
2024-09-25,paid_social,3678.93,2559,105536
2024-09-25,email,43.88,833,7621
2024-09-25,referral,0.0,0,0
2024-09-26,organic,0.0,0,0
2024-09-26,paid_search,6384.4,3351,53693
2024-09-26,paid_social,3583.96,2606,103013
2024-09-26,email,41.41,848,7415
2024-09-26,referral,0.0,0,0
2024-09-27,organic,0.0,0,0
2024-09-27,paid_search,5534.24,2968,50269
2024-09-27,paid_social,3405.31,2438,104699
2024-09-27,email,42.0,835,8260
2024-09-27,referral,0.0,0,0
2024-09-28,organic,0.0,0,0
2024-09-28,paid_search,5758.02,2835,45919
2024-09-28,paid_social,3253.6,2366,98327
2024-09-28,email,37.61,798,7151
2024-09-28,referral,0.0,0,0
2024-09-29,organic,0.0,0,0
2024-09-29,paid_search,4027.44,2450,40161
2024-09-29,paid_social,3195.46,2501,103651
2024-09-29,email,40.5,757,7293
2024-09-29,referral,0.0,0,0
2024-09-30,organic,0.0,0,0
2024-09-30,paid_search,7045.59,3340,57456
2024-09-30,paid_social,4398.21,2990,121194
2024-09-30,email,41.14,793,7261
2024-09-30,referral,0.0,0,0
2024-10-01,organic,0.0,0,0
2024-10-01,paid_search,5095.07,2989,47499
2024-10-01,paid_social,3559.93,2723,112019
2024-10-01,email,45.86,887,8324
2024-10-01,referral,0.0,0,0
2024-10-02,organic,0.0,0,0
2024-10-02,paid_search,5812.16,3108,52723
2024-10-02,paid_social,3280.34,2423,92573
2024-10-02,email,50.3,987,8619
2024-10-02,referral,0.0,0,0
2024-10-03,organic,0.0,0,0
2024-10-03,paid_search,5220.86,2838,45551
2024-10-03,paid_social,3269.08,2491,110685
2024-10-03,email,40.66,838,7520
2024-10-03,referral,0.0,0,0
2024-10-04,organic,0.0,0,0
2024-10-04,paid_search,5691.06,3249,53111
2024-10-04,paid_social,3972.76,2726,111991
2024-10-04,email,47.1,940,9735
2024-10-04,referral,0.0,0,0
2024-10-05,organic,0.0,0,0
2024-10-05,paid_search,4613.04,2520,38275
2024-10-05,paid_social,3267.72,2394,99226
2024-10-05,email,41.78,869,8683
2024-10-05,referral,0.0,0,0
2024-10-06,organic,0.0,0,0
2024-10-06,paid_search,4893.02,2650,42019
2024-10-06,paid_social,3574.82,2555,107973
2024-10-06,email,32.92,714,6630
2024-10-06,referral,0.0,0,0
2024-10-07,organic,0.0,0,0
2024-10-07,paid_search,6330.72,3495,56007
2024-10-07,paid_social,3333.55,2564,102265
2024-10-07,email,43.11,858,8377
2024-10-07,referral,0.0,0,0
2024-10-08,organic,0.0,0,0
2024-10-08,paid_search,6697.81,3355,62077
2024-10-08,paid_social,3916.74,2689,121403
2024-10-08,email,47.04,894,8202
2024-10-08,referral,0.0,0,0
2024-10-09,organic,0.0,0,0
2024-10-09,paid_search,6084.4,3211,51235
2024-10-09,paid_social,3837.86,2711,123981
2024-10-09,email,48.14,918,9134
2024-10-09,referral,0.0,0,0
2024-10-10,organic,0.0,0,0
2024-10-10,paid_search,5820.45,3288,53305
2024-10-10,paid_social,3790.99,2724,112606
2024-10-10,email,33.46,678,6031
2024-10-10,referral,0.0,0,0
2024-10-11,organic,0.0,0,0
2024-10-11,paid_search,5465.11,3022,48015
2024-10-11,paid_social,3556.61,2341,98930
2024-10-11,email,41.85,838,8081
2024-10-11,referral,0.0,0,0
2024-10-12,organic,0.0,0,0
2024-10-12,paid_search,4329.87,2256,37110
2024-10-12,paid_social,3481.58,2503,100165
2024-10-12,email,38.25,755,7197
2024-10-12,referral,0.0,0,0
2024-10-13,organic,0.0,0,0
2024-10-13,paid_search,5294.79,2646,42534
2024-10-13,paid_social,3228.93,2166,90638
2024-10-13,email,34.96,669,5837
2024-10-13,referral,0.0,0,0
2024-10-14,organic,0.0,0,0
2024-10-14,paid_search,4731.65,2635,42375
2024-10-14,paid_social,4615.84,3156,131428
2024-10-14,email,44.87,940,9148
2024-10-14,referral,0.0,0,0
2024-10-15,organic,0.0,0,0
2024-10-15,paid_search,7316.99,3836,57658
2024-10-15,paid_social,3197.1,2401,99363
2024-10-15,email,44.62,827,7702
2024-10-15,referral,0.0,0,0
2024-10-16,organic,0.0,0,0
2024-10-16,paid_search,6007.79,2962,46276
2024-10-16,paid_social,3804.43,2649,104885
2024-10-16,email,48.01,925,8585
2024-10-16,referral,0.0,0,0
2024-10-17,organic,0.0,0,0
2024-10-17,paid_search,5571.8,2966,47536
2024-10-17,paid_social,3737.22,2498,104723
2024-10-17,email,43.8,916,8795
2024-10-17,referral,0.0,0,0
2024-10-18,organic,0.0,0,0
2024-10-18,paid_search,6195.83,3542,54726
2024-10-18,paid_social,4202.61,3046,122325
2024-10-18,email,54.47,1021,9407
2024-10-18,referral,0.0,0,0
2024-10-19,organic,0.0,0,0
2024-10-19,paid_search,5479.19,3193,57095
2024-10-19,paid_social,3264.41,2311,93090
2024-10-19,email,33.6,705,6530
2024-10-19,referral,0.0,0,0
2024-10-20,organic,0.0,0,0
2024-10-20,paid_search,5160.42,2819,50030
2024-10-20,paid_social,2956.15,2301,105689
2024-10-20,email,46.22,900,8017
2024-10-20,referral,0.0,0,0
2024-10-21,organic,0.0,0,0
2024-10-21,paid_search,6109.81,3320,50447
2024-10-21,paid_social,3410.06,2523,95237
2024-10-21,email,43.72,871,7661
2024-10-21,referral,0.0,0,0
2024-10-22,organic,0.0,0,0
2024-10-22,paid_search,5360.73,2729,44056
2024-10-22,paid_social,4108.05,2729,115631
2024-10-22,email,45.27,972,9027
2024-10-22,referral,0.0,0,0
2024-10-23,organic,0.0,0,0
2024-10-23,paid_search,4959.46,2487,39402
2024-10-23,paid_social,4188.34,2920,126082
2024-10-23,email,54.63,1062,9737
2024-10-23,referral,0.0,0,0
2024-10-24,organic,0.0,0,0
2024-10-24,paid_search,5592.09,2908,46358
2024-10-24,paid_social,3635.76,2851,118260
2024-10-24,email,39.5,813,7478
2024-10-24,referral,0.0,0,0
2024-10-25,organic,0.0,0,0
2024-10-25,paid_search,5369.74,2912,44380
2024-10-25,paid_social,3219.05,2418,99529
2024-10-25,email,44.52,867,8054
2024-10-25,referral,0.0,0,0
2024-10-26,organic,0.0,0,0
2024-10-26,paid_search,5281.75,2782,46620
2024-10-26,paid_social,3779.6,2674,122790
2024-10-26,email,37.92,785,7651
2024-10-26,referral,0.0,0,0
2024-10-27,organic,0.0,0,0
2024-10-27,paid_search,5658.66,2787,45384
2024-10-27,paid_social,2756.92,2011,81601
2024-10-27,email,41.25,786,7372
2024-10-27,referral,0.0,0,0
2024-10-28,organic,0.0,0,0
2024-10-28,paid_search,5666.59,2990,49699
2024-10-28,paid_social,3251.29,2483,109729
2024-10-28,email,46.43,901,9452
2024-10-28,referral,0.0,0,0
2024-10-29,organic,0.0,0,0
2024-10-29,paid_search,6191.72,3308,52174
2024-10-29,paid_social,3875.63,2745,108352
2024-10-29,email,41.45,818,7715
2024-10-29,referral,0.0,0,0
2024-10-30,organic,0.0,0,0
2024-10-30,paid_search,6860.42,3465,55285
2024-10-30,paid_social,3700.03,2946,112674
2024-10-30,email,40.22,796,6939
2024-10-30,referral,0.0,0,0
2024-10-31,organic,0.0,0,0
2024-10-31,paid_search,6618.41,3535,54566
2024-10-31,paid_social,3328.88,2531,104623
2024-10-31,email,44.36,787,7138
2024-10-31,referral,0.0,0,0
2024-11-01,organic,0.0,0,0
2024-11-01,paid_search,6273.79,3418,57744
2024-11-01,paid_social,4819.72,3316,132453
2024-11-01,email,59.14,1158,10360
2024-11-01,referral,0.0,0,0
2024-11-02,organic,0.0,0,0
2024-11-02,paid_search,5533.39,2965,46759
2024-11-02,paid_social,3227.03,2567,112516
2024-11-02,email,49.91,948,9083
2024-11-02,referral,0.0,0,0
2024-11-03,organic,0.0,0,0
2024-11-03,paid_search,5337.44,2814,45103
2024-11-03,paid_social,3809.72,2615,112555
2024-11-03,email,48.41,988,9395
2024-11-03,referral,0.0,0,0
2024-11-04,organic,0.0,0,0
2024-11-04,paid_search,7526.19,3933,68507
2024-11-04,paid_social,4157.2,2955,112199
2024-11-04,email,57.77,1114,10145
2024-11-04,referral,0.0,0,0
2024-11-05,organic,0.0,0,0
2024-11-05,paid_search,5817.92,3153,55925
2024-11-05,paid_social,4492.07,3296,147312
2024-11-05,email,53.59,1051,9298
2024-11-05,referral,0.0,0,0
2024-11-06,organic,0.0,0,0
2024-11-06,paid_search,6158.49,3218,56793
2024-11-06,paid_social,5400.3,3646,145620
2024-11-06,email,65.1,1267,11810
2024-11-06,referral,0.0,0,0
2024-11-07,organic,0.0,0,0
2024-11-07,paid_search,6089.6,3409,57045
2024-11-07,paid_social,4565.51,3068,127545
2024-11-07,email,46.32,915,7780
2024-11-07,referral,0.0,0,0
2024-11-08,organic,0.0,0,0
2024-11-08,paid_search,6687.9,3720,57046
2024-11-08,paid_social,5155.77,3803,169135
2024-11-08,email,47.68,879,7665
2024-11-08,referral,0.0,0,0
2024-11-09,organic,0.0,0,0
2024-11-09,paid_search,6369.68,3413,55849
2024-11-09,paid_social,4272.52,3132,135138
2024-11-09,email,41.18,787,7561
2024-11-09,referral,0.0,0,0
2024-11-10,organic,0.0,0,0
2024-11-10,paid_search,6059.43,3072,46665
2024-11-10,paid_social,4036.05,2879,122248
2024-11-10,email,55.79,1086,9650
2024-11-10,referral,0.0,0,0
2024-11-11,organic,0.0,0,0
2024-11-11,paid_search,5924.7,3297,54620
2024-11-11,paid_social,4608.65,3345,143695
2024-11-11,email,53.16,1037,9580
2024-11-11,referral,0.0,0,0
2024-11-12,organic,0.0,0,0
2024-11-12,paid_search,6182.7,3448,55558
2024-11-12,paid_social,4593.69,3390,131688
2024-11-12,email,61.68,1201,11228
2024-11-12,referral,0.0,0,0
2024-11-13,organic,0.0,0,0
2024-11-13,paid_search,6965.64,3959,66398
2024-11-13,paid_social,4446.12,2941,114398
2024-11-13,email,48.25,1018,8803
2024-11-13,referral,0.0,0,0
2024-11-14,organic,0.0,0,0
2024-11-14,paid_search,6445.91,3459,56570
2024-11-14,paid_social,4464.13,3408,149342
2024-11-14,email,56.25,1076,9822
2024-11-14,referral,0.0,0,0
2024-11-15,organic,0.0,0,0
2024-11-15,paid_search,6520.55,3438,55769
2024-11-15,paid_social,4482.55,3307,150949
2024-11-15,email,49.07,1051,10513
2024-11-15,referral,0.0,0,0
2024-11-16,organic,0.0,0,0
2024-11-16,paid_search,5782.96,3289,51218
2024-11-16,paid_social,3617.93,2712,106649
2024-11-16,email,44.93,956,8335
2024-11-16,referral,0.0,0,0
2024-11-17,organic,0.0,0,0
2024-11-17,paid_search,6036.37,3281,58208
2024-11-17,paid_social,3689.44,2759,113124
2024-11-17,email,49.7,957,8190
2024-11-17,referral,0.0,0,0
2024-11-18,organic,0.0,0,0
2024-11-18,paid_search,6789.45,3766,57080
2024-11-18,paid_social,4332.89,3169,125768
2024-11-18,email,56.79,1178,10314
2024-11-18,referral,0.0,0,0
2024-11-19,organic,0.0,0,0
2024-11-19,paid_search,6894.55,3852,64569
2024-11-19,paid_social,4119.6,3137,124847
2024-11-19,email,50.62,1013,8814
2024-11-19,referral,0.0,0,0
2024-11-20,organic,0.0,0,0
2024-11-20,paid_search,5507.84,2909,50272
2024-11-20,paid_social,3619.24,2815,117824
2024-11-20,email,54.99,1071,10132
2024-11-20,referral,0.0,0,0
2024-11-21,organic,0.0,0,0
2024-11-21,paid_search,5195.99,3031,49001
2024-11-21,paid_social,4726.4,3078,137954
2024-11-21,email,37.0,873,7213
2024-11-21,referral,0.0,0,0
2024-11-22,organic,0.0,0,0
2024-11-22,paid_search,7806.06,4159,74192
2024-11-22,paid_social,4686.72,3324,160720
2024-11-22,email,49.6,1010,9041
2024-11-22,referral,0.0,0,0
2024-11-23,organic,0.0,0,0
2024-11-23,paid_search,5629.23,3142,54180
2024-11-23,paid_social,3650.79,2926,121603
2024-11-23,email,47.9,941,8044
2024-11-23,referral,0.0,0,0
2024-11-24,organic,0.0,0,0
2024-11-24,paid_search,5977.38,3445,59888
2024-11-24,paid_social,3254.28,2628,113233
2024-11-24,email,43.84,912,8701
2024-11-24,referral,0.0,0,0
2024-11-25,organic,0.0,0,0
2024-11-25,paid_search,7489.4,3886,58594
2024-11-25,paid_social,4292.49,3127,123533
2024-11-25,email,44.28,924,8389
2024-11-25,referral,0.0,0,0
2024-11-26,organic,0.0,0,0
2024-11-26,paid_search,6431.25,3855,60489
2024-11-26,paid_social,4651.58,3319,128912
2024-11-26,email,50.33,1011,8929
2024-11-26,referral,0.0,0,0
2024-11-27,organic,0.0,0,0
2024-11-27,paid_search,5355.4,2958,45013
2024-11-27,paid_social,5236.78,3540,140323
2024-11-27,email,59.95,1119,10283
2024-11-27,referral,0.0,0,0
2024-11-28,organic,0.0,0,0
2024-11-28,paid_search,7634.51,4173,61414
2024-11-28,paid_social,4606.59,3160,137020
2024-11-28,email,39.05,953,8564
2024-11-28,referral,0.0,0,0
2024-11-29,organic,0.0,0,0
2024-11-29,paid_search,6619.95,3499,55482
2024-11-29,paid_social,4988.18,3630,140680
2024-11-29,email,56.66,1101,9932
2024-11-29,referral,0.0,0,0
2024-11-30,organic,0.0,0,0
2024-11-30,paid_search,6039.86,3393,51339
2024-11-30,paid_social,3404.75,2351,94248
2024-11-30,email,43.51,921,8027
2024-11-30,referral,0.0,0,0
2024-12-01,organic,0.0,0,0
2024-12-01,paid_search,7283.63,3872,60414
2024-12-01,paid_social,3715.54,2631,117251
2024-12-01,email,46.12,881,7919
2024-12-01,referral,0.0,0,0
2024-12-02,organic,0.0,0,0
2024-12-02,paid_search,7514.32,4131,66295
2024-12-02,paid_social,4720.95,3235,131794
2024-12-02,email,53.13,1032,9422
2024-12-02,referral,0.0,0,0
2024-12-03,organic,0.0,0,0
2024-12-03,paid_search,7802.76,4195,67206
2024-12-03,paid_social,4313.25,3319,140725
2024-12-03,email,45.58,885,9060
2024-12-03,referral,0.0,0,0
2024-12-04,organic,0.0,0,0
2024-12-04,paid_search,5947.16,3475,52385
2024-12-04,paid_social,4756.7,3539,136498
2024-12-04,email,55.36,1084,11080
2024-12-04,referral,0.0,0,0
2024-12-05,organic,0.0,0,0
2024-12-05,paid_search,7851.64,4170,65266
2024-12-05,paid_social,5004.62,3414,155350
2024-12-05,email,43.03,890,8228
2024-12-05,referral,0.0,0,0
2024-12-06,organic,0.0,0,0
2024-12-06,paid_search,6175.19,3331,49058
2024-12-06,paid_social,4361.7,3099,112920
2024-12-06,email,50.81,1017,9353
2024-12-06,referral,0.0,0,0
2024-12-07,organic,0.0,0,0
2024-12-07,paid_search,6631.48,3654,53757
2024-12-07,paid_social,3988.79,2760,121099
2024-12-07,email,50.21,997,10089
2024-12-07,referral,0.0,0,0
2024-12-08,organic,0.0,0,0
2024-12-08,paid_search,6062.74,3092,46182
2024-12-08,paid_social,3446.58,2380,99647
2024-12-08,email,38.08,837,7349
2024-12-08,referral,0.0,0,0
2024-12-09,organic,0.0,0,0
2024-12-09,paid_search,5813.66,3065,48939
2024-12-09,paid_social,3767.51,2525,105785
2024-12-09,email,51.5,1057,9441
2024-12-09,referral,0.0,0,0
2024-12-10,organic,0.0,0,0
2024-12-10,paid_search,8658.91,4503,78189
2024-12-10,paid_social,4587.54,3071,119198
2024-12-10,email,47.69,952,8814
2024-12-10,referral,0.0,0,0
2024-12-11,organic,0.0,0,0
2024-12-11,paid_search,5723.5,3445,54925
2024-12-11,paid_social,4166.38,3079,132601
2024-12-11,email,46.8,994,9208
2024-12-11,referral,0.0,0,0
2024-12-12,organic,0.0,0,0
2024-12-12,paid_search,5265.32,3043,53524
2024-12-12,paid_social,4682.06,3405,129014
2024-12-12,email,58.78,1149,11062
2024-12-12,referral,0.0,0,0
2024-12-13,organic,0.0,0,0
2024-12-13,paid_search,7424.88,3959,64976
2024-12-13,paid_social,4161.12,3219,135368
2024-12-13,email,53.4,1122,9854
2024-12-13,referral,0.0,0,0
2024-12-14,organic,0.0,0,0
2024-12-14,paid_search,5267.64,2766,43211
2024-12-14,paid_social,3031.31,2354,102876
2024-12-14,email,34.87,674,6618
2024-12-14,referral,0.0,0,0
2024-12-15,organic,0.0,0,0
2024-12-15,paid_search,5356.83,2971,51709
2024-12-15,paid_social,3938.64,2863,129533
2024-12-15,email,47.44,951,7838
2024-12-15,referral,0.0,0,0
2024-12-16,organic,0.0,0,0
2024-12-16,paid_search,6875.97,3824,59991
2024-12-16,paid_social,5489.36,3545,149085
2024-12-16,email,68.56,1268,11784
2024-12-16,referral,0.0,0,0
2024-12-17,organic,0.0,0,0
2024-12-17,paid_search,6004.28,3219,50030
2024-12-17,paid_social,4444.32,3107,129438
2024-12-17,email,52.16,1089,10128
2024-12-17,referral,0.0,0,0
2024-12-18,organic,0.0,0,0
2024-12-18,paid_search,8102.35,4202,64843
2024-12-18,paid_social,4100.84,2987,126320
2024-12-18,email,56.57,1158,10451
2024-12-18,referral,0.0,0,0
2024-12-19,organic,0.0,0,0
2024-12-19,paid_search,6981.41,3530,61842
2024-12-19,paid_social,4207.17,2972,119673
2024-12-19,email,44.98,962,8262
2024-12-19,referral,0.0,0,0
2024-12-20,organic,0.0,0,0
2024-12-20,paid_search,6984.35,3921,69194
2024-12-20,paid_social,3529.49,2441,91580
2024-12-20,email,64.14,1272,11135
2024-12-20,referral,0.0,0,0
2024-12-21,organic,0.0,0,0
2024-12-21,paid_search,6112.97,3483,57021
2024-12-21,paid_social,3157.99,2284,92560
2024-12-21,email,41.51,812,7325
2024-12-21,referral,0.0,0,0
2024-12-22,organic,0.0,0,0
2024-12-22,paid_search,6056.82,3338,52722
2024-12-22,paid_social,4425.21,3059,128059
2024-12-22,email,46.59,920,7918
2024-12-22,referral,0.0,0,0
2024-12-23,organic,0.0,0,0
2024-12-23,paid_search,7098.74,3766,59247
2024-12-23,paid_social,5020.48,3465,154993
2024-12-23,email,54.18,1030,9192
2024-12-23,referral,0.0,0,0
2024-12-24,organic,0.0,0,0
2024-12-24,paid_search,7122.29,3976,66853
2024-12-24,paid_social,4108.57,3204,145314
2024-12-24,email,64.34,1215,11532
2024-12-24,referral,0.0,0,0
2024-12-25,organic,0.0,0,0
2024-12-25,paid_search,5771.52,3338,49923
2024-12-25,paid_social,4936.72,3304,135074
2024-12-25,email,52.01,1014,8658
2024-12-25,referral,0.0,0,0
2024-12-26,organic,0.0,0,0
2024-12-26,paid_search,6162.19,3362,51852
2024-12-26,paid_social,4430.87,3066,120473
2024-12-26,email,57.25,1195,12086
2024-12-26,referral,0.0,0,0
2024-12-27,organic,0.0,0,0
2024-12-27,paid_search,5904.81,3306,48203
2024-12-27,paid_social,4653.03,3321,133132
2024-12-27,email,46.54,973,9127
2024-12-27,referral,0.0,0,0
2024-12-28,organic,0.0,0,0
2024-12-28,paid_search,6284.23,3354,55696
2024-12-28,paid_social,3988.39,2901,128042
2024-12-28,email,42.84,901,9047
2024-12-28,referral,0.0,0,0
2024-12-29,organic,0.0,0,0
2024-12-29,paid_search,6038.82,3418,55057
2024-12-29,paid_social,3175.66,2387,101232
2024-12-29,email,39.37,805,7292
2024-12-29,referral,0.0,0,0
2024-12-30,organic,0.0,0,0
2024-12-30,paid_search,6917.37,3690,60116
2024-12-30,paid_social,4028.61,2923,114466
2024-12-30,email,55.82,1143,10260
2024-12-30,referral,0.0,0,0
2024-12-31,organic,0.0,0,0
2024-12-31,paid_search,6588.34,3623,56347
2024-12-31,paid_social,4203.7,3153,134489
2024-12-31,email,52.4,1115,10623
2024-12-31,referral,0.0,0,0
2025-01-01,organic,0.0,0,0
2025-01-01,paid_search,4356.23,2446,38483
2025-01-01,paid_social,3244.9,2250,91699
2025-01-01,email,44.95,878,8404
2025-01-01,referral,0.0,0,0
2025-01-02,organic,0.0,0,0
2025-01-02,paid_search,4469.48,2648,43228
2025-01-02,paid_social,3704.75,2575,101862
2025-01-02,email,43.06,775,7047
2025-01-02,referral,0.0,0,0
2025-01-03,organic,0.0,0,0
2025-01-03,paid_search,4723.22,2691,42530
2025-01-03,paid_social,3728.84,2706,109540
2025-01-03,email,39.18,781,7985
2025-01-03,referral,0.0,0,0
2025-01-04,organic,0.0,0,0
2025-01-04,paid_search,3689.52,2015,33650
2025-01-04,paid_social,3119.7,2280,94864
2025-01-04,email,30.93,645,5583
2025-01-04,referral,0.0,0,0
2025-01-05,organic,0.0,0,0
2025-01-05,paid_search,4996.33,2597,47612
2025-01-05,paid_social,3033.33,2033,84097
2025-01-05,email,27.83,592,5574
2025-01-05,referral,0.0,0,0
2025-01-06,organic,0.0,0,0
2025-01-06,paid_search,4868.62,2764,43510
2025-01-06,paid_social,2987.77,2208,95096
2025-01-06,email,38.1,795,7379
2025-01-06,referral,0.0,0,0
2025-01-07,organic,0.0,0,0
2025-01-07,paid_search,4742.5,2765,46520
2025-01-07,paid_social,3348.63,2308,92685
2025-01-07,email,40.04,850,7793
2025-01-07,referral,0.0,0,0
2025-01-08,organic,0.0,0,0
2025-01-08,paid_search,4762.76,2608,41922
2025-01-08,paid_social,4074.02,2902,128036
2025-01-08,email,48.96,981,8906
2025-01-08,referral,0.0,0,0
2025-01-09,organic,0.0,0,0
2025-01-09,paid_search,6103.98,3205,49444
2025-01-09,paid_social,3041.26,2127,78646
2025-01-09,email,40.38,803,8003
2025-01-09,referral,0.0,0,0
2025-01-10,organic,0.0,0,0
2025-01-10,paid_search,5192.29,2901,47010
2025-01-10,paid_social,3779.46,2578,111115
2025-01-10,email,36.11,701,6229
2025-01-10,referral,0.0,0,0
2025-01-11,organic,0.0,0,0
2025-01-11,paid_search,3674.11,1985,31783
2025-01-11,paid_social,3444.5,2460,94154
2025-01-11,email,28.38,574,5013
2025-01-11,referral,0.0,0,0
2025-01-12,organic,0.0,0,0
2025-01-12,paid_search,3957.86,2290,38386
2025-01-12,paid_social,3567.68,2583,112870
2025-01-12,email,37.76,739,6514
2025-01-12,referral,0.0,0,0
2025-01-13,organic,0.0,0,0
2025-01-13,paid_search,5880.48,3148,47725
2025-01-13,paid_social,4243.61,2823,118877
2025-01-13,email,35.52,679,6005
2025-01-13,referral,0.0,0,0
2025-01-14,organic,0.0,0,0
2025-01-14,paid_search,4887.78,2947,49162
2025-01-14,paid_social,4159.38,2858,123868
2025-01-14,email,41.08,802,7421
2025-01-14,referral,0.0,0,0
2025-01-15,organic,0.0,0,0
2025-01-15,paid_search,4801.91,2604,39925
2025-01-15,paid_social,3020.05,2186,91935
2025-01-15,email,42.86,817,7311
2025-01-15,referral,0.0,0,0
2025-01-16,organic,0.0,0,0
2025-01-16,paid_search,5558.42,3067,50000
2025-01-16,paid_social,3620.29,2427,94780
2025-01-16,email,45.37,886,7973
2025-01-16,referral,0.0,0,0
2025-01-17,organic,0.0,0,0
2025-01-17,paid_search,5946.99,2959,42657
2025-01-17,paid_social,3064.42,2235,90238
2025-01-17,email,43.1,890,8159
2025-01-17,referral,0.0,0,0
2025-01-18,organic,0.0,0,0
2025-01-18,paid_search,5305.02,2643,44625
2025-01-18,paid_social,3127.93,2107,79697
2025-01-18,email,31.08,661,5835
2025-01-18,referral,0.0,0,0
2025-01-19,organic,0.0,0,0
2025-01-19,paid_search,4558.24,2398,37435
2025-01-19,paid_social,2877.68,2112,93017
2025-01-19,email,30.67,647,5667
2025-01-19,referral,0.0,0,0
2025-01-20,organic,0.0,0,0
2025-01-20,paid_search,5344.83,2803,41510
2025-01-20,paid_social,3224.62,2344,91054
2025-01-20,email,51.56,949,8561
2025-01-20,referral,0.0,0,0
2025-01-21,organic,0.0,0,0
2025-01-21,paid_search,5504.4,3223,51949
2025-01-21,paid_social,3256.57,2415,91859
2025-01-21,email,43.96,854,7716
2025-01-21,referral,0.0,0,0
2025-01-22,organic,0.0,0,0
2025-01-22,paid_search,5592.88,3005,45450
2025-01-22,paid_social,4069.86,2775,107957
2025-01-22,email,33.15,664,6230
2025-01-22,referral,0.0,0,0
2025-01-23,organic,0.0,0,0
2025-01-23,paid_search,5514.53,2907,48426
2025-01-23,paid_social,3226.37,2322,97574
2025-01-23,email,40.73,782,7153
2025-01-23,referral,0.0,0,0
2025-01-24,organic,0.0,0,0
2025-01-24,paid_search,5523.42,2788,45203
2025-01-24,paid_social,4375.75,2919,120423
2025-01-24,email,41.55,836,8203
2025-01-24,referral,0.0,0,0
2025-01-25,organic,0.0,0,0
2025-01-25,paid_search,4175.77,2580,39534
2025-01-25,paid_social,2675.55,1920,81222
2025-01-25,email,38.99,752,6921
2025-01-25,referral,0.0,0,0
2025-01-26,organic,0.0,0,0
2025-01-26,paid_search,4914.8,2708,44428
2025-01-26,paid_social,2673.29,2011,84375
2025-01-26,email,30.9,637,5914
2025-01-26,referral,0.0,0,0
2025-01-27,organic,0.0,0,0
2025-01-27,paid_search,5989.03,3402,54391
2025-01-27,paid_social,3174.31,2419,100267
2025-01-27,email,37.02,776,7013
2025-01-27,referral,0.0,0,0
2025-01-28,organic,0.0,0,0
2025-01-28,paid_search,5317.35,2707,45579
2025-01-28,paid_social,3430.82,2374,98323
2025-01-28,email,39.26,752,6330
2025-01-28,referral,0.0,0,0
2025-01-29,organic,0.0,0,0
2025-01-29,paid_search,5386.15,2834,42658
2025-01-29,paid_social,3348.19,2621,105777
2025-01-29,email,39.38,786,7220
2025-01-29,referral,0.0,0,0
2025-01-30,organic,0.0,0,0
2025-01-30,paid_search,5894.22,3223,45448
2025-01-30,paid_social,3950.59,2546,102043
2025-01-30,email,36.79,761,7922
2025-01-30,referral,0.0,0,0
2025-01-31,organic,0.0,0,0
2025-01-31,paid_search,4768.92,2772,46731
2025-01-31,paid_social,3533.75,2464,105897
2025-01-31,email,43.27,824,7789
2025-01-31,referral,0.0,0,0
2025-02-01,organic,0.0,0,0
2025-02-01,paid_search,4152.73,2303,39331
2025-02-01,paid_social,3220.78,2340,98228
2025-02-01,email,31.86,734,6476
2025-02-01,referral,0.0,0,0
2025-02-02,organic,0.0,0,0
2025-02-02,paid_search,4523.1,2475,38639
2025-02-02,paid_social,2885.12,2213,91977
2025-02-02,email,36.29,716,5750
2025-02-02,referral,0.0,0,0
2025-02-03,organic,0.0,0,0
2025-02-03,paid_search,6620.06,3261,50586
2025-02-03,paid_social,2919.23,2226,98674
2025-02-03,email,48.06,939,8583
2025-02-03,referral,0.0,0,0
2025-02-04,organic,0.0,0,0
2025-02-04,paid_search,5777.37,3126,52029
2025-02-04,paid_social,3313.65,2254,107737
2025-02-04,email,42.5,835,7356
2025-02-04,referral,0.0,0,0
2025-02-05,organic,0.0,0,0
2025-02-05,paid_search,5432.88,3060,50581
2025-02-05,paid_social,3164.33,2386,99180
2025-02-05,email,39.39,752,7370
2025-02-05,referral,0.0,0,0
2025-02-06,organic,0.0,0,0
2025-02-06,paid_search,5344.77,3114,48706
2025-02-06,paid_social,4007.16,2804,114171
2025-02-06,email,45.93,896,8007
2025-02-06,referral,0.0,0,0
2025-02-07,organic,0.0,0,0
2025-02-07,paid_search,5055.2,2790,44257
2025-02-07,paid_social,2632.67,2096,83309
2025-02-07,email,51.83,1020,9295
2025-02-07,referral,0.0,0,0
2025-02-08,organic,0.0,0,0
2025-02-08,paid_search,4797.13,2717,42501
2025-02-08,paid_social,3671.86,2542,107852
2025-02-08,email,37.03,728,6690
2025-02-08,referral,0.0,0,0
2025-02-09,organic,0.0,0,0
2025-02-09,paid_search,4522.05,2191,33751
2025-02-09,paid_social,3066.17,2141,84546
2025-02-09,email,39.15,768,6770
2025-02-09,referral,0.0,0,0
2025-02-10,organic,0.0,0,0
2025-02-10,paid_search,4698.47,2621,39376
2025-02-10,paid_social,2867.74,2279,101553
2025-02-10,email,50.61,1000,8676
2025-02-10,referral,0.0,0,0
2025-02-11,organic,0.0,0,0
2025-02-11,paid_search,5603.45,2963,47853
2025-02-11,paid_social,3154.92,2104,84126
2025-02-11,email,49.44,902,7823
2025-02-11,referral,0.0,0,0
2025-02-12,organic,0.0,0,0
2025-02-12,paid_search,5032.1,2611,42195
2025-02-12,paid_social,3280.22,2268,96600
2025-02-12,email,39.97,880,7712
2025-02-12,referral,0.0,0,0
2025-02-13,organic,0.0,0,0
2025-02-13,paid_search,4877.77,2447,39702
2025-02-13,paid_social,3911.0,2911,113885
2025-02-13,email,36.07,728,6762
2025-02-13,referral,0.0,0,0
2025-02-14,organic,0.0,0,0
2025-02-14,paid_search,4397.06,2314,40106
2025-02-14,paid_social,2904.61,2071,79583
2025-02-14,email,49.51,935,7973
2025-02-14,referral,0.0,0,0
2025-02-15,organic,0.0,0,0
2025-02-15,paid_search,3951.47,2285,37918
2025-02-15,paid_social,3011.93,2216,92490
2025-02-15,email,37.27,652,6399
2025-02-15,referral,0.0,0,0
2025-02-16,organic,0.0,0,0
2025-02-16,paid_search,4353.02,2214,35556
2025-02-16,paid_social,3054.39,2169,96579
2025-02-16,email,37.89,741,6718
2025-02-16,referral,0.0,0,0
2025-02-17,organic,0.0,0,0
2025-02-17,paid_search,5199.82,2794,43529
2025-02-17,paid_social,3009.46,2258,85769
2025-02-17,email,34.02,710,7076
2025-02-17,referral,0.0,0,0
2025-02-18,organic,0.0,0,0
2025-02-18,paid_search,5039.69,2625,39101
2025-02-18,paid_social,3564.24,2364,90757
2025-02-18,email,41.24,816,7859
2025-02-18,referral,0.0,0,0
2025-02-19,organic,0.0,0,0
2025-02-19,paid_search,6287.73,3328,50920
2025-02-19,paid_social,3476.36,2656,112811
2025-02-19,email,42.47,831,7501
2025-02-19,referral,0.0,0,0
2025-02-20,organic,0.0,0,0
2025-02-20,paid_search,5144.12,2746,45815
2025-02-20,paid_social,3263.34,2281,98250
2025-02-20,email,38.47,747,6256
2025-02-20,referral,0.0,0,0
2025-02-21,organic,0.0,0,0
2025-02-21,paid_search,5831.37,3248,54521
2025-02-21,paid_social,4151.86,2845,114876
2025-02-21,email,44.58,864,7727
2025-02-21,referral,0.0,0,0
2025-02-22,organic,0.0,0,0
2025-02-22,paid_search,4042.59,2237,36542
2025-02-22,paid_social,3731.93,2549,111862
2025-02-22,email,28.07,604,5373
2025-02-22,referral,0.0,0,0
2025-02-23,organic,0.0,0,0
2025-02-23,paid_search,5267.27,2898,48203
2025-02-23,paid_social,3402.42,2370,96358
2025-02-23,email,33.17,698,5628
2025-02-23,referral,0.0,0,0
2025-02-24,organic,0.0,0,0
2025-02-24,paid_search,5002.46,2789,45846
2025-02-24,paid_social,3852.9,2885,121720
2025-02-24,email,38.61,832,7607
2025-02-24,referral,0.0,0,0
2025-02-25,organic,0.0,0,0
2025-02-25,paid_search,5412.81,2980,48909
2025-02-25,paid_social,3641.59,2573,95272
2025-02-25,email,43.36,907,8349
2025-02-25,referral,0.0,0,0
2025-02-26,organic,0.0,0,0
2025-02-26,paid_search,4495.98,2433,39260
2025-02-26,paid_social,4340.4,2892,126909
2025-02-26,email,35.08,772,6727
2025-02-26,referral,0.0,0,0
2025-02-27,organic,0.0,0,0
2025-02-27,paid_search,4889.27,2774,43248
2025-02-27,paid_social,2685.62,2057,89144
2025-02-27,email,26.84,545,4831
2025-02-27,referral,0.0,0,0
2025-02-28,organic,0.0,0,0
2025-02-28,paid_search,4800.74,2952,48084
2025-02-28,paid_social,3140.14,2287,104071
2025-02-28,email,40.12,867,7908
2025-02-28,referral,0.0,0,0
2025-03-01,organic,0.0,0,0
2025-03-01,paid_search,4297.27,2533,40516
2025-03-01,paid_social,2315.97,1627,66597
2025-03-01,email,32.42,671,5906
2025-03-01,referral,0.0,0,0
2025-03-02,organic,0.0,0,0
2025-03-02,paid_search,4970.7,2802,44491
2025-03-02,paid_social,3804.76,2651,110115
2025-03-02,email,36.58,780,7034
2025-03-02,referral,0.0,0,0
2025-03-03,organic,0.0,0,0
2025-03-03,paid_search,6258.92,3422,54161
2025-03-03,paid_social,4721.19,3352,140742
2025-03-03,email,47.59,949,8050
2025-03-03,referral,0.0,0,0
2025-03-04,organic,0.0,0,0
2025-03-04,paid_search,6438.14,3406,54293
2025-03-04,paid_social,3812.87,2617,113014
2025-03-04,email,52.77,1068,9279
2025-03-04,referral,0.0,0,0
2025-03-05,organic,0.0,0,0
2025-03-05,paid_search,5095.5,2691,41991
2025-03-05,paid_social,4026.37,2819,114091
2025-03-05,email,52.11,966,8001
2025-03-05,referral,0.0,0,0
2025-03-06,organic,0.0,0,0
2025-03-06,paid_search,7072.91,3781,55848
2025-03-06,paid_social,4193.4,3028,122361
2025-03-06,email,50.34,1006,9418
2025-03-06,referral,0.0,0,0
2025-03-07,organic,0.0,0,0
2025-03-07,paid_search,5863.86,3292,51342
2025-03-07,paid_social,3769.75,2951,131423
2025-03-07,email,51.84,1100,10555
2025-03-07,referral,0.0,0,0
2025-03-08,organic,0.0,0,0
2025-03-08,paid_search,5718.54,2990,52965
2025-03-08,paid_social,2716.46,1943,77956
2025-03-08,email,34.73,737,6867
2025-03-08,referral,0.0,0,0
2025-03-09,organic,0.0,0,0
2025-03-09,paid_search,4168.64,2181,33830
2025-03-09,paid_social,3482.6,2436,98525
2025-03-09,email,35.19,757,7491
2025-03-09,referral,0.0,0,0
2025-03-10,organic,0.0,0,0
2025-03-10,paid_search,6376.68,3207,52162
2025-03-10,paid_social,3768.45,2609,110255
2025-03-10,email,48.98,860,7900
2025-03-10,referral,0.0,0,0
2025-03-11,organic,0.0,0,0
2025-03-11,paid_search,5818.26,3334,54680
2025-03-11,paid_social,4208.13,2883,116583
2025-03-11,email,46.39,928,8494
2025-03-11,referral,0.0,0,0
2025-03-12,organic,0.0,0,0
2025-03-12,paid_search,5877.34,3026,50314
2025-03-12,paid_social,4151.54,2898,125788
2025-03-12,email,35.79,711,6263
2025-03-12,referral,0.0,0,0
2025-03-13,organic,0.0,0,0
2025-03-13,paid_search,5187.41,3021,44516
2025-03-13,paid_social,4024.77,2734,108172
2025-03-13,email,40.62,821,7752
2025-03-13,referral,0.0,0,0
2025-03-14,organic,0.0,0,0
2025-03-14,paid_search,5904.63,3248,56164
2025-03-14,paid_social,3306.09,2388,101215
2025-03-14,email,36.72,714,6390
2025-03-14,referral,0.0,0,0
2025-03-15,organic,0.0,0,0
2025-03-15,paid_search,5087.72,2878,47128
2025-03-15,paid_social,2982.82,2155,85412
2025-03-15,email,35.1,681,6494
2025-03-15,referral,0.0,0,0
2025-03-16,organic,0.0,0,0
2025-03-16,paid_search,4836.22,2767,47350
2025-03-16,paid_social,2717.27,2177,87609
2025-03-16,email,45.48,866,7588
2025-03-16,referral,0.0,0,0
2025-03-17,organic,0.0,0,0
2025-03-17,paid_search,7309.98,3745,61227
2025-03-17,paid_social,4039.63,2954,124482
2025-03-17,email,42.54,837,7381
2025-03-17,referral,0.0,0,0
2025-03-18,organic,0.0,0,0
2025-03-18,paid_search,5459.53,2984,50089
2025-03-18,paid_social,3475.0,2528,101301
2025-03-18,email,49.59,940,8052
2025-03-18,referral,0.0,0,0
2025-03-19,organic,0.0,0,0
2025-03-19,paid_search,5642.55,2919,49722
2025-03-19,paid_social,3696.97,2645,110015
2025-03-19,email,38.83,754,6824
2025-03-19,referral,0.0,0,0
2025-03-20,organic,0.0,0,0
2025-03-20,paid_search,7262.98,3712,60762
2025-03-20,paid_social,3598.53,2637,111800
2025-03-20,email,46.83,918,9121
2025-03-20,referral,0.0,0,0
2025-03-21,organic,0.0,0,0
2025-03-21,paid_search,6321.14,3387,59273
2025-03-21,paid_social,3969.2,2942,122924
2025-03-21,email,52.88,1098,10211
2025-03-21,referral,0.0,0,0
2025-03-22,organic,0.0,0,0
2025-03-22,paid_search,4939.56,2543,43665
2025-03-22,paid_social,3130.91,2267,92019
2025-03-22,email,36.99,839,7880
2025-03-22,referral,0.0,0,0
2025-03-23,organic,0.0,0,0
2025-03-23,paid_search,5091.45,2531,39932
2025-03-23,paid_social,2975.5,2109,88255
2025-03-23,email,32.4,688,6159
2025-03-23,referral,0.0,0,0
2025-03-24,organic,0.0,0,0
2025-03-24,paid_search,4810.8,2569,41350
2025-03-24,paid_social,3914.01,2708,112139
2025-03-24,email,49.23,984,8645
2025-03-24,referral,0.0,0,0
2025-03-25,organic,0.0,0,0
2025-03-25,paid_search,6009.43,3463,57511
2025-03-25,paid_social,4195.15,2868,115600
2025-03-25,email,35.7,690,6009
2025-03-25,referral,0.0,0,0
2025-03-26,organic,0.0,0,0
2025-03-26,paid_search,5341.58,2751,43989
2025-03-26,paid_social,3964.66,2774,119320
2025-03-26,email,45.78,939,8524
2025-03-26,referral,0.0,0,0
2025-03-27,organic,0.0,0,0
2025-03-27,paid_search,5480.2,3086,46602
2025-03-27,paid_social,4376.49,3041,126491
2025-03-27,email,44.1,912,8036
2025-03-27,referral,0.0,0,0
2025-03-28,organic,0.0,0,0
2025-03-28,paid_search,5549.92,3012,49643
2025-03-28,paid_social,4961.05,3483,137537
2025-03-28,email,44.14,935,7833
2025-03-28,referral,0.0,0,0
2025-03-29,organic,0.0,0,0
2025-03-29,paid_search,5416.19,3015,47544
2025-03-29,paid_social,3261.5,2272,104724
2025-03-29,email,44.29,836,7870
2025-03-29,referral,0.0,0,0
2025-03-30,organic,0.0,0,0
2025-03-30,paid_search,4919.26,2686,40671
2025-03-30,paid_social,3612.2,2599,111617
2025-03-30,email,30.72,655,5851
2025-03-30,referral,0.0,0,0
2025-03-31,organic,0.0,0,0
2025-03-31,paid_search,6350.59,3443,58182
2025-03-31,paid_social,3105.37,2467,106017
2025-03-31,email,38.64,737,6128
2025-03-31,referral,0.0,0,0
2025-04-01,organic,0.0,0,0
2025-04-01,paid_search,5756.65,3196,55986
2025-04-01,paid_social,4008.3,2849,128155
2025-04-01,email,43.56,839,7461
2025-04-01,referral,0.0,0,0
2025-04-02,organic,0.0,0,0
2025-04-02,paid_search,5622.6,3178,51605
2025-04-02,paid_social,3701.59,2557,106834
2025-04-02,email,46.9,931,8457
2025-04-02,referral,0.0,0,0
2025-04-03,organic,0.0,0,0
2025-04-03,paid_search,5654.63,2894,46042
2025-04-03,paid_social,3457.11,2408,103087
2025-04-03,email,42.99,884,7646
2025-04-03,referral,0.0,0,0
2025-04-04,organic,0.0,0,0
2025-04-04,paid_search,6490.02,3591,55434
2025-04-04,paid_social,3696.66,2721,126464
2025-04-04,email,37.05,785,6916
2025-04-04,referral,0.0,0,0
2025-04-05,organic,0.0,0,0
2025-04-05,paid_search,4018.33,2265,36569
2025-04-05,paid_social,4232.96,2753,116255
2025-04-05,email,39.63,837,7642
2025-04-05,referral,0.0,0,0
2025-04-06,organic,0.0,0,0
2025-04-06,paid_search,4354.51,2478,39120
2025-04-06,paid_social,3101.19,2356,106374
2025-04-06,email,39.6,783,7532
2025-04-06,referral,0.0,0,0
2025-04-07,organic,0.0,0,0
2025-04-07,paid_search,5386.19,3060,49020
2025-04-07,paid_social,3874.58,2816,114013
2025-04-07,email,36.9,837,7178
2025-04-07,referral,0.0,0,0
2025-04-08,organic,0.0,0,0
2025-04-08,paid_search,4296.97,2521,43873
2025-04-08,paid_social,3335.29,2635,113203
2025-04-08,email,42.84,856,7811
2025-04-08,referral,0.0,0,0
2025-04-09,organic,0.0,0,0
2025-04-09,paid_search,5218.67,2946,43858
2025-04-09,paid_social,3738.57,2830,123156
2025-04-09,email,42.13,870,7420
2025-04-09,referral,0.0,0,0
2025-04-10,organic,0.0,0,0
2025-04-10,paid_search,6343.35,3451,54777
2025-04-10,paid_social,4407.96,3022,127981
2025-04-10,email,50.05,1034,9426
2025-04-10,referral,0.0,0,0
2025-04-11,organic,0.0,0,0
2025-04-11,paid_search,5626.88,3073,52297
2025-04-11,paid_social,3310.77,2604,106534
2025-04-11,email,44.35,942,8220
2025-04-11,referral,0.0,0,0
2025-04-12,organic,0.0,0,0
2025-04-12,paid_search,5542.15,2903,44684
2025-04-12,paid_social,3601.42,2572,115786
2025-04-12,email,41.12,874,7922
2025-04-12,referral,0.0,0,0
2025-04-13,organic,0.0,0,0
2025-04-13,paid_search,4088.7,2395,36309
2025-04-13,paid_social,3383.48,2379,90766
2025-04-13,email,32.53,703,5941
2025-04-13,referral,0.0,0,0
2025-04-14,organic,0.0,0,0
2025-04-14,paid_search,5484.53,3020,46372
2025-04-14,paid_social,3762.72,2722,114884
2025-04-14,email,45.93,874,7599
2025-04-14,referral,0.0,0,0
2025-04-15,organic,0.0,0,0
2025-04-15,paid_search,6177.98,3498,60144
2025-04-15,paid_social,4043.18,2743,109563
2025-04-15,email,43.9,866,7339
2025-04-15,referral,0.0,0,0
2025-04-16,organic,0.0,0,0
2025-04-16,paid_search,6368.93,3230,53412
2025-04-16,paid_social,3355.97,2402,101791
2025-04-16,email,35.85,757,7739
2025-04-16,referral,0.0,0,0
2025-04-17,organic,0.0,0,0
2025-04-17,paid_search,5482.02,2905,47422
2025-04-17,paid_social,4612.11,3374,131696
2025-04-17,email,48.8,958,8599
2025-04-17,referral,0.0,0,0
2025-04-18,organic,0.0,0,0
2025-04-18,paid_search,6286.94,3403,56883
2025-04-18,paid_social,3787.58,2601,114093
2025-04-18,email,51.38,1029,9978
2025-04-18,referral,0.0,0,0
2025-04-19,organic,0.0,0,0
2025-04-19,paid_search,5575.12,2868,47232
2025-04-19,paid_social,2645.69,1989,86016
2025-04-19,email,40.24,794,7769
2025-04-19,referral,0.0,0,0
2025-04-20,organic,0.0,0,0
2025-04-20,paid_search,4642.32,2660,40896
2025-04-20,paid_social,3082.73,2172,84737
2025-04-20,email,35.47,727,7351
2025-04-20,referral,0.0,0,0
2025-04-21,organic,0.0,0,0
2025-04-21,paid_search,5367.6,2922,45121
2025-04-21,paid_social,4309.2,2892,116055
2025-04-21,email,47.78,945,8212
2025-04-21,referral,0.0,0,0
2025-04-22,organic,0.0,0,0
2025-04-22,paid_search,6063.81,3419,55572
2025-04-22,paid_social,4036.02,2868,113064
2025-04-22,email,47.15,960,9095
2025-04-22,referral,0.0,0,0
2025-04-23,organic,0.0,0,0
2025-04-23,paid_search,5937.97,2984,48919
2025-04-23,paid_social,3555.93,2615,109910
2025-04-23,email,47.51,957,8536
2025-04-23,referral,0.0,0,0
2025-04-24,organic,0.0,0,0
2025-04-24,paid_search,5819.14,3269,49782
2025-04-24,paid_social,3471.03,2479,99281
2025-04-24,email,44.42,872,8029
2025-04-24,referral,0.0,0,0
2025-04-25,organic,0.0,0,0
2025-04-25,paid_search,5056.06,2722,42763
2025-04-25,paid_social,3088.55,2267,101350
2025-04-25,email,43.12,944,8650
2025-04-25,referral,0.0,0,0
2025-04-26,organic,0.0,0,0
2025-04-26,paid_search,4649.07,2452,39832
2025-04-26,paid_social,3182.52,2364,101468
2025-04-26,email,37.59,725,7026
2025-04-26,referral,0.0,0,0
2025-04-27,organic,0.0,0,0
2025-04-27,paid_search,4318.16,2519,41743
2025-04-27,paid_social,2929.05,2235,94398
2025-04-27,email,44.66,919,8276
2025-04-27,referral,0.0,0,0
2025-04-28,organic,0.0,0,0
2025-04-28,paid_search,5253.13,3139,55154
2025-04-28,paid_social,3974.44,2737,122314
2025-04-28,email,43.69,905,8062
2025-04-28,referral,0.0,0,0
2025-04-29,organic,0.0,0,0
2025-04-29,paid_search,5850.39,2885,43351
2025-04-29,paid_social,3464.33,2583,117812
2025-04-29,email,45.61,925,8889
2025-04-29,referral,0.0,0,0
2025-04-30,organic,0.0,0,0
2025-04-30,paid_search,5491.1,2780,43484
2025-04-30,paid_social,4117.72,2919,117846
2025-04-30,email,49.32,920,8417
2025-04-30,referral,0.0,0,0
2025-05-01,organic,0.0,0,0
2025-05-01,paid_search,5592.02,2961,52734
2025-05-01,paid_social,4349.35,2951,131694
2025-05-01,email,45.88,955,9073
2025-05-01,referral,0.0,0,0
2025-05-02,organic,0.0,0,0
2025-05-02,paid_search,6191.07,3374,59897
2025-05-02,paid_social,3841.45,2808,111211
2025-05-02,email,48.44,969,9204
2025-05-02,referral,0.0,0,0
2025-05-03,organic,0.0,0,0
2025-05-03,paid_search,4294.29,2434,40794
2025-05-03,paid_social,3171.08,2285,99043
2025-05-03,email,37.21,770,6938
2025-05-03,referral,0.0,0,0
2025-05-04,organic,0.0,0,0
2025-05-04,paid_search,5028.64,2666,42915
2025-05-04,paid_social,3162.13,2314,90012
2025-05-04,email,40.52,743,6846
2025-05-04,referral,0.0,0,0
2025-05-05,organic,0.0,0,0
2025-05-05,paid_search,5519.5,3281,54130
2025-05-05,paid_social,4231.55,3103,134891
2025-05-05,email,49.54,964,9172
2025-05-05,referral,0.0,0,0
2025-05-06,organic,0.0,0,0
2025-05-06,paid_search,5654.79,2943,47434
2025-05-06,paid_social,4927.62,3421,144569
2025-05-06,email,48.56,1029,9985
2025-05-06,referral,0.0,0,0
2025-05-07,organic,0.0,0,0
2025-05-07,paid_search,6350.6,3206,50307
2025-05-07,paid_social,3852.63,2874,116512
2025-05-07,email,43.47,844,8879
2025-05-07,referral,0.0,0,0
2025-05-08,organic,0.0,0,0
2025-05-08,paid_search,6284.55,3614,64348
2025-05-08,paid_social,3452.13,2511,105520
2025-05-08,email,52.97,1000,9000
2025-05-08,referral,0.0,0,0
2025-05-09,organic,0.0,0,0
2025-05-09,paid_search,5653.3,3230,50808
2025-05-09,paid_social,3808.88,2996,119395
2025-05-09,email,48.72,893,7842
2025-05-09,referral,0.0,0,0
2025-05-10,organic,0.0,0,0
2025-05-10,paid_search,4469.93,2301,37495
2025-05-10,paid_social,3033.64,2246,94525
2025-05-10,email,36.71,728,6259
2025-05-10,referral,0.0,0,0
2025-05-11,organic,0.0,0,0
2025-05-11,paid_search,3967.98,2117,34174
2025-05-11,paid_social,3490.75,2363,104530
2025-05-11,email,41.84,784,7335
2025-05-11,referral,0.0,0,0
2025-05-12,organic,0.0,0,0
2025-05-12,paid_search,6300.8,3383,56347
2025-05-12,paid_social,3527.33,2590,109535
2025-05-12,email,49.35,912,8371
2025-05-12,referral,0.0,0,0
2025-05-13,organic,0.0,0,0
2025-05-13,paid_search,7362.09,3841,61748
2025-05-13,paid_social,3246.29,2497,111976
2025-05-13,email,38.87,799,7393
2025-05-13,referral,0.0,0,0
2025-05-14,organic,0.0,0,0
2025-05-14,paid_search,6024.2,3219,48688
2025-05-14,paid_social,3581.91,2855,122216
2025-05-14,email,45.22,912,7395
2025-05-14,referral,0.0,0,0
2025-05-15,organic,0.0,0,0
2025-05-15,paid_search,6254.02,3038,48957
2025-05-15,paid_social,3817.26,2696,108606
2025-05-15,email,52.61,993,9798
2025-05-15,referral,0.0,0,0
2025-05-16,organic,0.0,0,0
2025-05-16,paid_search,5891.75,3305,54677
2025-05-16,paid_social,3734.06,2748,121313
2025-05-16,email,46.34,923,7912
2025-05-16,referral,0.0,0,0
2025-05-17,organic,0.0,0,0
2025-05-17,paid_search,5688.56,2887,45026
2025-05-17,paid_social,3411.42,2437,96814
2025-05-17,email,36.04,782,6974
2025-05-17,referral,0.0,0,0
2025-05-18,organic,0.0,0,0
2025-05-18,paid_search,5004.16,2643,39851
2025-05-18,paid_social,2883.86,2238,89686
2025-05-18,email,40.55,771,6904
2025-05-18,referral,0.0,0,0
2025-05-19,organic,0.0,0,0
2025-05-19,paid_search,5408.24,3038,50754
2025-05-19,paid_social,3587.82,2609,106314
2025-05-19,email,46.61,934,8132
2025-05-19,referral,0.0,0,0
2025-05-20,organic,0.0,0,0
2025-05-20,paid_search,6641.22,3507,61186
2025-05-20,paid_social,3952.03,2856,113375
2025-05-20,email,47.44,990,8465
2025-05-20,referral,0.0,0,0
2025-05-21,organic,0.0,0,0
2025-05-21,paid_search,6040.13,3013,47967
2025-05-21,paid_social,4334.98,2858,121287
2025-05-21,email,49.71,958,8434
2025-05-21,referral,0.0,0,0
2025-05-22,organic,0.0,0,0
2025-05-22,paid_search,5378.68,2833,46407
2025-05-22,paid_social,3231.95,2146,82298
2025-05-22,email,46.54,915,8485
2025-05-22,referral,0.0,0,0
2025-05-23,organic,0.0,0,0
2025-05-23,paid_search,6799.36,3493,60845
2025-05-23,paid_social,4430.12,3068,122314
2025-05-23,email,50.07,999,9018
2025-05-23,referral,0.0,0,0
2025-05-24,organic,0.0,0,0
2025-05-24,paid_search,4333.39,2575,39513
2025-05-24,paid_social,2658.49,2104,85992
2025-05-24,email,46.17,927,8423
2025-05-24,referral,0.0,0,0
2025-05-25,organic,0.0,0,0
2025-05-25,paid_search,4756.23,2396,38271
2025-05-25,paid_social,3064.6,2035,86207
2025-05-25,email,41.71,815,7427
2025-05-25,referral,0.0,0,0
2025-05-26,organic,0.0,0,0
2025-05-26,paid_search,5879.75,2964,48202
2025-05-26,paid_social,4336.09,2987,129227
2025-05-26,email,42.56,845,6877
2025-05-26,referral,0.0,0,0
2025-05-27,organic,0.0,0,0
2025-05-27,paid_search,4934.68,2723,40973
2025-05-27,paid_social,4087.52,2873,114877
2025-05-27,email,42.45,939,8948
2025-05-27,referral,0.0,0,0
2025-05-28,organic,0.0,0,0
2025-05-28,paid_search,5247.15,2907,47680
2025-05-28,paid_social,3497.81,2425,102049
2025-05-28,email,49.39,983,9540
2025-05-28,referral,0.0,0,0
2025-05-29,organic,0.0,0,0
2025-05-29,paid_search,6495.72,3320,54708
2025-05-29,paid_social,3065.48,2285,87652
2025-05-29,email,50.5,1035,8960
2025-05-29,referral,0.0,0,0
2025-05-30,organic,0.0,0,0
2025-05-30,paid_search,4841.24,2740,41262
2025-05-30,paid_social,3739.11,2648,106819
2025-05-30,email,44.44,813,7565
2025-05-30,referral,0.0,0,0
2025-05-31,organic,0.0,0,0
2025-05-31,paid_search,4836.85,2759,42916
2025-05-31,paid_social,3538.46,2440,102093
2025-05-31,email,38.85,781,7484
2025-05-31,referral,0.0,0,0
2025-06-01,organic,0.0,0,0
2025-06-01,paid_search,5305.11,2899,46281
2025-06-01,paid_social,3116.08,2206,92614
2025-06-01,email,35.19,711,6279
2025-06-01,referral,0.0,0,0
2025-06-02,organic,0.0,0,0
2025-06-02,paid_search,7187.29,3687,63510
2025-06-02,paid_social,3505.43,2597,104784
2025-06-02,email,40.22,921,8571
2025-06-02,referral,0.0,0,0
2025-06-03,organic,0.0,0,0
2025-06-03,paid_search,6680.81,3445,57940
2025-06-03,paid_social,3957.18,2827,114716
2025-06-03,email,56.53,1074,9817
2025-06-03,referral,0.0,0,0
2025-06-04,organic,0.0,0,0
2025-06-04,paid_search,6542.02,3481,55332
2025-06-04,paid_social,3320.04,2383,92229
2025-06-04,email,34.56,704,6870
2025-06-04,referral,0.0,0,0
2025-06-05,organic,0.0,0,0
2025-06-05,paid_search,5991.53,3348,56468
2025-06-05,paid_social,3234.61,2257,88719
2025-06-05,email,42.53,881,8495
2025-06-05,referral,0.0,0,0
2025-06-06,organic,0.0,0,0
2025-06-06,paid_search,4332.81,2474,44977
2025-06-06,paid_social,3520.8,2536,119335
2025-06-06,email,39.41,799,7767
2025-06-06,referral,0.0,0,0
2025-06-07,organic,0.0,0,0
2025-06-07,paid_search,5292.45,2862,41281
2025-06-07,paid_social,3189.74,2227,90712
2025-06-07,email,39.15,742,6827
2025-06-07,referral,0.0,0,0
2025-06-08,organic,0.0,0,0
2025-06-08,paid_search,5854.54,2954,43324
2025-06-08,paid_social,3127.08,2155,94425
2025-06-08,email,35.3,750,6699
2025-06-08,referral,0.0,0,0
2025-06-09,organic,0.0,0,0
2025-06-09,paid_search,6152.12,3504,53786
2025-06-09,paid_social,3727.58,2835,124117
2025-06-09,email,43.37,826,7564
2025-06-09,referral,0.0,0,0
2025-06-10,organic,0.0,0,0
2025-06-10,paid_search,4738.5,2403,36755
2025-06-10,paid_social,4393.24,3289,134869
2025-06-10,email,42.23,867,7634
2025-06-10,referral,0.0,0,0
2025-06-11,organic,0.0,0,0
2025-06-11,paid_search,5615.09,3247,54172
2025-06-11,paid_social,3715.8,2876,132309
2025-06-11,email,48.07,985,8744
2025-06-11,referral,0.0,0,0
2025-06-12,organic,0.0,0,0
2025-06-12,paid_search,4688.86,2583,41758
2025-06-12,paid_social,4010.84,2689,128407
2025-06-12,email,33.87,713,6541
2025-06-12,referral,0.0,0,0
2025-06-13,organic,0.0,0,0
2025-06-13,paid_search,7415.09,3472,57955
2025-06-13,paid_social,3796.89,2897,125939
2025-06-13,email,40.89,955,8822
2025-06-13,referral,0.0,0,0
2025-06-14,organic,0.0,0,0
2025-06-14,paid_search,5222.14,2868,43876
2025-06-14,paid_social,3351.63,2277,100388
2025-06-14,email,32.11,682,6567
2025-06-14,referral,0.0,0,0
2025-06-15,organic,0.0,0,0
2025-06-15,paid_search,5358.85,3129,50162
2025-06-15,paid_social,3335.55,2465,104328
2025-06-15,email,39.15,760,7333
2025-06-15,referral,0.0,0,0
2025-06-16,organic,0.0,0,0
2025-06-16,paid_search,5444.39,3148,53520
2025-06-16,paid_social,3676.7,2712,113889
2025-06-16,email,47.5,957,8176
2025-06-16,referral,0.0,0,0
2025-06-17,organic,0.0,0,0
2025-06-17,paid_search,4998.42,2802,45017
2025-06-17,paid_social,4065.99,3030,126799
2025-06-17,email,45.65,981,9862
2025-06-17,referral,0.0,0,0
2025-06-18,organic,0.0,0,0
2025-06-18,paid_search,6268.63,3455,54049
2025-06-18,paid_social,3755.71,2624,107384
2025-06-18,email,45.23,881,8512
2025-06-18,referral,0.0,0,0
2025-06-19,organic,0.0,0,0
2025-06-19,paid_search,5633.74,3037,48481
2025-06-19,paid_social,3444.83,2544,105803
2025-06-19,email,42.46,853,7450
2025-06-19,referral,0.0,0,0
2025-06-20,organic,0.0,0,0
2025-06-20,paid_search,5888.35,3306,52540
2025-06-20,paid_social,3394.39,2372,99882
2025-06-20,email,40.98,812,7627
2025-06-20,referral,0.0,0,0
2025-06-21,organic,0.0,0,0
2025-06-21,paid_search,5201.9,2933,47453
2025-06-21,paid_social,3211.26,2355,104887
2025-06-21,email,38.93,769,7054
2025-06-21,referral,0.0,0,0
2025-06-22,organic,0.0,0,0
2025-06-22,paid_search,4716.27,2459,37509
2025-06-22,paid_social,2835.35,2141,91630
2025-06-22,email,40.37,747,6503
2025-06-22,referral,0.0,0,0
2025-06-23,organic,0.0,0,0
2025-06-23,paid_search,6559.45,3223,53789
2025-06-23,paid_social,3804.85,2757,107120
2025-06-23,email,44.96,997,9601
2025-06-23,referral,0.0,0,0
2025-06-24,organic,0.0,0,0
2025-06-24,paid_search,5091.58,2601,39842
2025-06-24,paid_social,3014.15,2190,91805
2025-06-24,email,43.33,933,9062
2025-06-24,referral,0.0,0,0
2025-06-25,organic,0.0,0,0
2025-06-25,paid_search,6560.33,3594,67699
2025-06-25,paid_social,3923.26,2831,119323
2025-06-25,email,48.02,982,9521
2025-06-25,referral,0.0,0,0
2025-06-26,organic,0.0,0,0
2025-06-26,paid_search,6068.8,3463,61498
2025-06-26,paid_social,3778.47,2732,116034
2025-06-26,email,49.06,945,8836
2025-06-26,referral,0.0,0,0
2025-06-27,organic,0.0,0,0
2025-06-27,paid_search,6695.91,3403,51861
2025-06-27,paid_social,3983.68,2647,112032
2025-06-27,email,40.83,818,7762
2025-06-27,referral,0.0,0,0
2025-06-28,organic,0.0,0,0
2025-06-28,paid_search,3635.38,2277,33494
2025-06-28,paid_social,2813.69,2086,87698
2025-06-28,email,37.4,773,7482
2025-06-28,referral,0.0,0,0
2025-06-29,organic,0.0,0,0
2025-06-29,paid_search,4791.34,2475,38089
2025-06-29,paid_social,3338.65,2537,121657
2025-06-29,email,37.99,794,7143
2025-06-29,referral,0.0,0,0
2025-06-30,organic,0.0,0,0
2025-06-30,paid_search,5192.75,3153,54524
2025-06-30,paid_social,3071.84,2243,91003
2025-06-30,email,32.85,736,6467
2025-06-30,referral,0.0,0,0
2025-07-01,organic,0.0,0,0
2025-07-01,paid_search,5787.07,3252,56195
2025-07-01,paid_social,4134.38,2892,117196
2025-07-01,email,50.65,970,9056
2025-07-01,referral,0.0,0,0
2025-07-02,organic,0.0,0,0
2025-07-02,paid_search,6317.61,3274,51838
2025-07-02,paid_social,4533.53,3028,120861
2025-07-02,email,46.89,900,7442
2025-07-02,referral,0.0,0,0
2025-07-03,organic,0.0,0,0
2025-07-03,paid_search,5411.98,3017,47597
2025-07-03,paid_social,4013.95,2839,111722
2025-07-03,email,42.97,888,7456
2025-07-03,referral,0.0,0,0
2025-07-04,organic,0.0,0,0
2025-07-04,paid_search,5875.26,3256,54373
2025-07-04,paid_social,2882.01,2158,86511
2025-07-04,email,43.35,910,8261
2025-07-04,referral,0.0,0,0
2025-07-05,organic,0.0,0,0
2025-07-05,paid_search,4503.32,2380,38949
2025-07-05,paid_social,3678.67,2684,113849
2025-07-05,email,37.55,805,7278
2025-07-05,referral,0.0,0,0
2025-07-06,organic,0.0,0,0
2025-07-06,paid_search,4509.96,2452,41363
2025-07-06,paid_social,3320.9,2304,97251
2025-07-06,email,36.96,759,6975
2025-07-06,referral,0.0,0,0
2025-07-07,organic,0.0,0,0
2025-07-07,paid_search,6542.32,3597,58039
2025-07-07,paid_social,4001.31,2561,102635
2025-07-07,email,53.82,1033,8708
2025-07-07,referral,0.0,0,0
2025-07-08,organic,0.0,0,0
2025-07-08,paid_search,5024.12,2973,47142
2025-07-08,paid_social,4445.99,3073,133763
2025-07-08,email,40.58,837,7200
2025-07-08,referral,0.0,0,0
2025-07-09,organic,0.0,0,0
2025-07-09,paid_search,4861.45,2632,38025
2025-07-09,paid_social,3684.67,2569,117178
2025-07-09,email,55.48,1032,9366
2025-07-09,referral,0.0,0,0
2025-07-10,organic,0.0,0,0
2025-07-10,paid_search,6350.11,3492,53913
2025-07-10,paid_social,3724.98,2730,108563
2025-07-10,email,44.99,882,8075
2025-07-10,referral,0.0,0,0
2025-07-11,organic,0.0,0,0
2025-07-11,paid_search,5500.19,3115,50447
2025-07-11,paid_social,3307.75,2441,105191
2025-07-11,email,46.84,894,8320
2025-07-11,referral,0.0,0,0
2025-07-12,organic,0.0,0,0
2025-07-12,paid_search,3922.57,2329,38425
2025-07-12,paid_social,3193.85,2400,100785
2025-07-12,email,32.29,644,5722
2025-07-12,referral,0.0,0,0
2025-07-13,organic,0.0,0,0
2025-07-13,paid_search,5238.79,2852,50053
2025-07-13,paid_social,3361.32,2242,96792
2025-07-13,email,38.61,793,7740
2025-07-13,referral,0.0,0,0
2025-07-14,organic,0.0,0,0
2025-07-14,paid_search,5621.6,3094,49623
2025-07-14,paid_social,4429.97,3075,128574
2025-07-14,email,43.94,876,7733
2025-07-14,referral,0.0,0,0
2025-07-15,organic,0.0,0,0
2025-07-15,paid_search,6011.07,3329,53366
2025-07-15,paid_social,4054.72,2706,126864
2025-07-15,email,42.04,836,7423
2025-07-15,referral,0.0,0,0
2025-07-16,organic,0.0,0,0
2025-07-16,paid_search,4103.99,2175,34221
2025-07-16,paid_social,4155.42,2834,116836
2025-07-16,email,49.72,1006,10264
2025-07-16,referral,0.0,0,0
2025-07-17,organic,0.0,0,0
2025-07-17,paid_search,5583.21,3069,47028
2025-07-17,paid_social,4903.66,3447,136005
2025-07-17,email,47.49,887,8120
2025-07-17,referral,0.0,0,0
2025-07-18,organic,0.0,0,0
2025-07-18,paid_search,6107.03,2973,52515
2025-07-18,paid_social,4212.62,2916,119075
2025-07-18,email,41.71,840,7311
2025-07-18,referral,0.0,0,0
2025-07-19,organic,0.0,0,0
2025-07-19,paid_search,5004.53,2705,43282
2025-07-19,paid_social,3584.51,2339,99463
2025-07-19,email,45.87,860,7854
2025-07-19,referral,0.0,0,0
2025-07-20,organic,0.0,0,0
2025-07-20,paid_search,3774.26,2249,39175
2025-07-20,paid_social,3994.43,2742,119597
2025-07-20,email,39.11,785,6543
2025-07-20,referral,0.0,0,0
2025-07-21,organic,0.0,0,0
2025-07-21,paid_search,5680.0,3099,45833
2025-07-21,paid_social,3534.1,2327,98750
2025-07-21,email,43.19,765,6936
2025-07-21,referral,0.0,0,0
2025-07-22,organic,0.0,0,0
2025-07-22,paid_search,4938.28,2748,43360
2025-07-22,paid_social,3427.14,2611,117867
2025-07-22,email,40.48,832,7013
2025-07-22,referral,0.0,0,0
2025-07-23,organic,0.0,0,0
2025-07-23,paid_search,7044.13,3811,63008
2025-07-23,paid_social,4693.21,3154,135301
2025-07-23,email,48.67,960,8885
2025-07-23,referral,0.0,0,0
2025-07-24,organic,0.0,0,0
2025-07-24,paid_search,5166.59,2841,46009
2025-07-24,paid_social,4044.75,2815,120081
2025-07-24,email,42.89,856,7963
2025-07-24,referral,0.0,0,0
2025-07-25,organic,0.0,0,0
2025-07-25,paid_search,6231.01,3429,57987
2025-07-25,paid_social,4254.55,2754,105321
2025-07-25,email,44.99,835,7521
2025-07-25,referral,0.0,0,0
2025-07-26,organic,0.0,0,0
2025-07-26,paid_search,5499.24,2930,46798
2025-07-26,paid_social,3403.8,2455,111423
2025-07-26,email,44.16,862,7747
2025-07-26,referral,0.0,0,0
2025-07-27,organic,0.0,0,0
2025-07-27,paid_search,4056.24,2222,34345
2025-07-27,paid_social,3121.37,2212,80956
2025-07-27,email,36.93,680,6063
2025-07-27,referral,0.0,0,0
2025-07-28,organic,0.0,0,0
2025-07-28,paid_search,5508.17,2749,40978
2025-07-28,paid_social,4322.83,3073,120040
2025-07-28,email,53.31,1054,8441
2025-07-28,referral,0.0,0,0
2025-07-29,organic,0.0,0,0
2025-07-29,paid_search,5442.93,2758,49516
2025-07-29,paid_social,4190.41,2986,118330
2025-07-29,email,47.42,967,9241
2025-07-29,referral,0.0,0,0
2025-07-30,organic,0.0,0,0
2025-07-30,paid_search,5407.45,2926,47216
2025-07-30,paid_social,4119.27,3024,124407
2025-07-30,email,39.66,786,7420
2025-07-30,referral,0.0,0,0
2025-07-31,organic,0.0,0,0
2025-07-31,paid_search,4883.5,2733,45976
2025-07-31,paid_social,3805.77,2762,119467
2025-07-31,email,44.56,892,7936
2025-07-31,referral,0.0,0,0
2025-08-01,organic,0.0,0,0
2025-08-01,paid_search,6111.63,3146,52395
2025-08-01,paid_social,4485.11,2920,130117
2025-08-01,email,49.09,928,8060
2025-08-01,referral,0.0,0,0
2025-08-02,organic,0.0,0,0
2025-08-02,paid_search,4519.41,2431,39945
2025-08-02,paid_social,3148.79,2279,103854
2025-08-02,email,38.65,805,6857
2025-08-02,referral,0.0,0,0
2025-08-03,organic,0.0,0,0
2025-08-03,paid_search,4584.48,2577,42577
2025-08-03,paid_social,3272.77,2375,96476
2025-08-03,email,37.89,741,6453
2025-08-03,referral,0.0,0,0
2025-08-04,organic,0.0,0,0
2025-08-04,paid_search,5676.04,2981,50303
2025-08-04,paid_social,3182.64,2158,95613
2025-08-04,email,42.1,800,7400
2025-08-04,referral,0.0,0,0
2025-08-05,organic,0.0,0,0
2025-08-05,paid_search,5766.09,3090,47110
2025-08-05,paid_social,3235.33,2461,103226
2025-08-05,email,50.45,1037,9355
2025-08-05,referral,0.0,0,0
2025-08-06,organic,0.0,0,0
2025-08-06,paid_search,5144.72,2799,47273
2025-08-06,paid_social,3480.93,2517,109137
2025-08-06,email,44.21,875,7404
2025-08-06,referral,0.0,0,0
2025-08-07,organic,0.0,0,0
2025-08-07,paid_search,5196.73,2824,45607
2025-08-07,paid_social,3622.76,2741,119877
2025-08-07,email,40.99,870,7703
2025-08-07,referral,0.0,0,0
2025-08-08,organic,0.0,0,0
2025-08-08,paid_search,5639.79,3051,50557
2025-08-08,paid_social,3348.52,2590,105798
2025-08-08,email,49.86,974,9464
2025-08-08,referral,0.0,0,0
2025-08-09,organic,0.0,0,0
2025-08-09,paid_search,3997.42,2269,34743
2025-08-09,paid_social,3074.67,2100,86188
2025-08-09,email,41.41,797,7159
2025-08-09,referral,0.0,0,0
2025-08-10,organic,0.0,0,0
2025-08-10,paid_search,3702.59,2100,36310
2025-08-10,paid_social,2976.49,2306,88415
2025-08-10,email,35.36,683,6264
2025-08-10,referral,0.0,0,0
2025-08-11,organic,0.0,0,0
2025-08-11,paid_search,6720.53,3629,62276
2025-08-11,paid_social,4449.94,2989,119937
2025-08-11,email,43.8,896,8512
2025-08-11,referral,0.0,0,0
2025-08-12,organic,0.0,0,0
2025-08-12,paid_search,4442.7,2558,40149
2025-08-12,paid_social,4121.68,2869,121846
2025-08-12,email,50.68,979,8825
2025-08-12,referral,0.0,0,0
2025-08-13,organic,0.0,0,0
2025-08-13,paid_search,5869.51,3116,47474
2025-08-13,paid_social,3678.67,2559,102737
2025-08-13,email,45.57,915,8601
2025-08-13,referral,0.0,0,0
2025-08-14,organic,0.0,0,0
2025-08-14,paid_search,5661.14,3151,56640
2025-08-14,paid_social,3376.04,2492,106792
2025-08-14,email,40.98,792,7410
2025-08-14,referral,0.0,0,0
2025-08-15,organic,0.0,0,0
2025-08-15,paid_search,7112.97,3983,69678
2025-08-15,paid_social,3134.86,2229,95175
2025-08-15,email,42.39,898,7759
2025-08-15,referral,0.0,0,0
2025-08-16,organic,0.0,0,0
2025-08-16,paid_search,4291.11,2341,37542
2025-08-16,paid_social,2660.67,1859,85562
2025-08-16,email,38.81,756,6704
2025-08-16,referral,0.0,0,0
2025-08-17,organic,0.0,0,0
2025-08-17,paid_search,4637.26,2466,39226
2025-08-17,paid_social,3395.25,2534,107813
2025-08-17,email,39.61,873,7961
2025-08-17,referral,0.0,0,0
2025-08-18,organic,0.0,0,0
2025-08-18,paid_search,5215.2,2858,42593
2025-08-18,paid_social,4172.74,2834,120794
2025-08-18,email,48.23,956,9221
2025-08-18,referral,0.0,0,0
2025-08-19,organic,0.0,0,0
2025-08-19,paid_search,5062.24,2590,44285
2025-08-19,paid_social,4204.65,3109,128709
2025-08-19,email,50.72,954,9084
2025-08-19,referral,0.0,0,0
2025-08-20,organic,0.0,0,0
2025-08-20,paid_search,5552.19,3084,49295
2025-08-20,paid_social,3581.43,2593,106391
2025-08-20,email,50.86,984,8770
2025-08-20,referral,0.0,0,0
2025-08-21,organic,0.0,0,0
2025-08-21,paid_search,6715.71,3354,54577
2025-08-21,paid_social,4572.29,3116,124300
2025-08-21,email,42.15,839,7323
2025-08-21,referral,0.0,0,0
2025-08-22,organic,0.0,0,0
2025-08-22,paid_search,5310.22,3208,51127
2025-08-22,paid_social,3711.88,2652,108667
2025-08-22,email,46.75,928,8275
2025-08-22,referral,0.0,0,0
2025-08-23,organic,0.0,0,0
2025-08-23,paid_search,4963.19,2926,48604
2025-08-23,paid_social,3177.44,2252,100891
2025-08-23,email,39.6,795,6995
2025-08-23,referral,0.0,0,0
2025-08-24,organic,0.0,0,0
2025-08-24,paid_search,3684.71,1931,30859
2025-08-24,paid_social,3308.08,2522,102794
2025-08-24,email,39.97,804,7243
2025-08-24,referral,0.0,0,0
2025-08-25,organic,0.0,0,0
2025-08-25,paid_search,6342.98,3279,55427
2025-08-25,paid_social,5088.75,3508,138190
2025-08-25,email,51.76,1029,9056
2025-08-25,referral,0.0,0,0
2025-08-26,organic,0.0,0,0
2025-08-26,paid_search,5987.59,2965,48239
2025-08-26,paid_social,4031.95,3106,143280
2025-08-26,email,44.77,901,7741
2025-08-26,referral,0.0,0,0
2025-08-27,organic,0.0,0,0
2025-08-27,paid_search,6185.98,3567,55645
2025-08-27,paid_social,3837.01,2662,110172
2025-08-27,email,41.34,865,8071
2025-08-27,referral,0.0,0,0
2025-08-28,organic,0.0,0,0
2025-08-28,paid_search,6773.6,3566,55578
2025-08-28,paid_social,3921.02,3033,126129
2025-08-28,email,43.4,880,7507
2025-08-28,referral,0.0,0,0
2025-08-29,organic,0.0,0,0
2025-08-29,paid_search,6312.87,3549,55847
2025-08-29,paid_social,4139.78,2906,121621
2025-08-29,email,45.93,949,8389
2025-08-29,referral,0.0,0,0
2025-08-30,organic,0.0,0,0
2025-08-30,paid_search,4774.98,2571,40958
2025-08-30,paid_social,3182.59,2334,100869
2025-08-30,email,33.15,725,6651
2025-08-30,referral,0.0,0,0
2025-08-31,organic,0.0,0,0
2025-08-31,paid_search,5067.03,2659,43335
2025-08-31,paid_social,3159.94,2458,103025
2025-08-31,email,37.09,751,6958
2025-08-31,referral,0.0,0,0
2025-09-01,organic,0.0,0,0
2025-09-01,paid_search,6151.86,3192,50850
2025-09-01,paid_social,3800.56,2755,109563
2025-09-01,email,46.27,941,8303
2025-09-01,referral,0.0,0,0
2025-09-02,organic,0.0,0,0
2025-09-02,paid_search,5617.37,3070,46668
2025-09-02,paid_social,4411.71,3120,123997
2025-09-02,email,47.5,957,9047
2025-09-02,referral,0.0,0,0
2025-09-03,organic,0.0,0,0
2025-09-03,paid_search,5429.48,2899,46704
2025-09-03,paid_social,3418.01,2496,95518
2025-09-03,email,41.89,856,8081
2025-09-03,referral,0.0,0,0
2025-09-04,organic,0.0,0,0
2025-09-04,paid_search,5857.13,3208,46446
2025-09-04,paid_social,3077.74,2299,100007
2025-09-04,email,42.1,894,7936
2025-09-04,referral,0.0,0,0
2025-09-05,organic,0.0,0,0
2025-09-05,paid_search,5883.01,3106,47361
2025-09-05,paid_social,4141.42,2885,123781
2025-09-05,email,48.25,986,9195
2025-09-05,referral,0.0,0,0
2025-09-06,organic,0.0,0,0
2025-09-06,paid_search,4618.64,2388,37372
2025-09-06,paid_social,2798.58,2099,93391
2025-09-06,email,39.06,767,7155
2025-09-06,referral,0.0,0,0
2025-09-07,organic,0.0,0,0
2025-09-07,paid_search,5618.1,2980,50815
2025-09-07,paid_social,3662.69,2535,99825
2025-09-07,email,47.64,943,8598
2025-09-07,referral,0.0,0,0
2025-09-08,organic,0.0,0,0
2025-09-08,paid_search,5983.35,3350,50272
2025-09-08,paid_social,4158.75,2999,127923
2025-09-08,email,33.73,643,5560
2025-09-08,referral,0.0,0,0
2025-09-09,organic,0.0,0,0
2025-09-09,paid_search,6003.3,3316,48825
2025-09-09,paid_social,4102.56,2791,110216
2025-09-09,email,40.77,797,7243
2025-09-09,referral,0.0,0,0
2025-09-10,organic,0.0,0,0
2025-09-10,paid_search,5746.7,3229,52533
2025-09-10,paid_social,3808.86,2694,112955
2025-09-10,email,44.6,904,7841
2025-09-10,referral,0.0,0,0
2025-09-11,organic,0.0,0,0
2025-09-11,paid_search,6466.52,3268,49277
2025-09-11,paid_social,4023.36,3036,128451
2025-09-11,email,53.82,1045,10990
2025-09-11,referral,0.0,0,0
2025-09-12,organic,0.0,0,0
2025-09-12,paid_search,5178.9,2816,40295
2025-09-12,paid_social,3855.05,2821,114464
2025-09-12,email,37.87,817,8277
2025-09-12,referral,0.0,0,0
2025-09-13,organic,0.0,0,0
2025-09-13,paid_search,4663.45,2459,40719
2025-09-13,paid_social,3502.8,2396,100971
2025-09-13,email,38.76,786,6586
2025-09-13,referral,0.0,0,0
2025-09-14,organic,0.0,0,0
2025-09-14,paid_search,4726.31,2562,41070
2025-09-14,paid_social,3012.89,2276,95844
2025-09-14,email,44.81,896,8361
2025-09-14,referral,0.0,0,0
2025-09-15,organic,0.0,0,0
2025-09-15,paid_search,5396.96,3035,49553
2025-09-15,paid_social,3638.28,2654,106641
2025-09-15,email,42.69,879,8078
2025-09-15,referral,0.0,0,0
2025-09-16,organic,0.0,0,0
2025-09-16,paid_search,4909.99,2887,45280
2025-09-16,paid_social,3072.04,2309,95040
2025-09-16,email,38.74,841,7572
2025-09-16,referral,0.0,0,0
2025-09-17,organic,0.0,0,0
2025-09-17,paid_search,5002.06,2550,46661
2025-09-17,paid_social,3510.37,2567,111806
2025-09-17,email,41.88,839,8595
2025-09-17,referral,0.0,0,0
2025-09-18,organic,0.0,0,0
2025-09-18,paid_search,5921.97,3118,52229
2025-09-18,paid_social,3057.78,2265,101589
2025-09-18,email,53.54,1055,9866
2025-09-18,referral,0.0,0,0
2025-09-19,organic,0.0,0,0
2025-09-19,paid_search,5611.87,3290,59128
2025-09-19,paid_social,3212.8,2295,90287
2025-09-19,email,52.95,1014,9035
2025-09-19,referral,0.0,0,0
2025-09-20,organic,0.0,0,0
2025-09-20,paid_search,4005.1,2188,33903
2025-09-20,paid_social,3124.05,2106,83639
2025-09-20,email,36.87,800,6928
2025-09-20,referral,0.0,0,0
2025-09-21,organic,0.0,0,0
2025-09-21,paid_search,5918.11,3219,53470
2025-09-21,paid_social,3459.51,2656,111256
2025-09-21,email,36.29,703,6725
2025-09-21,referral,0.0,0,0
2025-09-22,organic,0.0,0,0
2025-09-22,paid_search,6672.42,3357,54505
2025-09-22,paid_social,3473.86,2449,104477
2025-09-22,email,43.92,913,7474
2025-09-22,referral,0.0,0,0
2025-09-23,organic,0.0,0,0
2025-09-23,paid_search,5787.54,3080,48791
2025-09-23,paid_social,2714.9,1962,84217
2025-09-23,email,41.57,843,7417
2025-09-23,referral,0.0,0,0
2025-09-24,organic,0.0,0,0
2025-09-24,paid_search,5617.85,3115,49636
2025-09-24,paid_social,4165.42,3042,133338
2025-09-24,email,48.16,951,9159
2025-09-24,referral,0.0,0,0
2025-09-25,organic,0.0,0,0
2025-09-25,paid_search,5378.63,2938,49478
2025-09-25,paid_social,3936.95,2736,116278
2025-09-25,email,37.36,738,6755
2025-09-25,referral,0.0,0,0
2025-09-26,organic,0.0,0,0
2025-09-26,paid_search,5821.57,2976,49262
2025-09-26,paid_social,3372.24,2406,97336
2025-09-26,email,57.89,1056,9380
2025-09-26,referral,0.0,0,0
2025-09-27,organic,0.0,0,0
2025-09-27,paid_search,4397.48,2460,36186
2025-09-27,paid_social,2881.7,2119,94965
2025-09-27,email,45.72,868,7971
2025-09-27,referral,0.0,0,0
2025-09-28,organic,0.0,0,0
2025-09-28,paid_search,3958.78,2239,37169
2025-09-28,paid_social,3280.91,2136,99690
2025-09-28,email,44.39,855,7747
2025-09-28,referral,0.0,0,0
2025-09-29,organic,0.0,0,0
2025-09-29,paid_search,6147.99,3441,56649
2025-09-29,paid_social,3828.54,2644,116912
2025-09-29,email,42.92,849,7825
2025-09-29,referral,0.0,0,0
2025-09-30,organic,0.0,0,0
2025-09-30,paid_search,6321.29,3450,52669
2025-09-30,paid_social,3858.58,2857,127529
2025-09-30,email,50.69,1008,8679
2025-09-30,referral,0.0,0,0
2025-10-01,organic,0.0,0,0
2025-10-01,paid_search,4825.5,3056,49925
2025-10-01,paid_social,4107.1,2977,131546
2025-10-01,email,56.84,1054,9417
2025-10-01,referral,0.0,0,0
2025-10-02,organic,0.0,0,0
2025-10-02,paid_search,6081.87,3436,51106
2025-10-02,paid_social,3448.57,2735,113783
2025-10-02,email,46.39,926,8411
2025-10-02,referral,0.0,0,0
2025-10-03,organic,0.0,0,0
2025-10-03,paid_search,5802.5,3103,56836
2025-10-03,paid_social,4786.32,3027,125164
2025-10-03,email,45.09,890,8174
2025-10-03,referral,0.0,0,0
2025-10-04,organic,0.0,0,0
2025-10-04,paid_search,3162.49,1573,26688
2025-10-04,paid_social,3288.82,2290,95605
2025-10-04,email,38.86,756,7545
2025-10-04,referral,0.0,0,0
2025-10-05,organic,0.0,0,0
2025-10-05,paid_search,5716.97,2927,46825
2025-10-05,paid_social,3114.1,2272,93818
2025-10-05,email,40.42,809,7363
2025-10-05,referral,0.0,0,0
2025-10-06,organic,0.0,0,0
2025-10-06,paid_search,6185.48,3105,49105
2025-10-06,paid_social,4164.17,2892,115840
2025-10-06,email,41.36,795,7116
2025-10-06,referral,0.0,0,0
2025-10-07,organic,0.0,0,0
2025-10-07,paid_search,5392.72,3041,49502
2025-10-07,paid_social,3417.54,2336,94957
2025-10-07,email,46.06,857,7247
2025-10-07,referral,0.0,0,0
2025-10-08,organic,0.0,0,0
2025-10-08,paid_search,4980.88,2709,45037
2025-10-08,paid_social,3297.12,2360,100578
2025-10-08,email,52.35,1054,9821
2025-10-08,referral,0.0,0,0
2025-10-09,organic,0.0,0,0
2025-10-09,paid_search,5613.6,3045,50682
2025-10-09,paid_social,4199.21,3015,117437
2025-10-09,email,41.88,828,7095
2025-10-09,referral,0.0,0,0
2025-10-10,organic,0.0,0,0
2025-10-10,paid_search,6583.65,3314,50712
2025-10-10,paid_social,3481.11,2620,113165
2025-10-10,email,49.13,956,8231
2025-10-10,referral,0.0,0,0
2025-10-11,organic,0.0,0,0
2025-10-11,paid_search,5060.32,2661,44500
2025-10-11,paid_social,3083.72,2345,104393
2025-10-11,email,43.98,866,7745
2025-10-11,referral,0.0,0,0
2025-10-12,organic,0.0,0,0
2025-10-12,paid_search,4957.6,2560,42096
2025-10-12,paid_social,3303.83,2359,104044
2025-10-12,email,40.54,813,7208
2025-10-12,referral,0.0,0,0
2025-10-13,organic,0.0,0,0
2025-10-13,paid_search,6048.2,3245,52938
2025-10-13,paid_social,3852.55,2949,132327
2025-10-13,email,42.4,872,8302
2025-10-13,referral,0.0,0,0
2025-10-14,organic,0.0,0,0
2025-10-14,paid_search,5155.57,2838,48364
2025-10-14,paid_social,4667.81,3103,122821
2025-10-14,email,53.49,1091,9667
2025-10-14,referral,0.0,0,0
2025-10-15,organic,0.0,0,0
2025-10-15,paid_search,5728.3,3061,49740
2025-10-15,paid_social,3567.25,2538,102446
2025-10-15,email,38.42,737,6655
2025-10-15,referral,0.0,0,0
2025-10-16,organic,0.0,0,0
2025-10-16,paid_search,6122.63,3309,54744
2025-10-16,paid_social,4043.44,2789,113751
2025-10-16,email,47.65,1024,9190
2025-10-16,referral,0.0,0,0
2025-10-17,organic,0.0,0,0
2025-10-17,paid_search,5398.17,3032,47026
2025-10-17,paid_social,4247.09,3003,122141
2025-10-17,email,40.37,830,7634
2025-10-17,referral,0.0,0,0
2025-10-18,organic,0.0,0,0
2025-10-18,paid_search,4627.73,2737,42520
2025-10-18,paid_social,3261.68,2385,110609
2025-10-18,email,37.23,770,6566
2025-10-18,referral,0.0,0,0
2025-10-19,organic,0.0,0,0
2025-10-19,paid_search,5699.65,2978,55247
2025-10-19,paid_social,2687.38,2048,88873
2025-10-19,email,42.06,835,7767
2025-10-19,referral,0.0,0,0
2025-10-20,organic,0.0,0,0
2025-10-20,paid_search,5195.74,2507,42487
2025-10-20,paid_social,3653.44,2448,95453
2025-10-20,email,43.62,867,7233
2025-10-20,referral,0.0,0,0
2025-10-21,organic,0.0,0,0
2025-10-21,paid_search,5363.62,2882,46792
2025-10-21,paid_social,3270.24,2422,99487
2025-10-21,email,52.14,957,8313
2025-10-21,referral,0.0,0,0
2025-10-22,organic,0.0,0,0
2025-10-22,paid_search,5415.05,3193,48380
2025-10-22,paid_social,3882.23,2635,114450
2025-10-22,email,42.26,913,8718
2025-10-22,referral,0.0,0,0
2025-10-23,organic,0.0,0,0
2025-10-23,paid_search,6412.76,3375,50078
2025-10-23,paid_social,3754.68,2863,111906
2025-10-23,email,49.57,924,8879
2025-10-23,referral,0.0,0,0
2025-10-24,organic,0.0,0,0
2025-10-24,paid_search,5408.79,2819,47401
2025-10-24,paid_social,3426.94,2391,97698
2025-10-24,email,50.41,908,8433
2025-10-24,referral,0.0,0,0
2025-10-25,organic,0.0,0,0
2025-10-25,paid_search,5194.84,2694,47089
2025-10-25,paid_social,2807.85,2321,105456
2025-10-25,email,41.92,827,7422
2025-10-25,referral,0.0,0,0
2025-10-26,organic,0.0,0,0
2025-10-26,paid_search,4715.58,2671,45531
2025-10-26,paid_social,3608.09,2333,91282
2025-10-26,email,32.91,700,6610
2025-10-26,referral,0.0,0,0
2025-10-27,organic,0.0,0,0
2025-10-27,paid_search,5908.48,3160,46993
2025-10-27,paid_social,3335.07,2388,110311
2025-10-27,email,49.81,946,8389
2025-10-27,referral,0.0,0,0
2025-10-28,organic,0.0,0,0
2025-10-28,paid_search,5894.86,3015,47581
2025-10-28,paid_social,3545.37,2731,113912
2025-10-28,email,40.29,782,7542
2025-10-28,referral,0.0,0,0
2025-10-29,organic,0.0,0,0
2025-10-29,paid_search,6371.36,3201,55865
2025-10-29,paid_social,3453.11,2722,121299
2025-10-29,email,45.34,875,7856
2025-10-29,referral,0.0,0,0
2025-10-30,organic,0.0,0,0
2025-10-30,paid_search,4855.45,2974,47710
2025-10-30,paid_social,3248.77,2234,89918
2025-10-30,email,39.63,813,7857
2025-10-30,referral,0.0,0,0
2025-10-31,organic,0.0,0,0
2025-10-31,paid_search,5604.59,2989,47124
2025-10-31,paid_social,3819.81,2767,114777
2025-10-31,email,43.81,873,8823
2025-10-31,referral,0.0,0,0
2025-11-01,organic,0.0,0,0
2025-11-01,paid_search,5974.88,3157,53892
2025-11-01,paid_social,3790.18,2725,114735
2025-11-01,email,41.6,847,7931
2025-11-01,referral,0.0,0,0
2025-11-02,organic,0.0,0,0
2025-11-02,paid_search,5586.09,3366,54759
2025-11-02,paid_social,3579.13,2398,100498
2025-11-02,email,51.89,1045,9282
2025-11-02,referral,0.0,0,0
2025-11-03,organic,0.0,0,0
2025-11-03,paid_search,7346.02,3859,65184
2025-11-03,paid_social,4681.25,3416,139812
2025-11-03,email,44.12,934,9078
2025-11-03,referral,0.0,0,0
2025-11-04,organic,0.0,0,0
2025-11-04,paid_search,5997.21,3336,51038
2025-11-04,paid_social,4846.52,3436,145687
2025-11-04,email,48.31,1034,9285
2025-11-04,referral,0.0,0,0
2025-11-05,organic,0.0,0,0
2025-11-05,paid_search,6441.52,3618,53666
2025-11-05,paid_social,3938.03,2682,121860
2025-11-05,email,44.69,920,8384
2025-11-05,referral,0.0,0,0
2025-11-06,organic,0.0,0,0
2025-11-06,paid_search,6674.31,3591,58700
2025-11-06,paid_social,4037.5,2885,114080
2025-11-06,email,53.91,1058,9409
2025-11-06,referral,0.0,0,0
2025-11-07,organic,0.0,0,0
2025-11-07,paid_search,6207.72,3634,58834
2025-11-07,paid_social,4261.73,3038,122484
2025-11-07,email,51.49,1072,10399
2025-11-07,referral,0.0,0,0
2025-11-08,organic,0.0,0,0
2025-11-08,paid_search,6154.93,3393,56556
2025-11-08,paid_social,3287.23,2601,108067
2025-11-08,email,45.24,838,7429
2025-11-08,referral,0.0,0,0
2025-11-09,organic,0.0,0,0
2025-11-09,paid_search,6304.91,3432,54599
2025-11-09,paid_social,3830.24,2720,113109
2025-11-09,email,42.02,868,8015
2025-11-09,referral,0.0,0,0
2025-11-10,organic,0.0,0,0
2025-11-10,paid_search,6482.93,3666,60487
2025-11-10,paid_social,4415.0,3320,150637
2025-11-10,email,57.69,1154,11314
2025-11-10,referral,0.0,0,0
2025-11-11,organic,0.0,0,0
2025-11-11,paid_search,6370.49,3415,51967
2025-11-11,paid_social,4603.11,3555,144387
2025-11-11,email,54.7,1079,9144
2025-11-11,referral,0.0,0,0
2025-11-12,organic,0.0,0,0
2025-11-12,paid_search,6981.14,3747,56064
2025-11-12,paid_social,4083.26,2922,122592
2025-11-12,email,56.94,1131,10030
2025-11-12,referral,0.0,0,0
2025-11-13,organic,0.0,0,0
2025-11-13,paid_search,5971.87,3445,54665
2025-11-13,paid_social,4882.06,3156,143108
2025-11-13,email,47.39,949,8229
2025-11-13,referral,0.0,0,0
2025-11-14,organic,0.0,0,0
2025-11-14,paid_search,6603.75,3634,60247
2025-11-14,paid_social,5154.37,3565,146260
2025-11-14,email,51.6,1038,10212
2025-11-14,referral,0.0,0,0
2025-11-15,organic,0.0,0,0
2025-11-15,paid_search,5480.07,2865,47497
2025-11-15,paid_social,3953.95,2711,107948
2025-11-15,email,47.07,1008,9320
2025-11-15,referral,0.0,0,0
2025-11-16,organic,0.0,0,0
2025-11-16,paid_search,4229.05,2663,44430
2025-11-16,paid_social,3933.12,2928,126165
2025-11-16,email,44.39,905,8146
2025-11-16,referral,0.0,0,0
2025-11-17,organic,0.0,0,0
2025-11-17,paid_search,6597.13,3841,62412
2025-11-17,paid_social,4033.18,2948,111899
2025-11-17,email,48.98,1013,9582
2025-11-17,referral,0.0,0,0
2025-11-18,organic,0.0,0,0
2025-11-18,paid_search,7923.6,3824,65782
2025-11-18,paid_social,3909.61,3033,133664
2025-11-18,email,51.75,927,8522
2025-11-18,referral,0.0,0,0
2025-11-19,organic,0.0,0,0
2025-11-19,paid_search,6605.34,4016,63567
2025-11-19,paid_social,3940.52,3068,125686
2025-11-19,email,50.89,996,10199
2025-11-19,referral,0.0,0,0
2025-11-20,organic,0.0,0,0
2025-11-20,paid_search,7181.83,3512,55035
2025-11-20,paid_social,3820.97,2847,123765
2025-11-20,email,58.56,1121,10027
2025-11-20,referral,0.0,0,0
2025-11-21,organic,0.0,0,0
2025-11-21,paid_search,7539.58,4042,67101
2025-11-21,paid_social,4142.55,3258,140482
2025-11-21,email,50.38,1020,10168
2025-11-21,referral,0.0,0,0
2025-11-22,organic,0.0,0,0
2025-11-22,paid_search,6010.94,3209,55428
2025-11-22,paid_social,3385.41,2501,98456
2025-11-22,email,46.25,981,9131
2025-11-22,referral,0.0,0,0
2025-11-23,organic,0.0,0,0
2025-11-23,paid_search,6616.07,3531,56346
2025-11-23,paid_social,3746.73,2640,111239
2025-11-23,email,42.56,872,7523
2025-11-23,referral,0.0,0,0
2025-11-24,organic,0.0,0,0
2025-11-24,paid_search,7352.81,4327,72255
2025-11-24,paid_social,4186.75,2939,125229
2025-11-24,email,46.4,920,7674
2025-11-24,referral,0.0,0,0
2025-11-25,organic,0.0,0,0
2025-11-25,paid_search,6352.3,3681,62837
2025-11-25,paid_social,4688.14,3768,157639
2025-11-25,email,50.94,980,8902
2025-11-25,referral,0.0,0,0
2025-11-26,organic,0.0,0,0
2025-11-26,paid_search,7108.95,3713,57829
2025-11-26,paid_social,4196.25,3023,117175
2025-11-26,email,47.24,1016,9035
2025-11-26,referral,0.0,0,0
2025-11-27,organic,0.0,0,0
2025-11-27,paid_search,6416.01,3225,56650
2025-11-27,paid_social,4032.47,2707,106757
2025-11-27,email,51.7,1066,9983
2025-11-27,referral,0.0,0,0
2025-11-28,organic,0.0,0,0
2025-11-28,paid_search,7434.01,3791,62787
2025-11-28,paid_social,3325.02,2679,106473
2025-11-28,email,58.43,1217,10664
2025-11-28,referral,0.0,0,0
2025-11-29,organic,0.0,0,0
2025-11-29,paid_search,5928.71,3402,52786
2025-11-29,paid_social,3831.87,2738,106783
2025-11-29,email,44.47,926,8205
2025-11-29,referral,0.0,0,0
2025-11-30,organic,0.0,0,0
2025-11-30,paid_search,6780.74,3443,56948
2025-11-30,paid_social,3168.78,2235,97112
2025-11-30,email,49.53,968,8975
2025-11-30,referral,0.0,0,0
2025-12-01,organic,0.0,0,0
2025-12-01,paid_search,6572.64,3413,51076
2025-12-01,paid_social,4467.64,3197,131394
2025-12-01,email,49.56,1038,8992
2025-12-01,referral,0.0,0,0
2025-12-02,organic,0.0,0,0
2025-12-02,paid_search,7155.87,4050,66306
2025-12-02,paid_social,4550.33,3331,137697
2025-12-02,email,48.44,970,8496
2025-12-02,referral,0.0,0,0
2025-12-03,organic,0.0,0,0
2025-12-03,paid_search,5933.19,3201,48485
2025-12-03,paid_social,5492.67,3539,150294
2025-12-03,email,44.39,900,8034
2025-12-03,referral,0.0,0,0
2025-12-04,organic,0.0,0,0
2025-12-04,paid_search,7025.92,3764,57647
2025-12-04,paid_social,4446.92,3241,133133
2025-12-04,email,43.1,877,8556
2025-12-04,referral,0.0,0,0
2025-12-05,organic,0.0,0,0
2025-12-05,paid_search,6693.12,3783,61191
2025-12-05,paid_social,4530.84,3191,130268
2025-12-05,email,59.38,1230,11282
2025-12-05,referral,0.0,0,0
2025-12-06,organic,0.0,0,0
2025-12-06,paid_search,5421.11,3280,50208
2025-12-06,paid_social,4339.86,3125,124572
2025-12-06,email,44.2,844,7794
2025-12-06,referral,0.0,0,0
2025-12-07,organic,0.0,0,0
2025-12-07,paid_search,4653.27,2744,43494
2025-12-07,paid_social,3773.32,2771,112387
2025-12-07,email,40.81,795,8077
2025-12-07,referral,0.0,0,0
2025-12-08,organic,0.0,0,0
2025-12-08,paid_search,6335.32,3441,56860
2025-12-08,paid_social,4033.22,2812,120753
2025-12-08,email,53.31,951,9389
2025-12-08,referral,0.0,0,0
2025-12-09,organic,0.0,0,0
2025-12-09,paid_search,6278.94,3568,64217
2025-12-09,paid_social,4284.54,3269,141564
2025-12-09,email,59.55,1204,10885
2025-12-09,referral,0.0,0,0
2025-12-10,organic,0.0,0,0
2025-12-10,paid_search,6886.0,3919,61132
2025-12-10,paid_social,4920.23,3322,136600
2025-12-10,email,58.38,1111,10270
2025-12-10,referral,0.0,0,0
2025-12-11,organic,0.0,0,0
2025-12-11,paid_search,7889.49,4268,65105
2025-12-11,paid_social,4261.92,3099,127150
2025-12-11,email,61.84,1161,11317
2025-12-11,referral,0.0,0,0
2025-12-12,organic,0.0,0,0
2025-12-12,paid_search,5679.9,3101,52825
2025-12-12,paid_social,3974.26,2940,123996
2025-12-12,email,46.18,945,8749
2025-12-12,referral,0.0,0,0
2025-12-13,organic,0.0,0,0
2025-12-13,paid_search,5709.0,3033,45355
2025-12-13,paid_social,3556.94,3068,129240
2025-12-13,email,37.92,759,6806
2025-12-13,referral,0.0,0,0
2025-12-14,organic,0.0,0,0
2025-12-14,paid_search,6238.28,3472,50373
2025-12-14,paid_social,3931.78,2727,113258
2025-12-14,email,46.38,875,8624
2025-12-14,referral,0.0,0,0
2025-12-15,organic,0.0,0,0
2025-12-15,paid_search,6912.49,3791,63652
2025-12-15,paid_social,4093.02,2854,114967
2025-12-15,email,51.72,1025,9194
2025-12-15,referral,0.0,0,0
2025-12-16,organic,0.0,0,0
2025-12-16,paid_search,8460.15,4646,75690
2025-12-16,paid_social,4661.55,3425,137548
2025-12-16,email,52.72,1112,11530
2025-12-16,referral,0.0,0,0
2025-12-17,organic,0.0,0,0
2025-12-17,paid_search,5465.91,3159,51631
2025-12-17,paid_social,3593.0,2563,100085
2025-12-17,email,58.63,1211,11287
2025-12-17,referral,0.0,0,0
2025-12-18,organic,0.0,0,0
2025-12-18,paid_search,7116.01,3697,58087
2025-12-18,paid_social,5234.4,3440,146149
2025-12-18,email,66.17,1256,11374
2025-12-18,referral,0.0,0,0
2025-12-19,organic,0.0,0,0
2025-12-19,paid_search,7476.51,3986,61434
2025-12-19,paid_social,4053.02,2936,124714
2025-12-19,email,53.48,1048,9209
2025-12-19,referral,0.0,0,0
2025-12-20,organic,0.0,0,0
2025-12-20,paid_search,5678.88,2970,49489
2025-12-20,paid_social,4442.44,3262,139027
2025-12-20,email,50.73,1014,10115
2025-12-20,referral,0.0,0,0
2025-12-21,organic,0.0,0,0
2025-12-21,paid_search,6340.7,3557,59234
2025-12-21,paid_social,3448.29,2367,91308
2025-12-21,email,53.65,1056,9721
2025-12-21,referral,0.0,0,0
2025-12-22,organic,0.0,0,0
2025-12-22,paid_search,7111.26,3673,59697
2025-12-22,paid_social,4391.38,3127,128728
2025-12-22,email,58.71,1104,10115
2025-12-22,referral,0.0,0,0
2025-12-23,organic,0.0,0,0
2025-12-23,paid_search,6907.32,3588,62174
2025-12-23,paid_social,4165.66,2910,125909
2025-12-23,email,50.85,1046,8990
2025-12-23,referral,0.0,0,0
2025-12-24,organic,0.0,0,0
2025-12-24,paid_search,6888.02,3642,59391
2025-12-24,paid_social,4491.11,3354,137766
2025-12-24,email,50.74,1093,9649
2025-12-24,referral,0.0,0,0
2025-12-25,organic,0.0,0,0
2025-12-25,paid_search,6120.08,3265,50784
2025-12-25,paid_social,4516.77,3080,130651
2025-12-25,email,57.37,1061,9450
2025-12-25,referral,0.0,0,0
2025-12-26,organic,0.0,0,0
2025-12-26,paid_search,5855.69,3163,48780
2025-12-26,paid_social,4719.42,3264,141897
2025-12-26,email,42.99,926,8234
2025-12-26,referral,0.0,0,0
2025-12-27,organic,0.0,0,0
2025-12-27,paid_search,4902.34,2718,44027
2025-12-27,paid_social,3755.29,2597,112700
2025-12-27,email,42.41,831,7874
2025-12-27,referral,0.0,0,0
2025-12-28,organic,0.0,0,0
2025-12-28,paid_search,6105.35,3250,54924
2025-12-28,paid_social,4221.94,3057,132952
2025-12-28,email,43.48,877,7538
2025-12-28,referral,0.0,0,0
2025-12-29,organic,0.0,0,0
2025-12-29,paid_search,7098.32,3883,61004
2025-12-29,paid_social,4152.31,3191,142758
2025-12-29,email,37.25,791,6808
2025-12-29,referral,0.0,0,0
2025-12-30,organic,0.0,0,0
2025-12-30,paid_search,6648.17,3616,55613
2025-12-30,paid_social,5862.55,3879,159068
2025-12-30,email,50.58,1020,9571
2025-12-30,referral,0.0,0,0
2025-12-31,organic,0.0,0,0
2025-12-31,paid_search,6339.24,3348,46385
2025-12-31,paid_social,4886.09,3322,129276
2025-12-31,email,50.8,1026,9906
2025-12-31,referral,0.0,0,0
