cost_date,category,region,amount
2024-07-01,rent,us,482.82
2024-07-01,rent,eu,482.81
2024-07-01,rent,apac,482.81
2024-07-01,rent,latam,482.81
2024-07-01,software_licenses,us,259.96
2024-07-01,software_licenses,eu,259.96
2024-07-01,software_licenses,apac,259.96
2024-07-01,software_licenses,latam,259.96
2024-07-01,logistics,us,1647.86
2024-07-01,logistics,eu,745.0
2024-07-01,logistics,apac,308.0
2024-07-01,logistics,latam,273.59
2024-07-01,packaging,us,422.32
2024-07-01,packaging,eu,172.57
2024-07-01,packaging,apac,81.0
2024-07-01,packaging,latam,74.13
2024-07-01,payment_processing_fees,us,404.62
2024-07-01,payment_processing_fees,eu,404.61
2024-07-01,payment_processing_fees,apac,404.61
2024-07-01,payment_processing_fees,latam,404.61
2024-07-01,customer_support_tooling,us,130.96
2024-07-01,customer_support_tooling,eu,130.96
2024-07-01,customer_support_tooling,apac,130.95
2024-07-01,customer_support_tooling,latam,130.95
2024-07-01,insurance,us,96.87
2024-07-01,insurance,eu,96.86
2024-07-01,insurance,apac,96.86
2024-07-01,insurance,latam,96.86
2024-07-02,rent,us,429.27
2024-07-02,rent,eu,429.27
2024-07-02,rent,apac,429.27
2024-07-02,rent,latam,429.26
2024-07-02,software_licenses,us,282.45
2024-07-02,software_licenses,eu,282.45
2024-07-02,software_licenses,apac,282.44
2024-07-02,software_licenses,latam,282.44
2024-07-02,logistics,us,1621.67
2024-07-02,logistics,eu,705.1
2024-07-02,logistics,apac,331.41
2024-07-02,logistics,latam,292.43
2024-07-02,packaging,us,415.45
2024-07-02,packaging,eu,182.02
2024-07-02,packaging,apac,79.57
2024-07-02,packaging,latam,77.61
2024-07-02,payment_processing_fees,us,394.46
2024-07-02,payment_processing_fees,eu,394.45
2024-07-02,payment_processing_fees,apac,394.45
2024-07-02,payment_processing_fees,latam,394.45
2024-07-02,customer_support_tooling,us,129.52
2024-07-02,customer_support_tooling,eu,129.52
2024-07-02,customer_support_tooling,apac,129.52
2024-07-02,customer_support_tooling,latam,129.51
2024-07-02,insurance,us,97.51
2024-07-02,insurance,eu,97.50
2024-07-02,insurance,apac,97.50
2024-07-02,insurance,latam,97.50
2024-07-03,rent,us,478.13
2024-07-03,rent,eu,478.13
2024-07-03,rent,apac,478.13
2024-07-03,rent,latam,478.13
2024-07-03,software_licenses,us,265.57
2024-07-03,software_licenses,eu,265.57
2024-07-03,software_licenses,apac,265.56
2024-07-03,software_licenses,latam,265.56
2024-07-03,logistics,us,1742.95
2024-07-03,logistics,eu,738.17
2024-07-03,logistics,apac,289.26
2024-07-03,logistics,latam,286.38
2024-07-03,packaging,us,445.43
2024-07-03,packaging,eu,176.47
2024-07-03,packaging,apac,87.26
2024-07-03,packaging,latam,68.47
2024-07-03,payment_processing_fees,us,342.85
2024-07-03,payment_processing_fees,eu,342.85
2024-07-03,payment_processing_fees,apac,342.85
2024-07-03,payment_processing_fees,latam,342.85
2024-07-03,customer_support_tooling,us,131.41
2024-07-03,customer_support_tooling,eu,131.41
2024-07-03,customer_support_tooling,apac,131.41
2024-07-03,customer_support_tooling,latam,131.41
2024-07-03,insurance,us,96.53
2024-07-03,insurance,eu,96.53
2024-07-03,insurance,apac,96.53
2024-07-03,insurance,latam,96.53
2024-07-04,rent,us,468.58
2024-07-04,rent,eu,468.58
2024-07-04,rent,apac,468.58
2024-07-04,rent,latam,468.57
2024-07-04,software_licenses,us,277.47
2024-07-04,software_licenses,eu,277.46
2024-07-04,software_licenses,apac,277.46
2024-07-04,software_licenses,latam,277.46
2024-07-04,logistics,us,1907.05
2024-07-04,logistics,eu,766.56
2024-07-04,logistics,apac,361.11
2024-07-04,logistics,latam,278.7
2024-07-04,packaging,us,377.93
2024-07-04,packaging,eu,185.99
2024-07-04,packaging,apac,79.77
2024-07-04,packaging,latam,70.28
2024-07-04,payment_processing_fees,us,350.41
2024-07-04,payment_processing_fees,eu,350.41
2024-07-04,payment_processing_fees,apac,350.41
2024-07-04,payment_processing_fees,latam,350.41
2024-07-04,customer_support_tooling,us,125.17
2024-07-04,customer_support_tooling,eu,125.17
2024-07-04,customer_support_tooling,apac,125.17
2024-07-04,customer_support_tooling,latam,125.17
2024-07-04,insurance,us,98.91
2024-07-04,insurance,eu,98.90
2024-07-04,insurance,apac,98.90
2024-07-04,insurance,latam,98.90
2024-07-05,rent,us,442.09
2024-07-05,rent,eu,442.09
2024-07-05,rent,apac,442.08
2024-07-05,rent,latam,442.08
2024-07-05,software_licenses,us,300.66
2024-07-05,software_licenses,eu,300.66
2024-07-05,software_licenses,apac,300.65
2024-07-05,software_licenses,latam,300.65
2024-07-05,logistics,us,1891.43
2024-07-05,logistics,eu,802.74
2024-07-05,logistics,apac,344.07
2024-07-05,logistics,latam,266.48
2024-07-05,packaging,us,468.56
2024-07-05,packaging,eu,187.91
2024-07-05,packaging,apac,84.73
2024-07-05,packaging,latam,70.0
2024-07-05,payment_processing_fees,us,352.45
2024-07-05,payment_processing_fees,eu,352.44
2024-07-05,payment_processing_fees,apac,352.44
2024-07-05,payment_processing_fees,latam,352.44
2024-07-05,customer_support_tooling,us,120.43
2024-07-05,customer_support_tooling,eu,120.43
2024-07-05,customer_support_tooling,apac,120.43
2024-07-05,customer_support_tooling,latam,120.43
2024-07-05,insurance,us,99.01
2024-07-05,insurance,eu,99.01
2024-07-05,insurance,apac,99.01
2024-07-05,insurance,latam,99.00
2024-07-06,rent,us,448.93
2024-07-06,rent,eu,448.93
2024-07-06,rent,apac,448.93
2024-07-06,rent,latam,448.93
2024-07-06,software_licenses,us,300.25
2024-07-06,software_licenses,eu,300.25
2024-07-06,software_licenses,apac,300.25
2024-07-06,software_licenses,latam,300.25
2024-07-06,logistics,us,1720.71
2024-07-06,logistics,eu,689.08
2024-07-06,logistics,apac,328.0
2024-07-06,logistics,latam,305.98
2024-07-06,packaging,us,458.63
2024-07-06,packaging,eu,184.97
2024-07-06,packaging,apac,78.05
2024-07-06,packaging,latam,70.54
2024-07-06,payment_processing_fees,us,347.87
2024-07-06,payment_processing_fees,eu,347.87
2024-07-06,payment_processing_fees,apac,347.87
2024-07-06,payment_processing_fees,latam,347.86
2024-07-06,customer_support_tooling,us,130.00
2024-07-06,customer_support_tooling,eu,129.99
2024-07-06,customer_support_tooling,apac,129.99
2024-07-06,customer_support_tooling,latam,129.99
2024-07-06,insurance,us,93.74
2024-07-06,insurance,eu,93.74
2024-07-06,insurance,apac,93.74
2024-07-06,insurance,latam,93.73
2024-07-07,rent,us,461.07
2024-07-07,rent,eu,461.07
2024-07-07,rent,apac,461.07
2024-07-07,rent,latam,461.07
2024-07-07,software_licenses,us,285.79
2024-07-07,software_licenses,eu,285.78
2024-07-07,software_licenses,apac,285.78
2024-07-07,software_licenses,latam,285.78
2024-07-07,logistics,us,1727.05
2024-07-07,logistics,eu,743.06
2024-07-07,logistics,apac,337.75
2024-07-07,logistics,latam,279.45
2024-07-07,packaging,us,415.68
2024-07-07,packaging,eu,168.55
2024-07-07,packaging,apac,85.37
2024-07-07,packaging,latam,62.82
2024-07-07,payment_processing_fees,us,342.97
2024-07-07,payment_processing_fees,eu,342.97
2024-07-07,payment_processing_fees,apac,342.97
2024-07-07,payment_processing_fees,latam,342.97
2024-07-07,customer_support_tooling,us,127.10
2024-07-07,customer_support_tooling,eu,127.10
2024-07-07,customer_support_tooling,apac,127.10
2024-07-07,customer_support_tooling,latam,127.10
2024-07-07,insurance,us,94.66
2024-07-07,insurance,eu,94.66
2024-07-07,insurance,apac,94.66
2024-07-07,insurance,latam,94.66
2024-07-08,rent,us,440.78
2024-07-08,rent,eu,440.77
2024-07-08,rent,apac,440.77
2024-07-08,rent,latam,440.77
2024-07-08,software_licenses,us,280.55
2024-07-08,software_licenses,eu,280.55
2024-07-08,software_licenses,apac,280.55
2024-07-08,software_licenses,latam,280.55
2024-07-08,logistics,us,1722.29
2024-07-08,logistics,eu,732.45
2024-07-08,logistics,apac,296.59
2024-07-08,logistics,latam,304.06
2024-07-08,packaging,us,486.54
2024-07-08,packaging,eu,155.17
2024-07-08,packaging,apac,90.4
2024-07-08,packaging,latam,65.9
2024-07-08,payment_processing_fees,us,373.62
2024-07-08,payment_processing_fees,eu,373.62
2024-07-08,payment_processing_fees,apac,373.62
2024-07-08,payment_processing_fees,latam,373.62
2024-07-08,customer_support_tooling,us,132.80
2024-07-08,customer_support_tooling,eu,132.80
2024-07-08,customer_support_tooling,apac,132.80
2024-07-08,customer_support_tooling,latam,132.79
2024-07-08,insurance,us,93.99
2024-07-08,insurance,eu,93.99
2024-07-08,insurance,apac,93.99
2024-07-08,insurance,latam,93.99
2024-07-09,rent,us,478.21
2024-07-09,rent,eu,478.21
2024-07-09,rent,apac,478.20
2024-07-09,rent,latam,478.20
2024-07-09,software_licenses,us,244.64
2024-07-09,software_licenses,eu,244.64
2024-07-09,software_licenses,apac,244.64
2024-07-09,software_licenses,latam,244.64
2024-07-09,logistics,us,1847.18
2024-07-09,logistics,eu,766.64
2024-07-09,logistics,apac,299.82
2024-07-09,logistics,latam,275.55
2024-07-09,packaging,us,423.86
2024-07-09,packaging,eu,194.3
2024-07-09,packaging,apac,74.4
2024-07-09,packaging,latam,71.14
2024-07-09,payment_processing_fees,us,363.72
2024-07-09,payment_processing_fees,eu,363.71
2024-07-09,payment_processing_fees,apac,363.71
2024-07-09,payment_processing_fees,latam,363.71
2024-07-09,customer_support_tooling,us,118.92
2024-07-09,customer_support_tooling,eu,118.91
2024-07-09,customer_support_tooling,apac,118.91
2024-07-09,customer_support_tooling,latam,118.91
2024-07-09,insurance,us,99.63
2024-07-09,insurance,eu,99.62
2024-07-09,insurance,apac,99.62
2024-07-09,insurance,latam,99.62
2024-07-10,rent,us,460.16
2024-07-10,rent,eu,460.16
2024-07-10,rent,apac,460.16
2024-07-10,rent,latam,460.15
2024-07-10,software_licenses,us,276.22
2024-07-10,software_licenses,eu,276.22
2024-07-10,software_licenses,apac,276.22
2024-07-10,software_licenses,latam,276.21
2024-07-10,logistics,us,1834.81
2024-07-10,logistics,eu,794.14
2024-07-10,logistics,apac,338.09
2024-07-10,logistics,latam,291.87
2024-07-10,packaging,us,414.81
2024-07-10,packaging,eu,191.33
2024-07-10,packaging,apac,78.57
2024-07-10,packaging,latam,75.69
2024-07-10,payment_processing_fees,us,379.91
2024-07-10,payment_processing_fees,eu,379.91
2024-07-10,payment_processing_fees,apac,379.91
2024-07-10,payment_processing_fees,latam,379.90
2024-07-10,customer_support_tooling,us,129.41
2024-07-10,customer_support_tooling,eu,129.41
2024-07-10,customer_support_tooling,apac,129.41
2024-07-10,customer_support_tooling,latam,129.41
2024-07-10,insurance,us,90.00
2024-07-10,insurance,eu,90.00
2024-07-10,insurance,apac,90.00
2024-07-10,insurance,latam,89.99
2024-07-11,rent,us,453.86
2024-07-11,rent,eu,453.86
2024-07-11,rent,apac,453.86
2024-07-11,rent,latam,453.85
2024-07-11,software_licenses,us,289.98
2024-07-11,software_licenses,eu,289.98
2024-07-11,software_licenses,apac,289.98
2024-07-11,software_licenses,latam,289.98
2024-07-11,logistics,us,1679.98
2024-07-11,logistics,eu,725.36
2024-07-11,logistics,apac,355.98
2024-07-11,logistics,latam,248.35
2024-07-11,packaging,us,428.15
2024-07-11,packaging,eu,194.11
2024-07-11,packaging,apac,75.33
2024-07-11,packaging,latam,74.82
2024-07-11,payment_processing_fees,us,380.35
2024-07-11,payment_processing_fees,eu,380.35
2024-07-11,payment_processing_fees,apac,380.35
2024-07-11,payment_processing_fees,latam,380.35
2024-07-11,customer_support_tooling,us,133.78
2024-07-11,customer_support_tooling,eu,133.77
2024-07-11,customer_support_tooling,apac,133.77
2024-07-11,customer_support_tooling,latam,133.77
2024-07-11,insurance,us,97.19
2024-07-11,insurance,eu,97.18
2024-07-11,insurance,apac,97.18
2024-07-11,insurance,latam,97.18
2024-07-12,rent,us,418.56
2024-07-12,rent,eu,418.56
2024-07-12,rent,apac,418.56
2024-07-12,rent,latam,418.55
2024-07-12,software_licenses,us,282.13
2024-07-12,software_licenses,eu,282.13
2024-07-12,software_licenses,apac,282.13
2024-07-12,software_licenses,latam,282.13
2024-07-12,logistics,us,1732.92
2024-07-12,logistics,eu,701.57
2024-07-12,logistics,apac,276.02
2024-07-12,logistics,latam,286.6
2024-07-12,packaging,us,384.5
2024-07-12,packaging,eu,196.36
2024-07-12,packaging,apac,75.52
2024-07-12,packaging,latam,63.45
2024-07-12,payment_processing_fees,us,359.89
2024-07-12,payment_processing_fees,eu,359.89
2024-07-12,payment_processing_fees,apac,359.89
2024-07-12,payment_processing_fees,latam,359.89
2024-07-12,customer_support_tooling,us,129.31
2024-07-12,customer_support_tooling,eu,129.31
2024-07-12,customer_support_tooling,apac,129.31
2024-07-12,customer_support_tooling,latam,129.30
2024-07-12,insurance,us,87.37
2024-07-12,insurance,eu,87.37
2024-07-12,insurance,apac,87.36
2024-07-12,insurance,latam,87.36
2024-07-13,rent,us,467.84
2024-07-13,rent,eu,467.83
2024-07-13,rent,apac,467.83
2024-07-13,rent,latam,467.83
2024-07-13,software_licenses,us,281.87
2024-07-13,software_licenses,eu,281.87
2024-07-13,software_licenses,apac,281.86
2024-07-13,software_licenses,latam,281.86
2024-07-13,logistics,us,1895.16
2024-07-13,logistics,eu,711.0
2024-07-13,logistics,apac,287.32
2024-07-13,logistics,latam,255.35
2024-07-13,packaging,us,481.52
2024-07-13,packaging,eu,171.61
2024-07-13,packaging,apac,70.71
2024-07-13,packaging,latam,59.62
2024-07-13,payment_processing_fees,us,339.98
2024-07-13,payment_processing_fees,eu,339.98
2024-07-13,payment_processing_fees,apac,339.98
2024-07-13,payment_processing_fees,latam,339.98
2024-07-13,customer_support_tooling,us,124.91
2024-07-13,customer_support_tooling,eu,124.90
2024-07-13,customer_support_tooling,apac,124.90
2024-07-13,customer_support_tooling,latam,124.90
2024-07-13,insurance,us,91.48
2024-07-13,insurance,eu,91.47
2024-07-13,insurance,apac,91.47
2024-07-13,insurance,latam,91.47
2024-07-14,rent,us,478.43
2024-07-14,rent,eu,478.42
2024-07-14,rent,apac,478.42
2024-07-14,rent,latam,478.42
2024-07-14,software_licenses,us,273.54
2024-07-14,software_licenses,eu,273.53
2024-07-14,software_licenses,apac,273.53
2024-07-14,software_licenses,latam,273.53
2024-07-14,logistics,us,1846.98
2024-07-14,logistics,eu,707.19
2024-07-14,logistics,apac,342.37
2024-07-14,logistics,latam,254.72
2024-07-14,packaging,us,402.27
2024-07-14,packaging,eu,181.28
2024-07-14,packaging,apac,79.91
2024-07-14,packaging,latam,62.58
2024-07-14,payment_processing_fees,us,349.84
2024-07-14,payment_processing_fees,eu,349.83
2024-07-14,payment_processing_fees,apac,349.83
2024-07-14,payment_processing_fees,latam,349.83
2024-07-14,customer_support_tooling,us,122.76
2024-07-14,customer_support_tooling,eu,122.75
2024-07-14,customer_support_tooling,apac,122.75
2024-07-14,customer_support_tooling,latam,122.75
2024-07-14,insurance,us,101.42
2024-07-14,insurance,eu,101.42
2024-07-14,insurance,apac,101.42
2024-07-14,insurance,latam,101.41
2024-07-15,rent,us,461.83
2024-07-15,rent,eu,461.83
2024-07-15,rent,apac,461.83
2024-07-15,rent,latam,461.82
2024-07-15,software_licenses,us,298.64
2024-07-15,software_licenses,eu,298.63
2024-07-15,software_licenses,apac,298.63
2024-07-15,software_licenses,latam,298.63
2024-07-15,logistics,us,1729.76
2024-07-15,logistics,eu,810.54
2024-07-15,logistics,apac,303.33
2024-07-15,logistics,latam,318.21
2024-07-15,packaging,us,500.01
2024-07-15,packaging,eu,178.59
2024-07-15,packaging,apac,84.83
2024-07-15,packaging,latam,70.78
2024-07-15,payment_processing_fees,us,404.57
2024-07-15,payment_processing_fees,eu,404.57
2024-07-15,payment_processing_fees,apac,404.56
2024-07-15,payment_processing_fees,latam,404.56
2024-07-15,customer_support_tooling,us,134.23
2024-07-15,customer_support_tooling,eu,134.22
2024-07-15,customer_support_tooling,apac,134.22
2024-07-15,customer_support_tooling,latam,134.22
2024-07-15,insurance,us,98.65
2024-07-15,insurance,eu,98.65
2024-07-15,insurance,apac,98.65
2024-07-15,insurance,latam,98.64
2024-07-16,rent,us,438.61
2024-07-16,rent,eu,438.60
2024-07-16,rent,apac,438.60
2024-07-16,rent,latam,438.60
2024-07-16,software_licenses,us,286.91
2024-07-16,software_licenses,eu,286.91
2024-07-16,software_licenses,apac,286.91
2024-07-16,software_licenses,latam,286.90
2024-07-16,logistics,us,1748.85
2024-07-16,logistics,eu,841.78
2024-07-16,logistics,apac,328.86
2024-07-16,logistics,latam,295.23
2024-07-16,packaging,us,444.93
2024-07-16,packaging,eu,159.41
2024-07-16,packaging,apac,81.67
2024-07-16,packaging,latam,71.07
2024-07-16,payment_processing_fees,us,352.36
2024-07-16,payment_processing_fees,eu,352.36
2024-07-16,payment_processing_fees,apac,352.36
2024-07-16,payment_processing_fees,latam,352.36
2024-07-16,customer_support_tooling,us,132.23
2024-07-16,customer_support_tooling,eu,132.23
2024-07-16,customer_support_tooling,apac,132.22
2024-07-16,customer_support_tooling,latam,132.22
2024-07-16,insurance,us,91.81
2024-07-16,insurance,eu,91.81
2024-07-16,insurance,apac,91.80
2024-07-16,insurance,latam,91.80
2024-07-17,rent,us,457.80
2024-07-17,rent,eu,457.79
2024-07-17,rent,apac,457.79
2024-07-17,rent,latam,457.79
2024-07-17,software_licenses,us,251.03
2024-07-17,software_licenses,eu,251.03
2024-07-17,software_licenses,apac,251.03
2024-07-17,software_licenses,latam,251.03
2024-07-17,logistics,us,2029.47
2024-07-17,logistics,eu,687.14
2024-07-17,logistics,apac,287.01
2024-07-17,logistics,latam,309.05
2024-07-17,packaging,us,437.54
2024-07-17,packaging,eu,184.83
2024-07-17,packaging,apac,69.15
2024-07-17,packaging,latam,64.86
2024-07-17,payment_processing_fees,us,357.32
2024-07-17,payment_processing_fees,eu,357.32
2024-07-17,payment_processing_fees,apac,357.32
2024-07-17,payment_processing_fees,latam,357.31
2024-07-17,customer_support_tooling,us,123.45
2024-07-17,customer_support_tooling,eu,123.45
2024-07-17,customer_support_tooling,apac,123.44
2024-07-17,customer_support_tooling,latam,123.44
2024-07-17,insurance,us,97.75
2024-07-17,insurance,eu,97.75
2024-07-17,insurance,apac,97.75
2024-07-17,insurance,latam,97.74
2024-07-18,rent,us,447.48
2024-07-18,rent,eu,447.48
2024-07-18,rent,apac,447.48
2024-07-18,rent,latam,447.48
2024-07-18,software_licenses,us,289.03
2024-07-18,software_licenses,eu,289.02
2024-07-18,software_licenses,apac,289.02
2024-07-18,software_licenses,latam,289.02
2024-07-18,logistics,us,1849.51
2024-07-18,logistics,eu,766.71
2024-07-18,logistics,apac,309.57
2024-07-18,logistics,latam,274.35
2024-07-18,packaging,us,413.83
2024-07-18,packaging,eu,163.44
2024-07-18,packaging,apac,83.32
2024-07-18,packaging,latam,77.02
2024-07-18,payment_processing_fees,us,377.38
2024-07-18,payment_processing_fees,eu,377.37
2024-07-18,payment_processing_fees,apac,377.37
2024-07-18,payment_processing_fees,latam,377.37
2024-07-18,customer_support_tooling,us,131.65
2024-07-18,customer_support_tooling,eu,131.64
2024-07-18,customer_support_tooling,apac,131.64
2024-07-18,customer_support_tooling,latam,131.64
2024-07-18,insurance,us,91.14
2024-07-18,insurance,eu,91.13
2024-07-18,insurance,apac,91.13
2024-07-18,insurance,latam,91.13
2024-07-19,rent,us,456.88
2024-07-19,rent,eu,456.88
2024-07-19,rent,apac,456.88
2024-07-19,rent,latam,456.88
2024-07-19,software_licenses,us,290.57
2024-07-19,software_licenses,eu,290.57
2024-07-19,software_licenses,apac,290.57
2024-07-19,software_licenses,latam,290.56
2024-07-19,logistics,us,1669.88
2024-07-19,logistics,eu,730.81
2024-07-19,logistics,apac,339.79
2024-07-19,logistics,latam,278.94
2024-07-19,packaging,us,426.04
2024-07-19,packaging,eu,186.47
2024-07-19,packaging,apac,80.14
2024-07-19,packaging,latam,71.77
2024-07-19,payment_processing_fees,us,357.40
2024-07-19,payment_processing_fees,eu,357.39
2024-07-19,payment_processing_fees,apac,357.39
2024-07-19,payment_processing_fees,latam,357.39
2024-07-19,customer_support_tooling,us,130.62
2024-07-19,customer_support_tooling,eu,130.62
2024-07-19,customer_support_tooling,apac,130.62
2024-07-19,customer_support_tooling,latam,130.62
2024-07-19,insurance,us,90.99
2024-07-19,insurance,eu,90.99
2024-07-19,insurance,apac,90.99
2024-07-19,insurance,latam,90.99
2024-07-20,rent,us,468.50
2024-07-20,rent,eu,468.50
2024-07-20,rent,apac,468.50
2024-07-20,rent,latam,468.49
2024-07-20,software_licenses,us,274.17
2024-07-20,software_licenses,eu,274.17
2024-07-20,software_licenses,apac,274.17
2024-07-20,software_licenses,latam,274.17
2024-07-20,logistics,us,1755.31
2024-07-20,logistics,eu,781.59
2024-07-20,logistics,apac,320.92
2024-07-20,logistics,latam,291.14
2024-07-20,packaging,us,400.28
2024-07-20,packaging,eu,183.19
2024-07-20,packaging,apac,85.97
2024-07-20,packaging,latam,68.54
2024-07-20,payment_processing_fees,us,381.04
2024-07-20,payment_processing_fees,eu,381.04
2024-07-20,payment_processing_fees,apac,381.04
2024-07-20,payment_processing_fees,latam,381.03
2024-07-20,customer_support_tooling,us,136.29
2024-07-20,customer_support_tooling,eu,136.29
2024-07-20,customer_support_tooling,apac,136.28
2024-07-20,customer_support_tooling,latam,136.28
2024-07-20,insurance,us,94.43
2024-07-20,insurance,eu,94.43
2024-07-20,insurance,apac,94.43
2024-07-20,insurance,latam,94.42
2024-07-21,rent,us,433.34
2024-07-21,rent,eu,433.34
2024-07-21,rent,apac,433.34
2024-07-21,rent,latam,433.34
2024-07-21,software_licenses,us,287.13
2024-07-21,software_licenses,eu,287.13
2024-07-21,software_licenses,apac,287.12
2024-07-21,software_licenses,latam,287.12
2024-07-21,logistics,us,1774.55
2024-07-21,logistics,eu,655.49
2024-07-21,logistics,apac,306.69
2024-07-21,logistics,latam,260.5
2024-07-21,packaging,us,410.16
2024-07-21,packaging,eu,181.67
2024-07-21,packaging,apac,70.87
2024-07-21,packaging,latam,66.64
2024-07-21,payment_processing_fees,us,353.06
2024-07-21,payment_processing_fees,eu,353.06
2024-07-21,payment_processing_fees,apac,353.05
2024-07-21,payment_processing_fees,latam,353.05
2024-07-21,customer_support_tooling,us,129.65
2024-07-21,customer_support_tooling,eu,129.65
2024-07-21,customer_support_tooling,apac,129.65
2024-07-21,customer_support_tooling,latam,129.64
2024-07-21,insurance,us,94.61
2024-07-21,insurance,eu,94.61
2024-07-21,insurance,apac,94.61
2024-07-21,insurance,latam,94.60
2024-07-22,rent,us,475.17
2024-07-22,rent,eu,475.17
2024-07-22,rent,apac,475.17
2024-07-22,rent,latam,475.16
2024-07-22,software_licenses,us,285.57
2024-07-22,software_licenses,eu,285.57
2024-07-22,software_licenses,apac,285.57
2024-07-22,software_licenses,latam,285.57
2024-07-22,logistics,us,1700.04
2024-07-22,logistics,eu,692.85
2024-07-22,logistics,apac,310.05
2024-07-22,logistics,latam,280.54
2024-07-22,packaging,us,401.58
2024-07-22,packaging,eu,162.47
2024-07-22,packaging,apac,77.71
2024-07-22,packaging,latam,76.46
2024-07-22,payment_processing_fees,us,356.16
2024-07-22,payment_processing_fees,eu,356.16
2024-07-22,payment_processing_fees,apac,356.15
2024-07-22,payment_processing_fees,latam,356.15
2024-07-22,customer_support_tooling,us,135.17
2024-07-22,customer_support_tooling,eu,135.17
2024-07-22,customer_support_tooling,apac,135.17
2024-07-22,customer_support_tooling,latam,135.17
2024-07-22,insurance,us,100.32
2024-07-22,insurance,eu,100.32
2024-07-22,insurance,apac,100.31
2024-07-22,insurance,latam,100.31
2024-07-23,rent,us,461.06
2024-07-23,rent,eu,461.06
2024-07-23,rent,apac,461.06
2024-07-23,rent,latam,461.05
2024-07-23,software_licenses,us,269.44
2024-07-23,software_licenses,eu,269.44
2024-07-23,software_licenses,apac,269.44
2024-07-23,software_licenses,latam,269.43
2024-07-23,logistics,us,1888.1
2024-07-23,logistics,eu,767.29
2024-07-23,logistics,apac,335.65
2024-07-23,logistics,latam,229.57
2024-07-23,packaging,us,390.18
2024-07-23,packaging,eu,225.03
2024-07-23,packaging,apac,77.82
2024-07-23,packaging,latam,70.57
2024-07-23,payment_processing_fees,us,362.50
2024-07-23,payment_processing_fees,eu,362.50
2024-07-23,payment_processing_fees,apac,362.50
2024-07-23,payment_processing_fees,latam,362.50
2024-07-23,customer_support_tooling,us,141.70
2024-07-23,customer_support_tooling,eu,141.70
2024-07-23,customer_support_tooling,apac,141.69
2024-07-23,customer_support_tooling,latam,141.69
2024-07-23,insurance,us,95.82
2024-07-23,insurance,eu,95.82
2024-07-23,insurance,apac,95.81
2024-07-23,insurance,latam,95.81
2024-07-24,rent,us,447.17
2024-07-24,rent,eu,447.16
2024-07-24,rent,apac,447.16
2024-07-24,rent,latam,447.16
2024-07-24,software_licenses,us,286.01
2024-07-24,software_licenses,eu,286.01
2024-07-24,software_licenses,apac,286.00
2024-07-24,software_licenses,latam,286.00
2024-07-24,logistics,us,1650.29
2024-07-24,logistics,eu,698.71
2024-07-24,logistics,apac,291.17
2024-07-24,logistics,latam,284.95
2024-07-24,packaging,us,460.89
2024-07-24,packaging,eu,173.61
2024-07-24,packaging,apac,98.07
2024-07-24,packaging,latam,65.88
2024-07-24,payment_processing_fees,us,334.51
2024-07-24,payment_processing_fees,eu,334.51
2024-07-24,payment_processing_fees,apac,334.50
2024-07-24,payment_processing_fees,latam,334.50
2024-07-24,customer_support_tooling,us,132.27
2024-07-24,customer_support_tooling,eu,132.26
2024-07-24,customer_support_tooling,apac,132.26
2024-07-24,customer_support_tooling,latam,132.26
2024-07-24,insurance,us,96.22
2024-07-24,insurance,eu,96.22
2024-07-24,insurance,apac,96.22
2024-07-24,insurance,latam,96.21
2024-07-25,rent,us,459.35
2024-07-25,rent,eu,459.35
2024-07-25,rent,apac,459.34
2024-07-25,rent,latam,459.34
2024-07-25,software_licenses,us,279.82
2024-07-25,software_licenses,eu,279.82
2024-07-25,software_licenses,apac,279.82
2024-07-25,software_licenses,latam,279.81
2024-07-25,logistics,us,1817.44
2024-07-25,logistics,eu,744.05
2024-07-25,logistics,apac,344.85
2024-07-25,logistics,latam,308.7
2024-07-25,packaging,us,423.63
2024-07-25,packaging,eu,178.92
2024-07-25,packaging,apac,89.5
2024-07-25,packaging,latam,69.33
2024-07-25,payment_processing_fees,us,332.07
2024-07-25,payment_processing_fees,eu,332.06
2024-07-25,payment_processing_fees,apac,332.06
2024-07-25,payment_processing_fees,latam,332.06
2024-07-25,customer_support_tooling,us,141.98
2024-07-25,customer_support_tooling,eu,141.97
2024-07-25,customer_support_tooling,apac,141.97
2024-07-25,customer_support_tooling,latam,141.97
2024-07-25,insurance,us,103.07
2024-07-25,insurance,eu,103.06
2024-07-25,insurance,apac,103.06
2024-07-25,insurance,latam,103.06
2024-07-26,rent,us,431.85
2024-07-26,rent,eu,431.85
2024-07-26,rent,apac,431.85
2024-07-26,rent,latam,431.84
2024-07-26,software_licenses,us,278.07
2024-07-26,software_licenses,eu,278.07
2024-07-26,software_licenses,apac,278.07
2024-07-26,software_licenses,latam,278.07
2024-07-26,logistics,us,1556.4
2024-07-26,logistics,eu,744.12
2024-07-26,logistics,apac,308.93
2024-07-26,logistics,latam,295.56
2024-07-26,packaging,us,471.28
2024-07-26,packaging,eu,180.39
2024-07-26,packaging,apac,79.57
2024-07-26,packaging,latam,63.86
2024-07-26,payment_processing_fees,us,359.32
2024-07-26,payment_processing_fees,eu,359.32
2024-07-26,payment_processing_fees,apac,359.32
2024-07-26,payment_processing_fees,latam,359.31
2024-07-26,customer_support_tooling,us,143.27
2024-07-26,customer_support_tooling,eu,143.27
2024-07-26,customer_support_tooling,apac,143.26
2024-07-26,customer_support_tooling,latam,143.26
2024-07-26,insurance,us,89.07
2024-07-26,insurance,eu,89.07
2024-07-26,insurance,apac,89.06
2024-07-26,insurance,latam,89.06
2024-07-27,rent,us,456.26
2024-07-27,rent,eu,456.26
2024-07-27,rent,apac,456.26
2024-07-27,rent,latam,456.25
2024-07-27,software_licenses,us,273.04
2024-07-27,software_licenses,eu,273.04
2024-07-27,software_licenses,apac,273.04
2024-07-27,software_licenses,latam,273.04
2024-07-27,logistics,us,1766.0
2024-07-27,logistics,eu,761.47
2024-07-27,logistics,apac,308.42
2024-07-27,logistics,latam,299.98
2024-07-27,packaging,us,445.37
2024-07-27,packaging,eu,186.27
2024-07-27,packaging,apac,74.37
2024-07-27,packaging,latam,71.56
2024-07-27,payment_processing_fees,us,374.39
2024-07-27,payment_processing_fees,eu,374.38
2024-07-27,payment_processing_fees,apac,374.38
2024-07-27,payment_processing_fees,latam,374.38
2024-07-27,customer_support_tooling,us,135.37
2024-07-27,customer_support_tooling,eu,135.37
2024-07-27,customer_support_tooling,apac,135.37
2024-07-27,customer_support_tooling,latam,135.37
2024-07-27,insurance,us,90.11
2024-07-27,insurance,eu,90.11
2024-07-27,insurance,apac,90.10
2024-07-27,insurance,latam,90.10
2024-07-28,rent,us,467.06
2024-07-28,rent,eu,467.05
2024-07-28,rent,apac,467.05
2024-07-28,rent,latam,467.05
2024-07-28,software_licenses,us,269.76
2024-07-28,software_licenses,eu,269.75
2024-07-28,software_licenses,apac,269.75
2024-07-28,software_licenses,latam,269.75
2024-07-28,logistics,us,1941.18
2024-07-28,logistics,eu,796.23
2024-07-28,logistics,apac,315.46
2024-07-28,logistics,latam,326.17
2024-07-28,packaging,us,437.45
2024-07-28,packaging,eu,181.57
2024-07-28,packaging,apac,78.06
2024-07-28,packaging,latam,70.68
2024-07-28,payment_processing_fees,us,361.40
2024-07-28,payment_processing_fees,eu,361.40
2024-07-28,payment_processing_fees,apac,361.40
2024-07-28,payment_processing_fees,latam,361.39
2024-07-28,customer_support_tooling,us,131.49
2024-07-28,customer_support_tooling,eu,131.48
2024-07-28,customer_support_tooling,apac,131.48
2024-07-28,customer_support_tooling,latam,131.48
2024-07-28,insurance,us,101.02
2024-07-28,insurance,eu,101.01
2024-07-28,insurance,apac,101.01
2024-07-28,insurance,latam,101.01
2024-07-29,rent,us,428.12
2024-07-29,rent,eu,428.11
2024-07-29,rent,apac,428.11
2024-07-29,rent,latam,428.11
2024-07-29,software_licenses,us,286.97
2024-07-29,software_licenses,eu,286.97
2024-07-29,software_licenses,apac,286.97
2024-07-29,software_licenses,latam,286.96
2024-07-29,logistics,us,1630.91
2024-07-29,logistics,eu,722.53
2024-07-29,logistics,apac,309.63
2024-07-29,logistics,latam,270.27
2024-07-29,packaging,us,439.99
2024-07-29,packaging,eu,189.5
2024-07-29,packaging,apac,82.96
2024-07-29,packaging,latam,71.51
2024-07-29,payment_processing_fees,us,348.65
2024-07-29,payment_processing_fees,eu,348.65
2024-07-29,payment_processing_fees,apac,348.65
2024-07-29,payment_processing_fees,latam,348.64
2024-07-29,customer_support_tooling,us,121.66
2024-07-29,customer_support_tooling,eu,121.66
2024-07-29,customer_support_tooling,apac,121.65
2024-07-29,customer_support_tooling,latam,121.65
2024-07-29,insurance,us,97.48
2024-07-29,insurance,eu,97.47
2024-07-29,insurance,apac,97.47
2024-07-29,insurance,latam,97.47
2024-07-30,rent,us,503.42
2024-07-30,rent,eu,503.41
2024-07-30,rent,apac,503.41
2024-07-30,rent,latam,503.41
2024-07-30,software_licenses,us,279.66
2024-07-30,software_licenses,eu,279.66
2024-07-30,software_licenses,apac,279.65
2024-07-30,software_licenses,latam,279.65
2024-07-30,logistics,us,1787.27
2024-07-30,logistics,eu,797.67
2024-07-30,logistics,apac,283.01
2024-07-30,logistics,latam,294.19
2024-07-30,packaging,us,420.28
2024-07-30,packaging,eu,176.65
2024-07-30,packaging,apac,82.2
2024-07-30,packaging,latam,68.5
2024-07-30,payment_processing_fees,us,391.15
2024-07-30,payment_processing_fees,eu,391.14
2024-07-30,payment_processing_fees,apac,391.14
2024-07-30,payment_processing_fees,latam,391.14
2024-07-30,customer_support_tooling,us,121.60
2024-07-30,customer_support_tooling,eu,121.60
2024-07-30,customer_support_tooling,apac,121.59
2024-07-30,customer_support_tooling,latam,121.59
2024-07-30,insurance,us,97.85
2024-07-30,insurance,eu,97.85
2024-07-30,insurance,apac,97.85
2024-07-30,insurance,latam,97.85
2024-07-31,rent,us,530.48
2024-07-31,rent,eu,530.48
2024-07-31,rent,apac,530.48
2024-07-31,rent,latam,530.48
2024-07-31,software_licenses,us,278.03
2024-07-31,software_licenses,eu,278.03
2024-07-31,software_licenses,apac,278.03
2024-07-31,software_licenses,latam,278.02
2024-07-31,logistics,us,2040.24
2024-07-31,logistics,eu,680.13
2024-07-31,logistics,apac,316.85
2024-07-31,logistics,latam,274.63
2024-07-31,packaging,us,483.13
2024-07-31,packaging,eu,168.89
2024-07-31,packaging,apac,82.95
2024-07-31,packaging,latam,68.78
2024-07-31,payment_processing_fees,us,354.89
2024-07-31,payment_processing_fees,eu,354.89
2024-07-31,payment_processing_fees,apac,354.89
2024-07-31,payment_processing_fees,latam,354.88
2024-07-31,customer_support_tooling,us,133.68
2024-07-31,customer_support_tooling,eu,133.67
2024-07-31,customer_support_tooling,apac,133.67
2024-07-31,customer_support_tooling,latam,133.67
2024-07-31,insurance,us,83.93
2024-07-31,insurance,eu,83.93
2024-07-31,insurance,apac,83.93
2024-07-31,insurance,latam,83.93
2024-08-01,rent,us,492.69
2024-08-01,rent,eu,492.68
2024-08-01,rent,apac,492.68
2024-08-01,rent,latam,492.68
2024-08-01,software_licenses,us,272.75
2024-08-01,software_licenses,eu,272.75
2024-08-01,software_licenses,apac,272.75
2024-08-01,software_licenses,latam,272.75
2024-08-01,logistics,us,1481.43
2024-08-01,logistics,eu,751.72
2024-08-01,logistics,apac,360.31
2024-08-01,logistics,latam,260.76
2024-08-01,packaging,us,384.87
2024-08-01,packaging,eu,188.88
2024-08-01,packaging,apac,77.6
2024-08-01,packaging,latam,68.97
2024-08-01,payment_processing_fees,us,390.01
2024-08-01,payment_processing_fees,eu,390.00
2024-08-01,payment_processing_fees,apac,390.00
2024-08-01,payment_processing_fees,latam,390.00
2024-08-01,customer_support_tooling,us,138.86
2024-08-01,customer_support_tooling,eu,138.85
2024-08-01,customer_support_tooling,apac,138.85
2024-08-01,customer_support_tooling,latam,138.85
2024-08-01,insurance,us,98.58
2024-08-01,insurance,eu,98.58
2024-08-01,insurance,apac,98.58
2024-08-01,insurance,latam,98.58
2024-08-02,rent,us,455.24
2024-08-02,rent,eu,455.24
2024-08-02,rent,apac,455.24
2024-08-02,rent,latam,455.23
2024-08-02,software_licenses,us,279.59
2024-08-02,software_licenses,eu,279.59
2024-08-02,software_licenses,apac,279.58
2024-08-02,software_licenses,latam,279.58
2024-08-02,logistics,us,1822.01
2024-08-02,logistics,eu,682.47
2024-08-02,logistics,apac,341.78
2024-08-02,logistics,latam,321.95
2024-08-02,packaging,us,405.71
2024-08-02,packaging,eu,208.09
2024-08-02,packaging,apac,85.86
2024-08-02,packaging,latam,71.72
2024-08-02,payment_processing_fees,us,320.91
2024-08-02,payment_processing_fees,eu,320.91
2024-08-02,payment_processing_fees,apac,320.91
2024-08-02,payment_processing_fees,latam,320.90
2024-08-02,customer_support_tooling,us,133.18
2024-08-02,customer_support_tooling,eu,133.18
2024-08-02,customer_support_tooling,apac,133.17
2024-08-02,customer_support_tooling,latam,133.17
2024-08-02,insurance,us,95.41
2024-08-02,insurance,eu,95.41
2024-08-02,insurance,apac,95.41
2024-08-02,insurance,latam,95.41
2024-08-03,rent,us,497.64
2024-08-03,rent,eu,497.64
2024-08-03,rent,apac,497.64
2024-08-03,rent,latam,497.64
2024-08-03,software_licenses,us,269.73
2024-08-03,software_licenses,eu,269.73
2024-08-03,software_licenses,apac,269.72
2024-08-03,software_licenses,latam,269.72
2024-08-03,logistics,us,1758.06
2024-08-03,logistics,eu,710.07
2024-08-03,logistics,apac,317.25
2024-08-03,logistics,latam,268.8
2024-08-03,packaging,us,392.99
2024-08-03,packaging,eu,173.46
2024-08-03,packaging,apac,85.36
2024-08-03,packaging,latam,67.96
2024-08-03,payment_processing_fees,us,394.01
2024-08-03,payment_processing_fees,eu,394.01
2024-08-03,payment_processing_fees,apac,394.01
2024-08-03,payment_processing_fees,latam,394.01
2024-08-03,customer_support_tooling,us,137.32
2024-08-03,customer_support_tooling,eu,137.32
2024-08-03,customer_support_tooling,apac,137.32
2024-08-03,customer_support_tooling,latam,137.32
2024-08-03,insurance,us,95.04
2024-08-03,insurance,eu,95.04
2024-08-03,insurance,apac,95.04
2024-08-03,insurance,latam,95.04
2024-08-04,rent,us,440.00
2024-08-04,rent,eu,440.00
2024-08-04,rent,apac,440.00
2024-08-04,rent,latam,439.99
2024-08-04,software_licenses,us,275.54
2024-08-04,software_licenses,eu,275.54
2024-08-04,software_licenses,apac,275.54
2024-08-04,software_licenses,latam,275.53
2024-08-04,logistics,us,1852.79
2024-08-04,logistics,eu,758.4
2024-08-04,logistics,apac,348.57
2024-08-04,logistics,latam,302.01
2024-08-04,packaging,us,398.18
2024-08-04,packaging,eu,183.15
2024-08-04,packaging,apac,75.87
2024-08-04,packaging,latam,77.48
2024-08-04,payment_processing_fees,us,345.38
2024-08-04,payment_processing_fees,eu,345.38
2024-08-04,payment_processing_fees,apac,345.38
2024-08-04,payment_processing_fees,latam,345.37
2024-08-04,customer_support_tooling,us,131.90
2024-08-04,customer_support_tooling,eu,131.90
2024-08-04,customer_support_tooling,apac,131.90
2024-08-04,customer_support_tooling,latam,131.89
2024-08-04,insurance,us,98.25
2024-08-04,insurance,eu,98.25
2024-08-04,insurance,apac,98.25
2024-08-04,insurance,latam,98.24
2024-08-05,rent,us,427.74
2024-08-05,rent,eu,427.73
2024-08-05,rent,apac,427.73
2024-08-05,rent,latam,427.73
2024-08-05,software_licenses,us,277.63
2024-08-05,software_licenses,eu,277.63
2024-08-05,software_licenses,apac,277.63
2024-08-05,software_licenses,latam,277.62
2024-08-05,logistics,us,1676.9
2024-08-05,logistics,eu,785.22
2024-08-05,logistics,apac,332.92
2024-08-05,logistics,latam,274.97
2024-08-05,packaging,us,432.51
2024-08-05,packaging,eu,182.03
2024-08-05,packaging,apac,86.82
2024-08-05,packaging,latam,68.4
2024-08-05,payment_processing_fees,us,401.28
2024-08-05,payment_processing_fees,eu,401.28
2024-08-05,payment_processing_fees,apac,401.27
2024-08-05,payment_processing_fees,latam,401.27
2024-08-05,customer_support_tooling,us,129.41
2024-08-05,customer_support_tooling,eu,129.40
2024-08-05,customer_support_tooling,apac,129.40
2024-08-05,customer_support_tooling,latam,129.40
2024-08-05,insurance,us,92.78
2024-08-05,insurance,eu,92.78
2024-08-05,insurance,apac,92.78
2024-08-05,insurance,latam,92.77
2024-08-06,rent,us,469.15
2024-08-06,rent,eu,469.15
2024-08-06,rent,apac,469.15
2024-08-06,rent,latam,469.14
2024-08-06,software_licenses,us,270.10
2024-08-06,software_licenses,eu,270.09
2024-08-06,software_licenses,apac,270.09
2024-08-06,software_licenses,latam,270.09
2024-08-06,logistics,us,1763.76
2024-08-06,logistics,eu,787.74
2024-08-06,logistics,apac,353.52
2024-08-06,logistics,latam,272.16
2024-08-06,packaging,us,428.25
2024-08-06,packaging,eu,198.14
2024-08-06,packaging,apac,89.61
2024-08-06,packaging,latam,73.03
2024-08-06,payment_processing_fees,us,389.61
2024-08-06,payment_processing_fees,eu,389.61
2024-08-06,payment_processing_fees,apac,389.61
2024-08-06,payment_processing_fees,latam,389.60
2024-08-06,customer_support_tooling,us,136.26
2024-08-06,customer_support_tooling,eu,136.26
2024-08-06,customer_support_tooling,apac,136.25
2024-08-06,customer_support_tooling,latam,136.25
2024-08-06,insurance,us,96.41
2024-08-06,insurance,eu,96.41
2024-08-06,insurance,apac,96.40
2024-08-06,insurance,latam,96.40
2024-08-07,rent,us,463.30
2024-08-07,rent,eu,463.30
2024-08-07,rent,apac,463.29
2024-08-07,rent,latam,463.29
2024-08-07,software_licenses,us,274.57
2024-08-07,software_licenses,eu,274.57
2024-08-07,software_licenses,apac,274.56
2024-08-07,software_licenses,latam,274.56
2024-08-07,logistics,us,1824.15
2024-08-07,logistics,eu,823.09
2024-08-07,logistics,apac,323.64
2024-08-07,logistics,latam,290.21
2024-08-07,packaging,us,429.88
2024-08-07,packaging,eu,193.55
2024-08-07,packaging,apac,77.84
2024-08-07,packaging,latam,66.15
2024-08-07,payment_processing_fees,us,372.43
2024-08-07,payment_processing_fees,eu,372.43
2024-08-07,payment_processing_fees,apac,372.42
2024-08-07,payment_processing_fees,latam,372.42
2024-08-07,customer_support_tooling,us,121.89
2024-08-07,customer_support_tooling,eu,121.89
2024-08-07,customer_support_tooling,apac,121.88
2024-08-07,customer_support_tooling,latam,121.88
2024-08-07,insurance,us,91.14
2024-08-07,insurance,eu,91.14
2024-08-07,insurance,apac,91.14
2024-08-07,insurance,latam,91.13
2024-08-08,rent,us,448.69
2024-08-08,rent,eu,448.69
2024-08-08,rent,apac,448.69
2024-08-08,rent,latam,448.69
2024-08-08,software_licenses,us,279.62
2024-08-08,software_licenses,eu,279.61
2024-08-08,software_licenses,apac,279.61
2024-08-08,software_licenses,latam,279.61
2024-08-08,logistics,us,1643.96
2024-08-08,logistics,eu,801.02
2024-08-08,logistics,apac,319.42
2024-08-08,logistics,latam,271.61
2024-08-08,packaging,us,406.82
2024-08-08,packaging,eu,186.65
2024-08-08,packaging,apac,90.42
2024-08-08,packaging,latam,64.29
2024-08-08,payment_processing_fees,us,413.41
2024-08-08,payment_processing_fees,eu,413.41
2024-08-08,payment_processing_fees,apac,413.41
2024-08-08,payment_processing_fees,latam,413.41
2024-08-08,customer_support_tooling,us,133.52
2024-08-08,customer_support_tooling,eu,133.51
2024-08-08,customer_support_tooling,apac,133.51
2024-08-08,customer_support_tooling,latam,133.51
2024-08-08,insurance,us,85.97
2024-08-08,insurance,eu,85.97
2024-08-08,insurance,apac,85.96
2024-08-08,insurance,latam,85.96
2024-08-09,rent,us,434.15
2024-08-09,rent,eu,434.14
2024-08-09,rent,apac,434.14
2024-08-09,rent,latam,434.14
2024-08-09,software_licenses,us,298.26
2024-08-09,software_licenses,eu,298.25
2024-08-09,software_licenses,apac,298.25
2024-08-09,software_licenses,latam,298.25
2024-08-09,logistics,us,1829.74
2024-08-09,logistics,eu,789.72
2024-08-09,logistics,apac,315.55
2024-08-09,logistics,latam,264.38
2024-08-09,packaging,us,412.13
2024-08-09,packaging,eu,178.89
2024-08-09,packaging,apac,89.83
2024-08-09,packaging,latam,61.03
2024-08-09,payment_processing_fees,us,346.05
2024-08-09,payment_processing_fees,eu,346.05
2024-08-09,payment_processing_fees,apac,346.04
2024-08-09,payment_processing_fees,latam,346.04
2024-08-09,customer_support_tooling,us,124.11
2024-08-09,customer_support_tooling,eu,124.11
2024-08-09,customer_support_tooling,apac,124.10
2024-08-09,customer_support_tooling,latam,124.10
2024-08-09,insurance,us,98.60
2024-08-09,insurance,eu,98.60
2024-08-09,insurance,apac,98.60
2024-08-09,insurance,latam,98.60
2024-08-10,rent,us,464.00
2024-08-10,rent,eu,464.00
2024-08-10,rent,apac,464.00
2024-08-10,rent,latam,463.99
2024-08-10,software_licenses,us,273.20
2024-08-10,software_licenses,eu,273.20
2024-08-10,software_licenses,apac,273.19
2024-08-10,software_licenses,latam,273.19
2024-08-10,logistics,us,1674.57
2024-08-10,logistics,eu,761.87
2024-08-10,logistics,apac,318.21
2024-08-10,logistics,latam,268.17
2024-08-10,packaging,us,435.09
2024-08-10,packaging,eu,182.5
2024-08-10,packaging,apac,80.77
2024-08-10,packaging,latam,74.44
2024-08-10,payment_processing_fees,us,364.03
2024-08-10,payment_processing_fees,eu,364.03
2024-08-10,payment_processing_fees,apac,364.03
2024-08-10,payment_processing_fees,latam,364.02
2024-08-10,customer_support_tooling,us,131.41
2024-08-10,customer_support_tooling,eu,131.41
2024-08-10,customer_support_tooling,apac,131.41
2024-08-10,customer_support_tooling,latam,131.41
2024-08-10,insurance,us,95.23
2024-08-10,insurance,eu,95.22
2024-08-10,insurance,apac,95.22
2024-08-10,insurance,latam,95.22
2024-08-11,rent,us,429.47
2024-08-11,rent,eu,429.46
2024-08-11,rent,apac,429.46
2024-08-11,rent,latam,429.46
2024-08-11,software_licenses,us,248.43
2024-08-11,software_licenses,eu,248.43
2024-08-11,software_licenses,apac,248.42
2024-08-11,software_licenses,latam,248.42
2024-08-11,logistics,us,1751.51
2024-08-11,logistics,eu,729.37
2024-08-11,logistics,apac,329.62
2024-08-11,logistics,latam,286.93
2024-08-11,packaging,us,387.98
2024-08-11,packaging,eu,190.49
2024-08-11,packaging,apac,71.98
2024-08-11,packaging,latam,69.37
2024-08-11,payment_processing_fees,us,384.16
2024-08-11,payment_processing_fees,eu,384.15
2024-08-11,payment_processing_fees,apac,384.15
2024-08-11,payment_processing_fees,latam,384.15
2024-08-11,customer_support_tooling,us,130.14
2024-08-11,customer_support_tooling,eu,130.14
2024-08-11,customer_support_tooling,apac,130.14
2024-08-11,customer_support_tooling,latam,130.13
2024-08-11,insurance,us,99.82
2024-08-11,insurance,eu,99.81
2024-08-11,insurance,apac,99.81
2024-08-11,insurance,latam,99.81
2024-08-12,rent,us,473.23
2024-08-12,rent,eu,473.23
2024-08-12,rent,apac,473.23
2024-08-12,rent,latam,473.22
2024-08-12,software_licenses,us,279.17
2024-08-12,software_licenses,eu,279.16
2024-08-12,software_licenses,apac,279.16
2024-08-12,software_licenses,latam,279.16
2024-08-12,logistics,us,2035.48
2024-08-12,logistics,eu,758.1
2024-08-12,logistics,apac,333.1
2024-08-12,logistics,latam,274.3
2024-08-12,packaging,us,469.09
2024-08-12,packaging,eu,182.47
2024-08-12,packaging,apac,85.85
2024-08-12,packaging,latam,65.52
2024-08-12,payment_processing_fees,us,352.87
2024-08-12,payment_processing_fees,eu,352.86
2024-08-12,payment_processing_fees,apac,352.86
2024-08-12,payment_processing_fees,latam,352.86
2024-08-12,customer_support_tooling,us,138.85
2024-08-12,customer_support_tooling,eu,138.85
2024-08-12,customer_support_tooling,apac,138.85
2024-08-12,customer_support_tooling,latam,138.85
2024-08-12,insurance,us,88.56
2024-08-12,insurance,eu,88.56
2024-08-12,insurance,apac,88.56
2024-08-12,insurance,latam,88.55
2024-08-13,rent,us,472.98
2024-08-13,rent,eu,472.98
2024-08-13,rent,apac,472.98
2024-08-13,rent,latam,472.98
2024-08-13,software_licenses,us,282.40
2024-08-13,software_licenses,eu,282.40
2024-08-13,software_licenses,apac,282.39
2024-08-13,software_licenses,latam,282.39
2024-08-13,logistics,us,1804.02
2024-08-13,logistics,eu,788.85
2024-08-13,logistics,apac,335.65
2024-08-13,logistics,latam,264.03
2024-08-13,packaging,us,462.91
2024-08-13,packaging,eu,151.08
2024-08-13,packaging,apac,83.52
2024-08-13,packaging,latam,74.78
2024-08-13,payment_processing_fees,us,393.22
2024-08-13,payment_processing_fees,eu,393.22
2024-08-13,payment_processing_fees,apac,393.21
2024-08-13,payment_processing_fees,latam,393.21
2024-08-13,customer_support_tooling,us,125.77
2024-08-13,customer_support_tooling,eu,125.77
2024-08-13,customer_support_tooling,apac,125.77
2024-08-13,customer_support_tooling,latam,125.76
2024-08-13,insurance,us,100.61
2024-08-13,insurance,eu,100.61
2024-08-13,insurance,apac,100.61
2024-08-13,insurance,latam,100.60
2024-08-14,rent,us,484.64
2024-08-14,rent,eu,484.64
2024-08-14,rent,apac,484.64
2024-08-14,rent,latam,484.64
2024-08-14,software_licenses,us,288.77
2024-08-14,software_licenses,eu,288.77
2024-08-14,software_licenses,apac,288.76
2024-08-14,software_licenses,latam,288.76
2024-08-14,logistics,us,1888.88
2024-08-14,logistics,eu,706.1
2024-08-14,logistics,apac,356.14
2024-08-14,logistics,latam,283.53
2024-08-14,packaging,us,447.89
2024-08-14,packaging,eu,153.46
2024-08-14,packaging,apac,69.68
2024-08-14,packaging,latam,59.15
2024-08-14,payment_processing_fees,us,319.59
2024-08-14,payment_processing_fees,eu,319.59
2024-08-14,payment_processing_fees,apac,319.59
2024-08-14,payment_processing_fees,latam,319.58
2024-08-14,customer_support_tooling,us,140.51
2024-08-14,customer_support_tooling,eu,140.51
2024-08-14,customer_support_tooling,apac,140.50
2024-08-14,customer_support_tooling,latam,140.50
2024-08-14,insurance,us,104.84
2024-08-14,insurance,eu,104.84
2024-08-14,insurance,apac,104.83
2024-08-14,insurance,latam,104.83
2024-08-15,rent,us,447.96
2024-08-15,rent,eu,447.96
2024-08-15,rent,apac,447.96
2024-08-15,rent,latam,447.96
2024-08-15,software_licenses,us,272.14
2024-08-15,software_licenses,eu,272.14
2024-08-15,software_licenses,apac,272.13
2024-08-15,software_licenses,latam,272.13
2024-08-15,logistics,us,1820.51
2024-08-15,logistics,eu,710.16
2024-08-15,logistics,apac,359.05
2024-08-15,logistics,latam,238.85
2024-08-15,packaging,us,438.47
2024-08-15,packaging,eu,194.86
2024-08-15,packaging,apac,89.54
2024-08-15,packaging,latam,60.3
2024-08-15,payment_processing_fees,us,375.90
2024-08-15,payment_processing_fees,eu,375.90
2024-08-15,payment_processing_fees,apac,375.90
2024-08-15,payment_processing_fees,latam,375.89
2024-08-15,customer_support_tooling,us,119.21
2024-08-15,customer_support_tooling,eu,119.20
2024-08-15,customer_support_tooling,apac,119.20
2024-08-15,customer_support_tooling,latam,119.20
2024-08-15,insurance,us,93.77
2024-08-15,insurance,eu,93.76
2024-08-15,insurance,apac,93.76
2024-08-15,insurance,latam,93.76
2024-08-16,rent,us,449.82
2024-08-16,rent,eu,449.82
2024-08-16,rent,apac,449.82
2024-08-16,rent,latam,449.81
2024-08-16,software_licenses,us,289.60
2024-08-16,software_licenses,eu,289.60
2024-08-16,software_licenses,apac,289.59
2024-08-16,software_licenses,latam,289.59
2024-08-16,logistics,us,1876.53
2024-08-16,logistics,eu,645.85
2024-08-16,logistics,apac,324.83
2024-08-16,logistics,latam,280.14
2024-08-16,packaging,us,428.13
2024-08-16,packaging,eu,184.97
2024-08-16,packaging,apac,71.04
2024-08-16,packaging,latam,69.99
2024-08-16,payment_processing_fees,us,351.16
2024-08-16,payment_processing_fees,eu,351.16
2024-08-16,payment_processing_fees,apac,351.16
2024-08-16,payment_processing_fees,latam,351.16
2024-08-16,customer_support_tooling,us,150.66
2024-08-16,customer_support_tooling,eu,150.65
2024-08-16,customer_support_tooling,apac,150.65
2024-08-16,customer_support_tooling,latam,150.65
2024-08-16,insurance,us,91.69
2024-08-16,insurance,eu,91.68
2024-08-16,insurance,apac,91.68
2024-08-16,insurance,latam,91.68
2024-08-17,rent,us,423.20
2024-08-17,rent,eu,423.20
2024-08-17,rent,apac,423.20
2024-08-17,rent,latam,423.20
2024-08-17,software_licenses,us,280.70
2024-08-17,software_licenses,eu,280.70
2024-08-17,software_licenses,apac,280.70
2024-08-17,software_licenses,latam,280.70
2024-08-17,logistics,us,1823.57
2024-08-17,logistics,eu,692.75
2024-08-17,logistics,apac,329.51
2024-08-17,logistics,latam,251.45
2024-08-17,packaging,us,427.13
2024-08-17,packaging,eu,182.99
2024-08-17,packaging,apac,82.01
2024-08-17,packaging,latam,71.04
2024-08-17,payment_processing_fees,us,349.81
2024-08-17,payment_processing_fees,eu,349.81
2024-08-17,payment_processing_fees,apac,349.80
2024-08-17,payment_processing_fees,latam,349.80
2024-08-17,customer_support_tooling,us,136.56
2024-08-17,customer_support_tooling,eu,136.56
2024-08-17,customer_support_tooling,apac,136.55
2024-08-17,customer_support_tooling,latam,136.55
2024-08-17,insurance,us,95.94
2024-08-17,insurance,eu,95.94
2024-08-17,insurance,apac,95.94
2024-08-17,insurance,latam,95.93
2024-08-18,rent,us,467.10
2024-08-18,rent,eu,467.10
2024-08-18,rent,apac,467.10
2024-08-18,rent,latam,467.09
2024-08-18,software_licenses,us,292.15
2024-08-18,software_licenses,eu,292.15
2024-08-18,software_licenses,apac,292.15
2024-08-18,software_licenses,latam,292.15
2024-08-18,logistics,us,1854.78
2024-08-18,logistics,eu,753.14
2024-08-18,logistics,apac,338.68
2024-08-18,logistics,latam,252.07
2024-08-18,packaging,us,398.69
2024-08-18,packaging,eu,166.42
2024-08-18,packaging,apac,90.46
2024-08-18,packaging,latam,79.07
2024-08-18,payment_processing_fees,us,369.47
2024-08-18,payment_processing_fees,eu,369.47
2024-08-18,payment_processing_fees,apac,369.47
2024-08-18,payment_processing_fees,latam,369.46
2024-08-18,customer_support_tooling,us,131.04
2024-08-18,customer_support_tooling,eu,131.04
2024-08-18,customer_support_tooling,apac,131.04
2024-08-18,customer_support_tooling,latam,131.04
2024-08-18,insurance,us,89.80
2024-08-18,insurance,eu,89.80
2024-08-18,insurance,apac,89.80
2024-08-18,insurance,latam,89.79
2024-08-19,rent,us,448.19
2024-08-19,rent,eu,448.19
2024-08-19,rent,apac,448.19
2024-08-19,rent,latam,448.18
2024-08-19,software_licenses,us,282.59
2024-08-19,software_licenses,eu,282.59
2024-08-19,software_licenses,apac,282.58
2024-08-19,software_licenses,latam,282.58
2024-08-19,logistics,us,1564.05
2024-08-19,logistics,eu,839.93
2024-08-19,logistics,apac,349.37
2024-08-19,logistics,latam,242.18
2024-08-19,packaging,us,444.4
2024-08-19,packaging,eu,178.82
2024-08-19,packaging,apac,74.24
2024-08-19,packaging,latam,73.2
2024-08-19,payment_processing_fees,us,392.15
2024-08-19,payment_processing_fees,eu,392.14
2024-08-19,payment_processing_fees,apac,392.14
2024-08-19,payment_processing_fees,latam,392.14
2024-08-19,customer_support_tooling,us,123.20
2024-08-19,customer_support_tooling,eu,123.20
2024-08-19,customer_support_tooling,apac,123.20
2024-08-19,customer_support_tooling,latam,123.19
2024-08-19,insurance,us,97.20
2024-08-19,insurance,eu,97.19
2024-08-19,insurance,apac,97.19
2024-08-19,insurance,latam,97.19
2024-08-20,rent,us,466.39
2024-08-20,rent,eu,466.38
2024-08-20,rent,apac,466.38
2024-08-20,rent,latam,466.38
2024-08-20,software_licenses,us,256.25
2024-08-20,software_licenses,eu,256.25
2024-08-20,software_licenses,apac,256.24
2024-08-20,software_licenses,latam,256.24
2024-08-20,logistics,us,1596.1
2024-08-20,logistics,eu,769.8
2024-08-20,logistics,apac,323.67
2024-08-20,logistics,latam,290.03
2024-08-20,packaging,us,441.91
2024-08-20,packaging,eu,188.77
2024-08-20,packaging,apac,79.51
2024-08-20,packaging,latam,80.09
2024-08-20,payment_processing_fees,us,335.10
2024-08-20,payment_processing_fees,eu,335.10
2024-08-20,payment_processing_fees,apac,335.09
2024-08-20,payment_processing_fees,latam,335.09
2024-08-20,customer_support_tooling,us,128.36
2024-08-20,customer_support_tooling,eu,128.36
2024-08-20,customer_support_tooling,apac,128.36
2024-08-20,customer_support_tooling,latam,128.36
2024-08-20,insurance,us,86.08
2024-08-20,insurance,eu,86.07
2024-08-20,insurance,apac,86.07
2024-08-20,insurance,latam,86.07
2024-08-21,rent,us,456.61
2024-08-21,rent,eu,456.61
2024-08-21,rent,apac,456.60
2024-08-21,rent,latam,456.60
2024-08-21,software_licenses,us,287.82
2024-08-21,software_licenses,eu,287.82
2024-08-21,software_licenses,apac,287.82
2024-08-21,software_licenses,latam,287.81
2024-08-21,logistics,us,1761.59
2024-08-21,logistics,eu,724.02
2024-08-21,logistics,apac,342.98
2024-08-21,logistics,latam,294.8
2024-08-21,packaging,us,419.16
2024-08-21,packaging,eu,185.34
2024-08-21,packaging,apac,68.63
2024-08-21,packaging,latam,66.09
2024-08-21,payment_processing_fees,us,368.14
2024-08-21,payment_processing_fees,eu,368.14
2024-08-21,payment_processing_fees,apac,368.13
2024-08-21,payment_processing_fees,latam,368.13
2024-08-21,customer_support_tooling,us,126.98
2024-08-21,customer_support_tooling,eu,126.98
2024-08-21,customer_support_tooling,apac,126.97
2024-08-21,customer_support_tooling,latam,126.97
2024-08-21,insurance,us,94.64
2024-08-21,insurance,eu,94.63
2024-08-21,insurance,apac,94.63
2024-08-21,insurance,latam,94.63
2024-08-22,rent,us,483.00
2024-08-22,rent,eu,483.00
2024-08-22,rent,apac,483.00
2024-08-22,rent,latam,482.99
2024-08-22,software_licenses,us,297.34
2024-08-22,software_licenses,eu,297.34
2024-08-22,software_licenses,apac,297.34
2024-08-22,software_licenses,latam,297.33
2024-08-22,logistics,us,1561.94
2024-08-22,logistics,eu,745.25
2024-08-22,logistics,apac,339.11
2024-08-22,logistics,latam,299.3
2024-08-22,packaging,us,479.18
2024-08-22,packaging,eu,186.89
2024-08-22,packaging,apac,88.27
2024-08-22,packaging,latam,75.47
2024-08-22,payment_processing_fees,us,385.99
2024-08-22,payment_processing_fees,eu,385.98
2024-08-22,payment_processing_fees,apac,385.98
2024-08-22,payment_processing_fees,latam,385.98
2024-08-22,customer_support_tooling,us,123.12
2024-08-22,customer_support_tooling,eu,123.11
2024-08-22,customer_support_tooling,apac,123.11
2024-08-22,customer_support_tooling,latam,123.11
2024-08-22,insurance,us,97.67
2024-08-22,insurance,eu,97.66
2024-08-22,insurance,apac,97.66
2024-08-22,insurance,latam,97.66
2024-08-23,rent,us,497.84
2024-08-23,rent,eu,497.84
2024-08-23,rent,apac,497.84
2024-08-23,rent,latam,497.84
2024-08-23,software_licenses,us,263.69
2024-08-23,software_licenses,eu,263.69
2024-08-23,software_licenses,apac,263.68
2024-08-23,software_licenses,latam,263.68
2024-08-23,logistics,us,1805.94
2024-08-23,logistics,eu,809.43
2024-08-23,logistics,apac,336.9
2024-08-23,logistics,latam,285.7
2024-08-23,packaging,us,445.74
2024-08-23,packaging,eu,204.28
2024-08-23,packaging,apac,84.13
2024-08-23,packaging,latam,74.79
2024-08-23,payment_processing_fees,us,398.01
2024-08-23,payment_processing_fees,eu,398.00
2024-08-23,payment_processing_fees,apac,398.00
2024-08-23,payment_processing_fees,latam,398.00
2024-08-23,customer_support_tooling,us,136.98
2024-08-23,customer_support_tooling,eu,136.97
2024-08-23,customer_support_tooling,apac,136.97
2024-08-23,customer_support_tooling,latam,136.97
2024-08-23,insurance,us,88.06
2024-08-23,insurance,eu,88.06
2024-08-23,insurance,apac,88.06
2024-08-23,insurance,latam,88.05
2024-08-24,rent,us,448.75
2024-08-24,rent,eu,448.74
2024-08-24,rent,apac,448.74
2024-08-24,rent,latam,448.74
2024-08-24,software_licenses,us,269.06
2024-08-24,software_licenses,eu,269.05
2024-08-24,software_licenses,apac,269.05
2024-08-24,software_licenses,latam,269.05
2024-08-24,logistics,us,1761.24
2024-08-24,logistics,eu,776.08
2024-08-24,logistics,apac,302.87
2024-08-24,logistics,latam,297.58
2024-08-24,packaging,us,417.14
2024-08-24,packaging,eu,203.06
2024-08-24,packaging,apac,74.74
2024-08-24,packaging,latam,64.83
2024-08-24,payment_processing_fees,us,373.68
2024-08-24,payment_processing_fees,eu,373.67
2024-08-24,payment_processing_fees,apac,373.67
2024-08-24,payment_processing_fees,latam,373.67
2024-08-24,customer_support_tooling,us,132.52
2024-08-24,customer_support_tooling,eu,132.52
2024-08-24,customer_support_tooling,apac,132.52
2024-08-24,customer_support_tooling,latam,132.51
2024-08-24,insurance,us,96.74
2024-08-24,insurance,eu,96.73
2024-08-24,insurance,apac,96.73
2024-08-24,insurance,latam,96.73
2024-08-25,rent,us,456.63
2024-08-25,rent,eu,456.63
2024-08-25,rent,apac,456.63
2024-08-25,rent,latam,456.63
2024-08-25,software_licenses,us,271.12
2024-08-25,software_licenses,eu,271.12
2024-08-25,software_licenses,apac,271.12
2024-08-25,software_licenses,latam,271.12
2024-08-25,logistics,us,1681.28
2024-08-25,logistics,eu,643.92
2024-08-25,logistics,apac,307.0
2024-08-25,logistics,latam,270.57
2024-08-25,packaging,us,435.31
2024-08-25,packaging,eu,160.84
2024-08-25,packaging,apac,76.3
2024-08-25,packaging,latam,70.39
2024-08-25,payment_processing_fees,us,373.91
2024-08-25,payment_processing_fees,eu,373.91
2024-08-25,payment_processing_fees,apac,373.91
2024-08-25,payment_processing_fees,latam,373.90
2024-08-25,customer_support_tooling,us,137.57
2024-08-25,customer_support_tooling,eu,137.57
2024-08-25,customer_support_tooling,apac,137.57
2024-08-25,customer_support_tooling,latam,137.56
2024-08-25,insurance,us,100.51
2024-08-25,insurance,eu,100.51
2024-08-25,insurance,apac,100.51
2024-08-25,insurance,latam,100.51
2024-08-26,rent,us,421.90
2024-08-26,rent,eu,421.90
2024-08-26,rent,apac,421.89
2024-08-26,rent,latam,421.89
2024-08-26,software_licenses,us,282.78
2024-08-26,software_licenses,eu,282.77
2024-08-26,software_licenses,apac,282.77
2024-08-26,software_licenses,latam,282.77
2024-08-26,logistics,us,1774.33
2024-08-26,logistics,eu,868.07
2024-08-26,logistics,apac,359.14
2024-08-26,logistics,latam,279.41
2024-08-26,packaging,us,436.89
2024-08-26,packaging,eu,176.79
2024-08-26,packaging,apac,86.12
2024-08-26,packaging,latam,55.46
2024-08-26,payment_processing_fees,us,373.90
2024-08-26,payment_processing_fees,eu,373.90
2024-08-26,payment_processing_fees,apac,373.89
2024-08-26,payment_processing_fees,latam,373.89
2024-08-26,customer_support_tooling,us,121.59
2024-08-26,customer_support_tooling,eu,121.59
2024-08-26,customer_support_tooling,apac,121.59
2024-08-26,customer_support_tooling,latam,121.59
2024-08-26,insurance,us,89.46
2024-08-26,insurance,eu,89.46
2024-08-26,insurance,apac,89.46
2024-08-26,insurance,latam,89.46
2024-08-27,rent,us,445.27
2024-08-27,rent,eu,445.27
2024-08-27,rent,apac,445.26
2024-08-27,rent,latam,445.26
2024-08-27,software_licenses,us,312.40
2024-08-27,software_licenses,eu,312.39
2024-08-27,software_licenses,apac,312.39
2024-08-27,software_licenses,latam,312.39
2024-08-27,logistics,us,1699.49
2024-08-27,logistics,eu,722.59
2024-08-27,logistics,apac,272.47
2024-08-27,logistics,latam,289.96
2024-08-27,packaging,us,435.51
2024-08-27,packaging,eu,161.91
2024-08-27,packaging,apac,80.89
2024-08-27,packaging,latam,72.56
2024-08-27,payment_processing_fees,us,374.25
2024-08-27,payment_processing_fees,eu,374.25
2024-08-27,payment_processing_fees,apac,374.25
2024-08-27,payment_processing_fees,latam,374.25
2024-08-27,customer_support_tooling,us,134.17
2024-08-27,customer_support_tooling,eu,134.17
2024-08-27,customer_support_tooling,apac,134.17
2024-08-27,customer_support_tooling,latam,134.17
2024-08-27,insurance,us,89.95
2024-08-27,insurance,eu,89.95
2024-08-27,insurance,apac,89.95
2024-08-27,insurance,latam,89.94
2024-08-28,rent,us,523.46
2024-08-28,rent,eu,523.46
2024-08-28,rent,apac,523.46
2024-08-28,rent,latam,523.46
2024-08-28,software_licenses,us,277.67
2024-08-28,software_licenses,eu,277.66
2024-08-28,software_licenses,apac,277.66
2024-08-28,software_licenses,latam,277.66
2024-08-28,logistics,us,1593.26
2024-08-28,logistics,eu,767.21
2024-08-28,logistics,apac,324.55
2024-08-28,logistics,latam,278.15
2024-08-28,packaging,us,389.47
2024-08-28,packaging,eu,173.53
2024-08-28,packaging,apac,76.92
2024-08-28,packaging,latam,72.06
2024-08-28,payment_processing_fees,us,358.27
2024-08-28,payment_processing_fees,eu,358.26
2024-08-28,payment_processing_fees,apac,358.26
2024-08-28,payment_processing_fees,latam,358.26
2024-08-28,customer_support_tooling,us,135.55
2024-08-28,customer_support_tooling,eu,135.54
2024-08-28,customer_support_tooling,apac,135.54
2024-08-28,customer_support_tooling,latam,135.54
2024-08-28,insurance,us,94.55
2024-08-28,insurance,eu,94.55
2024-08-28,insurance,apac,94.55
2024-08-28,insurance,latam,94.55
2024-08-29,rent,us,435.03
2024-08-29,rent,eu,435.03
2024-08-29,rent,apac,435.03
2024-08-29,rent,latam,435.02
2024-08-29,software_licenses,us,273.75
2024-08-29,software_licenses,eu,273.75
2024-08-29,software_licenses,apac,273.75
2024-08-29,software_licenses,latam,273.75
2024-08-29,logistics,us,1826.88
2024-08-29,logistics,eu,663.61
2024-08-29,logistics,apac,306.79
2024-08-29,logistics,latam,278.11
2024-08-29,packaging,us,451.96
2024-08-29,packaging,eu,162.88
2024-08-29,packaging,apac,83.87
2024-08-29,packaging,latam,75.75
2024-08-29,payment_processing_fees,us,366.53
2024-08-29,payment_processing_fees,eu,366.53
2024-08-29,payment_processing_fees,apac,366.53
2024-08-29,payment_processing_fees,latam,366.53
2024-08-29,customer_support_tooling,us,125.19
2024-08-29,customer_support_tooling,eu,125.18
2024-08-29,customer_support_tooling,apac,125.18
2024-08-29,customer_support_tooling,latam,125.18
2024-08-29,insurance,us,95.43
2024-08-29,insurance,eu,95.43
2024-08-29,insurance,apac,95.43
2024-08-29,insurance,latam,95.42
2024-09-01,rent,us,495.86
2024-09-01,rent,eu,495.85
2024-09-01,rent,apac,495.85
2024-09-01,rent,latam,495.85
2024-09-01,software_licenses,us,269.03
2024-09-01,software_licenses,eu,269.02
2024-09-01,software_licenses,apac,269.02
2024-09-01,software_licenses,latam,269.02
2024-09-01,logistics,us,1963.27
2024-09-01,logistics,eu,761.59
2024-09-01,logistics,apac,288.48
2024-09-01,logistics,latam,284.28
2024-09-01,packaging,us,458.65
2024-09-01,packaging,eu,183.32
2024-09-01,packaging,apac,78.98
2024-09-01,packaging,latam,69.0
2024-09-01,payment_processing_fees,us,359.13
2024-09-01,payment_processing_fees,eu,359.13
2024-09-01,payment_processing_fees,apac,359.12
2024-09-01,payment_processing_fees,latam,359.12
2024-09-01,customer_support_tooling,us,126.06
2024-09-01,customer_support_tooling,eu,126.05
2024-09-01,customer_support_tooling,apac,126.05
2024-09-01,customer_support_tooling,latam,126.05
2024-09-01,insurance,us,97.65
2024-09-01,insurance,eu,97.65
2024-09-01,insurance,apac,97.65
2024-09-01,insurance,latam,97.64
2024-09-02,rent,us,469.01
2024-09-02,rent,eu,469.01
2024-09-02,rent,apac,469.01
2024-09-02,rent,latam,469.00
2024-09-02,software_licenses,us,288.20
2024-09-02,software_licenses,eu,288.20
2024-09-02,software_licenses,apac,288.20
2024-09-02,software_licenses,latam,288.19
2024-09-02,logistics,us,1788.16
2024-09-02,logistics,eu,661.49
2024-09-02,logistics,apac,366.4
2024-09-02,logistics,latam,267.31
2024-09-02,packaging,us,491.59
2024-09-02,packaging,eu,198.9
2024-09-02,packaging,apac,82.42
2024-09-02,packaging,latam,72.67
2024-09-02,payment_processing_fees,us,342.13
2024-09-02,payment_processing_fees,eu,342.13
2024-09-02,payment_processing_fees,apac,342.12
2024-09-02,payment_processing_fees,latam,342.12
2024-09-02,customer_support_tooling,us,133.51
2024-09-02,customer_support_tooling,eu,133.50
2024-09-02,customer_support_tooling,apac,133.50
2024-09-02,customer_support_tooling,latam,133.50
2024-09-02,insurance,us,94.32
2024-09-02,insurance,eu,94.32
2024-09-02,insurance,apac,94.32
2024-09-02,insurance,latam,94.32
2024-09-03,rent,us,448.31
2024-09-03,rent,eu,448.31
2024-09-03,rent,apac,448.31
2024-09-03,rent,latam,448.31
2024-09-03,software_licenses,us,291.80
2024-09-03,software_licenses,eu,291.80
2024-09-03,software_licenses,apac,291.80
2024-09-03,software_licenses,latam,291.79
2024-09-03,logistics,us,1854.93
2024-09-03,logistics,eu,715.79
2024-09-03,logistics,apac,331.75
2024-09-03,logistics,latam,276.46
2024-09-03,packaging,us,421.08
2024-09-03,packaging,eu,168.7
2024-09-03,packaging,apac,77.04
2024-09-03,packaging,latam,67.93
2024-09-03,payment_processing_fees,us,402.52
2024-09-03,payment_processing_fees,eu,402.52
2024-09-03,payment_processing_fees,apac,402.51
2024-09-03,payment_processing_fees,latam,402.51
2024-09-03,customer_support_tooling,us,138.73
2024-09-03,customer_support_tooling,eu,138.73
2024-09-03,customer_support_tooling,apac,138.73
2024-09-03,customer_support_tooling,latam,138.72
2024-09-03,insurance,us,98.10
2024-09-03,insurance,eu,98.09
2024-09-03,insurance,apac,98.09
2024-09-03,insurance,latam,98.09
2024-09-04,rent,us,480.60
2024-09-04,rent,eu,480.60
2024-09-04,rent,apac,480.60
2024-09-04,rent,latam,480.59
2024-09-04,software_licenses,us,290.96
2024-09-04,software_licenses,eu,290.96
2024-09-04,software_licenses,apac,290.96
2024-09-04,software_licenses,latam,290.96
2024-09-04,logistics,us,1907.76
2024-09-04,logistics,eu,863.47
2024-09-04,logistics,apac,326.13
2024-09-04,logistics,latam,313.27
2024-09-04,packaging,us,422.1
2024-09-04,packaging,eu,192.91
2024-09-04,packaging,apac,72.23
2024-09-04,packaging,latam,66.92
2024-09-04,payment_processing_fees,us,370.72
2024-09-04,payment_processing_fees,eu,370.72
2024-09-04,payment_processing_fees,apac,370.72
2024-09-04,payment_processing_fees,latam,370.72
2024-09-04,customer_support_tooling,us,135.91
2024-09-04,customer_support_tooling,eu,135.91
2024-09-04,customer_support_tooling,apac,135.91
2024-09-04,customer_support_tooling,latam,135.90
2024-09-04,insurance,us,94.14
2024-09-04,insurance,eu,94.14
2024-09-04,insurance,apac,94.13
2024-09-04,insurance,latam,94.13
2024-09-05,rent,us,460.62
2024-09-05,rent,eu,460.62
2024-09-05,rent,apac,460.62
2024-09-05,rent,latam,460.61
2024-09-05,software_licenses,us,283.56
2024-09-05,software_licenses,eu,283.55
2024-09-05,software_licenses,apac,283.55
2024-09-05,software_licenses,latam,283.55
2024-09-05,logistics,us,1900.53
2024-09-05,logistics,eu,704.11
2024-09-05,logistics,apac,327.48
2024-09-05,logistics,latam,244.63
2024-09-05,packaging,us,411.71
2024-09-05,packaging,eu,177.59
2024-09-05,packaging,apac,87.86
2024-09-05,packaging,latam,75.25
2024-09-05,payment_processing_fees,us,387.94
2024-09-05,payment_processing_fees,eu,387.94
2024-09-05,payment_processing_fees,apac,387.94
2024-09-05,payment_processing_fees,latam,387.93
2024-09-05,customer_support_tooling,us,132.49
2024-09-05,customer_support_tooling,eu,132.49
2024-09-05,customer_support_tooling,apac,132.49
2024-09-05,customer_support_tooling,latam,132.48
2024-09-05,insurance,us,95.94
2024-09-05,insurance,eu,95.94
2024-09-05,insurance,apac,95.93
2024-09-05,insurance,latam,95.93
2024-09-06,rent,us,477.06
2024-09-06,rent,eu,477.06
2024-09-06,rent,apac,477.05
2024-09-06,rent,latam,477.05
2024-09-06,software_licenses,us,264.28
2024-09-06,software_licenses,eu,264.28
2024-09-06,software_licenses,apac,264.28
2024-09-06,software_licenses,latam,264.27
2024-09-06,logistics,us,1796.76
2024-09-06,logistics,eu,703.39
2024-09-06,logistics,apac,363.23
2024-09-06,logistics,latam,279.16
2024-09-06,packaging,us,470.68
2024-09-06,packaging,eu,165.74
2024-09-06,packaging,apac,80.47
2024-09-06,packaging,latam,67.24
2024-09-06,payment_processing_fees,us,365.37
2024-09-06,payment_processing_fees,eu,365.37
2024-09-06,payment_processing_fees,apac,365.37
2024-09-06,payment_processing_fees,latam,365.36
2024-09-06,customer_support_tooling,us,139.55
2024-09-06,customer_support_tooling,eu,139.54
2024-09-06,customer_support_tooling,apac,139.54
2024-09-06,customer_support_tooling,latam,139.54
2024-09-06,insurance,us,96.45
2024-09-06,insurance,eu,96.44
2024-09-06,insurance,apac,96.44
2024-09-06,insurance,latam,96.44
2024-09-07,rent,us,475.12
2024-09-07,rent,eu,475.12
2024-09-07,rent,apac,475.11
2024-09-07,rent,latam,475.11
2024-09-07,software_licenses,us,313.19
2024-09-07,software_licenses,eu,313.19
2024-09-07,software_licenses,apac,313.18
2024-09-07,software_licenses,latam,313.18
2024-09-07,logistics,us,2001.38
2024-09-07,logistics,eu,750.61
2024-09-07,logistics,apac,320.8
2024-09-07,logistics,latam,300.1
2024-09-07,packaging,us,512.72
2024-09-07,packaging,eu,184.62
2024-09-07,packaging,apac,83.5
2024-09-07,packaging,latam,67.03
2024-09-07,payment_processing_fees,us,379.06
2024-09-07,payment_processing_fees,eu,379.05
2024-09-07,payment_processing_fees,apac,379.05
2024-09-07,payment_processing_fees,latam,379.05
2024-09-07,customer_support_tooling,us,134.89
2024-09-07,customer_support_tooling,eu,134.89
2024-09-07,customer_support_tooling,apac,134.89
2024-09-07,customer_support_tooling,latam,134.89
2024-09-07,insurance,us,92.41
2024-09-07,insurance,eu,92.41
2024-09-07,insurance,apac,92.40
2024-09-07,insurance,latam,92.40
2024-09-08,rent,us,429.82
2024-09-08,rent,eu,429.82
2024-09-08,rent,apac,429.81
2024-09-08,rent,latam,429.81
2024-09-08,software_licenses,us,269.78
2024-09-08,software_licenses,eu,269.78
2024-09-08,software_licenses,apac,269.78
2024-09-08,software_licenses,latam,269.77
2024-09-08,logistics,us,1987.66
2024-09-08,logistics,eu,692.66
2024-09-08,logistics,apac,381.22
2024-09-08,logistics,latam,286.75
2024-09-08,packaging,us,478.13
2024-09-08,packaging,eu,170.43
2024-09-08,packaging,apac,79.01
2024-09-08,packaging,latam,71.32
2024-09-08,payment_processing_fees,us,386.15
2024-09-08,payment_processing_fees,eu,386.14
2024-09-08,payment_processing_fees,apac,386.14
2024-09-08,payment_processing_fees,latam,386.14
2024-09-08,customer_support_tooling,us,138.79
2024-09-08,customer_support_tooling,eu,138.79
2024-09-08,customer_support_tooling,apac,138.79
2024-09-08,customer_support_tooling,latam,138.78
2024-09-08,insurance,us,94.98
2024-09-08,insurance,eu,94.98
2024-09-08,insurance,apac,94.98
2024-09-08,insurance,latam,94.97
2024-09-09,rent,us,483.07
2024-09-09,rent,eu,483.07
2024-09-09,rent,apac,483.07
2024-09-09,rent,latam,483.06
2024-09-09,software_licenses,us,271.28
2024-09-09,software_licenses,eu,271.28
2024-09-09,software_licenses,apac,271.27
2024-09-09,software_licenses,latam,271.27
2024-09-09,logistics,us,1833.14
2024-09-09,logistics,eu,708.35
2024-09-09,logistics,apac,306.55
2024-09-09,logistics,latam,274.97
2024-09-09,packaging,us,429.79
2024-09-09,packaging,eu,192.59
2024-09-09,packaging,apac,75.76
2024-09-09,packaging,latam,74.64
2024-09-09,payment_processing_fees,us,395.36
2024-09-09,payment_processing_fees,eu,395.36
2024-09-09,payment_processing_fees,apac,395.36
2024-09-09,payment_processing_fees,latam,395.35
2024-09-09,customer_support_tooling,us,126.46
2024-09-09,customer_support_tooling,eu,126.46
2024-09-09,customer_support_tooling,apac,126.46
2024-09-09,customer_support_tooling,latam,126.45
2024-09-09,insurance,us,96.00
2024-09-09,insurance,eu,95.99
2024-09-09,insurance,apac,95.99
2024-09-09,insurance,latam,95.99
2024-09-10,rent,us,491.18
2024-09-10,rent,eu,491.18
2024-09-10,rent,apac,491.18
2024-09-10,rent,latam,491.17
2024-09-10,software_licenses,us,275.17
2024-09-10,software_licenses,eu,275.17
2024-09-10,software_licenses,apac,275.17
2024-09-10,software_licenses,latam,275.17
2024-09-10,logistics,us,1602.79
2024-09-10,logistics,eu,734.65
2024-09-10,logistics,apac,342.11
2024-09-10,logistics,latam,274.73
2024-09-10,packaging,us,448.97
2024-09-10,packaging,eu,183.94
2024-09-10,packaging,apac,86.88
2024-09-10,packaging,latam,54.55
2024-09-10,payment_processing_fees,us,355.16
2024-09-10,payment_processing_fees,eu,355.16
2024-09-10,payment_processing_fees,apac,355.16
2024-09-10,payment_processing_fees,latam,355.16
2024-09-10,customer_support_tooling,us,127.43
2024-09-10,customer_support_tooling,eu,127.43
2024-09-10,customer_support_tooling,apac,127.43
2024-09-10,customer_support_tooling,latam,127.42
2024-09-10,insurance,us,93.26
2024-09-10,insurance,eu,93.25
2024-09-10,insurance,apac,93.25
2024-09-10,insurance,latam,93.25
2024-09-11,rent,us,490.45
2024-09-11,rent,eu,490.44
2024-09-11,rent,apac,490.44
2024-09-11,rent,latam,490.44
2024-09-11,software_licenses,us,303.33
2024-09-11,software_licenses,eu,303.33
2024-09-11,software_licenses,apac,303.33
2024-09-11,software_licenses,latam,303.33
2024-09-11,logistics,us,1697.22
2024-09-11,logistics,eu,792.35
2024-09-11,logistics,apac,322.44
2024-09-11,logistics,latam,302.73
2024-09-11,packaging,us,421.11
2024-09-11,packaging,eu,181.1
2024-09-11,packaging,apac,82.09
2024-09-11,packaging,latam,68.08
2024-09-11,payment_processing_fees,us,389.17
2024-09-11,payment_processing_fees,eu,389.16
2024-09-11,payment_processing_fees,apac,389.16
2024-09-11,payment_processing_fees,latam,389.16
2024-09-11,customer_support_tooling,us,133.95
2024-09-11,customer_support_tooling,eu,133.95
2024-09-11,customer_support_tooling,apac,133.95
2024-09-11,customer_support_tooling,latam,133.94
2024-09-11,insurance,us,102.21
2024-09-11,insurance,eu,102.21
2024-09-11,insurance,apac,102.21
2024-09-11,insurance,latam,102.20
2024-09-12,rent,us,480.11
2024-09-12,rent,eu,480.11
2024-09-12,rent,apac,480.11
2024-09-12,rent,latam,480.11
2024-09-12,software_licenses,us,280.37
2024-09-12,software_licenses,eu,280.37
2024-09-12,software_licenses,apac,280.37
2024-09-12,software_licenses,latam,280.37
2024-09-12,logistics,us,1672.11
2024-09-12,logistics,eu,766.47
2024-09-12,logistics,apac,301.74
2024-09-12,logistics,latam,276.74
2024-09-12,packaging,us,472.55
2024-09-12,packaging,eu,156.73
2024-09-12,packaging,apac,84.9
2024-09-12,packaging,latam,59.92
2024-09-12,payment_processing_fees,us,358.55
2024-09-12,payment_processing_fees,eu,358.54
2024-09-12,payment_processing_fees,apac,358.54
2024-09-12,payment_processing_fees,latam,358.54
2024-09-12,customer_support_tooling,us,134.61
2024-09-12,customer_support_tooling,eu,134.61
2024-09-12,customer_support_tooling,apac,134.61
2024-09-12,customer_support_tooling,latam,134.60
2024-09-12,insurance,us,98.47
2024-09-12,insurance,eu,98.46
2024-09-12,insurance,apac,98.46
2024-09-12,insurance,latam,98.46
2024-09-13,rent,us,463.51
2024-09-13,rent,eu,463.51
2024-09-13,rent,apac,463.51
2024-09-13,rent,latam,463.51
2024-09-13,software_licenses,us,272.66
2024-09-13,software_licenses,eu,272.65
2024-09-13,software_licenses,apac,272.65
2024-09-13,software_licenses,latam,272.65
2024-09-13,logistics,us,1584.16
2024-09-13,logistics,eu,691.39
2024-09-13,logistics,apac,339.31
2024-09-13,logistics,latam,297.01
2024-09-13,packaging,us,429.06
2024-09-13,packaging,eu,186.65
2024-09-13,packaging,apac,81.7
2024-09-13,packaging,latam,81.81
2024-09-13,payment_processing_fees,us,371.71
2024-09-13,payment_processing_fees,eu,371.71
2024-09-13,payment_processing_fees,apac,371.70
2024-09-13,payment_processing_fees,latam,371.70
2024-09-13,customer_support_tooling,us,128.91
2024-09-13,customer_support_tooling,eu,128.91
2024-09-13,customer_support_tooling,apac,128.91
2024-09-13,customer_support_tooling,latam,128.91
2024-09-13,insurance,us,95.66
2024-09-13,insurance,eu,95.66
2024-09-13,insurance,apac,95.66
2024-09-13,insurance,latam,95.66
2024-09-14,rent,us,466.03
2024-09-14,rent,eu,466.02
2024-09-14,rent,apac,466.02
2024-09-14,rent,latam,466.02
2024-09-14,software_licenses,us,288.48
2024-09-14,software_licenses,eu,288.48
2024-09-14,software_licenses,apac,288.48
2024-09-14,software_licenses,latam,288.47
2024-09-14,logistics,us,1757.96
2024-09-14,logistics,eu,754.06
2024-09-14,logistics,apac,320.77
2024-09-14,logistics,latam,265.56
2024-09-14,packaging,us,421.71
2024-09-14,packaging,eu,174.46
2024-09-14,packaging,apac,82.21
2024-09-14,packaging,latam,79.53
2024-09-14,payment_processing_fees,us,341.02
2024-09-14,payment_processing_fees,eu,341.02
2024-09-14,payment_processing_fees,apac,341.02
2024-09-14,payment_processing_fees,latam,341.01
2024-09-14,customer_support_tooling,us,139.05
2024-09-14,customer_support_tooling,eu,139.04
2024-09-14,customer_support_tooling,apac,139.04
2024-09-14,customer_support_tooling,latam,139.04
2024-09-14,insurance,us,105.78
2024-09-14,insurance,eu,105.77
2024-09-14,insurance,apac,105.77
2024-09-14,insurance,latam,105.77
2024-09-15,rent,us,412.50
2024-09-15,rent,eu,412.50
2024-09-15,rent,apac,412.50
2024-09-15,rent,latam,412.50
2024-09-15,software_licenses,us,278.28
2024-09-15,software_licenses,eu,278.28
2024-09-15,software_licenses,apac,278.28
2024-09-15,software_licenses,latam,278.27
2024-09-15,logistics,us,1802.56
2024-09-15,logistics,eu,815.86
2024-09-15,logistics,apac,360.85
2024-09-15,logistics,latam,275.25
2024-09-15,packaging,us,435.07
2024-09-15,packaging,eu,181.72
2024-09-15,packaging,apac,79.66
2024-09-15,packaging,latam,72.61
2024-09-15,payment_processing_fees,us,364.20
2024-09-15,payment_processing_fees,eu,364.19
2024-09-15,payment_processing_fees,apac,364.19
2024-09-15,payment_processing_fees,latam,364.19
2024-09-15,customer_support_tooling,us,131.30
2024-09-15,customer_support_tooling,eu,131.30
2024-09-15,customer_support_tooling,apac,131.30
2024-09-15,customer_support_tooling,latam,131.29
2024-09-15,insurance,us,99.02
2024-09-15,insurance,eu,99.02
2024-09-15,insurance,apac,99.02
2024-09-15,insurance,latam,99.01
2024-09-16,rent,us,414.65
2024-09-16,rent,eu,414.65
2024-09-16,rent,apac,414.65
2024-09-16,rent,latam,414.64
2024-09-16,software_licenses,us,286.61
2024-09-16,software_licenses,eu,286.61
2024-09-16,software_licenses,apac,286.60
2024-09-16,software_licenses,latam,286.60
2024-09-16,logistics,us,1685.9
2024-09-16,logistics,eu,742.77
2024-09-16,logistics,apac,319.61
2024-09-16,logistics,latam,267.75
2024-09-16,packaging,us,415.96
2024-09-16,packaging,eu,169.97
2024-09-16,packaging,apac,88.92
2024-09-16,packaging,latam,69.44
2024-09-16,payment_processing_fees,us,382.39
2024-09-16,payment_processing_fees,eu,382.38
2024-09-16,payment_processing_fees,apac,382.38
2024-09-16,payment_processing_fees,latam,382.38
2024-09-16,customer_support_tooling,us,138.06
2024-09-16,customer_support_tooling,eu,138.06
2024-09-16,customer_support_tooling,apac,138.06
2024-09-16,customer_support_tooling,latam,138.05
2024-09-16,insurance,us,99.13
2024-09-16,insurance,eu,99.13
2024-09-16,insurance,apac,99.12
2024-09-16,insurance,latam,99.12
2024-09-17,rent,us,420.27
2024-09-17,rent,eu,420.26
2024-09-17,rent,apac,420.26
2024-09-17,rent,latam,420.26
2024-09-17,software_licenses,us,273.96
2024-09-17,software_licenses,eu,273.95
2024-09-17,software_licenses,apac,273.95
2024-09-17,software_licenses,latam,273.95
2024-09-17,logistics,us,1876.07
2024-09-17,logistics,eu,656.98
2024-09-17,logistics,apac,327.16
2024-09-17,logistics,latam,264.23
2024-09-17,packaging,us,431.1
2024-09-17,packaging,eu,189.59
2024-09-17,packaging,apac,80.82
2024-09-17,packaging,latam,69.58
2024-09-17,payment_processing_fees,us,349.44
2024-09-17,payment_processing_fees,eu,349.44
2024-09-17,payment_processing_fees,apac,349.43
2024-09-17,payment_processing_fees,latam,349.43
2024-09-17,customer_support_tooling,us,127.67
2024-09-17,customer_support_tooling,eu,127.67
2024-09-17,customer_support_tooling,apac,127.67
2024-09-17,customer_support_tooling,latam,127.66
2024-09-17,insurance,us,95.46
2024-09-17,insurance,eu,95.46
2024-09-17,insurance,apac,95.45
2024-09-17,insurance,latam,95.45
2024-09-18,rent,us,445.65
2024-09-18,rent,eu,445.65
2024-09-18,rent,apac,445.65
2024-09-18,rent,latam,445.65
2024-09-18,software_licenses,us,315.50
2024-09-18,software_licenses,eu,315.49
2024-09-18,software_licenses,apac,315.49
2024-09-18,software_licenses,latam,315.49
2024-09-18,logistics,us,1640.65
2024-09-18,logistics,eu,748.96
2024-09-18,logistics,apac,348.17
2024-09-18,logistics,latam,316.12
2024-09-18,packaging,us,412.8
2024-09-18,packaging,eu,190.37
2024-09-18,packaging,apac,74.49
2024-09-18,packaging,latam,60.13
2024-09-18,payment_processing_fees,us,350.32
2024-09-18,payment_processing_fees,eu,350.32
2024-09-18,payment_processing_fees,apac,350.32
2024-09-18,payment_processing_fees,latam,350.31
2024-09-18,customer_support_tooling,us,144.07
2024-09-18,customer_support_tooling,eu,144.07
2024-09-18,customer_support_tooling,apac,144.06
2024-09-18,customer_support_tooling,latam,144.06
2024-09-18,insurance,us,96.92
2024-09-18,insurance,eu,96.92
2024-09-18,insurance,apac,96.91
2024-09-18,insurance,latam,96.91
2024-09-19,rent,us,428.47
2024-09-19,rent,eu,428.47
2024-09-19,rent,apac,428.47
2024-09-19,rent,latam,428.47
2024-09-19,software_licenses,us,295.65
2024-09-19,software_licenses,eu,295.65
2024-09-19,software_licenses,apac,295.64
2024-09-19,software_licenses,latam,295.64
2024-09-19,logistics,us,1855.55
2024-09-19,logistics,eu,806.29
2024-09-19,logistics,apac,320.83
2024-09-19,logistics,latam,298.99
2024-09-19,packaging,us,508.59
2024-09-19,packaging,eu,186.14
2024-09-19,packaging,apac,78.71
2024-09-19,packaging,latam,68.38
2024-09-19,payment_processing_fees,us,368.49
2024-09-19,payment_processing_fees,eu,368.49
2024-09-19,payment_processing_fees,apac,368.49
2024-09-19,payment_processing_fees,latam,368.49
2024-09-19,customer_support_tooling,us,133.55
2024-09-19,customer_support_tooling,eu,133.54
2024-09-19,customer_support_tooling,apac,133.54
2024-09-19,customer_support_tooling,latam,133.54
2024-09-19,insurance,us,88.80
2024-09-19,insurance,eu,88.80
2024-09-19,insurance,apac,88.80
2024-09-19,insurance,latam,88.80
2024-09-20,rent,us,479.69
2024-09-20,rent,eu,479.68
2024-09-20,rent,apac,479.68
2024-09-20,rent,latam,479.68
2024-09-20,software_licenses,us,280.58
2024-09-20,software_licenses,eu,280.58
2024-09-20,software_licenses,apac,280.58
2024-09-20,software_licenses,latam,280.58
2024-09-20,logistics,us,1845.07
2024-09-20,logistics,eu,795.67
2024-09-20,logistics,apac,304.95
2024-09-20,logistics,latam,295.37
2024-09-20,packaging,us,418.64
2024-09-20,packaging,eu,193.82
2024-09-20,packaging,apac,77.81
2024-09-20,packaging,latam,62.89
2024-09-20,payment_processing_fees,us,374.22
2024-09-20,payment_processing_fees,eu,374.22
2024-09-20,payment_processing_fees,apac,374.22
2024-09-20,payment_processing_fees,latam,374.21
2024-09-20,customer_support_tooling,us,140.50
2024-09-20,customer_support_tooling,eu,140.49
2024-09-20,customer_support_tooling,apac,140.49
2024-09-20,customer_support_tooling,latam,140.49
2024-09-20,insurance,us,88.95
2024-09-20,insurance,eu,88.95
2024-09-20,insurance,apac,88.94
2024-09-20,insurance,latam,88.94
2024-09-21,rent,us,486.85
2024-09-21,rent,eu,486.85
2024-09-21,rent,apac,486.84
2024-09-21,rent,latam,486.84
2024-09-21,software_licenses,us,281.90
2024-09-21,software_licenses,eu,281.89
2024-09-21,software_licenses,apac,281.89
2024-09-21,software_licenses,latam,281.89
2024-09-21,logistics,us,1852.45
2024-09-21,logistics,eu,703.07
2024-09-21,logistics,apac,324.95
2024-09-21,logistics,latam,290.63
2024-09-21,packaging,us,404.86
2024-09-21,packaging,eu,170.43
2024-09-21,packaging,apac,81.01
2024-09-21,packaging,latam,77.38
2024-09-21,payment_processing_fees,us,385.76
2024-09-21,payment_processing_fees,eu,385.75
2024-09-21,payment_processing_fees,apac,385.75
2024-09-21,payment_processing_fees,latam,385.75
2024-09-21,customer_support_tooling,us,141.59
2024-09-21,customer_support_tooling,eu,141.59
2024-09-21,customer_support_tooling,apac,141.59
2024-09-21,customer_support_tooling,latam,141.58
2024-09-21,insurance,us,94.20
2024-09-21,insurance,eu,94.20
2024-09-21,insurance,apac,94.19
2024-09-21,insurance,latam,94.19
2024-09-22,rent,us,454.99
2024-09-22,rent,eu,454.99
2024-09-22,rent,apac,454.98
2024-09-22,rent,latam,454.98
2024-09-22,software_licenses,us,305.96
2024-09-22,software_licenses,eu,305.96
2024-09-22,software_licenses,apac,305.96
2024-09-22,software_licenses,latam,305.95
2024-09-22,logistics,us,1755.88
2024-09-22,logistics,eu,728.48
2024-09-22,logistics,apac,323.92
2024-09-22,logistics,latam,275.58
2024-09-22,packaging,us,435.14
2024-09-22,packaging,eu,193.15
2024-09-22,packaging,apac,92.04
2024-09-22,packaging,latam,67.09
2024-09-22,payment_processing_fees,us,344.65
2024-09-22,payment_processing_fees,eu,344.65
2024-09-22,payment_processing_fees,apac,344.65
2024-09-22,payment_processing_fees,latam,344.65
2024-09-22,customer_support_tooling,us,144.76
2024-09-22,customer_support_tooling,eu,144.76
2024-09-22,customer_support_tooling,apac,144.76
2024-09-22,customer_support_tooling,latam,144.76
2024-09-22,insurance,us,85.08
2024-09-22,insurance,eu,85.08
2024-09-22,insurance,apac,85.08
2024-09-22,insurance,latam,85.08
2024-09-23,rent,us,489.40
2024-09-23,rent,eu,489.40
2024-09-23,rent,apac,489.39
2024-09-23,rent,latam,489.39
2024-09-23,software_licenses,us,279.23
2024-09-23,software_licenses,eu,279.23
2024-09-23,software_licenses,apac,279.23
2024-09-23,software_licenses,latam,279.23
2024-09-23,logistics,us,2036.38
2024-09-23,logistics,eu,713.65
2024-09-23,logistics,apac,339.79
2024-09-23,logistics,latam,301.7
2024-09-23,packaging,us,408.38
2024-09-23,packaging,eu,182.35
2024-09-23,packaging,apac,77.43
2024-09-23,packaging,latam,59.37
2024-09-23,payment_processing_fees,us,347.79
2024-09-23,payment_processing_fees,eu,347.79
2024-09-23,payment_processing_fees,apac,347.79
2024-09-23,payment_processing_fees,latam,347.79
2024-09-23,customer_support_tooling,us,122.43
2024-09-23,customer_support_tooling,eu,122.42
2024-09-23,customer_support_tooling,apac,122.42
2024-09-23,customer_support_tooling,latam,122.42
2024-09-23,insurance,us,105.50
2024-09-23,insurance,eu,105.50
2024-09-23,insurance,apac,105.50
2024-09-23,insurance,latam,105.50
2024-09-24,rent,us,442.74
2024-09-24,rent,eu,442.73
2024-09-24,rent,apac,442.73
2024-09-24,rent,latam,442.73
2024-09-24,software_licenses,us,266.49
2024-09-24,software_licenses,eu,266.49
2024-09-24,software_licenses,apac,266.49
2024-09-24,software_licenses,latam,266.48
2024-09-24,logistics,us,1635.85
2024-09-24,logistics,eu,771.3
2024-09-24,logistics,apac,276.29
2024-09-24,logistics,latam,289.03
2024-09-24,packaging,us,462.02
2024-09-24,packaging,eu,183.68
2024-09-24,packaging,apac,80.15
2024-09-24,packaging,latam,65.93
2024-09-24,payment_processing_fees,us,342.83
2024-09-24,payment_processing_fees,eu,342.83
2024-09-24,payment_processing_fees,apac,342.83
2024-09-24,payment_processing_fees,latam,342.82
2024-09-24,customer_support_tooling,us,134.89
2024-09-24,customer_support_tooling,eu,134.88
2024-09-24,customer_support_tooling,apac,134.88
2024-09-24,customer_support_tooling,latam,134.88
2024-09-24,insurance,us,90.45
2024-09-24,insurance,eu,90.45
2024-09-24,insurance,apac,90.45
2024-09-24,insurance,latam,90.45
2024-09-25,rent,us,446.03
2024-09-25,rent,eu,446.03
2024-09-25,rent,apac,446.02
2024-09-25,rent,latam,446.02
2024-09-25,software_licenses,us,294.99
2024-09-25,software_licenses,eu,294.99
2024-09-25,software_licenses,apac,294.99
2024-09-25,software_licenses,latam,294.99
2024-09-25,logistics,us,1659.35
2024-09-25,logistics,eu,744.68
2024-09-25,logistics,apac,345.97
2024-09-25,logistics,latam,273.03
2024-09-25,packaging,us,399.25
2024-09-25,packaging,eu,194.23
2024-09-25,packaging,apac,74.23
2024-09-25,packaging,latam,66.11
2024-09-25,payment_processing_fees,us,369.24
2024-09-25,payment_processing_fees,eu,369.24
2024-09-25,payment_processing_fees,apac,369.24
2024-09-25,payment_processing_fees,latam,369.23
2024-09-25,customer_support_tooling,us,124.91
2024-09-25,customer_support_tooling,eu,124.91
2024-09-25,customer_support_tooling,apac,124.91
2024-09-25,customer_support_tooling,latam,124.90
2024-09-25,insurance,us,97.52
2024-09-25,insurance,eu,97.52
2024-09-25,insurance,apac,97.52
2024-09-25,insurance,latam,97.51
2024-09-26,rent,us,455.96
2024-09-26,rent,eu,455.96
2024-09-26,rent,apac,455.96
2024-09-26,rent,latam,455.96
2024-09-26,software_licenses,us,290.09
2024-09-26,software_licenses,eu,290.09
2024-09-26,software_licenses,apac,290.09
2024-09-26,software_licenses,latam,290.09
2024-09-26,logistics,us,1800.64
2024-09-26,logistics,eu,828.02
2024-09-26,logistics,apac,366.87
2024-09-26,logistics,latam,315.73
2024-09-26,packaging,us,429.77
2024-09-26,packaging,eu,163.9
2024-09-26,packaging,apac,84.27
2024-09-26,packaging,latam,69.32
2024-09-26,payment_processing_fees,us,403.55
2024-09-26,payment_processing_fees,eu,403.55
2024-09-26,payment_processing_fees,apac,403.54
2024-09-26,payment_processing_fees,latam,403.54
2024-09-26,customer_support_tooling,us,133.33
2024-09-26,customer_support_tooling,eu,133.33
2024-09-26,customer_support_tooling,apac,133.33
2024-09-26,customer_support_tooling,latam,133.33
2024-09-26,insurance,us,102.34
2024-09-26,insurance,eu,102.34
2024-09-26,insurance,apac,102.34
2024-09-26,insurance,latam,102.34
2024-09-27,rent,us,449.01
2024-09-27,rent,eu,449.01
2024-09-27,rent,apac,449.00
2024-09-27,rent,latam,449.00
2024-09-27,software_licenses,us,306.85
2024-09-27,software_licenses,eu,306.85
2024-09-27,software_licenses,apac,306.85
2024-09-27,software_licenses,latam,306.85
2024-09-27,logistics,us,1961.87
2024-09-27,logistics,eu,697.74
2024-09-27,logistics,apac,318.46
2024-09-27,logistics,latam,265.56
2024-09-27,packaging,us,425.34
2024-09-27,packaging,eu,205.08
2024-09-27,packaging,apac,74.55
2024-09-27,packaging,latam,63.46
2024-09-27,payment_processing_fees,us,378.51
2024-09-27,payment_processing_fees,eu,378.51
2024-09-27,payment_processing_fees,apac,378.51
2024-09-27,payment_processing_fees,latam,378.51
2024-09-27,customer_support_tooling,us,128.48
2024-09-27,customer_support_tooling,eu,128.48
2024-09-27,customer_support_tooling,apac,128.48
2024-09-27,customer_support_tooling,latam,128.47
2024-09-27,insurance,us,87.13
2024-09-27,insurance,eu,87.13
2024-09-27,insurance,apac,87.12
2024-09-27,insurance,latam,87.12
2024-09-28,rent,us,470.94
2024-09-28,rent,eu,470.93
2024-09-28,rent,apac,470.93
2024-09-28,rent,latam,470.93
2024-09-28,software_licenses,us,286.92
2024-09-28,software_licenses,eu,286.91
2024-09-28,software_licenses,apac,286.91
2024-09-28,software_licenses,latam,286.91
2024-09-28,logistics,us,1750.88
2024-09-28,logistics,eu,725.37
2024-09-28,logistics,apac,333.18
2024-09-28,logistics,latam,316.73
2024-09-28,packaging,us,457.23
2024-09-28,packaging,eu,166.5
2024-09-28,packaging,apac,70.94
2024-09-28,packaging,latam,73.82
2024-09-28,payment_processing_fees,us,353.88
2024-09-28,payment_processing_fees,eu,353.88
2024-09-28,payment_processing_fees,apac,353.88
2024-09-28,payment_processing_fees,latam,353.88
2024-09-28,customer_support_tooling,us,141.18
2024-09-28,customer_support_tooling,eu,141.18
2024-09-28,customer_support_tooling,apac,141.17
2024-09-28,customer_support_tooling,latam,141.17
2024-09-28,insurance,us,100.61
2024-09-28,insurance,eu,100.61
2024-09-28,insurance,apac,100.61
2024-09-28,insurance,latam,100.60
2024-09-29,rent,us,444.78
2024-09-29,rent,eu,444.78
2024-09-29,rent,apac,444.77
2024-09-29,rent,latam,444.77
2024-09-29,software_licenses,us,281.70
2024-09-29,software_licenses,eu,281.70
2024-09-29,software_licenses,apac,281.70
2024-09-29,software_licenses,latam,281.70
2024-09-29,logistics,us,1850.55
2024-09-29,logistics,eu,812.59
2024-09-29,logistics,apac,350.97
2024-09-29,logistics,latam,288.57
2024-09-29,packaging,us,461.8
2024-09-29,packaging,eu,166.43
2024-09-29,packaging,apac,86.46
2024-09-29,packaging,latam,59.55
2024-09-29,payment_processing_fees,us,403.40
2024-09-29,payment_processing_fees,eu,403.40
2024-09-29,payment_processing_fees,apac,403.39
2024-09-29,payment_processing_fees,latam,403.39
2024-09-29,customer_support_tooling,us,129.60
2024-09-29,customer_support_tooling,eu,129.60
2024-09-29,customer_support_tooling,apac,129.59
2024-09-29,customer_support_tooling,latam,129.59
2024-09-29,insurance,us,105.45
2024-09-29,insurance,eu,105.45
2024-09-29,insurance,apac,105.45
2024-09-29,insurance,latam,105.45
2024-09-30,rent,us,475.39
2024-09-30,rent,eu,475.39
2024-09-30,rent,apac,475.39
2024-09-30,rent,latam,475.39
2024-09-30,software_licenses,us,297.79
2024-09-30,software_licenses,eu,297.78
2024-09-30,software_licenses,apac,297.78
2024-09-30,software_licenses,latam,297.78
2024-09-30,logistics,us,1690.66
2024-09-30,logistics,eu,802.77
2024-09-30,logistics,apac,340.59
2024-09-30,logistics,latam,271.65
2024-09-30,packaging,us,412.31
2024-09-30,packaging,eu,171.01
2024-09-30,packaging,apac,76.17
2024-09-30,packaging,latam,73.69
2024-09-30,payment_processing_fees,us,346.38
2024-09-30,payment_processing_fees,eu,346.38
2024-09-30,payment_processing_fees,apac,346.37
2024-09-30,payment_processing_fees,latam,346.37
2024-09-30,customer_support_tooling,us,131.27
2024-09-30,customer_support_tooling,eu,131.26
2024-09-30,customer_support_tooling,apac,131.26
2024-09-30,customer_support_tooling,latam,131.26
2024-09-30,insurance,us,97.50
2024-09-30,insurance,eu,97.50
2024-09-30,insurance,apac,97.50
2024-09-30,insurance,latam,97.50
2024-09-30,rent,us,452.01
2024-09-30,rent,eu,452.01
2024-09-30,rent,apac,452.01
2024-09-30,rent,latam,452.01
2024-09-30,software_licenses,us,301.88
2024-09-30,software_licenses,eu,301.88
2024-09-30,software_licenses,apac,301.88
2024-09-30,software_licenses,latam,301.87
2024-09-30,logistics,us,1787.41
2024-09-30,logistics,eu,786.29
2024-09-30,logistics,apac,311.53
2024-09-30,logistics,latam,279.37
2024-09-30,packaging,us,441.59
2024-09-30,packaging,eu,184.65
2024-09-30,packaging,apac,80.17
2024-09-30,packaging,latam,75.17
2024-09-30,payment_processing_fees,us,389.07
2024-09-30,payment_processing_fees,eu,389.07
2024-09-30,payment_processing_fees,apac,389.06
2024-09-30,payment_processing_fees,latam,389.06
2024-09-30,customer_support_tooling,us,145.93
2024-09-30,customer_support_tooling,eu,145.93
2024-09-30,customer_support_tooling,apac,145.93
2024-09-30,customer_support_tooling,latam,145.92
2024-09-30,insurance,us,96.10
2024-09-30,insurance,eu,96.10
2024-09-30,insurance,apac,96.10
2024-09-30,insurance,latam,96.09
2024-10-01,rent,us,460.63
2024-10-01,rent,eu,460.63
2024-10-01,rent,apac,460.63
2024-10-01,rent,latam,460.63
2024-10-01,software_licenses,us,272.86
2024-10-01,software_licenses,eu,272.86
2024-10-01,software_licenses,apac,272.85
2024-10-01,software_licenses,latam,272.85
2024-10-01,logistics,us,1559.28
2024-10-01,logistics,eu,701.93
2024-10-01,logistics,apac,324.54
2024-10-01,logistics,latam,276.5
2024-10-01,packaging,us,366.93
2024-10-01,packaging,eu,203.64
2024-10-01,packaging,apac,76.74
2024-10-01,packaging,latam,65.47
2024-10-01,payment_processing_fees,us,351.73
2024-10-01,payment_processing_fees,eu,351.73
2024-10-01,payment_processing_fees,apac,351.73
2024-10-01,payment_processing_fees,latam,351.72
2024-10-01,customer_support_tooling,us,128.99
2024-10-01,customer_support_tooling,eu,128.99
2024-10-01,customer_support_tooling,apac,128.99
2024-10-01,customer_support_tooling,latam,128.98
2024-10-01,insurance,us,100.59
2024-10-01,insurance,eu,100.58
2024-10-01,insurance,apac,100.58
2024-10-01,insurance,latam,100.58
2024-10-02,rent,us,458.02
2024-10-02,rent,eu,458.02
2024-10-02,rent,apac,458.02
2024-10-02,rent,latam,458.02
2024-10-02,software_licenses,us,283.85
2024-10-02,software_licenses,eu,283.85
2024-10-02,software_licenses,apac,283.85
2024-10-02,software_licenses,latam,283.84
2024-10-02,logistics,us,1939.31
2024-10-02,logistics,eu,806.11
2024-10-02,logistics,apac,276.67
2024-10-02,logistics,latam,273.65
2024-10-02,packaging,us,407.22
2024-10-02,packaging,eu,189.34
2024-10-02,packaging,apac,77.61
2024-10-02,packaging,latam,67.92
2024-10-02,payment_processing_fees,us,370.83
2024-10-02,payment_processing_fees,eu,370.83
2024-10-02,payment_processing_fees,apac,370.83
2024-10-02,payment_processing_fees,latam,370.82
2024-10-02,customer_support_tooling,us,128.18
2024-10-02,customer_support_tooling,eu,128.18
2024-10-02,customer_support_tooling,apac,128.18
2024-10-02,customer_support_tooling,latam,128.18
2024-10-02,insurance,us,94.82
2024-10-02,insurance,eu,94.82
2024-10-02,insurance,apac,94.82
2024-10-02,insurance,latam,94.81
2024-10-03,rent,us,486.37
2024-10-03,rent,eu,486.37
2024-10-03,rent,apac,486.36
2024-10-03,rent,latam,486.36
2024-10-03,software_licenses,us,281.70
2024-10-03,software_licenses,eu,281.69
2024-10-03,software_licenses,apac,281.69
2024-10-03,software_licenses,latam,281.69
2024-10-03,logistics,us,1665.78
2024-10-03,logistics,eu,883.13
2024-10-03,logistics,apac,313.22
2024-10-03,logistics,latam,301.12
2024-10-03,packaging,us,452.52
2024-10-03,packaging,eu,180.21
2024-10-03,packaging,apac,86.63
2024-10-03,packaging,latam,63.58
2024-10-03,payment_processing_fees,us,369.16
2024-10-03,payment_processing_fees,eu,369.15
2024-10-03,payment_processing_fees,apac,369.15
2024-10-03,payment_processing_fees,latam,369.15
2024-10-03,customer_support_tooling,us,130.66
2024-10-03,customer_support_tooling,eu,130.66
2024-10-03,customer_support_tooling,apac,130.65
2024-10-03,customer_support_tooling,latam,130.65
2024-10-03,insurance,us,95.70
2024-10-03,insurance,eu,95.70
2024-10-03,insurance,apac,95.70
2024-10-03,insurance,latam,95.69
2024-10-04,rent,us,474.87
2024-10-04,rent,eu,474.87
2024-10-04,rent,apac,474.86
2024-10-04,rent,latam,474.86
2024-10-04,software_licenses,us,312.11
2024-10-04,software_licenses,eu,312.11
2024-10-04,software_licenses,apac,312.10
2024-10-04,software_licenses,latam,312.10
2024-10-04,logistics,us,1801.55
2024-10-04,logistics,eu,737.83
2024-10-04,logistics,apac,292.4
2024-10-04,logistics,latam,259.54
2024-10-04,packaging,us,438.22
2024-10-04,packaging,eu,190.82
2024-10-04,packaging,apac,76.44
2024-10-04,packaging,latam,66.19
2024-10-04,payment_processing_fees,us,394.18
2024-10-04,payment_processing_fees,eu,394.18
2024-10-04,payment_processing_fees,apac,394.17
2024-10-04,payment_processing_fees,latam,394.17
2024-10-04,customer_support_tooling,us,137.70
2024-10-04,customer_support_tooling,eu,137.70
2024-10-04,customer_support_tooling,apac,137.69
2024-10-04,customer_support_tooling,latam,137.69
2024-10-04,insurance,us,91.98
2024-10-04,insurance,eu,91.98
2024-10-04,insurance,apac,91.97
2024-10-04,insurance,latam,91.97
2024-10-05,rent,us,479.48
2024-10-05,rent,eu,479.48
2024-10-05,rent,apac,479.48
2024-10-05,rent,latam,479.48
2024-10-05,software_licenses,us,274.54
2024-10-05,software_licenses,eu,274.54
2024-10-05,software_licenses,apac,274.54
2024-10-05,software_licenses,latam,274.54
2024-10-05,logistics,us,1741.76
2024-10-05,logistics,eu,729.5
2024-10-05,logistics,apac,335.19
2024-10-05,logistics,latam,293.54
2024-10-05,packaging,us,446.15
2024-10-05,packaging,eu,184.67
2024-10-05,packaging,apac,85.75
2024-10-05,packaging,latam,76.62
2024-10-05,payment_processing_fees,us,359.32
2024-10-05,payment_processing_fees,eu,359.32
2024-10-05,payment_processing_fees,apac,359.32
2024-10-05,payment_processing_fees,latam,359.32
2024-10-05,customer_support_tooling,us,139.69
2024-10-05,customer_support_tooling,eu,139.69
2024-10-05,customer_support_tooling,apac,139.69
2024-10-05,customer_support_tooling,latam,139.69
2024-10-05,insurance,us,89.59
2024-10-05,insurance,eu,89.59
2024-10-05,insurance,apac,89.58
2024-10-05,insurance,latam,89.58
2024-10-06,rent,us,442.99
2024-10-06,rent,eu,442.98
2024-10-06,rent,apac,442.98
2024-10-06,rent,latam,442.98
2024-10-06,software_licenses,us,277.66
2024-10-06,software_licenses,eu,277.66
2024-10-06,software_licenses,apac,277.66
2024-10-06,software_licenses,latam,277.65
2024-10-06,logistics,us,1745.97
2024-10-06,logistics,eu,717.74
2024-10-06,logistics,apac,329.84
2024-10-06,logistics,latam,253.53
2024-10-06,packaging,us,368.3
2024-10-06,packaging,eu,192.94
2024-10-06,packaging,apac,93.84
2024-10-06,packaging,latam,73.03
2024-10-06,payment_processing_fees,us,346.39
2024-10-06,payment_processing_fees,eu,346.39
2024-10-06,payment_processing_fees,apac,346.38
2024-10-06,payment_processing_fees,latam,346.38
2024-10-06,customer_support_tooling,us,131.62
2024-10-06,customer_support_tooling,eu,131.62
2024-10-06,customer_support_tooling,apac,131.62
2024-10-06,customer_support_tooling,latam,131.61
2024-10-06,insurance,us,88.74
2024-10-06,insurance,eu,88.73
2024-10-06,insurance,apac,88.73
2024-10-06,insurance,latam,88.73
2024-10-07,rent,us,506.20
2024-10-07,rent,eu,506.20
2024-10-07,rent,apac,506.19
2024-10-07,rent,latam,506.19
2024-10-07,software_licenses,us,272.42
2024-10-07,software_licenses,eu,272.42
2024-10-07,software_licenses,apac,272.41
2024-10-07,software_licenses,latam,272.41
2024-10-07,logistics,us,1645.61
2024-10-07,logistics,eu,759.12
2024-10-07,logistics,apac,316.03
2024-10-07,logistics,latam,246.11
2024-10-07,packaging,us,383.91
2024-10-07,packaging,eu,155.72
2024-10-07,packaging,apac,82.25
2024-10-07,packaging,latam,74.1
2024-10-07,payment_processing_fees,us,385.59
2024-10-07,payment_processing_fees,eu,385.59
2024-10-07,payment_processing_fees,apac,385.59
2024-10-07,payment_processing_fees,latam,385.59
2024-10-07,customer_support_tooling,us,136.96
2024-10-07,customer_support_tooling,eu,136.96
2024-10-07,customer_support_tooling,apac,136.95
2024-10-07,customer_support_tooling,latam,136.95
2024-10-07,insurance,us,93.27
2024-10-07,insurance,eu,93.27
2024-10-07,insurance,apac,93.27
2024-10-07,insurance,latam,93.26
2024-10-08,rent,us,462.71
2024-10-08,rent,eu,462.71
2024-10-08,rent,apac,462.71
2024-10-08,rent,latam,462.71
2024-10-08,software_licenses,us,271.18
2024-10-08,software_licenses,eu,271.17
2024-10-08,software_licenses,apac,271.17
2024-10-08,software_licenses,latam,271.17
2024-10-08,logistics,us,1790.14
2024-10-08,logistics,eu,816.93
2024-10-08,logistics,apac,307.54
2024-10-08,logistics,latam,311.74
2024-10-08,packaging,us,480.98
2024-10-08,packaging,eu,176.6
2024-10-08,packaging,apac,79.52
2024-10-08,packaging,latam,66.37
2024-10-08,payment_processing_fees,us,362.33
2024-10-08,payment_processing_fees,eu,362.33
2024-10-08,payment_processing_fees,apac,362.33
2024-10-08,payment_processing_fees,latam,362.32
2024-10-08,customer_support_tooling,us,135.79
2024-10-08,customer_support_tooling,eu,135.78
2024-10-08,customer_support_tooling,apac,135.78
2024-10-08,customer_support_tooling,latam,135.78
2024-10-08,insurance,us,102.86
2024-10-08,insurance,eu,102.85
2024-10-08,insurance,apac,102.85
2024-10-08,insurance,latam,102.85
2024-10-09,rent,us,480.50
2024-10-09,rent,eu,480.50
2024-10-09,rent,apac,480.49
2024-10-09,rent,latam,480.49
2024-10-09,software_licenses,us,292.07
2024-10-09,software_licenses,eu,292.06
2024-10-09,software_licenses,apac,292.06
2024-10-09,software_licenses,latam,292.06
2024-10-09,logistics,us,1795.12
2024-10-09,logistics,eu,860.43
2024-10-09,logistics,apac,329.54
2024-10-09,logistics,latam,310.28
2024-10-09,packaging,us,407.16
2024-10-09,packaging,eu,180.69
2024-10-09,packaging,apac,83.98
2024-10-09,packaging,latam,60.05
2024-10-09,payment_processing_fees,us,387.53
2024-10-09,payment_processing_fees,eu,387.52
2024-10-09,payment_processing_fees,apac,387.52
2024-10-09,payment_processing_fees,latam,387.52
2024-10-09,customer_support_tooling,us,127.45
2024-10-09,customer_support_tooling,eu,127.45
2024-10-09,customer_support_tooling,apac,127.44
2024-10-09,customer_support_tooling,latam,127.44
2024-10-09,insurance,us,97.35
2024-10-09,insurance,eu,97.35
2024-10-09,insurance,apac,97.34
2024-10-09,insurance,latam,97.34
2024-10-10,rent,us,472.22
2024-10-10,rent,eu,472.22
2024-10-10,rent,apac,472.22
2024-10-10,rent,latam,472.22
2024-10-10,software_licenses,us,301.86
2024-10-10,software_licenses,eu,301.85
2024-10-10,software_licenses,apac,301.85
2024-10-10,software_licenses,latam,301.85
2024-10-10,logistics,us,1854.24
2024-10-10,logistics,eu,744.35
2024-10-10,logistics,apac,338.99
2024-10-10,logistics,latam,283.55
2024-10-10,packaging,us,410.15
2024-10-10,packaging,eu,192.5
2024-10-10,packaging,apac,87.3
2024-10-10,packaging,latam,64.9
2024-10-10,payment_processing_fees,us,376.53
2024-10-10,payment_processing_fees,eu,376.53
2024-10-10,payment_processing_fees,apac,376.53
2024-10-10,payment_processing_fees,latam,376.53
2024-10-10,customer_support_tooling,us,135.59
2024-10-10,customer_support_tooling,eu,135.59
2024-10-10,customer_support_tooling,apac,135.58
2024-10-10,customer_support_tooling,latam,135.58
2024-10-10,insurance,us,101.59
2024-10-10,insurance,eu,101.59
2024-10-10,insurance,apac,101.58
2024-10-10,insurance,latam,101.58
2024-10-11,rent,us,468.91
2024-10-11,rent,eu,468.91
2024-10-11,rent,apac,468.91
2024-10-11,rent,latam,468.91
2024-10-11,software_licenses,us,280.33
2024-10-11,software_licenses,eu,280.33
2024-10-11,software_licenses,apac,280.32
2024-10-11,software_licenses,latam,280.32
2024-10-11,logistics,us,1820.62
2024-10-11,logistics,eu,760.96
2024-10-11,logistics,apac,347.79
2024-10-11,logistics,latam,289.32
2024-10-11,packaging,us,460.08
2024-10-11,packaging,eu,172.84
2024-10-11,packaging,apac,91.0
2024-10-11,packaging,latam,69.3
2024-10-11,payment_processing_fees,us,384.44
2024-10-11,payment_processing_fees,eu,384.43
2024-10-11,payment_processing_fees,apac,384.43
2024-10-11,payment_processing_fees,latam,384.43
2024-10-11,customer_support_tooling,us,138.64
2024-10-11,customer_support_tooling,eu,138.64
2024-10-11,customer_support_tooling,apac,138.64
2024-10-11,customer_support_tooling,latam,138.63
2024-10-11,insurance,us,88.32
2024-10-11,insurance,eu,88.31
2024-10-11,insurance,apac,88.31
2024-10-11,insurance,latam,88.31
2024-10-12,rent,us,467.99
2024-10-12,rent,eu,467.99
2024-10-12,rent,apac,467.99
2024-10-12,rent,latam,467.99
2024-10-12,software_licenses,us,291.77
2024-10-12,software_licenses,eu,291.76
2024-10-12,software_licenses,apac,291.76
2024-10-12,software_licenses,latam,291.76
2024-10-12,logistics,us,1623.28
2024-10-12,logistics,eu,712.86
2024-10-12,logistics,apac,344.31
2024-10-12,logistics,latam,295.7
2024-10-12,packaging,us,471.13
2024-10-12,packaging,eu,195.88
2024-10-12,packaging,apac,82.64
2024-10-12,packaging,latam,76.8
2024-10-12,payment_processing_fees,us,381.57
2024-10-12,payment_processing_fees,eu,381.56
2024-10-12,payment_processing_fees,apac,381.56
2024-10-12,payment_processing_fees,latam,381.56
2024-10-12,customer_support_tooling,us,122.52
2024-10-12,customer_support_tooling,eu,122.51
2024-10-12,customer_support_tooling,apac,122.51
2024-10-12,customer_support_tooling,latam,122.51
2024-10-12,insurance,us,85.47
2024-10-12,insurance,eu,85.47
2024-10-12,insurance,apac,85.47
2024-10-12,insurance,latam,85.46
2024-10-13,rent,us,426.70
2024-10-13,rent,eu,426.69
2024-10-13,rent,apac,426.69
2024-10-13,rent,latam,426.69
2024-10-13,software_licenses,us,263.99
2024-10-13,software_licenses,eu,263.98
2024-10-13,software_licenses,apac,263.98
2024-10-13,software_licenses,latam,263.98
2024-10-13,logistics,us,1994.46
2024-10-13,logistics,eu,654.42
2024-10-13,logistics,apac,353.15
2024-10-13,logistics,latam,296.73
2024-10-13,packaging,us,446.12
2024-10-13,packaging,eu,193.43
2024-10-13,packaging,apac,77.59
2024-10-13,packaging,latam,65.88
2024-10-13,payment_processing_fees,us,353.14
2024-10-13,payment_processing_fees,eu,353.13
2024-10-13,payment_processing_fees,apac,353.13
2024-10-13,payment_processing_fees,latam,353.13
2024-10-13,customer_support_tooling,us,131.40
2024-10-13,customer_support_tooling,eu,131.39
2024-10-13,customer_support_tooling,apac,131.39
2024-10-13,customer_support_tooling,latam,131.39
2024-10-13,insurance,us,91.70
2024-10-13,insurance,eu,91.70
2024-10-13,insurance,apac,91.70
2024-10-13,insurance,latam,91.69
2024-10-14,rent,us,442.71
2024-10-14,rent,eu,442.70
2024-10-14,rent,apac,442.70
2024-10-14,rent,latam,442.70
2024-10-14,software_licenses,us,311.88
2024-10-14,software_licenses,eu,311.88
2024-10-14,software_licenses,apac,311.88
2024-10-14,software_licenses,latam,311.87
2024-10-14,logistics,us,1919.94
2024-10-14,logistics,eu,760.72
2024-10-14,logistics,apac,385.52
2024-10-14,logistics,latam,290.35
2024-10-14,packaging,us,455.39
2024-10-14,packaging,eu,194.9
2024-10-14,packaging,apac,75.72
2024-10-14,packaging,latam,67.18
2024-10-14,payment_processing_fees,us,350.22
2024-10-14,payment_processing_fees,eu,350.21
2024-10-14,payment_processing_fees,apac,350.21
2024-10-14,payment_processing_fees,latam,350.21
2024-10-14,customer_support_tooling,us,123.61
2024-10-14,customer_support_tooling,eu,123.61
2024-10-14,customer_support_tooling,apac,123.61
2024-10-14,customer_support_tooling,latam,123.60
2024-10-14,insurance,us,98.18
2024-10-14,insurance,eu,98.18
2024-10-14,insurance,apac,98.18
2024-10-14,insurance,latam,98.17
2024-10-15,rent,us,511.21
2024-10-15,rent,eu,511.21
2024-10-15,rent,apac,511.20
2024-10-15,rent,latam,511.20
2024-10-15,software_licenses,us,285.94
2024-10-15,software_licenses,eu,285.94
2024-10-15,software_licenses,apac,285.93
2024-10-15,software_licenses,latam,285.93
2024-10-15,logistics,us,1851.77
2024-10-15,logistics,eu,737.13
2024-10-15,logistics,apac,341.98
2024-10-15,logistics,latam,335.05
2024-10-15,packaging,us,493.26
2024-10-15,packaging,eu,183.99
2024-10-15,packaging,apac,80.99
2024-10-15,packaging,latam,73.47
2024-10-15,payment_processing_fees,us,363.32
2024-10-15,payment_processing_fees,eu,363.32
2024-10-15,payment_processing_fees,apac,363.32
2024-10-15,payment_processing_fees,latam,363.32
2024-10-15,customer_support_tooling,us,141.99
2024-10-15,customer_support_tooling,eu,141.98
2024-10-15,customer_support_tooling,apac,141.98
2024-10-15,customer_support_tooling,latam,141.98
2024-10-15,insurance,us,106.17
2024-10-15,insurance,eu,106.16
2024-10-15,insurance,apac,106.16
2024-10-15,insurance,latam,106.16
2024-10-16,rent,us,490.78
2024-10-16,rent,eu,490.78
2024-10-16,rent,apac,490.78
2024-10-16,rent,latam,490.77
2024-10-16,software_licenses,us,313.12
2024-10-16,software_licenses,eu,313.12
2024-10-16,software_licenses,apac,313.12
2024-10-16,software_licenses,latam,313.11
2024-10-16,logistics,us,1742.41
2024-10-16,logistics,eu,727.64
2024-10-16,logistics,apac,362.69
2024-10-16,logistics,latam,269.69
2024-10-16,packaging,us,434.1
2024-10-16,packaging,eu,193.46
2024-10-16,packaging,apac,82.47
2024-10-16,packaging,latam,72.18
2024-10-16,payment_processing_fees,us,378.73
2024-10-16,payment_processing_fees,eu,378.73
2024-10-16,payment_processing_fees,apac,378.73
2024-10-16,payment_processing_fees,latam,378.72
2024-10-16,customer_support_tooling,us,134.92
2024-10-16,customer_support_tooling,eu,134.92
2024-10-16,customer_support_tooling,apac,134.91
2024-10-16,customer_support_tooling,latam,134.91
2024-10-16,insurance,us,99.55
2024-10-16,insurance,eu,99.55
2024-10-16,insurance,apac,99.55
2024-10-16,insurance,latam,99.54
2024-10-17,rent,us,447.42
2024-10-17,rent,eu,447.42
2024-10-17,rent,apac,447.42
2024-10-17,rent,latam,447.42
2024-10-17,software_licenses,us,268.29
2024-10-17,software_licenses,eu,268.28
2024-10-17,software_licenses,apac,268.28
2024-10-17,software_licenses,latam,268.28
2024-10-17,logistics,us,1842.83
2024-10-17,logistics,eu,723.01
2024-10-17,logistics,apac,312.37
2024-10-17,logistics,latam,274.8
2024-10-17,packaging,us,412.51
2024-10-17,packaging,eu,193.73
2024-10-17,packaging,apac,68.87
2024-10-17,packaging,latam,66.09
2024-10-17,payment_processing_fees,us,375.62
2024-10-17,payment_processing_fees,eu,375.61
2024-10-17,payment_processing_fees,apac,375.61
2024-10-17,payment_processing_fees,latam,375.61
2024-10-17,customer_support_tooling,us,140.72
2024-10-17,customer_support_tooling,eu,140.72
2024-10-17,customer_support_tooling,apac,140.71
2024-10-17,customer_support_tooling,latam,140.71
2024-10-17,insurance,us,95.62
2024-10-17,insurance,eu,95.62
2024-10-17,insurance,apac,95.62
2024-10-17,insurance,latam,95.61
2024-10-18,rent,us,496.57
2024-10-18,rent,eu,496.56
2024-10-18,rent,apac,496.56
2024-10-18,rent,latam,496.56
2024-10-18,software_licenses,us,281.81
2024-10-18,software_licenses,eu,281.80
2024-10-18,software_licenses,apac,281.80
2024-10-18,software_licenses,latam,281.80
2024-10-18,logistics,us,1616.65
2024-10-18,logistics,eu,823.51
2024-10-18,logistics,apac,337.87
2024-10-18,logistics,latam,273.38
2024-10-18,packaging,us,430.11
2024-10-18,packaging,eu,175.7
2024-10-18,packaging,apac,80.55
2024-10-18,packaging,latam,74.06
2024-10-18,payment_processing_fees,us,396.56
2024-10-18,payment_processing_fees,eu,396.56
2024-10-18,payment_processing_fees,apac,396.56
2024-10-18,payment_processing_fees,latam,396.56
2024-10-18,customer_support_tooling,us,134.29
2024-10-18,customer_support_tooling,eu,134.29
2024-10-18,customer_support_tooling,apac,134.28
2024-10-18,customer_support_tooling,latam,134.28
2024-10-18,insurance,us,92.58
2024-10-18,insurance,eu,92.58
2024-10-18,insurance,apac,92.57
2024-10-18,insurance,latam,92.57
2024-10-19,rent,us,489.74
2024-10-19,rent,eu,489.74
2024-10-19,rent,apac,489.74
2024-10-19,rent,latam,489.73
2024-10-19,software_licenses,us,289.08
2024-10-19,software_licenses,eu,289.07
2024-10-19,software_licenses,apac,289.07
2024-10-19,software_licenses,latam,289.07
2024-10-19,logistics,us,1578.77
2024-10-19,logistics,eu,792.73
2024-10-19,logistics,apac,341.8
2024-10-19,logistics,latam,295.98
2024-10-19,packaging,us,443.93
2024-10-19,packaging,eu,186.98
2024-10-19,packaging,apac,81.49
2024-10-19,packaging,latam,66.78
2024-10-19,payment_processing_fees,us,381.27
2024-10-19,payment_processing_fees,eu,381.27
2024-10-19,payment_processing_fees,apac,381.27
2024-10-19,payment_processing_fees,latam,381.26
2024-10-19,customer_support_tooling,us,137.55
2024-10-19,customer_support_tooling,eu,137.55
2024-10-19,customer_support_tooling,apac,137.55
2024-10-19,customer_support_tooling,latam,137.54
2024-10-19,insurance,us,98.76
2024-10-19,insurance,eu,98.75
2024-10-19,insurance,apac,98.75
2024-10-19,insurance,latam,98.75
2024-10-20,rent,us,426.23
2024-10-20,rent,eu,426.23
2024-10-20,rent,apac,426.23
2024-10-20,rent,latam,426.23
2024-10-20,software_licenses,us,288.13
2024-10-20,software_licenses,eu,288.12
2024-10-20,software_licenses,apac,288.12
2024-10-20,software_licenses,latam,288.12
2024-10-20,logistics,us,1671.27
2024-10-20,logistics,eu,702.07
2024-10-20,logistics,apac,323.37
2024-10-20,logistics,latam,273.93
2024-10-20,packaging,us,472.09
2024-10-20,packaging,eu,174.4
2024-10-20,packaging,apac,92.85
2024-10-20,packaging,latam,71.81
2024-10-20,payment_processing_fees,us,380.95
2024-10-20,payment_processing_fees,eu,380.94
2024-10-20,payment_processing_fees,apac,380.94
2024-10-20,payment_processing_fees,latam,380.94
2024-10-20,customer_support_tooling,us,137.33
2024-10-20,customer_support_tooling,eu,137.33
2024-10-20,customer_support_tooling,apac,137.32
2024-10-20,customer_support_tooling,latam,137.32
2024-10-20,insurance,us,87.28
2024-10-20,insurance,eu,87.28
2024-10-20,insurance,apac,87.28
2024-10-20,insurance,latam,87.27
2024-10-21,rent,us,480.39
2024-10-21,rent,eu,480.39
2024-10-21,rent,apac,480.39
2024-10-21,rent,latam,480.39
2024-10-21,software_licenses,us,296.61
2024-10-21,software_licenses,eu,296.61
2024-10-21,software_licenses,apac,296.61
2024-10-21,software_licenses,latam,296.60
2024-10-21,logistics,us,1742.32
2024-10-21,logistics,eu,727.63
2024-10-21,logistics,apac,327.22
2024-10-21,logistics,latam,244.43
2024-10-21,packaging,us,450.93
2024-10-21,packaging,eu,163.59
2024-10-21,packaging,apac,84.58
2024-10-21,packaging,latam,72.41
2024-10-21,payment_processing_fees,us,366.12
2024-10-21,payment_processing_fees,eu,366.12
2024-10-21,payment_processing_fees,apac,366.11
2024-10-21,payment_processing_fees,latam,366.11
2024-10-21,customer_support_tooling,us,133.27
2024-10-21,customer_support_tooling,eu,133.27
2024-10-21,customer_support_tooling,apac,133.26
2024-10-21,customer_support_tooling,latam,133.26
2024-10-21,insurance,us,99.93
2024-10-21,insurance,eu,99.92
2024-10-21,insurance,apac,99.92
2024-10-21,insurance,latam,99.92
2024-10-22,rent,us,488.62
2024-10-22,rent,eu,488.62
2024-10-22,rent,apac,488.62
2024-10-22,rent,latam,488.61
2024-10-22,software_licenses,us,305.56
2024-10-22,software_licenses,eu,305.56
2024-10-22,software_licenses,apac,305.56
2024-10-22,software_licenses,latam,305.56
2024-10-22,logistics,us,1615.49
2024-10-22,logistics,eu,719.56
2024-10-22,logistics,apac,319.56
2024-10-22,logistics,latam,271.91
2024-10-22,packaging,us,423.3
2024-10-22,packaging,eu,184.72
2024-10-22,packaging,apac,76.11
2024-10-22,packaging,latam,65.64
2024-10-22,payment_processing_fees,us,340.18
2024-10-22,payment_processing_fees,eu,340.18
2024-10-22,payment_processing_fees,apac,340.18
2024-10-22,payment_processing_fees,latam,340.18
2024-10-22,customer_support_tooling,us,130.03
2024-10-22,customer_support_tooling,eu,130.02
2024-10-22,customer_support_tooling,apac,130.02
2024-10-22,customer_support_tooling,latam,130.02
2024-10-22,insurance,us,95.87
2024-10-22,insurance,eu,95.87
2024-10-22,insurance,apac,95.87
2024-10-22,insurance,latam,95.87
2024-10-23,rent,us,461.35
2024-10-23,rent,eu,461.35
2024-10-23,rent,apac,461.35
2024-10-23,rent,latam,461.35
2024-10-23,software_licenses,us,273.23
2024-10-23,software_licenses,eu,273.23
2024-10-23,software_licenses,apac,273.23
2024-10-23,software_licenses,latam,273.22
2024-10-23,logistics,us,1557.06
2024-10-23,logistics,eu,707.02
2024-10-23,logistics,apac,372.78
2024-10-23,logistics,latam,280.82
2024-10-23,packaging,us,439.33
2024-10-23,packaging,eu,172.58
2024-10-23,packaging,apac,66.16
2024-10-23,packaging,latam,79.13
2024-10-23,payment_processing_fees,us,342.93
2024-10-23,payment_processing_fees,eu,342.93
2024-10-23,payment_processing_fees,apac,342.93
2024-10-23,payment_processing_fees,latam,342.92
2024-10-23,customer_support_tooling,us,140.00
2024-10-23,customer_support_tooling,eu,140.00
2024-10-23,customer_support_tooling,apac,140.00
2024-10-23,customer_support_tooling,latam,139.99
2024-10-23,insurance,us,93.46
2024-10-23,insurance,eu,93.46
2024-10-23,insurance,apac,93.45
2024-10-23,insurance,latam,93.45
2024-10-24,rent,us,466.11
2024-10-24,rent,eu,466.11
2024-10-24,rent,apac,466.11
2024-10-24,rent,latam,466.10
2024-10-24,software_licenses,us,293.91
2024-10-24,software_licenses,eu,293.91
2024-10-24,software_licenses,apac,293.90
2024-10-24,software_licenses,latam,293.90
2024-10-24,logistics,us,1526.51
2024-10-24,logistics,eu,756.73
2024-10-24,logistics,apac,316.85
2024-10-24,logistics,latam,312.35
2024-10-24,packaging,us,433.54
2024-10-24,packaging,eu,174.75
2024-10-24,packaging,apac,80.83
2024-10-24,packaging,latam,68.43
2024-10-24,payment_processing_fees,us,374.07
2024-10-24,payment_processing_fees,eu,374.07
2024-10-24,payment_processing_fees,apac,374.07
2024-10-24,payment_processing_fees,latam,374.06
2024-10-24,customer_support_tooling,us,137.34
2024-10-24,customer_support_tooling,eu,137.34
2024-10-24,customer_support_tooling,apac,137.34
2024-10-24,customer_support_tooling,latam,137.33
2024-10-24,insurance,us,95.88
2024-10-24,insurance,eu,95.87
2024-10-24,insurance,apac,95.87
2024-10-24,insurance,latam,95.87
2024-10-25,rent,us,479.29
2024-10-25,rent,eu,479.28
2024-10-25,rent,apac,479.28
2024-10-25,rent,latam,479.28
2024-10-25,software_licenses,us,280.68
2024-10-25,software_licenses,eu,280.68
2024-10-25,software_licenses,apac,280.67
2024-10-25,software_licenses,latam,280.67
2024-10-25,logistics,us,1699.07
2024-10-25,logistics,eu,735.63
2024-10-25,logistics,apac,310.22
2024-10-25,logistics,latam,288.1
2024-10-25,packaging,us,458.25
2024-10-25,packaging,eu,187.63
2024-10-25,packaging,apac,82.87
2024-10-25,packaging,latam,69.63
2024-10-25,payment_processing_fees,us,373.40
2024-10-25,payment_processing_fees,eu,373.40
2024-10-25,payment_processing_fees,apac,373.40
2024-10-25,payment_processing_fees,latam,373.39
2024-10-25,customer_support_tooling,us,135.24
2024-10-25,customer_support_tooling,eu,135.24
2024-10-25,customer_support_tooling,apac,135.24
2024-10-25,customer_support_tooling,latam,135.24
2024-10-25,insurance,us,92.77
2024-10-25,insurance,eu,92.76
2024-10-25,insurance,apac,92.76
2024-10-25,insurance,latam,92.76
2024-10-26,rent,us,432.77
2024-10-26,rent,eu,432.77
2024-10-26,rent,apac,432.77
2024-10-26,rent,latam,432.77
2024-10-26,software_licenses,us,280.71
2024-10-26,software_licenses,eu,280.70
2024-10-26,software_licenses,apac,280.70
2024-10-26,software_licenses,latam,280.70
2024-10-26,logistics,us,1617.5
2024-10-26,logistics,eu,745.08
2024-10-26,logistics,apac,374.98
2024-10-26,logistics,latam,271.04
2024-10-26,packaging,us,439.24
2024-10-26,packaging,eu,191.14
2024-10-26,packaging,apac,71.99
2024-10-26,packaging,latam,70.06
2024-10-26,payment_processing_fees,us,362.75
2024-10-26,payment_processing_fees,eu,362.75
2024-10-26,payment_processing_fees,apac,362.75
2024-10-26,payment_processing_fees,latam,362.75
2024-10-26,customer_support_tooling,us,132.35
2024-10-26,customer_support_tooling,eu,132.34
2024-10-26,customer_support_tooling,apac,132.34
2024-10-26,customer_support_tooling,latam,132.34
2024-10-26,insurance,us,106.05
2024-10-26,insurance,eu,106.05
2024-10-26,insurance,apac,106.05
2024-10-26,insurance,latam,106.05
2024-10-27,rent,us,459.57
2024-10-27,rent,eu,459.57
2024-10-27,rent,apac,459.57
2024-10-27,rent,latam,459.57
2024-10-27,software_licenses,us,288.75
2024-10-27,software_licenses,eu,288.75
2024-10-27,software_licenses,apac,288.74
2024-10-27,software_licenses,latam,288.74
2024-10-27,logistics,us,1712.82
2024-10-27,logistics,eu,696.55
2024-10-27,logistics,apac,368.93
2024-10-27,logistics,latam,279.88
2024-10-27,packaging,us,469.04
2024-10-27,packaging,eu,180.61
2024-10-27,packaging,apac,88.24
2024-10-27,packaging,latam,69.59
2024-10-27,payment_processing_fees,us,391.93
2024-10-27,payment_processing_fees,eu,391.93
2024-10-27,payment_processing_fees,apac,391.93
2024-10-27,payment_processing_fees,latam,391.92
2024-10-27,customer_support_tooling,us,133.84
2024-10-27,customer_support_tooling,eu,133.83
2024-10-27,customer_support_tooling,apac,133.83
2024-10-27,customer_support_tooling,latam,133.83
2024-10-27,insurance,us,98.61
2024-10-27,insurance,eu,98.60
2024-10-27,insurance,apac,98.60
2024-10-27,insurance,latam,98.60
2024-10-28,rent,us,431.63
2024-10-28,rent,eu,431.63
2024-10-28,rent,apac,431.63
2024-10-28,rent,latam,431.63
2024-10-28,software_licenses,us,299.09
2024-10-28,software_licenses,eu,299.08
2024-10-28,software_licenses,apac,299.08
2024-10-28,software_licenses,latam,299.08
2024-10-28,logistics,us,1941.44
2024-10-28,logistics,eu,723.12
2024-10-28,logistics,apac,354.78
2024-10-28,logistics,latam,287.5
2024-10-28,packaging,us,484.92
2024-10-28,packaging,eu,206.68
2024-10-28,packaging,apac,78.68
2024-10-28,packaging,latam,68.69
2024-10-28,payment_processing_fees,us,361.84
2024-10-28,payment_processing_fees,eu,361.83
2024-10-28,payment_processing_fees,apac,361.83
2024-10-28,payment_processing_fees,latam,361.83
2024-10-28,customer_support_tooling,us,131.16
2024-10-28,customer_support_tooling,eu,131.15
2024-10-28,customer_support_tooling,apac,131.15
2024-10-28,customer_support_tooling,latam,131.15
2024-10-28,insurance,us,93.19
2024-10-28,insurance,eu,93.19
2024-10-28,insurance,apac,93.19
2024-10-28,insurance,latam,93.19
2024-10-29,rent,us,494.15
2024-10-29,rent,eu,494.15
2024-10-29,rent,apac,494.15
2024-10-29,rent,latam,494.14
2024-10-29,software_licenses,us,254.59
2024-10-29,software_licenses,eu,254.59
2024-10-29,software_licenses,apac,254.59
2024-10-29,software_licenses,latam,254.59
2024-10-29,logistics,us,1934.02
2024-10-29,logistics,eu,693.78
2024-10-29,logistics,apac,349.87
2024-10-29,logistics,latam,291.95
2024-10-29,packaging,us,406.14
2024-10-29,packaging,eu,181.2
2024-10-29,packaging,apac,84.08
2024-10-29,packaging,latam,66.83
2024-10-29,payment_processing_fees,us,386.51
2024-10-29,payment_processing_fees,eu,386.51
2024-10-29,payment_processing_fees,apac,386.51
2024-10-29,payment_processing_fees,latam,386.50
2024-10-29,customer_support_tooling,us,130.03
2024-10-29,customer_support_tooling,eu,130.02
2024-10-29,customer_support_tooling,apac,130.02
2024-10-29,customer_support_tooling,latam,130.02
2024-10-29,insurance,us,99.13
2024-10-29,insurance,eu,99.13
2024-10-29,insurance,apac,99.13
2024-10-29,insurance,latam,99.13
2024-10-30,rent,us,441.02
2024-10-30,rent,eu,441.02
2024-10-30,rent,apac,441.02
2024-10-30,rent,latam,441.02
2024-10-30,software_licenses,us,305.18
2024-10-30,software_licenses,eu,305.18
2024-10-30,software_licenses,apac,305.18
2024-10-30,software_licenses,latam,305.17
2024-10-30,logistics,us,1687.68
2024-10-30,logistics,eu,707.04
2024-10-30,logistics,apac,363.8
2024-10-30,logistics,latam,311.73
2024-10-30,packaging,us,397.28
2024-10-30,packaging,eu,204.24
2024-10-30,packaging,apac,84.08
2024-10-30,packaging,latam,74.21
2024-10-30,payment_processing_fees,us,378.90
2024-10-30,payment_processing_fees,eu,378.90
2024-10-30,payment_processing_fees,apac,378.90
2024-10-30,payment_processing_fees,latam,378.90
2024-10-30,customer_support_tooling,us,142.52
2024-10-30,customer_support_tooling,eu,142.52
2024-10-30,customer_support_tooling,apac,142.52
2024-10-30,customer_support_tooling,latam,142.52
2024-10-30,insurance,us,98.98
2024-10-30,insurance,eu,98.98
2024-10-30,insurance,apac,98.98
2024-10-30,insurance,latam,98.98
2024-11-01,rent,us,427.84
2024-11-01,rent,eu,427.84
2024-11-01,rent,apac,427.83
2024-11-01,rent,latam,427.83
2024-11-01,software_licenses,us,279.39
2024-11-01,software_licenses,eu,279.39
2024-11-01,software_licenses,apac,279.39
2024-11-01,software_licenses,latam,279.38
2024-11-01,logistics,us,1595.16
2024-11-01,logistics,eu,801.11
2024-11-01,logistics,apac,347.47
2024-11-01,logistics,latam,273.49
2024-11-01,packaging,us,416.5
2024-11-01,packaging,eu,166.84
2024-11-01,packaging,apac,80.03
2024-11-01,packaging,latam,74.45
2024-11-01,payment_processing_fees,us,387.72
2024-11-01,payment_processing_fees,eu,387.71
2024-11-01,payment_processing_fees,apac,387.71
2024-11-01,payment_processing_fees,latam,387.71
2024-11-01,customer_support_tooling,us,133.35
2024-11-01,customer_support_tooling,eu,133.35
2024-11-01,customer_support_tooling,apac,133.35
2024-11-01,customer_support_tooling,latam,133.34
2024-11-01,insurance,us,98.84
2024-11-01,insurance,eu,98.83
2024-11-01,insurance,apac,98.83
2024-11-01,insurance,latam,98.83
2024-11-02,rent,us,473.65
2024-11-02,rent,eu,473.65
2024-11-02,rent,apac,473.65
2024-11-02,rent,latam,473.64
2024-11-02,software_licenses,us,302.72
2024-11-02,software_licenses,eu,302.72
2024-11-02,software_licenses,apac,302.71
2024-11-02,software_licenses,latam,302.71
2024-11-02,logistics,us,1713.74
2024-11-02,logistics,eu,876.96
2024-11-02,logistics,apac,352.91
2024-11-02,logistics,latam,285.02
2024-11-02,packaging,us,455.69
2024-11-02,packaging,eu,153.33
2024-11-02,packaging,apac,85.62
2024-11-02,packaging,latam,65.01
2024-11-02,payment_processing_fees,us,379.45
2024-11-02,payment_processing_fees,eu,379.44
2024-11-02,payment_processing_fees,apac,379.44
2024-11-02,payment_processing_fees,latam,379.44
2024-11-02,customer_support_tooling,us,128.78
2024-11-02,customer_support_tooling,eu,128.78
2024-11-02,customer_support_tooling,apac,128.77
2024-11-02,customer_support_tooling,latam,128.77
2024-11-02,insurance,us,91.53
2024-11-02,insurance,eu,91.52
2024-11-02,insurance,apac,91.52
2024-11-02,insurance,latam,91.52
2024-11-03,rent,us,491.57
2024-11-03,rent,eu,491.56
2024-11-03,rent,apac,491.56
2024-11-03,rent,latam,491.56
2024-11-03,software_licenses,us,292.44
2024-11-03,software_licenses,eu,292.44
2024-11-03,software_licenses,apac,292.44
2024-11-03,software_licenses,latam,292.43
2024-11-03,logistics,us,1583.58
2024-11-03,logistics,eu,792.79
2024-11-03,logistics,apac,352.12
2024-11-03,logistics,latam,284.97
2024-11-03,packaging,us,469.43
2024-11-03,packaging,eu,188.79
2024-11-03,packaging,apac,82.76
2024-11-03,packaging,latam,72.94
2024-11-03,payment_processing_fees,us,374.25
2024-11-03,payment_processing_fees,eu,374.25
2024-11-03,payment_processing_fees,apac,374.25
2024-11-03,payment_processing_fees,latam,374.25
2024-11-03,customer_support_tooling,us,138.66
2024-11-03,customer_support_tooling,eu,138.66
2024-11-03,customer_support_tooling,apac,138.66
2024-11-03,customer_support_tooling,latam,138.66
2024-11-03,insurance,us,100.91
2024-11-03,insurance,eu,100.90
2024-11-03,insurance,apac,100.90
2024-11-03,insurance,latam,100.90
2024-11-04,rent,us,493.44
2024-11-04,rent,eu,493.44
2024-11-04,rent,apac,493.44
2024-11-04,rent,latam,493.44
2024-11-04,software_licenses,us,297.93
2024-11-04,software_licenses,eu,297.93
2024-11-04,software_licenses,apac,297.92
2024-11-04,software_licenses,latam,297.92
2024-11-04,logistics,us,1727.81
2024-11-04,logistics,eu,852.39
2024-11-04,logistics,apac,335.12
2024-11-04,logistics,latam,274.21
2024-11-04,packaging,us,418.97
2024-11-04,packaging,eu,169.33
2024-11-04,packaging,apac,80.27
2024-11-04,packaging,latam,66.77
2024-11-04,payment_processing_fees,us,391.93
2024-11-04,payment_processing_fees,eu,391.92
2024-11-04,payment_processing_fees,apac,391.92
2024-11-04,payment_processing_fees,latam,391.92
2024-11-04,customer_support_tooling,us,134.49
2024-11-04,customer_support_tooling,eu,134.49
2024-11-04,customer_support_tooling,apac,134.49
2024-11-04,customer_support_tooling,latam,134.48
2024-11-04,insurance,us,86.45
2024-11-04,insurance,eu,86.45
2024-11-04,insurance,apac,86.45
2024-11-04,insurance,latam,86.44
2024-11-05,rent,us,485.52
2024-11-05,rent,eu,485.52
2024-11-05,rent,apac,485.52
2024-11-05,rent,latam,485.52
2024-11-05,software_licenses,us,273.63
2024-11-05,software_licenses,eu,273.63
2024-11-05,software_licenses,apac,273.63
2024-11-05,software_licenses,latam,273.62
2024-11-05,logistics,us,1820.1
2024-11-05,logistics,eu,723.63
2024-11-05,logistics,apac,325.6
2024-11-05,logistics,latam,278.78
2024-11-05,packaging,us,412.1
2024-11-05,packaging,eu,176.29
2024-11-05,packaging,apac,86.78
2024-11-05,packaging,latam,82.21
2024-11-05,payment_processing_fees,us,388.67
2024-11-05,payment_processing_fees,eu,388.67
2024-11-05,payment_processing_fees,apac,388.66
2024-11-05,payment_processing_fees,latam,388.66
2024-11-05,customer_support_tooling,us,131.10
2024-11-05,customer_support_tooling,eu,131.10
2024-11-05,customer_support_tooling,apac,131.09
2024-11-05,customer_support_tooling,latam,131.09
2024-11-05,insurance,us,98.78
2024-11-05,insurance,eu,98.78
2024-11-05,insurance,apac,98.78
2024-11-05,insurance,latam,98.78
2024-11-06,rent,us,451.62
2024-11-06,rent,eu,451.61
2024-11-06,rent,apac,451.61
2024-11-06,rent,latam,451.61
2024-11-06,software_licenses,us,308.17
2024-11-06,software_licenses,eu,308.17
2024-11-06,software_licenses,apac,308.17
2024-11-06,software_licenses,latam,308.16
2024-11-06,logistics,us,1691.24
2024-11-06,logistics,eu,781.34
2024-11-06,logistics,apac,324.63
2024-11-06,logistics,latam,303.63
2024-11-06,packaging,us,422.45
2024-11-06,packaging,eu,181.83
2024-11-06,packaging,apac,86.67
2024-11-06,packaging,latam,66.41
2024-11-06,payment_processing_fees,us,343.84
2024-11-06,payment_processing_fees,eu,343.84
2024-11-06,payment_processing_fees,apac,343.84
2024-11-06,payment_processing_fees,latam,343.84
2024-11-06,customer_support_tooling,us,135.03
2024-11-06,customer_support_tooling,eu,135.03
2024-11-06,customer_support_tooling,apac,135.02
2024-11-06,customer_support_tooling,latam,135.02
2024-11-06,insurance,us,97.70
2024-11-06,insurance,eu,97.70
2024-11-06,insurance,apac,97.70
2024-11-06,insurance,latam,97.70
2024-11-07,rent,us,434.31
2024-11-07,rent,eu,434.31
2024-11-07,rent,apac,434.31
2024-11-07,rent,latam,434.30
2024-11-07,software_licenses,us,279.56
2024-11-07,software_licenses,eu,279.56
2024-11-07,software_licenses,apac,279.56
2024-11-07,software_licenses,latam,279.55
2024-11-07,logistics,us,1798.07
2024-11-07,logistics,eu,847.28
2024-11-07,logistics,apac,355.58
2024-11-07,logistics,latam,268.12
2024-11-07,packaging,us,383.62
2024-11-07,packaging,eu,177.79
2024-11-07,packaging,apac,82.59
2024-11-07,packaging,latam,62.44
2024-11-07,payment_processing_fees,us,381.51
2024-11-07,payment_processing_fees,eu,381.51
2024-11-07,payment_processing_fees,apac,381.51
2024-11-07,payment_processing_fees,latam,381.50
2024-11-07,customer_support_tooling,us,128.63
2024-11-07,customer_support_tooling,eu,128.63
2024-11-07,customer_support_tooling,apac,128.63
2024-11-07,customer_support_tooling,latam,128.63
2024-11-07,insurance,us,97.33
2024-11-07,insurance,eu,97.32
2024-11-07,insurance,apac,97.32
2024-11-07,insurance,latam,97.32
2024-11-08,rent,us,477.43
2024-11-08,rent,eu,477.42
2024-11-08,rent,apac,477.42
2024-11-08,rent,latam,477.42
2024-11-08,software_licenses,us,303.93
2024-11-08,software_licenses,eu,303.93
2024-11-08,software_licenses,apac,303.92
2024-11-08,software_licenses,latam,303.92
2024-11-08,logistics,us,1823.58
2024-11-08,logistics,eu,673.6
2024-11-08,logistics,apac,306.67
2024-11-08,logistics,latam,322.07
2024-11-08,packaging,us,407.34
2024-11-08,packaging,eu,210.62
2024-11-08,packaging,apac,86.5
2024-11-08,packaging,latam,61.11
2024-11-08,payment_processing_fees,us,389.78
2024-11-08,payment_processing_fees,eu,389.78
2024-11-08,payment_processing_fees,apac,389.78
2024-11-08,payment_processing_fees,latam,389.77
2024-11-08,customer_support_tooling,us,135.70
2024-11-08,customer_support_tooling,eu,135.70
2024-11-08,customer_support_tooling,apac,135.70
2024-11-08,customer_support_tooling,latam,135.69
2024-11-08,insurance,us,97.22
2024-11-08,insurance,eu,97.22
2024-11-08,insurance,apac,97.22
2024-11-08,insurance,latam,97.22
2024-11-09,rent,us,481.69
2024-11-09,rent,eu,481.69
2024-11-09,rent,apac,481.69
2024-11-09,rent,latam,481.68
2024-11-09,software_licenses,us,299.89
2024-11-09,software_licenses,eu,299.88
2024-11-09,software_licenses,apac,299.88
2024-11-09,software_licenses,latam,299.88
2024-11-09,logistics,us,1777.96
2024-11-09,logistics,eu,868.6
2024-11-09,logistics,apac,362.39
2024-11-09,logistics,latam,266.98
2024-11-09,packaging,us,462.41
2024-11-09,packaging,eu,200.55
2024-11-09,packaging,apac,78.31
2024-11-09,packaging,latam,74.08
2024-11-09,payment_processing_fees,us,393.82
2024-11-09,payment_processing_fees,eu,393.81
2024-11-09,payment_processing_fees,apac,393.81
2024-11-09,payment_processing_fees,latam,393.81
2024-11-09,customer_support_tooling,us,132.41
2024-11-09,customer_support_tooling,eu,132.41
2024-11-09,customer_support_tooling,apac,132.41
2024-11-09,customer_support_tooling,latam,132.40
2024-11-09,insurance,us,96.76
2024-11-09,insurance,eu,96.76
2024-11-09,insurance,apac,96.76
2024-11-09,insurance,latam,96.76
2024-11-10,rent,us,462.33
2024-11-10,rent,eu,462.33
2024-11-10,rent,apac,462.33
2024-11-10,rent,latam,462.33
2024-11-10,software_licenses,us,280.43
2024-11-10,software_licenses,eu,280.42
2024-11-10,software_licenses,apac,280.42
2024-11-10,software_licenses,latam,280.42
2024-11-10,logistics,us,1865.86
2024-11-10,logistics,eu,706.07
2024-11-10,logistics,apac,364.91
2024-11-10,logistics,latam,312.08
2024-11-10,packaging,us,443.26
2024-11-10,packaging,eu,175.66
2024-11-10,packaging,apac,74.47
2024-11-10,packaging,latam,68.82
2024-11-10,payment_processing_fees,us,414.60
2024-11-10,payment_processing_fees,eu,414.59
2024-11-10,payment_processing_fees,apac,414.59
2024-11-10,payment_processing_fees,latam,414.59
2024-11-10,customer_support_tooling,us,130.69
2024-11-10,customer_support_tooling,eu,130.69
2024-11-10,customer_support_tooling,apac,130.69
2024-11-10,customer_support_tooling,latam,130.68
2024-11-10,insurance,us,102.20
2024-11-10,insurance,eu,102.20
2024-11-10,insurance,apac,102.19
2024-11-10,insurance,latam,102.19
2024-11-11,rent,us,420.24
2024-11-11,rent,eu,420.23
2024-11-11,rent,apac,420.23
2024-11-11,rent,latam,420.23
2024-11-11,software_licenses,us,258.76
2024-11-11,software_licenses,eu,258.76
2024-11-11,software_licenses,apac,258.76
2024-11-11,software_licenses,latam,258.75
2024-11-11,logistics,us,1500.35
2024-11-11,logistics,eu,827.49
2024-11-11,logistics,apac,293.9
2024-11-11,logistics,latam,283.67
2024-11-11,packaging,us,431.95
2024-11-11,packaging,eu,172.92
2024-11-11,packaging,apac,78.89
2024-11-11,packaging,latam,70.97
2024-11-11,payment_processing_fees,us,359.35
2024-11-11,payment_processing_fees,eu,359.34
2024-11-11,payment_processing_fees,apac,359.34
2024-11-11,payment_processing_fees,latam,359.34
2024-11-11,customer_support_tooling,us,138.05
2024-11-11,customer_support_tooling,eu,138.04
2024-11-11,customer_support_tooling,apac,138.04
2024-11-11,customer_support_tooling,latam,138.04
2024-11-11,insurance,us,98.17
2024-11-11,insurance,eu,98.16
2024-11-11,insurance,apac,98.16
2024-11-11,insurance,latam,98.16
2024-11-12,rent,us,494.04
2024-11-12,rent,eu,494.03
2024-11-12,rent,apac,494.03
2024-11-12,rent,latam,494.03
2024-11-12,software_licenses,us,277.45
2024-11-12,software_licenses,eu,277.45
2024-11-12,software_licenses,apac,277.45
2024-11-12,software_licenses,latam,277.44
2024-11-12,logistics,us,1866.07
2024-11-12,logistics,eu,724.81
2024-11-12,logistics,apac,316.29
2024-11-12,logistics,latam,301.5
2024-11-12,packaging,us,473.46
2024-11-12,packaging,eu,181.8
2024-11-12,packaging,apac,78.17
2024-11-12,packaging,latam,62.93
2024-11-12,payment_processing_fees,us,350.03
2024-11-12,payment_processing_fees,eu,350.03
2024-11-12,payment_processing_fees,apac,350.03
2024-11-12,payment_processing_fees,latam,350.02
2024-11-12,customer_support_tooling,us,133.83
2024-11-12,customer_support_tooling,eu,133.83
2024-11-12,customer_support_tooling,apac,133.83
2024-11-12,customer_support_tooling,latam,133.83
2024-11-12,insurance,us,99.38
2024-11-12,insurance,eu,99.38
2024-11-12,insurance,apac,99.37
2024-11-12,insurance,latam,99.37
2024-11-13,rent,us,469.76
2024-11-13,rent,eu,469.76
2024-11-13,rent,apac,469.76
2024-11-13,rent,latam,469.76
2024-11-13,software_licenses,us,317.09
2024-11-13,software_licenses,eu,317.09
2024-11-13,software_licenses,apac,317.08
2024-11-13,software_licenses,latam,317.08
2024-11-13,logistics,us,1821.78
2024-11-13,logistics,eu,801.88
2024-11-13,logistics,apac,365.52
2024-11-13,logistics,latam,289.26
2024-11-13,packaging,us,413.93
2024-11-13,packaging,eu,200.22
2024-11-13,packaging,apac,76.62
2024-11-13,packaging,latam,69.48
2024-11-13,payment_processing_fees,us,340.94
2024-11-13,payment_processing_fees,eu,340.93
2024-11-13,payment_processing_fees,apac,340.93
2024-11-13,payment_processing_fees,latam,340.93
2024-11-13,customer_support_tooling,us,142.90
2024-11-13,customer_support_tooling,eu,142.90
2024-11-13,customer_support_tooling,apac,142.89
2024-11-13,customer_support_tooling,latam,142.89
2024-11-13,insurance,us,89.26
2024-11-13,insurance,eu,89.26
2024-11-13,insurance,apac,89.26
2024-11-13,insurance,latam,89.26
2024-11-14,rent,us,490.23
2024-11-14,rent,eu,490.23
2024-11-14,rent,apac,490.23
2024-11-14,rent,latam,490.23
2024-11-14,software_licenses,us,332.56
2024-11-14,software_licenses,eu,332.56
2024-11-14,software_licenses,apac,332.56
2024-11-14,software_licenses,latam,332.55
2024-11-14,logistics,us,1893.35
2024-11-14,logistics,eu,661.88
2024-11-14,logistics,apac,307.78
2024-11-14,logistics,latam,305.47
2024-11-14,packaging,us,412.98
2024-11-14,packaging,eu,163.24
2024-11-14,packaging,apac,80.27
2024-11-14,packaging,latam,79.57
2024-11-14,payment_processing_fees,us,372.22
2024-11-14,payment_processing_fees,eu,372.22
2024-11-14,payment_processing_fees,apac,372.21
2024-11-14,payment_processing_fees,latam,372.21
2024-11-14,customer_support_tooling,us,136.12
2024-11-14,customer_support_tooling,eu,136.11
2024-11-14,customer_support_tooling,apac,136.11
2024-11-14,customer_support_tooling,latam,136.11
2024-11-14,insurance,us,93.81
2024-11-14,insurance,eu,93.81
2024-11-14,insurance,apac,93.81
2024-11-14,insurance,latam,93.81
2024-11-15,rent,us,474.74
2024-11-15,rent,eu,474.74
2024-11-15,rent,apac,474.74
2024-11-15,rent,latam,474.73
2024-11-15,software_licenses,us,295.62
2024-11-15,software_licenses,eu,295.62
2024-11-15,software_licenses,apac,295.61
2024-11-15,software_licenses,latam,295.61
2024-11-15,logistics,us,1903.8
2024-11-15,logistics,eu,775.51
2024-11-15,logistics,apac,322.12
2024-11-15,logistics,latam,251.66
2024-11-15,packaging,us,425.38
2024-11-15,packaging,eu,178.7
2024-11-15,packaging,apac,91.72
2024-11-15,packaging,latam,58.61
2024-11-15,payment_processing_fees,us,382.01
2024-11-15,payment_processing_fees,eu,382.01
2024-11-15,payment_processing_fees,apac,382.01
2024-11-15,payment_processing_fees,latam,382.00
2024-11-15,customer_support_tooling,us,138.37
2024-11-15,customer_support_tooling,eu,138.37
2024-11-15,customer_support_tooling,apac,138.36
2024-11-15,customer_support_tooling,latam,138.36
2024-11-15,insurance,us,96.35
2024-11-15,insurance,eu,96.35
2024-11-15,insurance,apac,96.35
2024-11-15,insurance,latam,96.35
2024-11-16,rent,us,530.69
2024-11-16,rent,eu,530.68
2024-11-16,rent,apac,530.68
2024-11-16,rent,latam,530.68
2024-11-16,software_licenses,us,294.13
2024-11-16,software_licenses,eu,294.12
2024-11-16,software_licenses,apac,294.12
2024-11-16,software_licenses,latam,294.12
2024-11-16,logistics,us,1678.94
2024-11-16,logistics,eu,700.91
2024-11-16,logistics,apac,314.74
2024-11-16,logistics,latam,254.06
2024-11-16,packaging,us,479.92
2024-11-16,packaging,eu,163.61
2024-11-16,packaging,apac,87.12
2024-11-16,packaging,latam,78.98
2024-11-16,payment_processing_fees,us,384.79
2024-11-16,payment_processing_fees,eu,384.79
2024-11-16,payment_processing_fees,apac,384.78
2024-11-16,payment_processing_fees,latam,384.78
2024-11-16,customer_support_tooling,us,144.27
2024-11-16,customer_support_tooling,eu,144.27
2024-11-16,customer_support_tooling,apac,144.26
2024-11-16,customer_support_tooling,latam,144.26
2024-11-16,insurance,us,103.35
2024-11-16,insurance,eu,103.35
2024-11-16,insurance,apac,103.35
2024-11-16,insurance,latam,103.35
2024-11-17,rent,us,481.40
2024-11-17,rent,eu,481.40
2024-11-17,rent,apac,481.39
2024-11-17,rent,latam,481.39
2024-11-17,software_licenses,us,306.96
2024-11-17,software_licenses,eu,306.96
2024-11-17,software_licenses,apac,306.96
2024-11-17,software_licenses,latam,306.95
2024-11-17,logistics,us,1862.72
2024-11-17,logistics,eu,660.77
2024-11-17,logistics,apac,341.04
2024-11-17,logistics,latam,301.56
2024-11-17,packaging,us,419.87
2024-11-17,packaging,eu,165.01
2024-11-17,packaging,apac,79.74
2024-11-17,packaging,latam,68.81
2024-11-17,payment_processing_fees,us,341.70
2024-11-17,payment_processing_fees,eu,341.70
2024-11-17,payment_processing_fees,apac,341.70
2024-11-17,payment_processing_fees,latam,341.70
2024-11-17,customer_support_tooling,us,125.34
2024-11-17,customer_support_tooling,eu,125.34
2024-11-17,customer_support_tooling,apac,125.34
2024-11-17,customer_support_tooling,latam,125.34
2024-11-17,insurance,us,95.67
2024-11-17,insurance,eu,95.66
2024-11-17,insurance,apac,95.66
2024-11-17,insurance,latam,95.66
2024-11-18,rent,us,456.62
2024-11-18,rent,eu,456.62
2024-11-18,rent,apac,456.61
2024-11-18,rent,latam,456.61
2024-11-18,software_licenses,us,279.19
2024-11-18,software_licenses,eu,279.19
2024-11-18,software_licenses,apac,279.18
2024-11-18,software_licenses,latam,279.18
2024-11-18,logistics,us,1710.45
2024-11-18,logistics,eu,701.19
2024-11-18,logistics,apac,347.22
2024-11-18,logistics,latam,265.07
2024-11-18,packaging,us,440.22
2024-11-18,packaging,eu,160.31
2024-11-18,packaging,apac,85.94
2024-11-18,packaging,latam,71.4
2024-11-18,payment_processing_fees,us,384.13
2024-11-18,payment_processing_fees,eu,384.13
2024-11-18,payment_processing_fees,apac,384.13
2024-11-18,payment_processing_fees,latam,384.12
2024-11-18,customer_support_tooling,us,132.34
2024-11-18,customer_support_tooling,eu,132.34
2024-11-18,customer_support_tooling,apac,132.34
2024-11-18,customer_support_tooling,latam,132.34
2024-11-18,insurance,us,97.19
2024-11-18,insurance,eu,97.19
2024-11-18,insurance,apac,97.19
2024-11-18,insurance,latam,97.19
2024-11-19,rent,us,457.10
2024-11-19,rent,eu,457.10
2024-11-19,rent,apac,457.10
2024-11-19,rent,latam,457.09
2024-11-19,software_licenses,us,279.50
2024-11-19,software_licenses,eu,279.49
2024-11-19,software_licenses,apac,279.49
2024-11-19,software_licenses,latam,279.49
2024-11-19,logistics,us,1773.63
2024-11-19,logistics,eu,786.89
2024-11-19,logistics,apac,324.29
2024-11-19,logistics,latam,312.48
2024-11-19,packaging,us,436.4
2024-11-19,packaging,eu,188.18
2024-11-19,packaging,apac,82.71
2024-11-19,packaging,latam,75.86
2024-11-19,payment_processing_fees,us,360.61
2024-11-19,payment_processing_fees,eu,360.60
2024-11-19,payment_processing_fees,apac,360.60
2024-11-19,payment_processing_fees,latam,360.60
2024-11-19,customer_support_tooling,us,132.01
2024-11-19,customer_support_tooling,eu,132.00
2024-11-19,customer_support_tooling,apac,132.00
2024-11-19,customer_support_tooling,latam,132.00
2024-11-19,insurance,us,100.98
2024-11-19,insurance,eu,100.97
2024-11-19,insurance,apac,100.97
2024-11-19,insurance,latam,100.97
2024-11-20,rent,us,485.14
2024-11-20,rent,eu,485.14
2024-11-20,rent,apac,485.13
2024-11-20,rent,latam,485.13
2024-11-20,software_licenses,us,280.19
2024-11-20,software_licenses,eu,280.18
2024-11-20,software_licenses,apac,280.18
2024-11-20,software_licenses,latam,280.18
2024-11-20,logistics,us,1758.17
2024-11-20,logistics,eu,783.13
2024-11-20,logistics,apac,361.43
2024-11-20,logistics,latam,274.31
2024-11-20,packaging,us,401.08
2024-11-20,packaging,eu,188.03
2024-11-20,packaging,apac,81.29
2024-11-20,packaging,latam,52.76
2024-11-20,payment_processing_fees,us,357.02
2024-11-20,payment_processing_fees,eu,357.01
2024-11-20,payment_processing_fees,apac,357.01
2024-11-20,payment_processing_fees,latam,357.01
2024-11-20,customer_support_tooling,us,129.17
2024-11-20,customer_support_tooling,eu,129.16
2024-11-20,customer_support_tooling,apac,129.16
2024-11-20,customer_support_tooling,latam,129.16
2024-11-20,insurance,us,92.18
2024-11-20,insurance,eu,92.17
2024-11-20,insurance,apac,92.17
2024-11-20,insurance,latam,92.17
2024-11-21,rent,us,454.79
2024-11-21,rent,eu,454.79
2024-11-21,rent,apac,454.79
2024-11-21,rent,latam,454.79
2024-11-21,software_licenses,us,273.84
2024-11-21,software_licenses,eu,273.84
2024-11-21,software_licenses,apac,273.84
2024-11-21,software_licenses,latam,273.83
2024-11-21,logistics,us,1825.26
2024-11-21,logistics,eu,724.39
2024-11-21,logistics,apac,337.02
2024-11-21,logistics,latam,290.35
2024-11-21,packaging,us,444.55
2024-11-21,packaging,eu,201.05
2024-11-21,packaging,apac,81.56
2024-11-21,packaging,latam,71.39
2024-11-21,payment_processing_fees,us,395.40
2024-11-21,payment_processing_fees,eu,395.39
2024-11-21,payment_processing_fees,apac,395.39
2024-11-21,payment_processing_fees,latam,395.39
2024-11-21,customer_support_tooling,us,132.85
2024-11-21,customer_support_tooling,eu,132.84
2024-11-21,customer_support_tooling,apac,132.84
2024-11-21,customer_support_tooling,latam,132.84
2024-11-21,insurance,us,97.19
2024-11-21,insurance,eu,97.19
2024-11-21,insurance,apac,97.18
2024-11-21,insurance,latam,97.18
2024-11-22,rent,us,458.01
2024-11-22,rent,eu,458.00
2024-11-22,rent,apac,458.00
2024-11-22,rent,latam,458.00
2024-11-22,software_licenses,us,287.25
2024-11-22,software_licenses,eu,287.24
2024-11-22,software_licenses,apac,287.24
2024-11-22,software_licenses,latam,287.24
2024-11-22,logistics,us,1703.21
2024-11-22,logistics,eu,738.23
2024-11-22,logistics,apac,349.04
2024-11-22,logistics,latam,296.42
2024-11-22,packaging,us,447.26
2024-11-22,packaging,eu,195.99
2024-11-22,packaging,apac,79.64
2024-11-22,packaging,latam,69.87
2024-11-22,payment_processing_fees,us,341.56
2024-11-22,payment_processing_fees,eu,341.55
2024-11-22,payment_processing_fees,apac,341.55
2024-11-22,payment_processing_fees,latam,341.55
2024-11-22,customer_support_tooling,us,135.56
2024-11-22,customer_support_tooling,eu,135.56
2024-11-22,customer_support_tooling,apac,135.55
2024-11-22,customer_support_tooling,latam,135.55
2024-11-22,insurance,us,99.82
2024-11-22,insurance,eu,99.81
2024-11-22,insurance,apac,99.81
2024-11-22,insurance,latam,99.81
2024-11-23,rent,us,492.62
2024-11-23,rent,eu,492.62
2024-11-23,rent,apac,492.62
2024-11-23,rent,latam,492.61
2024-11-23,software_licenses,us,291.91
2024-11-23,software_licenses,eu,291.90
2024-11-23,software_licenses,apac,291.90
2024-11-23,software_licenses,latam,291.90
2024-11-23,logistics,us,1794.44
2024-11-23,logistics,eu,752.93
2024-11-23,logistics,apac,359.57
2024-11-23,logistics,latam,290.23
2024-11-23,packaging,us,480.53
2024-11-23,packaging,eu,183.58
2024-11-23,packaging,apac,87.29
2024-11-23,packaging,latam,70.97
2024-11-23,payment_processing_fees,us,394.03
2024-11-23,payment_processing_fees,eu,394.03
2024-11-23,payment_processing_fees,apac,394.02
2024-11-23,payment_processing_fees,latam,394.02
2024-11-23,customer_support_tooling,us,129.52
2024-11-23,customer_support_tooling,eu,129.52
2024-11-23,customer_support_tooling,apac,129.52
2024-11-23,customer_support_tooling,latam,129.51
2024-11-23,insurance,us,102.32
2024-11-23,insurance,eu,102.32
2024-11-23,insurance,apac,102.32
2024-11-23,insurance,latam,102.31
2024-11-24,rent,us,475.52
2024-11-24,rent,eu,475.52
2024-11-24,rent,apac,475.52
2024-11-24,rent,latam,475.52
2024-11-24,software_licenses,us,306.67
2024-11-24,software_licenses,eu,306.67
2024-11-24,software_licenses,apac,306.66
2024-11-24,software_licenses,latam,306.66
2024-11-24,logistics,us,1896.04
2024-11-24,logistics,eu,741.38
2024-11-24,logistics,apac,347.47
2024-11-24,logistics,latam,304.85
2024-11-24,packaging,us,447.46
2024-11-24,packaging,eu,182.21
2024-11-24,packaging,apac,77.17
2024-11-24,packaging,latam,78.1
2024-11-24,payment_processing_fees,us,387.93
2024-11-24,payment_processing_fees,eu,387.93
2024-11-24,payment_processing_fees,apac,387.93
2024-11-24,payment_processing_fees,latam,387.92
2024-11-24,customer_support_tooling,us,130.93
2024-11-24,customer_support_tooling,eu,130.93
2024-11-24,customer_support_tooling,apac,130.92
2024-11-24,customer_support_tooling,latam,130.92
2024-11-24,insurance,us,103.70
2024-11-24,insurance,eu,103.70
2024-11-24,insurance,apac,103.70
2024-11-24,insurance,latam,103.70
2024-11-25,rent,us,429.11
2024-11-25,rent,eu,429.11
2024-11-25,rent,apac,429.11
2024-11-25,rent,latam,429.11
2024-11-25,software_licenses,us,290.92
2024-11-25,software_licenses,eu,290.92
2024-11-25,software_licenses,apac,290.92
2024-11-25,software_licenses,latam,290.91
2024-11-25,logistics,us,1782.4
2024-11-25,logistics,eu,775.39
2024-11-25,logistics,apac,338.91
2024-11-25,logistics,latam,318.84
2024-11-25,packaging,us,433.12
2024-11-25,packaging,eu,194.62
2024-11-25,packaging,apac,72.4
2024-11-25,packaging,latam,71.82
2024-11-25,payment_processing_fees,us,377.32
2024-11-25,payment_processing_fees,eu,377.32
2024-11-25,payment_processing_fees,apac,377.31
2024-11-25,payment_processing_fees,latam,377.31
2024-11-25,customer_support_tooling,us,147.45
2024-11-25,customer_support_tooling,eu,147.44
2024-11-25,customer_support_tooling,apac,147.44
2024-11-25,customer_support_tooling,latam,147.44
2024-11-25,insurance,us,100.89
2024-11-25,insurance,eu,100.88
2024-11-25,insurance,apac,100.88
2024-11-25,insurance,latam,100.88
2024-11-26,rent,us,495.81
2024-11-26,rent,eu,495.81
2024-11-26,rent,apac,495.81
2024-11-26,rent,latam,495.80
2024-11-26,software_licenses,us,297.93
2024-11-26,software_licenses,eu,297.93
2024-11-26,software_licenses,apac,297.93
2024-11-26,software_licenses,latam,297.93
2024-11-26,logistics,us,1855.6
2024-11-26,logistics,eu,890.29
2024-11-26,logistics,apac,330.43
2024-11-26,logistics,latam,292.03
2024-11-26,packaging,us,406.82
2024-11-26,packaging,eu,199.03
2024-11-26,packaging,apac,75.82
2024-11-26,packaging,latam,62.99
2024-11-26,payment_processing_fees,us,398.83
2024-11-26,payment_processing_fees,eu,398.83
2024-11-26,payment_processing_fees,apac,398.83
2024-11-26,payment_processing_fees,latam,398.82
2024-11-26,customer_support_tooling,us,137.34
2024-11-26,customer_support_tooling,eu,137.34
2024-11-26,customer_support_tooling,apac,137.34
2024-11-26,customer_support_tooling,latam,137.33
2024-11-26,insurance,us,85.53
2024-11-26,insurance,eu,85.53
2024-11-26,insurance,apac,85.53
2024-11-26,insurance,latam,85.53
2024-11-27,rent,us,461.54
2024-11-27,rent,eu,461.53
2024-11-27,rent,apac,461.53
2024-11-27,rent,latam,461.53
2024-11-27,software_licenses,us,274.25
2024-11-27,software_licenses,eu,274.25
2024-11-27,software_licenses,apac,274.25
2024-11-27,software_licenses,latam,274.24
2024-11-27,logistics,us,1720.17
2024-11-27,logistics,eu,744.41
2024-11-27,logistics,apac,328.31
2024-11-27,logistics,latam,265.92
2024-11-27,packaging,us,471.67
2024-11-27,packaging,eu,185.79
2024-11-27,packaging,apac,73.21
2024-11-27,packaging,latam,70.88
2024-11-27,payment_processing_fees,us,335.84
2024-11-27,payment_processing_fees,eu,335.84
2024-11-27,payment_processing_fees,apac,335.83
2024-11-27,payment_processing_fees,latam,335.83
2024-11-27,customer_support_tooling,us,131.29
2024-11-27,customer_support_tooling,eu,131.29
2024-11-27,customer_support_tooling,apac,131.29
2024-11-27,customer_support_tooling,latam,131.29
2024-11-27,insurance,us,93.59
2024-11-27,insurance,eu,93.58
2024-11-27,insurance,apac,93.58
2024-11-27,insurance,latam,93.58
2024-11-28,rent,us,468.74
2024-11-28,rent,eu,468.74
2024-11-28,rent,apac,468.73
2024-11-28,rent,latam,468.73
2024-11-28,software_licenses,us,273.31
2024-11-28,software_licenses,eu,273.30
2024-11-28,software_licenses,apac,273.30
2024-11-28,software_licenses,latam,273.30
2024-11-28,logistics,us,1543.67
2024-11-28,logistics,eu,789.43
2024-11-28,logistics,apac,338.75
2024-11-28,logistics,latam,325.75
2024-11-28,packaging,us,473.46
2024-11-28,packaging,eu,161.45
2024-11-28,packaging,apac,76.8
2024-11-28,packaging,latam,74.34
2024-11-28,payment_processing_fees,us,372.90
2024-11-28,payment_processing_fees,eu,372.89
2024-11-28,payment_processing_fees,apac,372.89
2024-11-28,payment_processing_fees,latam,372.89
2024-11-28,customer_support_tooling,us,126.19
2024-11-28,customer_support_tooling,eu,126.19
2024-11-28,customer_support_tooling,apac,126.19
2024-11-28,customer_support_tooling,latam,126.18
2024-11-28,insurance,us,95.27
2024-11-28,insurance,eu,95.27
2024-11-28,insurance,apac,95.27
2024-11-28,insurance,latam,95.26
2024-11-29,rent,us,494.72
2024-11-29,rent,eu,494.71
2024-11-29,rent,apac,494.71
2024-11-29,rent,latam,494.71
2024-11-29,software_licenses,us,262.41
2024-11-29,software_licenses,eu,262.41
2024-11-29,software_licenses,apac,262.41
2024-11-29,software_licenses,latam,262.40
2024-11-29,logistics,us,1499.08
2024-11-29,logistics,eu,819.32
2024-11-29,logistics,apac,362.36
2024-11-29,logistics,latam,298.89
2024-11-29,packaging,us,394.07
2024-11-29,packaging,eu,177.46
2024-11-29,packaging,apac,77.19
2024-11-29,packaging,latam,68.0
2024-11-29,payment_processing_fees,us,387.65
2024-11-29,payment_processing_fees,eu,387.65
2024-11-29,payment_processing_fees,apac,387.64
2024-11-29,payment_processing_fees,latam,387.64
2024-11-29,customer_support_tooling,us,135.49
2024-11-29,customer_support_tooling,eu,135.49
2024-11-29,customer_support_tooling,apac,135.49
2024-11-29,customer_support_tooling,latam,135.49
2024-11-29,insurance,us,101.13
2024-11-29,insurance,eu,101.13
2024-11-29,insurance,apac,101.12
2024-11-29,insurance,latam,101.12
2024-11-30,rent,us,519.94
2024-11-30,rent,eu,519.93
2024-11-30,rent,apac,519.93
2024-11-30,rent,latam,519.93
2024-11-30,software_licenses,us,268.86
2024-11-30,software_licenses,eu,268.86
2024-11-30,software_licenses,apac,268.86
2024-11-30,software_licenses,latam,268.85
2024-11-30,logistics,us,1765.16
2024-11-30,logistics,eu,671.42
2024-11-30,logistics,apac,335.13
2024-11-30,logistics,latam,283.28
2024-11-30,packaging,us,447.02
2024-11-30,packaging,eu,193.7
2024-11-30,packaging,apac,79.06
2024-11-30,packaging,latam,74.9
2024-11-30,payment_processing_fees,us,393.19
2024-11-30,payment_processing_fees,eu,393.19
2024-11-30,payment_processing_fees,apac,393.18
2024-11-30,payment_processing_fees,latam,393.18
2024-11-30,customer_support_tooling,us,123.89
2024-11-30,customer_support_tooling,eu,123.89
2024-11-30,customer_support_tooling,apac,123.89
2024-11-30,customer_support_tooling,latam,123.88
2024-11-30,insurance,us,96.67
2024-11-30,insurance,eu,96.67
2024-11-30,insurance,apac,96.67
2024-11-30,insurance,latam,96.67
2024-11-30,rent,us,450.94
2024-11-30,rent,eu,450.94
2024-11-30,rent,apac,450.94
2024-11-30,rent,latam,450.94
2024-11-30,software_licenses,us,292.00
2024-11-30,software_licenses,eu,292.00
2024-11-30,software_licenses,apac,291.99
2024-11-30,software_licenses,latam,291.99
2024-11-30,logistics,us,1983.77
2024-11-30,logistics,eu,718.35
2024-11-30,logistics,apac,373.79
2024-11-30,logistics,latam,285.31
2024-11-30,packaging,us,430.57
2024-11-30,packaging,eu,195.29
2024-11-30,packaging,apac,74.91
2024-11-30,packaging,latam,72.38
2024-11-30,payment_processing_fees,us,394.36
2024-11-30,payment_processing_fees,eu,394.35
2024-11-30,payment_processing_fees,apac,394.35
2024-11-30,payment_processing_fees,latam,394.35
2024-11-30,customer_support_tooling,us,133.81
2024-11-30,customer_support_tooling,eu,133.81
2024-11-30,customer_support_tooling,apac,133.81
2024-11-30,customer_support_tooling,latam,133.80
2024-11-30,insurance,us,97.77
2024-11-30,insurance,eu,97.76
2024-11-30,insurance,apac,97.76
2024-11-30,insurance,latam,97.76
2024-12-01,rent,us,446.67
2024-12-01,rent,eu,446.66
2024-12-01,rent,apac,446.66
2024-12-01,rent,latam,446.66
2024-12-01,software_licenses,us,330.97
2024-12-01,software_licenses,eu,330.96
2024-12-01,software_licenses,apac,330.96
2024-12-01,software_licenses,latam,330.96
2024-12-01,logistics,us,1754.51
2024-12-01,logistics,eu,800.69
2024-12-01,logistics,apac,310.32
2024-12-01,logistics,latam,324.52
2024-12-01,packaging,us,484.89
2024-12-01,packaging,eu,189.57
2024-12-01,packaging,apac,78.86
2024-12-01,packaging,latam,73.23
2024-12-01,payment_processing_fees,us,395.73
2024-12-01,payment_processing_fees,eu,395.73
2024-12-01,payment_processing_fees,apac,395.73
2024-12-01,payment_processing_fees,latam,395.72
2024-12-01,customer_support_tooling,us,140.22
2024-12-01,customer_support_tooling,eu,140.21
2024-12-01,customer_support_tooling,apac,140.21
2024-12-01,customer_support_tooling,latam,140.21
2024-12-01,insurance,us,93.97
2024-12-01,insurance,eu,93.96
2024-12-01,insurance,apac,93.96
2024-12-01,insurance,latam,93.96
2024-12-02,rent,us,411.33
2024-12-02,rent,eu,411.33
2024-12-02,rent,apac,411.33
2024-12-02,rent,latam,411.33
2024-12-02,software_licenses,us,298.81
2024-12-02,software_licenses,eu,298.80
2024-12-02,software_licenses,apac,298.80
2024-12-02,software_licenses,latam,298.80
2024-12-02,logistics,us,1755.52
2024-12-02,logistics,eu,758.56
2024-12-02,logistics,apac,371.26
2024-12-02,logistics,latam,295.44
2024-12-02,packaging,us,445.03
2024-12-02,packaging,eu,182.94
2024-12-02,packaging,apac,83.51
2024-12-02,packaging,latam,72.13
2024-12-02,payment_processing_fees,us,364.15
2024-12-02,payment_processing_fees,eu,364.15
2024-12-02,payment_processing_fees,apac,364.15
2024-12-02,payment_processing_fees,latam,364.15
2024-12-02,customer_support_tooling,us,132.91
2024-12-02,customer_support_tooling,eu,132.91
2024-12-02,customer_support_tooling,apac,132.91
2024-12-02,customer_support_tooling,latam,132.91
2024-12-02,insurance,us,94.57
2024-12-02,insurance,eu,94.57
2024-12-02,insurance,apac,94.56
2024-12-02,insurance,latam,94.56
2024-12-03,rent,us,467.88
2024-12-03,rent,eu,467.88
2024-12-03,rent,apac,467.88
2024-12-03,rent,latam,467.87
2024-12-03,software_licenses,us,271.36
2024-12-03,software_licenses,eu,271.35
2024-12-03,software_licenses,apac,271.35
2024-12-03,software_licenses,latam,271.35
2024-12-03,logistics,us,1883.63
2024-12-03,logistics,eu,738.52
2024-12-03,logistics,apac,370.71
2024-12-03,logistics,latam,263.6
2024-12-03,packaging,us,456.23
2024-12-03,packaging,eu,182.48
2024-12-03,packaging,apac,88.39
2024-12-03,packaging,latam,68.33
2024-12-03,payment_processing_fees,us,387.63
2024-12-03,payment_processing_fees,eu,387.62
2024-12-03,payment_processing_fees,apac,387.62
2024-12-03,payment_processing_fees,latam,387.62
2024-12-03,customer_support_tooling,us,134.42
2024-12-03,customer_support_tooling,eu,134.41
2024-12-03,customer_support_tooling,apac,134.41
2024-12-03,customer_support_tooling,latam,134.41
2024-12-03,insurance,us,94.11
2024-12-03,insurance,eu,94.11
2024-12-03,insurance,apac,94.10
2024-12-03,insurance,latam,94.10
2024-12-04,rent,us,486.75
2024-12-04,rent,eu,486.75
2024-12-04,rent,apac,486.75
2024-12-04,rent,latam,486.75
2024-12-04,software_licenses,us,294.11
2024-12-04,software_licenses,eu,294.10
2024-12-04,software_licenses,apac,294.10
2024-12-04,software_licenses,latam,294.10
2024-12-04,logistics,us,1763.4
2024-12-04,logistics,eu,806.33
2024-12-04,logistics,apac,318.98
2024-12-04,logistics,latam,293.33
2024-12-04,packaging,us,462.0
2024-12-04,packaging,eu,202.0
2024-12-04,packaging,apac,77.87
2024-12-04,packaging,latam,61.57
2024-12-04,payment_processing_fees,us,392.64
2024-12-04,payment_processing_fees,eu,392.64
2024-12-04,payment_processing_fees,apac,392.63
2024-12-04,payment_processing_fees,latam,392.63
2024-12-04,customer_support_tooling,us,122.88
2024-12-04,customer_support_tooling,eu,122.88
2024-12-04,customer_support_tooling,apac,122.88
2024-12-04,customer_support_tooling,latam,122.87
2024-12-04,insurance,us,100.55
2024-12-04,insurance,eu,100.55
2024-12-04,insurance,apac,100.55
2024-12-04,insurance,latam,100.54
2024-12-05,rent,us,470.80
2024-12-05,rent,eu,470.79
2024-12-05,rent,apac,470.79
2024-12-05,rent,latam,470.79
2024-12-05,software_licenses,us,290.44
2024-12-05,software_licenses,eu,290.44
2024-12-05,software_licenses,apac,290.43
2024-12-05,software_licenses,latam,290.43
2024-12-05,logistics,us,1936.55
2024-12-05,logistics,eu,777.2
2024-12-05,logistics,apac,331.07
2024-12-05,logistics,latam,312.34
2024-12-05,packaging,us,435.24
2024-12-05,packaging,eu,201.17
2024-12-05,packaging,apac,82.3
2024-12-05,packaging,latam,60.55
2024-12-05,payment_processing_fees,us,396.03
2024-12-05,payment_processing_fees,eu,396.03
2024-12-05,payment_processing_fees,apac,396.03
2024-12-05,payment_processing_fees,latam,396.03
2024-12-05,customer_support_tooling,us,132.61
2024-12-05,customer_support_tooling,eu,132.61
2024-12-05,customer_support_tooling,apac,132.61
2024-12-05,customer_support_tooling,latam,132.61
2024-12-05,insurance,us,99.12
2024-12-05,insurance,eu,99.12
2024-12-05,insurance,apac,99.12
2024-12-05,insurance,latam,99.12
2024-12-06,rent,us,455.99
2024-12-06,rent,eu,455.99
2024-12-06,rent,apac,455.98
2024-12-06,rent,latam,455.98
2024-12-06,software_licenses,us,293.73
2024-12-06,software_licenses,eu,293.73
2024-12-06,software_licenses,apac,293.73
2024-12-06,software_licenses,latam,293.72
2024-12-06,logistics,us,1873.89
2024-12-06,logistics,eu,722.5
2024-12-06,logistics,apac,304.67
2024-12-06,logistics,latam,279.91
2024-12-06,packaging,us,395.86
2024-12-06,packaging,eu,196.32
2024-12-06,packaging,apac,74.82
2024-12-06,packaging,latam,67.78
2024-12-06,payment_processing_fees,us,383.06
2024-12-06,payment_processing_fees,eu,383.06
2024-12-06,payment_processing_fees,apac,383.05
2024-12-06,payment_processing_fees,latam,383.05
2024-12-06,customer_support_tooling,us,138.23
2024-12-06,customer_support_tooling,eu,138.22
2024-12-06,customer_support_tooling,apac,138.22
2024-12-06,customer_support_tooling,latam,138.22
2024-12-06,insurance,us,100.55
2024-12-06,insurance,eu,100.54
2024-12-06,insurance,apac,100.54
2024-12-06,insurance,latam,100.54
2024-12-07,rent,us,420.75
2024-12-07,rent,eu,420.75
2024-12-07,rent,apac,420.75
2024-12-07,rent,latam,420.75
2024-12-07,software_licenses,us,305.37
2024-12-07,software_licenses,eu,305.36
2024-12-07,software_licenses,apac,305.36
2024-12-07,software_licenses,latam,305.36
2024-12-07,logistics,us,1780.51
2024-12-07,logistics,eu,783.48
2024-12-07,logistics,apac,338.5
2024-12-07,logistics,latam,303.31
2024-12-07,packaging,us,510.21
2024-12-07,packaging,eu,189.36
2024-12-07,packaging,apac,84.25
2024-12-07,packaging,latam,66.81
2024-12-07,payment_processing_fees,us,367.95
2024-12-07,payment_processing_fees,eu,367.95
2024-12-07,payment_processing_fees,apac,367.94
2024-12-07,payment_processing_fees,latam,367.94
2024-12-07,customer_support_tooling,us,137.64
2024-12-07,customer_support_tooling,eu,137.64
2024-12-07,customer_support_tooling,apac,137.63
2024-12-07,customer_support_tooling,latam,137.63
2024-12-07,insurance,us,94.38
2024-12-07,insurance,eu,94.37
2024-12-07,insurance,apac,94.37
2024-12-07,insurance,latam,94.37
2024-12-08,rent,us,435.86
2024-12-08,rent,eu,435.85
2024-12-08,rent,apac,435.85
2024-12-08,rent,latam,435.85
2024-12-08,software_licenses,us,289.12
2024-12-08,software_licenses,eu,289.11
2024-12-08,software_licenses,apac,289.11
2024-12-08,software_licenses,latam,289.11
2024-12-08,logistics,us,1801.96
2024-12-08,logistics,eu,765.52
2024-12-08,logistics,apac,366.41
2024-12-08,logistics,latam,289.29
2024-12-08,packaging,us,464.93
2024-12-08,packaging,eu,167.4
2024-12-08,packaging,apac,76.59
2024-12-08,packaging,latam,76.21
2024-12-08,payment_processing_fees,us,361.37
2024-12-08,payment_processing_fees,eu,361.37
2024-12-08,payment_processing_fees,apac,361.37
2024-12-08,payment_processing_fees,latam,361.36
2024-12-08,customer_support_tooling,us,121.70
2024-12-08,customer_support_tooling,eu,121.69
2024-12-08,customer_support_tooling,apac,121.69
2024-12-08,customer_support_tooling,latam,121.69
2024-12-08,insurance,us,102.08
2024-12-08,insurance,eu,102.08
2024-12-08,insurance,apac,102.07
2024-12-08,insurance,latam,102.07
2024-12-09,rent,us,460.18
2024-12-09,rent,eu,460.18
2024-12-09,rent,apac,460.17
2024-12-09,rent,latam,460.17
2024-12-09,software_licenses,us,284.39
2024-12-09,software_licenses,eu,284.39
2024-12-09,software_licenses,apac,284.39
2024-12-09,software_licenses,latam,284.38
2024-12-09,logistics,us,1938.64
2024-12-09,logistics,eu,800.89
2024-12-09,logistics,apac,330.25
2024-12-09,logistics,latam,311.9
2024-12-09,packaging,us,476.5
2024-12-09,packaging,eu,180.05
2024-12-09,packaging,apac,89.06
2024-12-09,packaging,latam,73.04
2024-12-09,payment_processing_fees,us,379.85
2024-12-09,payment_processing_fees,eu,379.85
2024-12-09,payment_processing_fees,apac,379.84
2024-12-09,payment_processing_fees,latam,379.84
2024-12-09,customer_support_tooling,us,139.02
2024-12-09,customer_support_tooling,eu,139.02
2024-12-09,customer_support_tooling,apac,139.02
2024-12-09,customer_support_tooling,latam,139.02
2024-12-09,insurance,us,89.46
2024-12-09,insurance,eu,89.46
2024-12-09,insurance,apac,89.46
2024-12-09,insurance,latam,89.46
2024-12-10,rent,us,483.20
2024-12-10,rent,eu,483.20
2024-12-10,rent,apac,483.19
2024-12-10,rent,latam,483.19
2024-12-10,software_licenses,us,311.63
2024-12-10,software_licenses,eu,311.62
2024-12-10,software_licenses,apac,311.62
2024-12-10,software_licenses,latam,311.62
2024-12-10,logistics,us,1866.97
2024-12-10,logistics,eu,836.88
2024-12-10,logistics,apac,374.5
2024-12-10,logistics,latam,293.95
2024-12-10,packaging,us,474.65
2024-12-10,packaging,eu,180.54
2024-12-10,packaging,apac,82.46
2024-12-10,packaging,latam,70.1
2024-12-10,payment_processing_fees,us,386.43
2024-12-10,payment_processing_fees,eu,386.43
2024-12-10,payment_processing_fees,apac,386.43
2024-12-10,payment_processing_fees,latam,386.43
2024-12-10,customer_support_tooling,us,144.65
2024-12-10,customer_support_tooling,eu,144.64
2024-12-10,customer_support_tooling,apac,144.64
2024-12-10,customer_support_tooling,latam,144.64
2024-12-10,insurance,us,103.99
2024-12-10,insurance,eu,103.98
2024-12-10,insurance,apac,103.98
2024-12-10,insurance,latam,103.98
2024-12-11,rent,us,438.97
2024-12-11,rent,eu,438.97
2024-12-11,rent,apac,438.97
2024-12-11,rent,latam,438.96
2024-12-11,software_licenses,us,295.90
2024-12-11,software_licenses,eu,295.90
2024-12-11,software_licenses,apac,295.89
2024-12-11,software_licenses,latam,295.89
2024-12-11,logistics,us,1771.44
2024-12-11,logistics,eu,784.32
2024-12-11,logistics,apac,331.22
2024-12-11,logistics,latam,271.21
2024-12-11,packaging,us,478.62
2024-12-11,packaging,eu,161.84
2024-12-11,packaging,apac,96.61
2024-12-11,packaging,latam,70.92
2024-12-11,payment_processing_fees,us,355.73
2024-12-11,payment_processing_fees,eu,355.73
2024-12-11,payment_processing_fees,apac,355.73
2024-12-11,payment_processing_fees,latam,355.72
2024-12-11,customer_support_tooling,us,123.72
2024-12-11,customer_support_tooling,eu,123.72
2024-12-11,customer_support_tooling,apac,123.72
2024-12-11,customer_support_tooling,latam,123.71
2024-12-11,insurance,us,98.20
2024-12-11,insurance,eu,98.20
2024-12-11,insurance,apac,98.20
2024-12-11,insurance,latam,98.20
2024-12-12,rent,us,495.73
2024-12-12,rent,eu,495.73
2024-12-12,rent,apac,495.73
2024-12-12,rent,latam,495.73
2024-12-12,software_licenses,us,320.50
2024-12-12,software_licenses,eu,320.49
2024-12-12,software_licenses,apac,320.49
2024-12-12,software_licenses,latam,320.49
2024-12-12,logistics,us,1766.19
2024-12-12,logistics,eu,815.23
2024-12-12,logistics,apac,305.84
2024-12-12,logistics,latam,285.94
2024-12-12,packaging,us,391.88
2024-12-12,packaging,eu,189.0
2024-12-12,packaging,apac,83.66
2024-12-12,packaging,latam,60.31
2024-12-12,payment_processing_fees,us,367.74
2024-12-12,payment_processing_fees,eu,367.74
2024-12-12,payment_processing_fees,apac,367.74
2024-12-12,payment_processing_fees,latam,367.74
2024-12-12,customer_support_tooling,us,144.81
2024-12-12,customer_support_tooling,eu,144.81
2024-12-12,customer_support_tooling,apac,144.81
2024-12-12,customer_support_tooling,latam,144.81
2024-12-12,insurance,us,88.91
2024-12-12,insurance,eu,88.90
2024-12-12,insurance,apac,88.90
2024-12-12,insurance,latam,88.90
2024-12-13,rent,us,442.22
2024-12-13,rent,eu,442.22
2024-12-13,rent,apac,442.22
2024-12-13,rent,latam,442.22
2024-12-13,software_licenses,us,315.09
2024-12-13,software_licenses,eu,315.09
2024-12-13,software_licenses,apac,315.08
2024-12-13,software_licenses,latam,315.08
2024-12-13,logistics,us,1859.84
2024-12-13,logistics,eu,745.91
2024-12-13,logistics,apac,287.74
2024-12-13,logistics,latam,286.88
2024-12-13,packaging,us,417.63
2024-12-13,packaging,eu,182.25
2024-12-13,packaging,apac,74.55
2024-12-13,packaging,latam,63.74
2024-12-13,payment_processing_fees,us,425.07
2024-12-13,payment_processing_fees,eu,425.07
2024-12-13,payment_processing_fees,apac,425.07
2024-12-13,payment_processing_fees,latam,425.06
2024-12-13,customer_support_tooling,us,143.03
2024-12-13,customer_support_tooling,eu,143.03
2024-12-13,customer_support_tooling,apac,143.02
2024-12-13,customer_support_tooling,latam,143.02
2024-12-13,insurance,us,93.94
2024-12-13,insurance,eu,93.94
2024-12-13,insurance,apac,93.94
2024-12-13,insurance,latam,93.93
2024-12-14,rent,us,460.20
2024-12-14,rent,eu,460.19
2024-12-14,rent,apac,460.19
2024-12-14,rent,latam,460.19
2024-12-14,software_licenses,us,287.22
2024-12-14,software_licenses,eu,287.21
2024-12-14,software_licenses,apac,287.21
2024-12-14,software_licenses,latam,287.21
2024-12-14,logistics,us,1717.23
2024-12-14,logistics,eu,760.34
2024-12-14,logistics,apac,321.54
2024-12-14,logistics,latam,280.05
2024-12-14,packaging,us,440.93
2024-12-14,packaging,eu,178.26
2024-12-14,packaging,apac,79.66
2024-12-14,packaging,latam,73.5
2024-12-14,payment_processing_fees,us,378.38
2024-12-14,payment_processing_fees,eu,378.38
2024-12-14,payment_processing_fees,apac,378.38
2024-12-14,payment_processing_fees,latam,378.37
2024-12-14,customer_support_tooling,us,139.73
2024-12-14,customer_support_tooling,eu,139.73
2024-12-14,customer_support_tooling,apac,139.72
2024-12-14,customer_support_tooling,latam,139.72
2024-12-14,insurance,us,107.10
2024-12-14,insurance,eu,107.10
2024-12-14,insurance,apac,107.10
2024-12-14,insurance,latam,107.09
2024-12-15,rent,us,466.53
2024-12-15,rent,eu,466.53
2024-12-15,rent,apac,466.53
2024-12-15,rent,latam,466.53
2024-12-15,software_licenses,us,307.22
2024-12-15,software_licenses,eu,307.22
2024-12-15,software_licenses,apac,307.22
2024-12-15,software_licenses,latam,307.21
2024-12-15,logistics,us,2029.26
2024-12-15,logistics,eu,769.04
2024-12-15,logistics,apac,287.81
2024-12-15,logistics,latam,281.05
2024-12-15,packaging,us,415.56
2024-12-15,packaging,eu,190.48
2024-12-15,packaging,apac,87.95
2024-12-15,packaging,latam,68.76
2024-12-15,payment_processing_fees,us,375.77
2024-12-15,payment_processing_fees,eu,375.77
2024-12-15,payment_processing_fees,apac,375.77
2024-12-15,payment_processing_fees,latam,375.76
2024-12-15,customer_support_tooling,us,135.02
2024-12-15,customer_support_tooling,eu,135.02
2024-12-15,customer_support_tooling,apac,135.02
2024-12-15,customer_support_tooling,latam,135.02
2024-12-15,insurance,us,88.44
2024-12-15,insurance,eu,88.44
2024-12-15,insurance,apac,88.44
2024-12-15,insurance,latam,88.44
2024-12-16,rent,us,462.79
2024-12-16,rent,eu,462.79
2024-12-16,rent,apac,462.78
2024-12-16,rent,latam,462.78
2024-12-16,software_licenses,us,279.68
2024-12-16,software_licenses,eu,279.68
2024-12-16,software_licenses,apac,279.68
2024-12-16,software_licenses,latam,279.67
2024-12-16,logistics,us,1845.13
2024-12-16,logistics,eu,767.13
2024-12-16,logistics,apac,296.83
2024-12-16,logistics,latam,237.7
2024-12-16,packaging,us,498.6
2024-12-16,packaging,eu,200.37
2024-12-16,packaging,apac,77.63
2024-12-16,packaging,latam,69.42
2024-12-16,payment_processing_fees,us,379.67
2024-12-16,payment_processing_fees,eu,379.67
2024-12-16,payment_processing_fees,apac,379.66
2024-12-16,payment_processing_fees,latam,379.66
2024-12-16,customer_support_tooling,us,140.71
2024-12-16,customer_support_tooling,eu,140.70
2024-12-16,customer_support_tooling,apac,140.70
2024-12-16,customer_support_tooling,latam,140.70
2024-12-16,insurance,us,92.89
2024-12-16,insurance,eu,92.89
2024-12-16,insurance,apac,92.89
2024-12-16,insurance,latam,92.88
2024-12-17,rent,us,478.50
2024-12-17,rent,eu,478.50
2024-12-17,rent,apac,478.49
2024-12-17,rent,latam,478.49
2024-12-17,software_licenses,us,304.50
2024-12-17,software_licenses,eu,304.49
2024-12-17,software_licenses,apac,304.49
2024-12-17,software_licenses,latam,304.49
2024-12-17,logistics,us,1931.55
2024-12-17,logistics,eu,787.01
2024-12-17,logistics,apac,305.35
2024-12-17,logistics,latam,279.03
2024-12-17,packaging,us,400.21
2024-12-17,packaging,eu,186.33
2024-12-17,packaging,apac,87.31
2024-12-17,packaging,latam,61.88
2024-12-17,payment_processing_fees,us,373.67
2024-12-17,payment_processing_fees,eu,373.67
2024-12-17,payment_processing_fees,apac,373.67
2024-12-17,payment_processing_fees,latam,373.66
2024-12-17,customer_support_tooling,us,137.13
2024-12-17,customer_support_tooling,eu,137.13
2024-12-17,customer_support_tooling,apac,137.13
2024-12-17,customer_support_tooling,latam,137.13
2024-12-17,insurance,us,102.04
2024-12-17,insurance,eu,102.04
2024-12-17,insurance,apac,102.03
2024-12-17,insurance,latam,102.03
2024-12-18,rent,us,461.69
2024-12-18,rent,eu,461.69
2024-12-18,rent,apac,461.69
2024-12-18,rent,latam,461.69
2024-12-18,software_licenses,us,286.87
2024-12-18,software_licenses,eu,286.86
2024-12-18,software_licenses,apac,286.86
2024-12-18,software_licenses,latam,286.86
2024-12-18,logistics,us,1697.55
2024-12-18,logistics,eu,735.08
2024-12-18,logistics,apac,306.73
2024-12-18,logistics,latam,299.09
2024-12-18,packaging,us,394.71
2024-12-18,packaging,eu,168.33
2024-12-18,packaging,apac,83.8
2024-12-18,packaging,latam,69.95
2024-12-18,payment_processing_fees,us,373.84
2024-12-18,payment_processing_fees,eu,373.83
2024-12-18,payment_processing_fees,apac,373.83
2024-12-18,payment_processing_fees,latam,373.83
2024-12-18,customer_support_tooling,us,143.39
2024-12-18,customer_support_tooling,eu,143.39
2024-12-18,customer_support_tooling,apac,143.39
2024-12-18,customer_support_tooling,latam,143.39
2024-12-18,insurance,us,94.80
2024-12-18,insurance,eu,94.80
2024-12-18,insurance,apac,94.79
2024-12-18,insurance,latam,94.79
2024-12-19,rent,us,472.73
2024-12-19,rent,eu,472.73
2024-12-19,rent,apac,472.73
2024-12-19,rent,latam,472.72
2024-12-19,software_licenses,us,282.12
2024-12-19,software_licenses,eu,282.12
2024-12-19,software_licenses,apac,282.11
2024-12-19,software_licenses,latam,282.11
2024-12-19,logistics,us,1767.54
2024-12-19,logistics,eu,670.91
2024-12-19,logistics,apac,337.91
2024-12-19,logistics,latam,264.93
2024-12-19,packaging,us,416.31
2024-12-19,packaging,eu,194.12
2024-12-19,packaging,apac,79.42
2024-12-19,packaging,latam,70.82
2024-12-19,payment_processing_fees,us,394.54
2024-12-19,payment_processing_fees,eu,394.54
2024-12-19,payment_processing_fees,apac,394.54
2024-12-19,payment_processing_fees,latam,394.53
2024-12-19,customer_support_tooling,us,138.60
2024-12-19,customer_support_tooling,eu,138.60
2024-12-19,customer_support_tooling,apac,138.60
2024-12-19,customer_support_tooling,latam,138.59
2024-12-19,insurance,us,101.42
2024-12-19,insurance,eu,101.42
2024-12-19,insurance,apac,101.41
2024-12-19,insurance,latam,101.41
2024-12-20,rent,us,462.48
2024-12-20,rent,eu,462.47
2024-12-20,rent,apac,462.47
2024-12-20,rent,latam,462.47
2024-12-20,software_licenses,us,310.62
2024-12-20,software_licenses,eu,310.62
2024-12-20,software_licenses,apac,310.62
2024-12-20,software_licenses,latam,310.62
2024-12-20,logistics,us,1737.93
2024-12-20,logistics,eu,751.48
2024-12-20,logistics,apac,364.25
2024-12-20,logistics,latam,315.76
2024-12-20,packaging,us,447.75
2024-12-20,packaging,eu,178.98
2024-12-20,packaging,apac,78.0
2024-12-20,packaging,latam,68.1
2024-12-20,payment_processing_fees,us,400.04
2024-12-20,payment_processing_fees,eu,400.04
2024-12-20,payment_processing_fees,apac,400.04
2024-12-20,payment_processing_fees,latam,400.04
2024-12-20,customer_support_tooling,us,132.28
2024-12-20,customer_support_tooling,eu,132.27
2024-12-20,customer_support_tooling,apac,132.27
2024-12-20,customer_support_tooling,latam,132.27
2024-12-20,insurance,us,94.99
2024-12-20,insurance,eu,94.99
2024-12-20,insurance,apac,94.98
2024-12-20,insurance,latam,94.98
2024-12-21,rent,us,442.66
2024-12-21,rent,eu,442.65
2024-12-21,rent,apac,442.65
2024-12-21,rent,latam,442.65
2024-12-21,software_licenses,us,290.86
2024-12-21,software_licenses,eu,290.86
2024-12-21,software_licenses,apac,290.86
2024-12-21,software_licenses,latam,290.85
2024-12-21,logistics,us,1856.34
2024-12-21,logistics,eu,701.26
2024-12-21,logistics,apac,329.19
2024-12-21,logistics,latam,295.67
2024-12-21,packaging,us,457.47
2024-12-21,packaging,eu,171.2
2024-12-21,packaging,apac,81.89
2024-12-21,packaging,latam,72.78
2024-12-21,payment_processing_fees,us,413.15
2024-12-21,payment_processing_fees,eu,413.15
2024-12-21,payment_processing_fees,apac,413.15
2024-12-21,payment_processing_fees,latam,413.15
2024-12-21,customer_support_tooling,us,140.47
2024-12-21,customer_support_tooling,eu,140.47
2024-12-21,customer_support_tooling,apac,140.47
2024-12-21,customer_support_tooling,latam,140.47
2024-12-21,insurance,us,97.59
2024-12-21,insurance,eu,97.59
2024-12-21,insurance,apac,97.59
2024-12-21,insurance,latam,97.58
2024-12-22,rent,us,486.62
2024-12-22,rent,eu,486.62
2024-12-22,rent,apac,486.62
2024-12-22,rent,latam,486.61
2024-12-22,software_licenses,us,324.25
2024-12-22,software_licenses,eu,324.25
2024-12-22,software_licenses,apac,324.25
2024-12-22,software_licenses,latam,324.25
2024-12-22,logistics,us,1767.33
2024-12-22,logistics,eu,785.19
2024-12-22,logistics,apac,319.78
2024-12-22,logistics,latam,310.13
2024-12-22,packaging,us,413.35
2024-12-22,packaging,eu,173.78
2024-12-22,packaging,apac,74.38
2024-12-22,packaging,latam,68.64
2024-12-22,payment_processing_fees,us,376.93
2024-12-22,payment_processing_fees,eu,376.93
2024-12-22,payment_processing_fees,apac,376.93
2024-12-22,payment_processing_fees,latam,376.93
2024-12-22,customer_support_tooling,us,140.96
2024-12-22,customer_support_tooling,eu,140.96
2024-12-22,customer_support_tooling,apac,140.96
2024-12-22,customer_support_tooling,latam,140.95
2024-12-22,insurance,us,91.38
2024-12-22,insurance,eu,91.38
2024-12-22,insurance,apac,91.37
2024-12-22,insurance,latam,91.37
2024-12-23,rent,us,450.48
2024-12-23,rent,eu,450.47
2024-12-23,rent,apac,450.47
2024-12-23,rent,latam,450.47
2024-12-23,software_licenses,us,316.99
2024-12-23,software_licenses,eu,316.98
2024-12-23,software_licenses,apac,316.98
2024-12-23,software_licenses,latam,316.98
2024-12-23,logistics,us,2077.78
2024-12-23,logistics,eu,757.37
2024-12-23,logistics,apac,331.5
2024-12-23,logistics,latam,270.79
2024-12-23,packaging,us,346.89
2024-12-23,packaging,eu,185.29
2024-12-23,packaging,apac,77.83
2024-12-23,packaging,latam,74.51
2024-12-23,payment_processing_fees,us,381.16
2024-12-23,payment_processing_fees,eu,381.16
2024-12-23,payment_processing_fees,apac,381.15
2024-12-23,payment_processing_fees,latam,381.15
2024-12-23,customer_support_tooling,us,128.58
2024-12-23,customer_support_tooling,eu,128.58
2024-12-23,customer_support_tooling,apac,128.58
2024-12-23,customer_support_tooling,latam,128.57
2024-12-23,insurance,us,98.35
2024-12-23,insurance,eu,98.35
2024-12-23,insurance,apac,98.34
2024-12-23,insurance,latam,98.34
2024-12-24,rent,us,440.07
2024-12-24,rent,eu,440.07
2024-12-24,rent,apac,440.07
2024-12-24,rent,latam,440.06
2024-12-24,software_licenses,us,282.56
2024-12-24,software_licenses,eu,282.56
2024-12-24,software_licenses,apac,282.56
2024-12-24,software_licenses,latam,282.56
2024-12-24,logistics,us,1840.77
2024-12-24,logistics,eu,820.34
2024-12-24,logistics,apac,344.65
2024-12-24,logistics,latam,249.33
2024-12-24,packaging,us,441.01
2024-12-24,packaging,eu,207.81
2024-12-24,packaging,apac,79.09
2024-12-24,packaging,latam,74.01
2024-12-24,payment_processing_fees,us,368.31
2024-12-24,payment_processing_fees,eu,368.30
2024-12-24,payment_processing_fees,apac,368.30
2024-12-24,payment_processing_fees,latam,368.30
2024-12-24,customer_support_tooling,us,137.49
2024-12-24,customer_support_tooling,eu,137.49
2024-12-24,customer_support_tooling,apac,137.49
2024-12-24,customer_support_tooling,latam,137.49
2024-12-24,insurance,us,98.10
2024-12-24,insurance,eu,98.10
2024-12-24,insurance,apac,98.10
2024-12-24,insurance,latam,98.09
2024-12-25,rent,us,462.42
2024-12-25,rent,eu,462.42
2024-12-25,rent,apac,462.42
2024-12-25,rent,latam,462.42
2024-12-25,software_licenses,us,297.68
2024-12-25,software_licenses,eu,297.67
2024-12-25,software_licenses,apac,297.67
2024-12-25,software_licenses,latam,297.67
2024-12-25,logistics,us,1687.75
2024-12-25,logistics,eu,675.07
2024-12-25,logistics,apac,330.27
2024-12-25,logistics,latam,277.94
2024-12-25,packaging,us,418.85
2024-12-25,packaging,eu,167.2
2024-12-25,packaging,apac,75.97
2024-12-25,packaging,latam,72.93
2024-12-25,payment_processing_fees,us,391.30
2024-12-25,payment_processing_fees,eu,391.30
2024-12-25,payment_processing_fees,apac,391.30
2024-12-25,payment_processing_fees,latam,391.30
2024-12-25,customer_support_tooling,us,148.49
2024-12-25,customer_support_tooling,eu,148.49
2024-12-25,customer_support_tooling,apac,148.49
2024-12-25,customer_support_tooling,latam,148.49
2024-12-25,insurance,us,97.09
2024-12-25,insurance,eu,97.09
2024-12-25,insurance,apac,97.08
2024-12-25,insurance,latam,97.08
2024-12-26,rent,us,477.78
2024-12-26,rent,eu,477.77
2024-12-26,rent,apac,477.77
2024-12-26,rent,latam,477.77
2024-12-26,software_licenses,us,294.16
2024-12-26,software_licenses,eu,294.16
2024-12-26,software_licenses,apac,294.15
2024-12-26,software_licenses,latam,294.15
2024-12-26,logistics,us,1921.93
2024-12-26,logistics,eu,762.91
2024-12-26,logistics,apac,373.32
2024-12-26,logistics,latam,267.43
2024-12-26,packaging,us,422.94
2024-12-26,packaging,eu,182.41
2024-12-26,packaging,apac,76.55
2024-12-26,packaging,latam,73.58
2024-12-26,payment_processing_fees,us,382.94
2024-12-26,payment_processing_fees,eu,382.94
2024-12-26,payment_processing_fees,apac,382.94
2024-12-26,payment_processing_fees,latam,382.93
2024-12-26,customer_support_tooling,us,132.50
2024-12-26,customer_support_tooling,eu,132.49
2024-12-26,customer_support_tooling,apac,132.49
2024-12-26,customer_support_tooling,latam,132.49
2024-12-26,insurance,us,99.49
2024-12-26,insurance,eu,99.49
2024-12-26,insurance,apac,99.49
2024-12-26,insurance,latam,99.48
2024-12-27,rent,us,482.81
2024-12-27,rent,eu,482.81
2024-12-27,rent,apac,482.81
2024-12-27,rent,latam,482.81
2024-12-27,software_licenses,us,290.90
2024-12-27,software_licenses,eu,290.90
2024-12-27,software_licenses,apac,290.90
2024-12-27,software_licenses,latam,290.90
2024-12-27,logistics,us,1885.52
2024-12-27,logistics,eu,813.31
2024-12-27,logistics,apac,326.21
2024-12-27,logistics,latam,293.01
2024-12-27,packaging,us,428.57
2024-12-27,packaging,eu,167.52
2024-12-27,packaging,apac,79.41
2024-12-27,packaging,latam,62.03
2024-12-27,payment_processing_fees,us,383.20
2024-12-27,payment_processing_fees,eu,383.20
2024-12-27,payment_processing_fees,apac,383.20
2024-12-27,payment_processing_fees,latam,383.20
2024-12-27,customer_support_tooling,us,135.49
2024-12-27,customer_support_tooling,eu,135.48
2024-12-27,customer_support_tooling,apac,135.48
2024-12-27,customer_support_tooling,latam,135.48
2024-12-27,insurance,us,97.45
2024-12-27,insurance,eu,97.45
2024-12-27,insurance,apac,97.45
2024-12-27,insurance,latam,97.44
2024-12-28,rent,us,455.25
2024-12-28,rent,eu,455.25
2024-12-28,rent,apac,455.25
2024-12-28,rent,latam,455.24
2024-12-28,software_licenses,us,284.79
2024-12-28,software_licenses,eu,284.79
2024-12-28,software_licenses,apac,284.79
2024-12-28,software_licenses,latam,284.78
2024-12-28,logistics,us,1744.39
2024-12-28,logistics,eu,710.41
2024-12-28,logistics,apac,326.66
2024-12-28,logistics,latam,286.49
2024-12-28,packaging,us,411.17
2024-12-28,packaging,eu,179.23
2024-12-28,packaging,apac,81.44
2024-12-28,packaging,latam,75.8
2024-12-28,payment_processing_fees,us,393.59
2024-12-28,payment_processing_fees,eu,393.59
2024-12-28,payment_processing_fees,apac,393.58
2024-12-28,payment_processing_fees,latam,393.58
2024-12-28,customer_support_tooling,us,126.88
2024-12-28,customer_support_tooling,eu,126.88
2024-12-28,customer_support_tooling,apac,126.88
2024-12-28,customer_support_tooling,latam,126.88
2024-12-28,insurance,us,94.02
2024-12-28,insurance,eu,94.01
2024-12-28,insurance,apac,94.01
2024-12-28,insurance,latam,94.01
2024-12-29,rent,us,505.25
2024-12-29,rent,eu,505.25
2024-12-29,rent,apac,505.24
2024-12-29,rent,latam,505.24
2024-12-29,software_licenses,us,311.19
2024-12-29,software_licenses,eu,311.19
2024-12-29,software_licenses,apac,311.18
2024-12-29,software_licenses,latam,311.18
2024-12-29,logistics,us,1704.58
2024-12-29,logistics,eu,817.44
2024-12-29,logistics,apac,352.33
2024-12-29,logistics,latam,264.26
2024-12-29,packaging,us,464.08
2024-12-29,packaging,eu,171.48
2024-12-29,packaging,apac,82.16
2024-12-29,packaging,latam,67.84
2024-12-29,payment_processing_fees,us,385.27
2024-12-29,payment_processing_fees,eu,385.26
2024-12-29,payment_processing_fees,apac,385.26
2024-12-29,payment_processing_fees,latam,385.26
2024-12-29,customer_support_tooling,us,148.06
2024-12-29,customer_support_tooling,eu,148.06
2024-12-29,customer_support_tooling,apac,148.06
2024-12-29,customer_support_tooling,latam,148.06
2024-12-29,insurance,us,107.99
2024-12-29,insurance,eu,107.99
2024-12-29,insurance,apac,107.98
2024-12-29,insurance,latam,107.98
2024-12-30,rent,us,448.14
2024-12-30,rent,eu,448.13
2024-12-30,rent,apac,448.13
2024-12-30,rent,latam,448.13
2024-12-30,software_licenses,us,288.58
2024-12-30,software_licenses,eu,288.57
2024-12-30,software_licenses,apac,288.57
2024-12-30,software_licenses,latam,288.57
2024-12-30,logistics,us,1734.14
2024-12-30,logistics,eu,736.71
2024-12-30,logistics,apac,372.24
2024-12-30,logistics,latam,286.93
2024-12-30,packaging,us,452.97
2024-12-30,packaging,eu,196.47
2024-12-30,packaging,apac,80.99
2024-12-30,packaging,latam,84.35
2024-12-30,payment_processing_fees,us,358.41
2024-12-30,payment_processing_fees,eu,358.41
2024-12-30,payment_processing_fees,apac,358.40
2024-12-30,payment_processing_fees,latam,358.40
2024-12-30,customer_support_tooling,us,135.69
2024-12-30,customer_support_tooling,eu,135.69
2024-12-30,customer_support_tooling,apac,135.69
2024-12-30,customer_support_tooling,latam,135.68
2024-12-30,insurance,us,101.51
2024-12-30,insurance,eu,101.50
2024-12-30,insurance,apac,101.50
2024-12-30,insurance,latam,101.50
2025-01-01,rent,us,483.58
2025-01-01,rent,eu,483.58
2025-01-01,rent,apac,483.57
2025-01-01,rent,latam,483.57
2025-01-01,software_licenses,us,301.90
2025-01-01,software_licenses,eu,301.89
2025-01-01,software_licenses,apac,301.89
2025-01-01,software_licenses,latam,301.89
2025-01-01,logistics,us,1936.27
2025-01-01,logistics,eu,688.79
2025-01-01,logistics,apac,336.65
2025-01-01,logistics,latam,285.2
2025-01-01,packaging,us,503.05
2025-01-01,packaging,eu,155.48
2025-01-01,packaging,apac,82.13
2025-01-01,packaging,latam,64.98
2025-01-01,payment_processing_fees,us,351.06
2025-01-01,payment_processing_fees,eu,351.06
2025-01-01,payment_processing_fees,apac,351.05
2025-01-01,payment_processing_fees,latam,351.05
2025-01-01,customer_support_tooling,us,128.45
2025-01-01,customer_support_tooling,eu,128.44
2025-01-01,customer_support_tooling,apac,128.44
2025-01-01,customer_support_tooling,latam,128.44
2025-01-01,insurance,us,100.12
2025-01-01,insurance,eu,100.12
2025-01-01,insurance,apac,100.12
2025-01-01,insurance,latam,100.12
2025-01-02,rent,us,520.99
2025-01-02,rent,eu,520.98
2025-01-02,rent,apac,520.98
2025-01-02,rent,latam,520.98
2025-01-02,software_licenses,us,291.57
2025-01-02,software_licenses,eu,291.57
2025-01-02,software_licenses,apac,291.56
2025-01-02,software_licenses,latam,291.56
2025-01-02,logistics,us,1726.77
2025-01-02,logistics,eu,772.35
2025-01-02,logistics,apac,350.06
2025-01-02,logistics,latam,331.89
2025-01-02,packaging,us,414.48
2025-01-02,packaging,eu,191.73
2025-01-02,packaging,apac,82.06
2025-01-02,packaging,latam,72.95
2025-01-02,payment_processing_fees,us,374.64
2025-01-02,payment_processing_fees,eu,374.64
2025-01-02,payment_processing_fees,apac,374.64
2025-01-02,payment_processing_fees,latam,374.63
2025-01-02,customer_support_tooling,us,143.06
2025-01-02,customer_support_tooling,eu,143.06
2025-01-02,customer_support_tooling,apac,143.06
2025-01-02,customer_support_tooling,latam,143.05
2025-01-02,insurance,us,96.97
2025-01-02,insurance,eu,96.96
2025-01-02,insurance,apac,96.96
2025-01-02,insurance,latam,96.96
2025-01-03,rent,us,454.90
2025-01-03,rent,eu,454.90
2025-01-03,rent,apac,454.90
2025-01-03,rent,latam,454.90
2025-01-03,software_licenses,us,293.20
2025-01-03,software_licenses,eu,293.20
2025-01-03,software_licenses,apac,293.19
2025-01-03,software_licenses,latam,293.19
2025-01-03,logistics,us,1711.82
2025-01-03,logistics,eu,704.75
2025-01-03,logistics,apac,330.92
2025-01-03,logistics,latam,294.45
2025-01-03,packaging,us,415.06
2025-01-03,packaging,eu,168.88
2025-01-03,packaging,apac,84.22
2025-01-03,packaging,latam,72.67
2025-01-03,payment_processing_fees,us,400.43
2025-01-03,payment_processing_fees,eu,400.43
2025-01-03,payment_processing_fees,apac,400.43
2025-01-03,payment_processing_fees,latam,400.42
2025-01-03,customer_support_tooling,us,144.73
2025-01-03,customer_support_tooling,eu,144.72
2025-01-03,customer_support_tooling,apac,144.72
2025-01-03,customer_support_tooling,latam,144.72
2025-01-03,insurance,us,98.64
2025-01-03,insurance,eu,98.63
2025-01-03,insurance,apac,98.63
2025-01-03,insurance,latam,98.63
2025-01-04,rent,us,484.22
2025-01-04,rent,eu,484.22
2025-01-04,rent,apac,484.22
2025-01-04,rent,latam,484.21
2025-01-04,software_licenses,us,299.53
2025-01-04,software_licenses,eu,299.52
2025-01-04,software_licenses,apac,299.52
2025-01-04,software_licenses,latam,299.52
2025-01-04,logistics,us,1996.79
2025-01-04,logistics,eu,827.36
2025-01-04,logistics,apac,369.0
2025-01-04,logistics,latam,331.04
2025-01-04,packaging,us,406.96
2025-01-04,packaging,eu,185.9
2025-01-04,packaging,apac,81.31
2025-01-04,packaging,latam,61.8
2025-01-04,payment_processing_fees,us,365.96
2025-01-04,payment_processing_fees,eu,365.96
2025-01-04,payment_processing_fees,apac,365.95
2025-01-04,payment_processing_fees,latam,365.95
2025-01-04,customer_support_tooling,us,141.05
2025-01-04,customer_support_tooling,eu,141.04
2025-01-04,customer_support_tooling,apac,141.04
2025-01-04,customer_support_tooling,latam,141.04
2025-01-04,insurance,us,86.32
2025-01-04,insurance,eu,86.32
2025-01-04,insurance,apac,86.32
2025-01-04,insurance,latam,86.32
2025-01-05,rent,us,443.19
2025-01-05,rent,eu,443.19
2025-01-05,rent,apac,443.19
2025-01-05,rent,latam,443.19
2025-01-05,software_licenses,us,295.21
2025-01-05,software_licenses,eu,295.20
2025-01-05,software_licenses,apac,295.20
2025-01-05,software_licenses,latam,295.20
2025-01-05,logistics,us,1881.79
2025-01-05,logistics,eu,739.95
2025-01-05,logistics,apac,298.0
2025-01-05,logistics,latam,273.9
2025-01-05,packaging,us,445.11
2025-01-05,packaging,eu,172.26
2025-01-05,packaging,apac,81.74
2025-01-05,packaging,latam,69.68
2025-01-05,payment_processing_fees,us,406.07
2025-01-05,payment_processing_fees,eu,406.06
2025-01-05,payment_processing_fees,apac,406.06
2025-01-05,payment_processing_fees,latam,406.06
2025-01-05,customer_support_tooling,us,129.71
2025-01-05,customer_support_tooling,eu,129.70
2025-01-05,customer_support_tooling,apac,129.70
2025-01-05,customer_support_tooling,latam,129.70
2025-01-05,insurance,us,109.69
2025-01-05,insurance,eu,109.68
2025-01-05,insurance,apac,109.68
2025-01-05,insurance,latam,109.68
2025-01-06,rent,us,496.06
2025-01-06,rent,eu,496.06
2025-01-06,rent,apac,496.06
2025-01-06,rent,latam,496.06
2025-01-06,software_licenses,us,287.75
2025-01-06,software_licenses,eu,287.75
2025-01-06,software_licenses,apac,287.75
2025-01-06,software_licenses,latam,287.75
2025-01-06,logistics,us,1629.99
2025-01-06,logistics,eu,705.07
2025-01-06,logistics,apac,355.68
2025-01-06,logistics,latam,314.77
2025-01-06,packaging,us,432.96
2025-01-06,packaging,eu,177.0
2025-01-06,packaging,apac,81.12
2025-01-06,packaging,latam,71.51
2025-01-06,payment_processing_fees,us,369.88
2025-01-06,payment_processing_fees,eu,369.88
2025-01-06,payment_processing_fees,apac,369.87
2025-01-06,payment_processing_fees,latam,369.87
2025-01-06,customer_support_tooling,us,133.44
2025-01-06,customer_support_tooling,eu,133.43
2025-01-06,customer_support_tooling,apac,133.43
2025-01-06,customer_support_tooling,latam,133.43
2025-01-06,insurance,us,90.11
2025-01-06,insurance,eu,90.11
2025-01-06,insurance,apac,90.11
2025-01-06,insurance,latam,90.10
2025-01-07,rent,us,461.72
2025-01-07,rent,eu,461.72
2025-01-07,rent,apac,461.71
2025-01-07,rent,latam,461.71
2025-01-07,software_licenses,us,303.20
2025-01-07,software_licenses,eu,303.19
2025-01-07,software_licenses,apac,303.19
2025-01-07,software_licenses,latam,303.19
2025-01-07,logistics,us,1759.25
2025-01-07,logistics,eu,679.29
2025-01-07,logistics,apac,307.08
2025-01-07,logistics,latam,254.05
2025-01-07,packaging,us,440.01
2025-01-07,packaging,eu,172.51
2025-01-07,packaging,apac,83.3
2025-01-07,packaging,latam,66.6
2025-01-07,payment_processing_fees,us,416.06
2025-01-07,payment_processing_fees,eu,416.06
2025-01-07,payment_processing_fees,apac,416.06
2025-01-07,payment_processing_fees,latam,416.05
2025-01-07,customer_support_tooling,us,141.74
2025-01-07,customer_support_tooling,eu,141.74
2025-01-07,customer_support_tooling,apac,141.74
2025-01-07,customer_support_tooling,latam,141.74
2025-01-07,insurance,us,106.73
2025-01-07,insurance,eu,106.73
2025-01-07,insurance,apac,106.73
2025-01-07,insurance,latam,106.73
2025-01-08,rent,us,500.50
2025-01-08,rent,eu,500.50
2025-01-08,rent,apac,500.50
2025-01-08,rent,latam,500.50
2025-01-08,software_licenses,us,295.77
2025-01-08,software_licenses,eu,295.77
2025-01-08,software_licenses,apac,295.77
2025-01-08,software_licenses,latam,295.77
2025-01-08,logistics,us,1734.75
2025-01-08,logistics,eu,834.51
2025-01-08,logistics,apac,359.54
2025-01-08,logistics,latam,334.19
2025-01-08,packaging,us,430.99
2025-01-08,packaging,eu,201.61
2025-01-08,packaging,apac,77.5
2025-01-08,packaging,latam,74.87
2025-01-08,payment_processing_fees,us,383.66
2025-01-08,payment_processing_fees,eu,383.65
2025-01-08,payment_processing_fees,apac,383.65
2025-01-08,payment_processing_fees,latam,383.65
2025-01-08,customer_support_tooling,us,143.88
2025-01-08,customer_support_tooling,eu,143.88
2025-01-08,customer_support_tooling,apac,143.88
2025-01-08,customer_support_tooling,latam,143.88
2025-01-08,insurance,us,96.10
2025-01-08,insurance,eu,96.10
2025-01-08,insurance,apac,96.09
2025-01-08,insurance,latam,96.09
2025-01-09,rent,us,469.91
2025-01-09,rent,eu,469.91
2025-01-09,rent,apac,469.91
2025-01-09,rent,latam,469.91
2025-01-09,software_licenses,us,289.64
2025-01-09,software_licenses,eu,289.64
2025-01-09,software_licenses,apac,289.64
2025-01-09,software_licenses,latam,289.64
2025-01-09,logistics,us,1867.46
2025-01-09,logistics,eu,718.64
2025-01-09,logistics,apac,341.62
2025-01-09,logistics,latam,275.6
2025-01-09,packaging,us,410.04
2025-01-09,packaging,eu,187.76
2025-01-09,packaging,apac,83.34
2025-01-09,packaging,latam,66.25
2025-01-09,payment_processing_fees,us,363.94
2025-01-09,payment_processing_fees,eu,363.94
2025-01-09,payment_processing_fees,apac,363.94
2025-01-09,payment_processing_fees,latam,363.94
2025-01-09,customer_support_tooling,us,138.55
2025-01-09,customer_support_tooling,eu,138.55
2025-01-09,customer_support_tooling,apac,138.54
2025-01-09,customer_support_tooling,latam,138.54
2025-01-09,insurance,us,96.11
2025-01-09,insurance,eu,96.10
2025-01-09,insurance,apac,96.10
2025-01-09,insurance,latam,96.10
2025-01-10,rent,us,503.42
2025-01-10,rent,eu,503.41
2025-01-10,rent,apac,503.41
2025-01-10,rent,latam,503.41
2025-01-10,software_licenses,us,281.43
2025-01-10,software_licenses,eu,281.42
2025-01-10,software_licenses,apac,281.42
2025-01-10,software_licenses,latam,281.42
2025-01-10,logistics,us,1674.77
2025-01-10,logistics,eu,603.41
2025-01-10,logistics,apac,360.65
2025-01-10,logistics,latam,243.38
2025-01-10,packaging,us,437.31
2025-01-10,packaging,eu,221.23
2025-01-10,packaging,apac,82.84
2025-01-10,packaging,latam,72.74
2025-01-10,payment_processing_fees,us,352.85
2025-01-10,payment_processing_fees,eu,352.85
2025-01-10,payment_processing_fees,apac,352.85
2025-01-10,payment_processing_fees,latam,352.84
2025-01-10,customer_support_tooling,us,147.71
2025-01-10,customer_support_tooling,eu,147.71
2025-01-10,customer_support_tooling,apac,147.71
2025-01-10,customer_support_tooling,latam,147.70
2025-01-10,insurance,us,98.15
2025-01-10,insurance,eu,98.14
2025-01-10,insurance,apac,98.14
2025-01-10,insurance,latam,98.14
2025-01-11,rent,us,441.80
2025-01-11,rent,eu,441.80
2025-01-11,rent,apac,441.79
2025-01-11,rent,latam,441.79
2025-01-11,software_licenses,us,305.95
2025-01-11,software_licenses,eu,305.95
2025-01-11,software_licenses,apac,305.95
2025-01-11,software_licenses,latam,305.94
2025-01-11,logistics,us,1916.1
2025-01-11,logistics,eu,841.2
2025-01-11,logistics,apac,330.3
2025-01-11,logistics,latam,263.51
2025-01-11,packaging,us,450.14
2025-01-11,packaging,eu,172.42
2025-01-11,packaging,apac,78.63
2025-01-11,packaging,latam,68.36
2025-01-11,payment_processing_fees,us,371.22
2025-01-11,payment_processing_fees,eu,371.21
2025-01-11,payment_processing_fees,apac,371.21
2025-01-11,payment_processing_fees,latam,371.21
2025-01-11,customer_support_tooling,us,145.16
2025-01-11,customer_support_tooling,eu,145.16
2025-01-11,customer_support_tooling,apac,145.15
2025-01-11,customer_support_tooling,latam,145.15
2025-01-11,insurance,us,94.17
2025-01-11,insurance,eu,94.16
2025-01-11,insurance,apac,94.16
2025-01-11,insurance,latam,94.16
2025-01-12,rent,us,470.01
2025-01-12,rent,eu,470.00
2025-01-12,rent,apac,470.00
2025-01-12,rent,latam,470.00
2025-01-12,software_licenses,us,314.29
2025-01-12,software_licenses,eu,314.29
2025-01-12,software_licenses,apac,314.28
2025-01-12,software_licenses,latam,314.28
2025-01-12,logistics,us,2044.62
2025-01-12,logistics,eu,796.73
2025-01-12,logistics,apac,320.05
2025-01-12,logistics,latam,265.74
2025-01-12,packaging,us,418.31
2025-01-12,packaging,eu,188.15
2025-01-12,packaging,apac,83.6
2025-01-12,packaging,latam,67.45
2025-01-12,payment_processing_fees,us,405.75
2025-01-12,payment_processing_fees,eu,405.75
2025-01-12,payment_processing_fees,apac,405.75
2025-01-12,payment_processing_fees,latam,405.75
2025-01-12,customer_support_tooling,us,153.34
2025-01-12,customer_support_tooling,eu,153.33
2025-01-12,customer_support_tooling,apac,153.33
2025-01-12,customer_support_tooling,latam,153.33
2025-01-12,insurance,us,96.66
2025-01-12,insurance,eu,96.66
2025-01-12,insurance,apac,96.66
2025-01-12,insurance,latam,96.65
2025-01-13,rent,us,463.09
2025-01-13,rent,eu,463.09
2025-01-13,rent,apac,463.08
2025-01-13,rent,latam,463.08
2025-01-13,software_licenses,us,297.54
2025-01-13,software_licenses,eu,297.54
2025-01-13,software_licenses,apac,297.53
2025-01-13,software_licenses,latam,297.53
2025-01-13,logistics,us,1858.19
2025-01-13,logistics,eu,733.41
2025-01-13,logistics,apac,291.3
2025-01-13,logistics,latam,291.39
2025-01-13,packaging,us,485.73
2025-01-13,packaging,eu,172.07
2025-01-13,packaging,apac,83.87
2025-01-13,packaging,latam,56.42
2025-01-13,payment_processing_fees,us,353.14
2025-01-13,payment_processing_fees,eu,353.14
2025-01-13,payment_processing_fees,apac,353.14
2025-01-13,payment_processing_fees,latam,353.14
2025-01-13,customer_support_tooling,us,137.91
2025-01-13,customer_support_tooling,eu,137.91
2025-01-13,customer_support_tooling,apac,137.90
2025-01-13,customer_support_tooling,latam,137.90
2025-01-13,insurance,us,100.15
2025-01-13,insurance,eu,100.15
2025-01-13,insurance,apac,100.15
2025-01-13,insurance,latam,100.15
2025-01-14,rent,us,477.38
2025-01-14,rent,eu,477.38
2025-01-14,rent,apac,477.38
2025-01-14,rent,latam,477.37
2025-01-14,software_licenses,us,266.05
2025-01-14,software_licenses,eu,266.05
2025-01-14,software_licenses,apac,266.04
2025-01-14,software_licenses,latam,266.04
2025-01-14,logistics,us,1750.6
2025-01-14,logistics,eu,795.0
2025-01-14,logistics,apac,326.81
2025-01-14,logistics,latam,248.38
2025-01-14,packaging,us,428.76
2025-01-14,packaging,eu,182.37
2025-01-14,packaging,apac,79.04
2025-01-14,packaging,latam,70.61
2025-01-14,payment_processing_fees,us,388.16
2025-01-14,payment_processing_fees,eu,388.16
2025-01-14,payment_processing_fees,apac,388.16
2025-01-14,payment_processing_fees,latam,388.15
2025-01-14,customer_support_tooling,us,129.68
2025-01-14,customer_support_tooling,eu,129.67
2025-01-14,customer_support_tooling,apac,129.67
2025-01-14,customer_support_tooling,latam,129.67
2025-01-14,insurance,us,92.67
2025-01-14,insurance,eu,92.67
2025-01-14,insurance,apac,92.67
2025-01-14,insurance,latam,92.66
2025-01-15,rent,us,473.96
2025-01-15,rent,eu,473.96
2025-01-15,rent,apac,473.96
2025-01-15,rent,latam,473.95
2025-01-15,software_licenses,us,297.63
2025-01-15,software_licenses,eu,297.63
2025-01-15,software_licenses,apac,297.62
2025-01-15,software_licenses,latam,297.62
2025-01-15,logistics,us,1792.76
2025-01-15,logistics,eu,759.27
2025-01-15,logistics,apac,298.92
2025-01-15,logistics,latam,339.04
2025-01-15,packaging,us,439.32
2025-01-15,packaging,eu,195.54
2025-01-15,packaging,apac,85.93
2025-01-15,packaging,latam,56.84
2025-01-15,payment_processing_fees,us,370.23
2025-01-15,payment_processing_fees,eu,370.23
2025-01-15,payment_processing_fees,apac,370.22
2025-01-15,payment_processing_fees,latam,370.22
2025-01-15,customer_support_tooling,us,132.65
2025-01-15,customer_support_tooling,eu,132.65
2025-01-15,customer_support_tooling,apac,132.64
2025-01-15,customer_support_tooling,latam,132.64
2025-01-15,insurance,us,99.24
2025-01-15,insurance,eu,99.23
2025-01-15,insurance,apac,99.23
2025-01-15,insurance,latam,99.23
2025-01-16,rent,us,460.81
2025-01-16,rent,eu,460.80
2025-01-16,rent,apac,460.80
2025-01-16,rent,latam,460.80
2025-01-16,software_licenses,us,309.86
2025-01-16,software_licenses,eu,309.86
2025-01-16,software_licenses,apac,309.86
2025-01-16,software_licenses,latam,309.85
2025-01-16,logistics,us,1686.28
2025-01-16,logistics,eu,836.14
2025-01-16,logistics,apac,344.84
2025-01-16,logistics,latam,275.43
2025-01-16,packaging,us,478.29
2025-01-16,packaging,eu,189.52
2025-01-16,packaging,apac,86.15
2025-01-16,packaging,latam,65.09
2025-01-16,payment_processing_fees,us,406.67
2025-01-16,payment_processing_fees,eu,406.66
2025-01-16,payment_processing_fees,apac,406.66
2025-01-16,payment_processing_fees,latam,406.66
2025-01-16,customer_support_tooling,us,137.28
2025-01-16,customer_support_tooling,eu,137.28
2025-01-16,customer_support_tooling,apac,137.28
2025-01-16,customer_support_tooling,latam,137.28
2025-01-16,insurance,us,94.73
2025-01-16,insurance,eu,94.73
2025-01-16,insurance,apac,94.73
2025-01-16,insurance,latam,94.72
2025-01-17,rent,us,511.48
2025-01-17,rent,eu,511.47
2025-01-17,rent,apac,511.47
2025-01-17,rent,latam,511.47
2025-01-17,software_licenses,us,315.88
2025-01-17,software_licenses,eu,315.88
2025-01-17,software_licenses,apac,315.87
2025-01-17,software_licenses,latam,315.87
2025-01-17,logistics,us,1703.3
2025-01-17,logistics,eu,700.56
2025-01-17,logistics,apac,323.45
2025-01-17,logistics,latam,304.99
2025-01-17,packaging,us,424.89
2025-01-17,packaging,eu,200.69
2025-01-17,packaging,apac,72.68
2025-01-17,packaging,latam,74.36
2025-01-17,payment_processing_fees,us,382.27
2025-01-17,payment_processing_fees,eu,382.26
2025-01-17,payment_processing_fees,apac,382.26
2025-01-17,payment_processing_fees,latam,382.26
2025-01-17,customer_support_tooling,us,143.80
2025-01-17,customer_support_tooling,eu,143.80
2025-01-17,customer_support_tooling,apac,143.80
2025-01-17,customer_support_tooling,latam,143.79
2025-01-17,insurance,us,98.76
2025-01-17,insurance,eu,98.76
2025-01-17,insurance,apac,98.75
2025-01-17,insurance,latam,98.75
2025-01-18,rent,us,477.90
2025-01-18,rent,eu,477.90
2025-01-18,rent,apac,477.90
2025-01-18,rent,latam,477.89
2025-01-18,software_licenses,us,311.89
2025-01-18,software_licenses,eu,311.89
2025-01-18,software_licenses,apac,311.89
2025-01-18,software_licenses,latam,311.89
2025-01-18,logistics,us,1732.35
2025-01-18,logistics,eu,740.07
2025-01-18,logistics,apac,350.24
2025-01-18,logistics,latam,284.81
2025-01-18,packaging,us,467.84
2025-01-18,packaging,eu,169.28
2025-01-18,packaging,apac,90.62
2025-01-18,packaging,latam,76.95
2025-01-18,payment_processing_fees,us,337.91
2025-01-18,payment_processing_fees,eu,337.91
2025-01-18,payment_processing_fees,apac,337.91
2025-01-18,payment_processing_fees,latam,337.90
2025-01-18,customer_support_tooling,us,136.94
2025-01-18,customer_support_tooling,eu,136.94
2025-01-18,customer_support_tooling,apac,136.94
2025-01-18,customer_support_tooling,latam,136.93
2025-01-18,insurance,us,105.37
2025-01-18,insurance,eu,105.37
2025-01-18,insurance,apac,105.37
2025-01-18,insurance,latam,105.37
2025-01-19,rent,us,486.66
2025-01-19,rent,eu,486.66
2025-01-19,rent,apac,486.66
2025-01-19,rent,latam,486.66
2025-01-19,software_licenses,us,294.02
2025-01-19,software_licenses,eu,294.01
2025-01-19,software_licenses,apac,294.01
2025-01-19,software_licenses,latam,294.01
2025-01-19,logistics,us,1742.35
2025-01-19,logistics,eu,748.83
2025-01-19,logistics,apac,360.88
2025-01-19,logistics,latam,278.28
2025-01-19,packaging,us,462.49
2025-01-19,packaging,eu,195.9
2025-01-19,packaging,apac,86.57
2025-01-19,packaging,latam,66.85
2025-01-19,payment_processing_fees,us,383.99
2025-01-19,payment_processing_fees,eu,383.98
2025-01-19,payment_processing_fees,apac,383.98
2025-01-19,payment_processing_fees,latam,383.98
2025-01-19,customer_support_tooling,us,128.71
2025-01-19,customer_support_tooling,eu,128.71
2025-01-19,customer_support_tooling,apac,128.71
2025-01-19,customer_support_tooling,latam,128.70
2025-01-19,insurance,us,101.93
2025-01-19,insurance,eu,101.92
2025-01-19,insurance,apac,101.92
2025-01-19,insurance,latam,101.92
2025-01-20,rent,us,480.97
2025-01-20,rent,eu,480.97
2025-01-20,rent,apac,480.97
2025-01-20,rent,latam,480.97
2025-01-20,software_licenses,us,302.42
2025-01-20,software_licenses,eu,302.41
2025-01-20,software_licenses,apac,302.41
2025-01-20,software_licenses,latam,302.41
2025-01-20,logistics,us,1855.78
2025-01-20,logistics,eu,761.22
2025-01-20,logistics,apac,324.24
2025-01-20,logistics,latam,290.65
2025-01-20,packaging,us,469.1
2025-01-20,packaging,eu,185.21
2025-01-20,packaging,apac,74.83
2025-01-20,packaging,latam,71.85
2025-01-20,payment_processing_fees,us,382.86
2025-01-20,payment_processing_fees,eu,382.85
2025-01-20,payment_processing_fees,apac,382.85
2025-01-20,payment_processing_fees,latam,382.85
2025-01-20,customer_support_tooling,us,150.25
2025-01-20,customer_support_tooling,eu,150.25
2025-01-20,customer_support_tooling,apac,150.25
2025-01-20,customer_support_tooling,latam,150.24
2025-01-20,insurance,us,108.40
2025-01-20,insurance,eu,108.39
2025-01-20,insurance,apac,108.39
2025-01-20,insurance,latam,108.39
2025-01-21,rent,us,483.91
2025-01-21,rent,eu,483.91
2025-01-21,rent,apac,483.91
2025-01-21,rent,latam,483.91
2025-01-21,software_licenses,us,319.51
2025-01-21,software_licenses,eu,319.50
2025-01-21,software_licenses,apac,319.50
2025-01-21,software_licenses,latam,319.50
2025-01-21,logistics,us,1625.43
2025-01-21,logistics,eu,797.08
2025-01-21,logistics,apac,327.76
2025-01-21,logistics,latam,315.45
2025-01-21,packaging,us,424.03
2025-01-21,packaging,eu,196.86
2025-01-21,packaging,apac,83.48
2025-01-21,packaging,latam,62.79
2025-01-21,payment_processing_fees,us,375.15
2025-01-21,payment_processing_fees,eu,375.15
2025-01-21,payment_processing_fees,apac,375.15
2025-01-21,payment_processing_fees,latam,375.15
2025-01-21,customer_support_tooling,us,136.94
2025-01-21,customer_support_tooling,eu,136.94
2025-01-21,customer_support_tooling,apac,136.94
2025-01-21,customer_support_tooling,latam,136.93
2025-01-21,insurance,us,95.33
2025-01-21,insurance,eu,95.33
2025-01-21,insurance,apac,95.33
2025-01-21,insurance,latam,95.33
2025-01-22,rent,us,450.93
2025-01-22,rent,eu,450.93
2025-01-22,rent,apac,450.93
2025-01-22,rent,latam,450.93
2025-01-22,software_licenses,us,299.28
2025-01-22,software_licenses,eu,299.28
2025-01-22,software_licenses,apac,299.28
2025-01-22,software_licenses,latam,299.28
2025-01-22,logistics,us,1945.23
2025-01-22,logistics,eu,796.48
2025-01-22,logistics,apac,374.56
2025-01-22,logistics,latam,313.56
2025-01-22,packaging,us,438.95
2025-01-22,packaging,eu,180.51
2025-01-22,packaging,apac,77.74
2025-01-22,packaging,latam,68.42
2025-01-22,payment_processing_fees,us,370.79
2025-01-22,payment_processing_fees,eu,370.78
2025-01-22,payment_processing_fees,apac,370.78
2025-01-22,payment_processing_fees,latam,370.78
2025-01-22,customer_support_tooling,us,140.94
2025-01-22,customer_support_tooling,eu,140.94
2025-01-22,customer_support_tooling,apac,140.94
2025-01-22,customer_support_tooling,latam,140.93
2025-01-22,insurance,us,105.29
2025-01-22,insurance,eu,105.29
2025-01-22,insurance,apac,105.29
2025-01-22,insurance,latam,105.28
2025-01-23,rent,us,452.77
2025-01-23,rent,eu,452.76
2025-01-23,rent,apac,452.76
2025-01-23,rent,latam,452.76
2025-01-23,software_licenses,us,302.38
2025-01-23,software_licenses,eu,302.38
2025-01-23,software_licenses,apac,302.37
2025-01-23,software_licenses,latam,302.37
2025-01-23,logistics,us,1775.29
2025-01-23,logistics,eu,761.95
2025-01-23,logistics,apac,361.33
2025-01-23,logistics,latam,293.31
2025-01-23,packaging,us,430.1
2025-01-23,packaging,eu,154.36
2025-01-23,packaging,apac,79.93
2025-01-23,packaging,latam,68.44
2025-01-23,payment_processing_fees,us,408.14
2025-01-23,payment_processing_fees,eu,408.14
2025-01-23,payment_processing_fees,apac,408.14
2025-01-23,payment_processing_fees,latam,408.13
2025-01-23,customer_support_tooling,us,160.41
2025-01-23,customer_support_tooling,eu,160.41
2025-01-23,customer_support_tooling,apac,160.41
2025-01-23,customer_support_tooling,latam,160.41
2025-01-23,insurance,us,94.01
2025-01-23,insurance,eu,94.01
2025-01-23,insurance,apac,94.01
2025-01-23,insurance,latam,94.01
2025-01-24,rent,us,482.50
2025-01-24,rent,eu,482.50
2025-01-24,rent,apac,482.50
2025-01-24,rent,latam,482.50
2025-01-24,software_licenses,us,293.40
2025-01-24,software_licenses,eu,293.40
2025-01-24,software_licenses,apac,293.39
2025-01-24,software_licenses,latam,293.39
2025-01-24,logistics,us,1782.72
2025-01-24,logistics,eu,735.9
2025-01-24,logistics,apac,314.33
2025-01-24,logistics,latam,304.92
2025-01-24,packaging,us,467.23
2025-01-24,packaging,eu,176.38
2025-01-24,packaging,apac,87.22
2025-01-24,packaging,latam,78.37
2025-01-24,payment_processing_fees,us,385.92
2025-01-24,payment_processing_fees,eu,385.91
2025-01-24,payment_processing_fees,apac,385.91
2025-01-24,payment_processing_fees,latam,385.91
2025-01-24,customer_support_tooling,us,137.90
2025-01-24,customer_support_tooling,eu,137.89
2025-01-24,customer_support_tooling,apac,137.89
2025-01-24,customer_support_tooling,latam,137.89
2025-01-24,insurance,us,86.77
2025-01-24,insurance,eu,86.77
2025-01-24,insurance,apac,86.76
2025-01-24,insurance,latam,86.76
2025-01-25,rent,us,523.53
2025-01-25,rent,eu,523.53
2025-01-25,rent,apac,523.53
2025-01-25,rent,latam,523.52
2025-01-25,software_licenses,us,339.84
2025-01-25,software_licenses,eu,339.84
2025-01-25,software_licenses,apac,339.84
2025-01-25,software_licenses,latam,339.83
2025-01-25,logistics,us,1883.88
2025-01-25,logistics,eu,691.51
2025-01-25,logistics,apac,335.58
2025-01-25,logistics,latam,289.88
2025-01-25,packaging,us,449.93
2025-01-25,packaging,eu,198.7
2025-01-25,packaging,apac,85.5
2025-01-25,packaging,latam,75.52
2025-01-25,payment_processing_fees,us,373.52
2025-01-25,payment_processing_fees,eu,373.52
2025-01-25,payment_processing_fees,apac,373.51
2025-01-25,payment_processing_fees,latam,373.51
2025-01-25,customer_support_tooling,us,140.87
2025-01-25,customer_support_tooling,eu,140.87
2025-01-25,customer_support_tooling,apac,140.87
2025-01-25,customer_support_tooling,latam,140.87
2025-01-25,insurance,us,87.86
2025-01-25,insurance,eu,87.86
2025-01-25,insurance,apac,87.85
2025-01-25,insurance,latam,87.85
2025-01-26,rent,us,451.17
2025-01-26,rent,eu,451.16
2025-01-26,rent,apac,451.16
2025-01-26,rent,latam,451.16
2025-01-26,software_licenses,us,288.86
2025-01-26,software_licenses,eu,288.86
2025-01-26,software_licenses,apac,288.85
2025-01-26,software_licenses,latam,288.85
2025-01-26,logistics,us,1469.88
2025-01-26,logistics,eu,846.5
2025-01-26,logistics,apac,329.06
2025-01-26,logistics,latam,261.43
2025-01-26,packaging,us,444.0
2025-01-26,packaging,eu,181.79
2025-01-26,packaging,apac,81.22
2025-01-26,packaging,latam,79.59
2025-01-26,payment_processing_fees,us,381.01
2025-01-26,payment_processing_fees,eu,381.01
2025-01-26,payment_processing_fees,apac,381.00
2025-01-26,payment_processing_fees,latam,381.00
2025-01-26,customer_support_tooling,us,129.66
2025-01-26,customer_support_tooling,eu,129.65
2025-01-26,customer_support_tooling,apac,129.65
2025-01-26,customer_support_tooling,latam,129.65
2025-01-26,insurance,us,97.15
2025-01-26,insurance,eu,97.14
2025-01-26,insurance,apac,97.14
2025-01-26,insurance,latam,97.14
2025-01-27,rent,us,506.76
2025-01-27,rent,eu,506.75
2025-01-27,rent,apac,506.75
2025-01-27,rent,latam,506.75
2025-01-27,software_licenses,us,272.29
2025-01-27,software_licenses,eu,272.29
2025-01-27,software_licenses,apac,272.28
2025-01-27,software_licenses,latam,272.28
2025-01-27,logistics,us,2022.56
2025-01-27,logistics,eu,744.46
2025-01-27,logistics,apac,331.6
2025-01-27,logistics,latam,281.52
2025-01-27,packaging,us,467.05
2025-01-27,packaging,eu,190.34
2025-01-27,packaging,apac,78.41
2025-01-27,packaging,latam,71.74
2025-01-27,payment_processing_fees,us,389.54
2025-01-27,payment_processing_fees,eu,389.53
2025-01-27,payment_processing_fees,apac,389.53
2025-01-27,payment_processing_fees,latam,389.53
2025-01-27,customer_support_tooling,us,130.93
2025-01-27,customer_support_tooling,eu,130.93
2025-01-27,customer_support_tooling,apac,130.93
2025-01-27,customer_support_tooling,latam,130.92
2025-01-27,insurance,us,93.31
2025-01-27,insurance,eu,93.30
2025-01-27,insurance,apac,93.30
2025-01-27,insurance,latam,93.30
2025-01-28,rent,us,435.33
2025-01-28,rent,eu,435.33
2025-01-28,rent,apac,435.32
2025-01-28,rent,latam,435.32
2025-01-28,software_licenses,us,292.62
2025-01-28,software_licenses,eu,292.62
2025-01-28,software_licenses,apac,292.62
2025-01-28,software_licenses,latam,292.61
2025-01-28,logistics,us,2052.91
2025-01-28,logistics,eu,747.42
2025-01-28,logistics,apac,334.78
2025-01-28,logistics,latam,298.0
2025-01-28,packaging,us,421.31
2025-01-28,packaging,eu,199.78
2025-01-28,packaging,apac,65.81
2025-01-28,packaging,latam,68.84
2025-01-28,payment_processing_fees,us,379.26
2025-01-28,payment_processing_fees,eu,379.26
2025-01-28,payment_processing_fees,apac,379.25
2025-01-28,payment_processing_fees,latam,379.25
2025-01-28,customer_support_tooling,us,133.00
2025-01-28,customer_support_tooling,eu,133.00
2025-01-28,customer_support_tooling,apac,133.00
2025-01-28,customer_support_tooling,latam,133.00
2025-01-28,insurance,us,100.69
2025-01-28,insurance,eu,100.69
2025-01-28,insurance,apac,100.69
2025-01-28,insurance,latam,100.69
2025-01-29,rent,us,463.00
2025-01-29,rent,eu,463.00
2025-01-29,rent,apac,463.00
2025-01-29,rent,latam,463.00
2025-01-29,software_licenses,us,311.16
2025-01-29,software_licenses,eu,311.15
2025-01-29,software_licenses,apac,311.15
2025-01-29,software_licenses,latam,311.15
2025-01-29,logistics,us,1599.14
2025-01-29,logistics,eu,732.3
2025-01-29,logistics,apac,365.67
2025-01-29,logistics,latam,269.18
2025-01-29,packaging,us,409.22
2025-01-29,packaging,eu,173.21
2025-01-29,packaging,apac,86.3
2025-01-29,packaging,latam,74.34
2025-01-29,payment_processing_fees,us,384.11
2025-01-29,payment_processing_fees,eu,384.11
2025-01-29,payment_processing_fees,apac,384.11
2025-01-29,payment_processing_fees,latam,384.10
2025-01-29,customer_support_tooling,us,129.96
2025-01-29,customer_support_tooling,eu,129.95
2025-01-29,customer_support_tooling,apac,129.95
2025-01-29,customer_support_tooling,latam,129.95
2025-01-29,insurance,us,100.11
2025-01-29,insurance,eu,100.11
2025-01-29,insurance,apac,100.11
2025-01-29,insurance,latam,100.10
2025-01-30,rent,us,472.36
2025-01-30,rent,eu,472.36
2025-01-30,rent,apac,472.35
2025-01-30,rent,latam,472.35
2025-01-30,software_licenses,us,293.84
2025-01-30,software_licenses,eu,293.84
2025-01-30,software_licenses,apac,293.84
2025-01-30,software_licenses,latam,293.83
2025-01-30,logistics,us,1825.12
2025-01-30,logistics,eu,782.99
2025-01-30,logistics,apac,343.73
2025-01-30,logistics,latam,321.92
2025-01-30,packaging,us,409.17
2025-01-30,packaging,eu,161.47
2025-01-30,packaging,apac,83.63
2025-01-30,packaging,latam,69.97
2025-01-30,payment_processing_fees,us,420.27
2025-01-30,payment_processing_fees,eu,420.27
2025-01-30,payment_processing_fees,apac,420.27
2025-01-30,payment_processing_fees,latam,420.26
2025-01-30,customer_support_tooling,us,112.05
2025-01-30,customer_support_tooling,eu,112.05
2025-01-30,customer_support_tooling,apac,112.05
2025-01-30,customer_support_tooling,latam,112.05
2025-01-30,insurance,us,88.62
2025-01-30,insurance,eu,88.62
2025-01-30,insurance,apac,88.62
2025-01-30,insurance,latam,88.62
2025-01-31,rent,us,453.79
2025-01-31,rent,eu,453.79
2025-01-31,rent,apac,453.78
2025-01-31,rent,latam,453.78
2025-01-31,software_licenses,us,282.01
2025-01-31,software_licenses,eu,282.01
2025-01-31,software_licenses,apac,282.00
2025-01-31,software_licenses,latam,282.00
2025-01-31,logistics,us,1627.44
2025-01-31,logistics,eu,733.96
2025-01-31,logistics,apac,322.88
2025-01-31,logistics,latam,290.13
2025-01-31,packaging,us,484.39
2025-01-31,packaging,eu,190.68
2025-01-31,packaging,apac,85.42
2025-01-31,packaging,latam,69.87
2025-01-31,payment_processing_fees,us,383.01
2025-01-31,payment_processing_fees,eu,383.01
2025-01-31,payment_processing_fees,apac,383.00
2025-01-31,payment_processing_fees,latam,383.00
2025-01-31,customer_support_tooling,us,133.63
2025-01-31,customer_support_tooling,eu,133.62
2025-01-31,customer_support_tooling,apac,133.62
2025-01-31,customer_support_tooling,latam,133.62
2025-01-31,insurance,us,100.44
2025-01-31,insurance,eu,100.43
2025-01-31,insurance,apac,100.43
2025-01-31,insurance,latam,100.43
2025-02-01,rent,us,475.07
2025-02-01,rent,eu,475.06
2025-02-01,rent,apac,475.06
2025-02-01,rent,latam,475.06
2025-02-01,software_licenses,us,333.68
2025-02-01,software_licenses,eu,333.68
2025-02-01,software_licenses,apac,333.68
2025-02-01,software_licenses,latam,333.67
2025-02-01,logistics,us,1976.19
2025-02-01,logistics,eu,738.73
2025-02-01,logistics,apac,341.38
2025-02-01,logistics,latam,285.73
2025-02-01,packaging,us,418.72
2025-02-01,packaging,eu,178.54
2025-02-01,packaging,apac,81.32
2025-02-01,packaging,latam,78.96
2025-02-01,payment_processing_fees,us,359.14
2025-02-01,payment_processing_fees,eu,359.13
2025-02-01,payment_processing_fees,apac,359.13
2025-02-01,payment_processing_fees,latam,359.13
2025-02-01,customer_support_tooling,us,139.32
2025-02-01,customer_support_tooling,eu,139.32
2025-02-01,customer_support_tooling,apac,139.31
2025-02-01,customer_support_tooling,latam,139.31
2025-02-01,insurance,us,102.16
2025-02-01,insurance,eu,102.16
2025-02-01,insurance,apac,102.16
2025-02-01,insurance,latam,102.15
2025-02-02,rent,us,459.70
2025-02-02,rent,eu,459.69
2025-02-02,rent,apac,459.69
2025-02-02,rent,latam,459.69
2025-02-02,software_licenses,us,279.85
2025-02-02,software_licenses,eu,279.85
2025-02-02,software_licenses,apac,279.85
2025-02-02,software_licenses,latam,279.84
2025-02-02,logistics,us,1748.41
2025-02-02,logistics,eu,831.83
2025-02-02,logistics,apac,326.46
2025-02-02,logistics,latam,267.64
2025-02-02,packaging,us,413.34
2025-02-02,packaging,eu,149.38
2025-02-02,packaging,apac,88.77
2025-02-02,packaging,latam,61.56
2025-02-02,payment_processing_fees,us,404.55
2025-02-02,payment_processing_fees,eu,404.55
2025-02-02,payment_processing_fees,apac,404.55
2025-02-02,payment_processing_fees,latam,404.55
2025-02-02,customer_support_tooling,us,124.45
2025-02-02,customer_support_tooling,eu,124.45
2025-02-02,customer_support_tooling,apac,124.45
2025-02-02,customer_support_tooling,latam,124.44
2025-02-02,insurance,us,91.35
2025-02-02,insurance,eu,91.35
2025-02-02,insurance,apac,91.35
2025-02-02,insurance,latam,91.35
2025-02-03,rent,us,490.22
2025-02-03,rent,eu,490.21
2025-02-03,rent,apac,490.21
2025-02-03,rent,latam,490.21
2025-02-03,software_licenses,us,271.41
2025-02-03,software_licenses,eu,271.41
2025-02-03,software_licenses,apac,271.41
2025-02-03,software_licenses,latam,271.41
2025-02-03,logistics,us,1931.17
2025-02-03,logistics,eu,777.59
2025-02-03,logistics,apac,324.08
2025-02-03,logistics,latam,298.68
2025-02-03,packaging,us,477.63
2025-02-03,packaging,eu,186.43
2025-02-03,packaging,apac,79.27
2025-02-03,packaging,latam,77.69
2025-02-03,payment_processing_fees,us,364.66
2025-02-03,payment_processing_fees,eu,364.66
2025-02-03,payment_processing_fees,apac,364.65
2025-02-03,payment_processing_fees,latam,364.65
2025-02-03,customer_support_tooling,us,142.71
2025-02-03,customer_support_tooling,eu,142.71
2025-02-03,customer_support_tooling,apac,142.71
2025-02-03,customer_support_tooling,latam,142.70
2025-02-03,insurance,us,100.01
2025-02-03,insurance,eu,100.01
2025-02-03,insurance,apac,100.01
2025-02-03,insurance,latam,100.01
2025-02-04,rent,us,474.46
2025-02-04,rent,eu,474.46
2025-02-04,rent,apac,474.46
2025-02-04,rent,latam,474.46
2025-02-04,software_licenses,us,268.58
2025-02-04,software_licenses,eu,268.58
2025-02-04,software_licenses,apac,268.58
2025-02-04,software_licenses,latam,268.58
2025-02-04,logistics,us,1683.85
2025-02-04,logistics,eu,757.54
2025-02-04,logistics,apac,336.62
2025-02-04,logistics,latam,311.08
2025-02-04,packaging,us,463.81
2025-02-04,packaging,eu,177.22
2025-02-04,packaging,apac,81.19
2025-02-04,packaging,latam,69.93
2025-02-04,payment_processing_fees,us,407.96
2025-02-04,payment_processing_fees,eu,407.96
2025-02-04,payment_processing_fees,apac,407.96
2025-02-04,payment_processing_fees,latam,407.96
2025-02-04,customer_support_tooling,us,135.42
2025-02-04,customer_support_tooling,eu,135.41
2025-02-04,customer_support_tooling,apac,135.41
2025-02-04,customer_support_tooling,latam,135.41
2025-02-04,insurance,us,87.65
2025-02-04,insurance,eu,87.65
2025-02-04,insurance,apac,87.64
2025-02-04,insurance,latam,87.64
2025-02-05,rent,us,474.04
2025-02-05,rent,eu,474.04
2025-02-05,rent,apac,474.04
2025-02-05,rent,latam,474.04
2025-02-05,software_licenses,us,307.35
2025-02-05,software_licenses,eu,307.35
2025-02-05,software_licenses,apac,307.35
2025-02-05,software_licenses,latam,307.35
2025-02-05,logistics,us,1917.99
2025-02-05,logistics,eu,679.22
2025-02-05,logistics,apac,332.85
2025-02-05,logistics,latam,289.67
2025-02-05,packaging,us,440.48
2025-02-05,packaging,eu,178.95
2025-02-05,packaging,apac,76.48
2025-02-05,packaging,latam,77.07
2025-02-05,payment_processing_fees,us,363.90
2025-02-05,payment_processing_fees,eu,363.90
2025-02-05,payment_processing_fees,apac,363.90
2025-02-05,payment_processing_fees,latam,363.90
2025-02-05,customer_support_tooling,us,143.72
2025-02-05,customer_support_tooling,eu,143.72
2025-02-05,customer_support_tooling,apac,143.72
2025-02-05,customer_support_tooling,latam,143.71
2025-02-05,insurance,us,93.90
2025-02-05,insurance,eu,93.89
2025-02-05,insurance,apac,93.89
2025-02-05,insurance,latam,93.89
2025-02-06,rent,us,517.16
2025-02-06,rent,eu,517.15
2025-02-06,rent,apac,517.15
2025-02-06,rent,latam,517.15
2025-02-06,software_licenses,us,302.53
2025-02-06,software_licenses,eu,302.52
2025-02-06,software_licenses,apac,302.52
2025-02-06,software_licenses,latam,302.52
2025-02-06,logistics,us,1975.1
2025-02-06,logistics,eu,719.21
2025-02-06,logistics,apac,366.07
2025-02-06,logistics,latam,276.04
2025-02-06,packaging,us,466.33
2025-02-06,packaging,eu,172.89
2025-02-06,packaging,apac,71.47
2025-02-06,packaging,latam,76.7
2025-02-06,payment_processing_fees,us,367.60
2025-02-06,payment_processing_fees,eu,367.59
2025-02-06,payment_processing_fees,apac,367.59
2025-02-06,payment_processing_fees,latam,367.59
2025-02-06,customer_support_tooling,us,142.84
2025-02-06,customer_support_tooling,eu,142.84
2025-02-06,customer_support_tooling,apac,142.83
2025-02-06,customer_support_tooling,latam,142.83
2025-02-06,insurance,us,85.51
2025-02-06,insurance,eu,85.50
2025-02-06,insurance,apac,85.50
2025-02-06,insurance,latam,85.50
2025-02-07,rent,us,474.73
2025-02-07,rent,eu,474.73
2025-02-07,rent,apac,474.73
2025-02-07,rent,latam,474.73
2025-02-07,software_licenses,us,307.27
2025-02-07,software_licenses,eu,307.27
2025-02-07,software_licenses,apac,307.27
2025-02-07,software_licenses,latam,307.27
2025-02-07,logistics,us,1784.19
2025-02-07,logistics,eu,758.03
2025-02-07,logistics,apac,355.16
2025-02-07,logistics,latam,279.76
2025-02-07,packaging,us,459.72
2025-02-07,packaging,eu,210.98
2025-02-07,packaging,apac,84.41
2025-02-07,packaging,latam,71.96
2025-02-07,payment_processing_fees,us,370.89
2025-02-07,payment_processing_fees,eu,370.89
2025-02-07,payment_processing_fees,apac,370.89
2025-02-07,payment_processing_fees,latam,370.89
2025-02-07,customer_support_tooling,us,144.31
2025-02-07,customer_support_tooling,eu,144.31
2025-02-07,customer_support_tooling,apac,144.30
2025-02-07,customer_support_tooling,latam,144.30
2025-02-07,insurance,us,102.55
2025-02-07,insurance,eu,102.55
2025-02-07,insurance,apac,102.54
2025-02-07,insurance,latam,102.54
2025-02-08,rent,us,466.55
2025-02-08,rent,eu,466.55
2025-02-08,rent,apac,466.55
2025-02-08,rent,latam,466.55
2025-02-08,software_licenses,us,298.76
2025-02-08,software_licenses,eu,298.75
2025-02-08,software_licenses,apac,298.75
2025-02-08,software_licenses,latam,298.75
2025-02-08,logistics,us,1739.26
2025-02-08,logistics,eu,762.81
2025-02-08,logistics,apac,353.28
2025-02-08,logistics,latam,310.85
2025-02-08,packaging,us,412.81
2025-02-08,packaging,eu,182.29
2025-02-08,packaging,apac,89.82
2025-02-08,packaging,latam,66.92
2025-02-08,payment_processing_fees,us,387.04
2025-02-08,payment_processing_fees,eu,387.04
2025-02-08,payment_processing_fees,apac,387.03
2025-02-08,payment_processing_fees,latam,387.03
2025-02-08,customer_support_tooling,us,138.13
2025-02-08,customer_support_tooling,eu,138.13
2025-02-08,customer_support_tooling,apac,138.12
2025-02-08,customer_support_tooling,latam,138.12
2025-02-08,insurance,us,99.67
2025-02-08,insurance,eu,99.67
2025-02-08,insurance,apac,99.67
2025-02-08,insurance,latam,99.66
2025-02-09,rent,us,487.71
2025-02-09,rent,eu,487.71
2025-02-09,rent,apac,487.70
2025-02-09,rent,latam,487.70
2025-02-09,software_licenses,us,290.34
2025-02-09,software_licenses,eu,290.33
2025-02-09,software_licenses,apac,290.33
2025-02-09,software_licenses,latam,290.33
2025-02-09,logistics,us,1774.98
2025-02-09,logistics,eu,796.18
2025-02-09,logistics,apac,355.08
2025-02-09,logistics,latam,254.73
2025-02-09,packaging,us,385.88
2025-02-09,packaging,eu,192.63
2025-02-09,packaging,apac,74.87
2025-02-09,packaging,latam,69.56
2025-02-09,payment_processing_fees,us,375.25
2025-02-09,payment_processing_fees,eu,375.25
2025-02-09,payment_processing_fees,apac,375.24
2025-02-09,payment_processing_fees,latam,375.24
2025-02-09,customer_support_tooling,us,132.43
2025-02-09,customer_support_tooling,eu,132.43
2025-02-09,customer_support_tooling,apac,132.43
2025-02-09,customer_support_tooling,latam,132.43
2025-02-09,insurance,us,100.78
2025-02-09,insurance,eu,100.78
2025-02-09,insurance,apac,100.78
2025-02-09,insurance,latam,100.77
2025-02-10,rent,us,475.27
2025-02-10,rent,eu,475.26
2025-02-10,rent,apac,475.26
2025-02-10,rent,latam,475.26
2025-02-10,software_licenses,us,275.60
2025-02-10,software_licenses,eu,275.59
2025-02-10,software_licenses,apac,275.59
2025-02-10,software_licenses,latam,275.59
2025-02-10,logistics,us,1948.86
2025-02-10,logistics,eu,770.61
2025-02-10,logistics,apac,379.15
2025-02-10,logistics,latam,261.25
2025-02-10,packaging,us,410.71
2025-02-10,packaging,eu,188.76
2025-02-10,packaging,apac,77.23
2025-02-10,packaging,latam,70.4
2025-02-10,payment_processing_fees,us,388.16
2025-02-10,payment_processing_fees,eu,388.15
2025-02-10,payment_processing_fees,apac,388.15
2025-02-10,payment_processing_fees,latam,388.15
2025-02-10,customer_support_tooling,us,138.46
2025-02-10,customer_support_tooling,eu,138.46
2025-02-10,customer_support_tooling,apac,138.45
2025-02-10,customer_support_tooling,latam,138.45
2025-02-10,insurance,us,91.21
2025-02-10,insurance,eu,91.21
2025-02-10,insurance,apac,91.21
2025-02-10,insurance,latam,91.21
2025-02-11,rent,us,506.07
2025-02-11,rent,eu,506.07
2025-02-11,rent,apac,506.07
2025-02-11,rent,latam,506.07
2025-02-11,software_licenses,us,289.25
2025-02-11,software_licenses,eu,289.24
2025-02-11,software_licenses,apac,289.24
2025-02-11,software_licenses,latam,289.24
2025-02-11,logistics,us,1633.74
2025-02-11,logistics,eu,749.27
2025-02-11,logistics,apac,309.37
2025-02-11,logistics,latam,280.24
2025-02-11,packaging,us,417.04
2025-02-11,packaging,eu,170.29
2025-02-11,packaging,apac,82.58
2025-02-11,packaging,latam,69.16
2025-02-11,payment_processing_fees,us,376.47
2025-02-11,payment_processing_fees,eu,376.47
2025-02-11,payment_processing_fees,apac,376.47
2025-02-11,payment_processing_fees,latam,376.46
2025-02-11,customer_support_tooling,us,138.33
2025-02-11,customer_support_tooling,eu,138.33
2025-02-11,customer_support_tooling,apac,138.33
2025-02-11,customer_support_tooling,latam,138.33
2025-02-11,insurance,us,105.80
2025-02-11,insurance,eu,105.80
2025-02-11,insurance,apac,105.79
2025-02-11,insurance,latam,105.79
2025-02-12,rent,us,458.23
2025-02-12,rent,eu,458.23
2025-02-12,rent,apac,458.22
2025-02-12,rent,latam,458.22
2025-02-12,software_licenses,us,309.16
2025-02-12,software_licenses,eu,309.16
2025-02-12,software_licenses,apac,309.16
2025-02-12,software_licenses,latam,309.15
2025-02-12,logistics,us,1727.2
2025-02-12,logistics,eu,811.6
2025-02-12,logistics,apac,339.56
2025-02-12,logistics,latam,289.09
2025-02-12,packaging,us,459.55
2025-02-12,packaging,eu,183.47
2025-02-12,packaging,apac,77.48
2025-02-12,packaging,latam,70.26
2025-02-12,payment_processing_fees,us,383.51
2025-02-12,payment_processing_fees,eu,383.50
2025-02-12,payment_processing_fees,apac,383.50
2025-02-12,payment_processing_fees,latam,383.50
2025-02-12,customer_support_tooling,us,142.43
2025-02-12,customer_support_tooling,eu,142.43
2025-02-12,customer_support_tooling,apac,142.42
2025-02-12,customer_support_tooling,latam,142.42
2025-02-12,insurance,us,91.82
2025-02-12,insurance,eu,91.82
2025-02-12,insurance,apac,91.82
2025-02-12,insurance,latam,91.82
2025-02-13,rent,us,499.43
2025-02-13,rent,eu,499.43
2025-02-13,rent,apac,499.43
2025-02-13,rent,latam,499.42
2025-02-13,software_licenses,us,301.65
2025-02-13,software_licenses,eu,301.65
2025-02-13,software_licenses,apac,301.65
2025-02-13,software_licenses,latam,301.64
2025-02-13,logistics,us,1951.08
2025-02-13,logistics,eu,763.75
2025-02-13,logistics,apac,333.25
2025-02-13,logistics,latam,311.55
2025-02-13,packaging,us,448.01
2025-02-13,packaging,eu,173.94
2025-02-13,packaging,apac,89.48
2025-02-13,packaging,latam,73.33
2025-02-13,payment_processing_fees,us,397.35
2025-02-13,payment_processing_fees,eu,397.34
2025-02-13,payment_processing_fees,apac,397.34
2025-02-13,payment_processing_fees,latam,397.34
2025-02-13,customer_support_tooling,us,141.17
2025-02-13,customer_support_tooling,eu,141.16
2025-02-13,customer_support_tooling,apac,141.16
2025-02-13,customer_support_tooling,latam,141.16
2025-02-13,insurance,us,99.95
2025-02-13,insurance,eu,99.95
2025-02-13,insurance,apac,99.95
2025-02-13,insurance,latam,99.95
2025-02-14,rent,us,450.52
2025-02-14,rent,eu,450.52
2025-02-14,rent,apac,450.51
2025-02-14,rent,latam,450.51
2025-02-14,software_licenses,us,297.30
2025-02-14,software_licenses,eu,297.30
2025-02-14,software_licenses,apac,297.30
2025-02-14,software_licenses,latam,297.30
2025-02-14,logistics,us,1628.69
2025-02-14,logistics,eu,756.04
2025-02-14,logistics,apac,289.43
2025-02-14,logistics,latam,317.27
2025-02-14,packaging,us,421.9
2025-02-14,packaging,eu,163.14
2025-02-14,packaging,apac,78.13
2025-02-14,packaging,latam,69.25
2025-02-14,payment_processing_fees,us,397.06
2025-02-14,payment_processing_fees,eu,397.05
2025-02-14,payment_processing_fees,apac,397.05
2025-02-14,payment_processing_fees,latam,397.05
2025-02-14,customer_support_tooling,us,138.63
2025-02-14,customer_support_tooling,eu,138.63
2025-02-14,customer_support_tooling,apac,138.62
2025-02-14,customer_support_tooling,latam,138.62
2025-02-14,insurance,us,90.08
2025-02-14,insurance,eu,90.08
2025-02-14,insurance,apac,90.08
2025-02-14,insurance,latam,90.08
2025-02-15,rent,us,473.27
2025-02-15,rent,eu,473.26
2025-02-15,rent,apac,473.26
2025-02-15,rent,latam,473.26
2025-02-15,software_licenses,us,290.29
2025-02-15,software_licenses,eu,290.29
2025-02-15,software_licenses,apac,290.29
2025-02-15,software_licenses,latam,290.29
2025-02-15,logistics,us,1864.72
2025-02-15,logistics,eu,690.19
2025-02-15,logistics,apac,371.36
2025-02-15,logistics,latam,257.66
2025-02-15,packaging,us,452.59
2025-02-15,packaging,eu,199.51
2025-02-15,packaging,apac,75.79
2025-02-15,packaging,latam,73.96
2025-02-15,payment_processing_fees,us,400.15
2025-02-15,payment_processing_fees,eu,400.15
2025-02-15,payment_processing_fees,apac,400.14
2025-02-15,payment_processing_fees,latam,400.14
2025-02-15,customer_support_tooling,us,140.82
2025-02-15,customer_support_tooling,eu,140.82
2025-02-15,customer_support_tooling,apac,140.81
2025-02-15,customer_support_tooling,latam,140.81
2025-02-15,insurance,us,99.70
2025-02-15,insurance,eu,99.70
2025-02-15,insurance,apac,99.70
2025-02-15,insurance,latam,99.70
2025-02-16,rent,us,480.05
2025-02-16,rent,eu,480.05
2025-02-16,rent,apac,480.05
2025-02-16,rent,latam,480.04
2025-02-16,software_licenses,us,324.28
2025-02-16,software_licenses,eu,324.28
2025-02-16,software_licenses,apac,324.28
2025-02-16,software_licenses,latam,324.27
2025-02-16,logistics,us,2014.34
2025-02-16,logistics,eu,729.22
2025-02-16,logistics,apac,338.93
2025-02-16,logistics,latam,291.03
2025-02-16,packaging,us,465.09
2025-02-16,packaging,eu,175.86
2025-02-16,packaging,apac,70.13
2025-02-16,packaging,latam,70.35
2025-02-16,payment_processing_fees,us,384.20
2025-02-16,payment_processing_fees,eu,384.19
2025-02-16,payment_processing_fees,apac,384.19
2025-02-16,payment_processing_fees,latam,384.19
2025-02-16,customer_support_tooling,us,126.35
2025-02-16,customer_support_tooling,eu,126.34
2025-02-16,customer_support_tooling,apac,126.34
2025-02-16,customer_support_tooling,latam,126.34
2025-02-16,insurance,us,96.66
2025-02-16,insurance,eu,96.66
2025-02-16,insurance,apac,96.66
2025-02-16,insurance,latam,96.65
2025-02-17,rent,us,512.21
2025-02-17,rent,eu,512.21
2025-02-17,rent,apac,512.21
2025-02-17,rent,latam,512.20
2025-02-17,software_licenses,us,306.28
2025-02-17,software_licenses,eu,306.28
2025-02-17,software_licenses,apac,306.28
2025-02-17,software_licenses,latam,306.28
2025-02-17,logistics,us,1942.02
2025-02-17,logistics,eu,803.63
2025-02-17,logistics,apac,316.9
2025-02-17,logistics,latam,293.83
2025-02-17,packaging,us,445.8
2025-02-17,packaging,eu,187.3
2025-02-17,packaging,apac,85.27
2025-02-17,packaging,latam,78.53
2025-02-17,payment_processing_fees,us,394.63
2025-02-17,payment_processing_fees,eu,394.63
2025-02-17,payment_processing_fees,apac,394.62
2025-02-17,payment_processing_fees,latam,394.62
2025-02-17,customer_support_tooling,us,137.40
2025-02-17,customer_support_tooling,eu,137.40
2025-02-17,customer_support_tooling,apac,137.39
2025-02-17,customer_support_tooling,latam,137.39
2025-02-17,insurance,us,89.45
2025-02-17,insurance,eu,89.45
2025-02-17,insurance,apac,89.44
2025-02-17,insurance,latam,89.44
2025-02-18,rent,us,453.78
2025-02-18,rent,eu,453.78
2025-02-18,rent,apac,453.77
2025-02-18,rent,latam,453.77
2025-02-18,software_licenses,us,317.97
2025-02-18,software_licenses,eu,317.97
2025-02-18,software_licenses,apac,317.97
2025-02-18,software_licenses,latam,317.96
2025-02-18,logistics,us,1909.18
2025-02-18,logistics,eu,843.09
2025-02-18,logistics,apac,323.02
2025-02-18,logistics,latam,300.76
2025-02-18,packaging,us,497.78
2025-02-18,packaging,eu,165.99
2025-02-18,packaging,apac,70.21
2025-02-18,packaging,latam,69.13
2025-02-18,payment_processing_fees,us,374.54
2025-02-18,payment_processing_fees,eu,374.53
2025-02-18,payment_processing_fees,apac,374.53
2025-02-18,payment_processing_fees,latam,374.53
2025-02-18,customer_support_tooling,us,127.68
2025-02-18,customer_support_tooling,eu,127.67
2025-02-18,customer_support_tooling,apac,127.67
2025-02-18,customer_support_tooling,latam,127.67
2025-02-18,insurance,us,94.40
2025-02-18,insurance,eu,94.40
2025-02-18,insurance,apac,94.39
2025-02-18,insurance,latam,94.39
2025-02-19,rent,us,463.50
2025-02-19,rent,eu,463.50
2025-02-19,rent,apac,463.49
2025-02-19,rent,latam,463.49
2025-02-19,software_licenses,us,297.81
2025-02-19,software_licenses,eu,297.80
2025-02-19,software_licenses,apac,297.80
2025-02-19,software_licenses,latam,297.80
2025-02-19,logistics,us,1651.31
2025-02-19,logistics,eu,764.25
2025-02-19,logistics,apac,371.15
2025-02-19,logistics,latam,271.48
2025-02-19,packaging,us,481.47
2025-02-19,packaging,eu,163.54
2025-02-19,packaging,apac,80.66
2025-02-19,packaging,latam,71.97
2025-02-19,payment_processing_fees,us,379.37
2025-02-19,payment_processing_fees,eu,379.37
2025-02-19,payment_processing_fees,apac,379.37
2025-02-19,payment_processing_fees,latam,379.37
2025-02-19,customer_support_tooling,us,151.52
2025-02-19,customer_support_tooling,eu,151.52
2025-02-19,customer_support_tooling,apac,151.52
2025-02-19,customer_support_tooling,latam,151.52
2025-02-19,insurance,us,92.25
2025-02-19,insurance,eu,92.25
2025-02-19,insurance,apac,92.24
2025-02-19,insurance,latam,92.24
2025-02-20,rent,us,465.00
2025-02-20,rent,eu,464.99
2025-02-20,rent,apac,464.99
2025-02-20,rent,latam,464.99
2025-02-20,software_licenses,us,312.20
2025-02-20,software_licenses,eu,312.19
2025-02-20,software_licenses,apac,312.19
2025-02-20,software_licenses,latam,312.19
2025-02-20,logistics,us,1904.26
2025-02-20,logistics,eu,746.03
2025-02-20,logistics,apac,346.99
2025-02-20,logistics,latam,307.57
2025-02-20,packaging,us,468.23
2025-02-20,packaging,eu,187.41
2025-02-20,packaging,apac,81.19
2025-02-20,packaging,latam,70.74
2025-02-20,payment_processing_fees,us,404.31
2025-02-20,payment_processing_fees,eu,404.31
2025-02-20,payment_processing_fees,apac,404.30
2025-02-20,payment_processing_fees,latam,404.30
2025-02-20,customer_support_tooling,us,134.58
2025-02-20,customer_support_tooling,eu,134.58
2025-02-20,customer_support_tooling,apac,134.58
2025-02-20,customer_support_tooling,latam,134.58
2025-02-20,insurance,us,89.30
2025-02-20,insurance,eu,89.30
2025-02-20,insurance,apac,89.30
2025-02-20,insurance,latam,89.29
2025-02-21,rent,us,475.81
2025-02-21,rent,eu,475.81
2025-02-21,rent,apac,475.81
2025-02-21,rent,latam,475.80
2025-02-21,software_licenses,us,303.83
2025-02-21,software_licenses,eu,303.82
2025-02-21,software_licenses,apac,303.82
2025-02-21,software_licenses,latam,303.82
2025-02-21,logistics,us,1823.87
2025-02-21,logistics,eu,728.2
2025-02-21,logistics,apac,360.63
2025-02-21,logistics,latam,287.9
2025-02-21,packaging,us,427.95
2025-02-21,packaging,eu,186.67
2025-02-21,packaging,apac,80.51
2025-02-21,packaging,latam,71.63
2025-02-21,payment_processing_fees,us,374.27
2025-02-21,payment_processing_fees,eu,374.27
2025-02-21,payment_processing_fees,apac,374.26
2025-02-21,payment_processing_fees,latam,374.26
2025-02-21,customer_support_tooling,us,142.04
2025-02-21,customer_support_tooling,eu,142.04
2025-02-21,customer_support_tooling,apac,142.03
2025-02-21,customer_support_tooling,latam,142.03
2025-02-21,insurance,us,102.26
2025-02-21,insurance,eu,102.26
2025-02-21,insurance,apac,102.25
2025-02-21,insurance,latam,102.25
2025-02-22,rent,us,441.58
2025-02-22,rent,eu,441.58
2025-02-22,rent,apac,441.58
2025-02-22,rent,latam,441.58
2025-02-22,software_licenses,us,311.38
2025-02-22,software_licenses,eu,311.38
2025-02-22,software_licenses,apac,311.38
2025-02-22,software_licenses,latam,311.38
2025-02-22,logistics,us,1861.45
2025-02-22,logistics,eu,739.72
2025-02-22,logistics,apac,352.3
2025-02-22,logistics,latam,307.12
2025-02-22,packaging,us,420.67
2025-02-22,packaging,eu,198.08
2025-02-22,packaging,apac,78.89
2025-02-22,packaging,latam,72.33
2025-02-22,payment_processing_fees,us,378.77
2025-02-22,payment_processing_fees,eu,378.76
2025-02-22,payment_processing_fees,apac,378.76
2025-02-22,payment_processing_fees,latam,378.76
2025-02-22,customer_support_tooling,us,151.54
2025-02-22,customer_support_tooling,eu,151.54
2025-02-22,customer_support_tooling,apac,151.53
2025-02-22,customer_support_tooling,latam,151.53
2025-02-22,insurance,us,103.44
2025-02-22,insurance,eu,103.44
2025-02-22,insurance,apac,103.43
2025-02-22,insurance,latam,103.43
2025-02-23,rent,us,480.19
2025-02-23,rent,eu,480.19
2025-02-23,rent,apac,480.19
2025-02-23,rent,latam,480.19
2025-02-23,software_licenses,us,308.09
2025-02-23,software_licenses,eu,308.08
2025-02-23,software_licenses,apac,308.08
2025-02-23,software_licenses,latam,308.08
2025-02-23,logistics,us,1846.4
2025-02-23,logistics,eu,691.32
2025-02-23,logistics,apac,365.39
2025-02-23,logistics,latam,315.54
2025-02-23,packaging,us,473.38
2025-02-23,packaging,eu,183.35
2025-02-23,packaging,apac,75.09
2025-02-23,packaging,latam,67.22
2025-02-23,payment_processing_fees,us,381.87
2025-02-23,payment_processing_fees,eu,381.87
2025-02-23,payment_processing_fees,apac,381.87
2025-02-23,payment_processing_fees,latam,381.86
2025-02-23,customer_support_tooling,us,142.17
2025-02-23,customer_support_tooling,eu,142.17
2025-02-23,customer_support_tooling,apac,142.17
2025-02-23,customer_support_tooling,latam,142.17
2025-02-23,insurance,us,91.98
2025-02-23,insurance,eu,91.98
2025-02-23,insurance,apac,91.98
2025-02-23,insurance,latam,91.97
2025-02-24,rent,us,468.29
2025-02-24,rent,eu,468.29
2025-02-24,rent,apac,468.28
2025-02-24,rent,latam,468.28
2025-02-24,software_licenses,us,314.37
2025-02-24,software_licenses,eu,314.37
2025-02-24,software_licenses,apac,314.37
2025-02-24,software_licenses,latam,314.37
2025-02-24,logistics,us,1723.19
2025-02-24,logistics,eu,730.43
2025-02-24,logistics,apac,321.42
2025-02-24,logistics,latam,258.88
2025-02-24,packaging,us,439.87
2025-02-24,packaging,eu,176.65
2025-02-24,packaging,apac,91.08
2025-02-24,packaging,latam,66.07
2025-02-24,payment_processing_fees,us,374.48
2025-02-24,payment_processing_fees,eu,374.47
2025-02-24,payment_processing_fees,apac,374.47
2025-02-24,payment_processing_fees,latam,374.47
2025-02-24,customer_support_tooling,us,145.97
2025-02-24,customer_support_tooling,eu,145.97
2025-02-24,customer_support_tooling,apac,145.97
2025-02-24,customer_support_tooling,latam,145.97
2025-02-24,insurance,us,99.92
2025-02-24,insurance,eu,99.91
2025-02-24,insurance,apac,99.91
2025-02-24,insurance,latam,99.91
2025-02-25,rent,us,484.12
2025-02-25,rent,eu,484.12
2025-02-25,rent,apac,484.12
2025-02-25,rent,latam,484.11
2025-02-25,software_licenses,us,274.25
2025-02-25,software_licenses,eu,274.24
2025-02-25,software_licenses,apac,274.24
2025-02-25,software_licenses,latam,274.24
2025-02-25,logistics,us,2061.72
2025-02-25,logistics,eu,742.83
2025-02-25,logistics,apac,318.21
2025-02-25,logistics,latam,331.77
2025-02-25,packaging,us,463.08
2025-02-25,packaging,eu,177.84
2025-02-25,packaging,apac,74.69
2025-02-25,packaging,latam,68.24
2025-02-25,payment_processing_fees,us,376.53
2025-02-25,payment_processing_fees,eu,376.53
2025-02-25,payment_processing_fees,apac,376.53
2025-02-25,payment_processing_fees,latam,376.52
2025-02-25,customer_support_tooling,us,135.71
2025-02-25,customer_support_tooling,eu,135.70
2025-02-25,customer_support_tooling,apac,135.70
2025-02-25,customer_support_tooling,latam,135.70
2025-02-25,insurance,us,97.12
2025-02-25,insurance,eu,97.11
2025-02-25,insurance,apac,97.11
2025-02-25,insurance,latam,97.11
2025-02-26,rent,us,490.15
2025-02-26,rent,eu,490.15
2025-02-26,rent,apac,490.15
2025-02-26,rent,latam,490.14
2025-02-26,software_licenses,us,308.70
2025-02-26,software_licenses,eu,308.70
2025-02-26,software_licenses,apac,308.70
2025-02-26,software_licenses,latam,308.70
2025-02-26,logistics,us,1931.17
2025-02-26,logistics,eu,797.41
2025-02-26,logistics,apac,386.22
2025-02-26,logistics,latam,325.72
2025-02-26,packaging,us,453.63
2025-02-26,packaging,eu,189.61
2025-02-26,packaging,apac,69.07
2025-02-26,packaging,latam,82.58
2025-02-26,payment_processing_fees,us,371.33
2025-02-26,payment_processing_fees,eu,371.33
2025-02-26,payment_processing_fees,apac,371.33
2025-02-26,payment_processing_fees,latam,371.33
2025-02-26,customer_support_tooling,us,142.14
2025-02-26,customer_support_tooling,eu,142.13
2025-02-26,customer_support_tooling,apac,142.13
2025-02-26,customer_support_tooling,latam,142.13
2025-02-26,insurance,us,97.22
2025-02-26,insurance,eu,97.22
2025-02-26,insurance,apac,97.22
2025-02-26,insurance,latam,97.21
2025-02-27,rent,us,449.20
2025-02-27,rent,eu,449.20
2025-02-27,rent,apac,449.20
2025-02-27,rent,latam,449.20
2025-02-27,software_licenses,us,272.97
2025-02-27,software_licenses,eu,272.96
2025-02-27,software_licenses,apac,272.96
2025-02-27,software_licenses,latam,272.96
2025-02-27,logistics,us,1706.07
2025-02-27,logistics,eu,804.93
2025-02-27,logistics,apac,323.35
2025-02-27,logistics,latam,324.44
2025-02-27,packaging,us,421.81
2025-02-27,packaging,eu,169.71
2025-02-27,packaging,apac,88.65
2025-02-27,packaging,latam,66.29
2025-02-27,payment_processing_fees,us,397.38
2025-02-27,payment_processing_fees,eu,397.37
2025-02-27,payment_processing_fees,apac,397.37
2025-02-27,payment_processing_fees,latam,397.37
2025-02-27,customer_support_tooling,us,150.43
2025-02-27,customer_support_tooling,eu,150.43
2025-02-27,customer_support_tooling,apac,150.43
2025-02-27,customer_support_tooling,latam,150.43
2025-02-27,insurance,us,93.90
2025-02-27,insurance,eu,93.90
2025-02-27,insurance,apac,93.90
2025-02-27,insurance,latam,93.90
2025-02-28,rent,us,477.73
2025-02-28,rent,eu,477.73
2025-02-28,rent,apac,477.73
2025-02-28,rent,latam,477.72
2025-02-28,software_licenses,us,294.64
2025-02-28,software_licenses,eu,294.64
2025-02-28,software_licenses,apac,294.63
2025-02-28,software_licenses,latam,294.63
2025-02-28,logistics,us,1778.0
2025-02-28,logistics,eu,741.05
2025-02-28,logistics,apac,274.99
2025-02-28,logistics,latam,294.19
2025-02-28,packaging,us,391.76
2025-02-28,packaging,eu,175.6
2025-02-28,packaging,apac,79.6
2025-02-28,packaging,latam,65.29
2025-02-28,payment_processing_fees,us,404.22
2025-02-28,payment_processing_fees,eu,404.22
2025-02-28,payment_processing_fees,apac,404.22
2025-02-28,payment_processing_fees,latam,404.21
2025-02-28,customer_support_tooling,us,145.78
2025-02-28,customer_support_tooling,eu,145.78
2025-02-28,customer_support_tooling,apac,145.78
2025-02-28,customer_support_tooling,latam,145.78
2025-02-28,insurance,us,98.13
2025-02-28,insurance,eu,98.13
2025-02-28,insurance,apac,98.12
2025-02-28,insurance,latam,98.12
2025-02-28,rent,us,490.09
2025-02-28,rent,eu,490.09
2025-02-28,rent,apac,490.08
2025-02-28,rent,latam,490.08
2025-02-28,software_licenses,us,291.06
2025-02-28,software_licenses,eu,291.06
2025-02-28,software_licenses,apac,291.05
2025-02-28,software_licenses,latam,291.05
2025-02-28,logistics,us,1800.46
2025-02-28,logistics,eu,738.99
2025-02-28,logistics,apac,382.48
2025-02-28,logistics,latam,286.28
2025-02-28,packaging,us,456.25
2025-02-28,packaging,eu,179.67
2025-02-28,packaging,apac,71.28
2025-02-28,packaging,latam,72.12
2025-02-28,payment_processing_fees,us,408.38
2025-02-28,payment_processing_fees,eu,408.38
2025-02-28,payment_processing_fees,apac,408.38
2025-02-28,payment_processing_fees,latam,408.38
2025-02-28,customer_support_tooling,us,145.41
2025-02-28,customer_support_tooling,eu,145.41
2025-02-28,customer_support_tooling,apac,145.40
2025-02-28,customer_support_tooling,latam,145.40
2025-02-28,insurance,us,96.45
2025-02-28,insurance,eu,96.45
2025-02-28,insurance,apac,96.45
2025-02-28,insurance,latam,96.44
2025-02-28,rent,us,473.63
2025-02-28,rent,eu,473.63
2025-02-28,rent,apac,473.63
2025-02-28,rent,latam,473.63
2025-02-28,software_licenses,us,307.27
2025-02-28,software_licenses,eu,307.27
2025-02-28,software_licenses,apac,307.27
2025-02-28,software_licenses,latam,307.27
2025-02-28,logistics,us,1772.14
2025-02-28,logistics,eu,809.13
2025-02-28,logistics,apac,280.1
2025-02-28,logistics,latam,312.56
2025-02-28,packaging,us,421.99
2025-02-28,packaging,eu,200.83
2025-02-28,packaging,apac,94.9
2025-02-28,packaging,latam,70.29
2025-02-28,payment_processing_fees,us,369.24
2025-02-28,payment_processing_fees,eu,369.24
2025-02-28,payment_processing_fees,apac,369.24
2025-02-28,payment_processing_fees,latam,369.23
2025-02-28,customer_support_tooling,us,155.53
2025-02-28,customer_support_tooling,eu,155.53
2025-02-28,customer_support_tooling,apac,155.53
2025-02-28,customer_support_tooling,latam,155.53
2025-02-28,insurance,us,110.71
2025-02-28,insurance,eu,110.71
2025-02-28,insurance,apac,110.71
2025-02-28,insurance,latam,110.71
2025-02-28,rent,us,516.49
2025-02-28,rent,eu,516.49
2025-02-28,rent,apac,516.49
2025-02-28,rent,latam,516.48
2025-02-28,software_licenses,us,295.88
2025-02-28,software_licenses,eu,295.88
2025-02-28,software_licenses,apac,295.87
2025-02-28,software_licenses,latam,295.87
2025-02-28,logistics,us,1822.55
2025-02-28,logistics,eu,778.0
2025-02-28,logistics,apac,300.75
2025-02-28,logistics,latam,285.49
2025-02-28,packaging,us,447.99
2025-02-28,packaging,eu,187.65
2025-02-28,packaging,apac,88.6
2025-02-28,packaging,latam,69.03
2025-02-28,payment_processing_fees,us,381.00
2025-02-28,payment_processing_fees,eu,381.00
2025-02-28,payment_processing_fees,apac,381.00
2025-02-28,payment_processing_fees,latam,380.99
2025-02-28,customer_support_tooling,us,144.55
2025-02-28,customer_support_tooling,eu,144.55
2025-02-28,customer_support_tooling,apac,144.55
2025-02-28,customer_support_tooling,latam,144.54
2025-02-28,insurance,us,95.38
2025-02-28,insurance,eu,95.37
2025-02-28,insurance,apac,95.37
2025-02-28,insurance,latam,95.37
2025-03-01,rent,us,520.52
2025-03-01,rent,eu,520.52
2025-03-01,rent,apac,520.52
2025-03-01,rent,latam,520.52
2025-03-01,software_licenses,us,296.84
2025-03-01,software_licenses,eu,296.84
2025-03-01,software_licenses,apac,296.84
2025-03-01,software_licenses,latam,296.84
2025-03-01,logistics,us,1991.38
2025-03-01,logistics,eu,654.5
2025-03-01,logistics,apac,334.05
2025-03-01,logistics,latam,360.46
2025-03-01,packaging,us,454.24
2025-03-01,packaging,eu,162.23
2025-03-01,packaging,apac,79.21
2025-03-01,packaging,latam,74.65
2025-03-01,payment_processing_fees,us,408.30
2025-03-01,payment_processing_fees,eu,408.30
2025-03-01,payment_processing_fees,apac,408.30
2025-03-01,payment_processing_fees,latam,408.29
2025-03-01,customer_support_tooling,us,146.36
2025-03-01,customer_support_tooling,eu,146.36
2025-03-01,customer_support_tooling,apac,146.36
2025-03-01,customer_support_tooling,latam,146.36
2025-03-01,insurance,us,100.50
2025-03-01,insurance,eu,100.50
2025-03-01,insurance,apac,100.50
2025-03-01,insurance,latam,100.50
2025-03-02,rent,us,497.81
2025-03-02,rent,eu,497.80
2025-03-02,rent,apac,497.80
2025-03-02,rent,latam,497.80
2025-03-02,software_licenses,us,304.10
2025-03-02,software_licenses,eu,304.10
2025-03-02,software_licenses,apac,304.09
2025-03-02,software_licenses,latam,304.09
2025-03-02,logistics,us,2123.89
2025-03-02,logistics,eu,854.44
2025-03-02,logistics,apac,348.76
2025-03-02,logistics,latam,326.33
2025-03-02,packaging,us,367.56
2025-03-02,packaging,eu,190.23
2025-03-02,packaging,apac,82.8
2025-03-02,packaging,latam,66.52
2025-03-02,payment_processing_fees,us,361.86
2025-03-02,payment_processing_fees,eu,361.85
2025-03-02,payment_processing_fees,apac,361.85
2025-03-02,payment_processing_fees,latam,361.85
2025-03-02,customer_support_tooling,us,142.34
2025-03-02,customer_support_tooling,eu,142.34
2025-03-02,customer_support_tooling,apac,142.34
2025-03-02,customer_support_tooling,latam,142.33
2025-03-02,insurance,us,105.66
2025-03-02,insurance,eu,105.65
2025-03-02,insurance,apac,105.65
2025-03-02,insurance,latam,105.65
2025-03-03,rent,us,469.94
2025-03-03,rent,eu,469.94
2025-03-03,rent,apac,469.94
2025-03-03,rent,latam,469.94
2025-03-03,software_licenses,us,298.98
2025-03-03,software_licenses,eu,298.98
2025-03-03,software_licenses,apac,298.98
2025-03-03,software_licenses,latam,298.98
2025-03-03,logistics,us,1933.03
2025-03-03,logistics,eu,734.67
2025-03-03,logistics,apac,308.46
2025-03-03,logistics,latam,310.91
2025-03-03,packaging,us,445.18
2025-03-03,packaging,eu,172.04
2025-03-03,packaging,apac,81.68
2025-03-03,packaging,latam,73.95
2025-03-03,payment_processing_fees,us,382.23
2025-03-03,payment_processing_fees,eu,382.23
2025-03-03,payment_processing_fees,apac,382.23
2025-03-03,payment_processing_fees,latam,382.23
2025-03-03,customer_support_tooling,us,145.89
2025-03-03,customer_support_tooling,eu,145.89
2025-03-03,customer_support_tooling,apac,145.89
2025-03-03,customer_support_tooling,latam,145.88
2025-03-03,insurance,us,104.33
2025-03-03,insurance,eu,104.33
2025-03-03,insurance,apac,104.32
2025-03-03,insurance,latam,104.32
2025-03-04,rent,us,476.88
2025-03-04,rent,eu,476.88
2025-03-04,rent,apac,476.88
2025-03-04,rent,latam,476.87
2025-03-04,software_licenses,us,286.34
2025-03-04,software_licenses,eu,286.34
2025-03-04,software_licenses,apac,286.34
2025-03-04,software_licenses,latam,286.34
2025-03-04,logistics,us,1795.21
2025-03-04,logistics,eu,780.76
2025-03-04,logistics,apac,336.08
2025-03-04,logistics,latam,312.05
2025-03-04,packaging,us,462.14
2025-03-04,packaging,eu,184.09
2025-03-04,packaging,apac,90.27
2025-03-04,packaging,latam,62.91
2025-03-04,payment_processing_fees,us,403.64
2025-03-04,payment_processing_fees,eu,403.63
2025-03-04,payment_processing_fees,apac,403.63
2025-03-04,payment_processing_fees,latam,403.63
2025-03-04,customer_support_tooling,us,148.86
2025-03-04,customer_support_tooling,eu,148.86
2025-03-04,customer_support_tooling,apac,148.86
2025-03-04,customer_support_tooling,latam,148.86
2025-03-04,insurance,us,95.68
2025-03-04,insurance,eu,95.68
2025-03-04,insurance,apac,95.68
2025-03-04,insurance,latam,95.67
2025-03-05,rent,us,491.35
2025-03-05,rent,eu,491.35
2025-03-05,rent,apac,491.35
2025-03-05,rent,latam,491.35
2025-03-05,software_licenses,us,317.71
2025-03-05,software_licenses,eu,317.71
2025-03-05,software_licenses,apac,317.71
2025-03-05,software_licenses,latam,317.71
2025-03-05,logistics,us,1760.27
2025-03-05,logistics,eu,805.3
2025-03-05,logistics,apac,306.39
2025-03-05,logistics,latam,289.54
2025-03-05,packaging,us,456.22
2025-03-05,packaging,eu,179.96
2025-03-05,packaging,apac,86.79
2025-03-05,packaging,latam,68.45
2025-03-05,payment_processing_fees,us,401.95
2025-03-05,payment_processing_fees,eu,401.94
2025-03-05,payment_processing_fees,apac,401.94
2025-03-05,payment_processing_fees,latam,401.94
2025-03-05,customer_support_tooling,us,143.24
2025-03-05,customer_support_tooling,eu,143.24
2025-03-05,customer_support_tooling,apac,143.24
2025-03-05,customer_support_tooling,latam,143.23
2025-03-05,insurance,us,103.86
2025-03-05,insurance,eu,103.86
2025-03-05,insurance,apac,103.86
2025-03-05,insurance,latam,103.85
2025-03-06,rent,us,439.24
2025-03-06,rent,eu,439.23
2025-03-06,rent,apac,439.23
2025-03-06,rent,latam,439.23
2025-03-06,software_licenses,us,321.75
2025-03-06,software_licenses,eu,321.75
2025-03-06,software_licenses,apac,321.74
2025-03-06,software_licenses,latam,321.74
2025-03-06,logistics,us,1646.0
2025-03-06,logistics,eu,800.77
2025-03-06,logistics,apac,382.12
2025-03-06,logistics,latam,319.62
2025-03-06,packaging,us,444.92
2025-03-06,packaging,eu,174.18
2025-03-06,packaging,apac,79.86
2025-03-06,packaging,latam,74.36
2025-03-06,payment_processing_fees,us,407.76
2025-03-06,payment_processing_fees,eu,407.76
2025-03-06,payment_processing_fees,apac,407.76
2025-03-06,payment_processing_fees,latam,407.75
2025-03-06,customer_support_tooling,us,139.52
2025-03-06,customer_support_tooling,eu,139.51
2025-03-06,customer_support_tooling,apac,139.51
2025-03-06,customer_support_tooling,latam,139.51
2025-03-06,insurance,us,96.60
2025-03-06,insurance,eu,96.60
2025-03-06,insurance,apac,96.59
2025-03-06,insurance,latam,96.59
2025-03-07,rent,us,481.13
2025-03-07,rent,eu,481.13
2025-03-07,rent,apac,481.13
2025-03-07,rent,latam,481.13
2025-03-07,software_licenses,us,304.32
2025-03-07,software_licenses,eu,304.32
2025-03-07,software_licenses,apac,304.32
2025-03-07,software_licenses,latam,304.31
2025-03-07,logistics,us,1944.97
2025-03-07,logistics,eu,802.19
2025-03-07,logistics,apac,325.06
2025-03-07,logistics,latam,303.54
2025-03-07,packaging,us,442.67
2025-03-07,packaging,eu,158.13
2025-03-07,packaging,apac,81.75
2025-03-07,packaging,latam,72.25
2025-03-07,payment_processing_fees,us,376.54
2025-03-07,payment_processing_fees,eu,376.54
2025-03-07,payment_processing_fees,apac,376.53
2025-03-07,payment_processing_fees,latam,376.53
2025-03-07,customer_support_tooling,us,138.13
2025-03-07,customer_support_tooling,eu,138.13
2025-03-07,customer_support_tooling,apac,138.13
2025-03-07,customer_support_tooling,latam,138.12
2025-03-07,insurance,us,102.34
2025-03-07,insurance,eu,102.34
2025-03-07,insurance,apac,102.33
2025-03-07,insurance,latam,102.33
2025-03-08,rent,us,488.22
2025-03-08,rent,eu,488.22
2025-03-08,rent,apac,488.22
2025-03-08,rent,latam,488.21
2025-03-08,software_licenses,us,312.64
2025-03-08,software_licenses,eu,312.63
2025-03-08,software_licenses,apac,312.63
2025-03-08,software_licenses,latam,312.63
2025-03-08,logistics,us,1790.92
2025-03-08,logistics,eu,811.01
2025-03-08,logistics,apac,341.88
2025-03-08,logistics,latam,266.96
2025-03-08,packaging,us,418.94
2025-03-08,packaging,eu,196.91
2025-03-08,packaging,apac,70.65
2025-03-08,packaging,latam,61.71
2025-03-08,payment_processing_fees,us,397.16
2025-03-08,payment_processing_fees,eu,397.15
2025-03-08,payment_processing_fees,apac,397.15
2025-03-08,payment_processing_fees,latam,397.15
2025-03-08,customer_support_tooling,us,149.29
2025-03-08,customer_support_tooling,eu,149.28
2025-03-08,customer_support_tooling,apac,149.28
2025-03-08,customer_support_tooling,latam,149.28
2025-03-08,insurance,us,99.34
2025-03-08,insurance,eu,99.34
2025-03-08,insurance,apac,99.33
2025-03-08,insurance,latam,99.33
2025-03-09,rent,us,482.33
2025-03-09,rent,eu,482.32
2025-03-09,rent,apac,482.32
2025-03-09,rent,latam,482.32
2025-03-09,software_licenses,us,320.53
2025-03-09,software_licenses,eu,320.53
2025-03-09,software_licenses,apac,320.53
2025-03-09,software_licenses,latam,320.52
2025-03-09,logistics,us,2035.48
2025-03-09,logistics,eu,886.26
2025-03-09,logistics,apac,351.12
2025-03-09,logistics,latam,325.54
2025-03-09,packaging,us,426.02
2025-03-09,packaging,eu,197.83
2025-03-09,packaging,apac,82.87
2025-03-09,packaging,latam,78.73
2025-03-09,payment_processing_fees,us,376.78
2025-03-09,payment_processing_fees,eu,376.77
2025-03-09,payment_processing_fees,apac,376.77
2025-03-09,payment_processing_fees,latam,376.77
2025-03-09,customer_support_tooling,us,143.03
2025-03-09,customer_support_tooling,eu,143.03
2025-03-09,customer_support_tooling,apac,143.03
2025-03-09,customer_support_tooling,latam,143.02
2025-03-09,insurance,us,99.41
2025-03-09,insurance,eu,99.41
2025-03-09,insurance,apac,99.41
2025-03-09,insurance,latam,99.40
2025-03-10,rent,us,463.66
2025-03-10,rent,eu,463.66
2025-03-10,rent,apac,463.66
2025-03-10,rent,latam,463.66
2025-03-10,software_licenses,us,319.67
2025-03-10,software_licenses,eu,319.66
2025-03-10,software_licenses,apac,319.66
2025-03-10,software_licenses,latam,319.66
2025-03-10,logistics,us,1907.52
2025-03-10,logistics,eu,716.87
2025-03-10,logistics,apac,323.65
2025-03-10,logistics,latam,296.09
2025-03-10,packaging,us,484.18
2025-03-10,packaging,eu,185.21
2025-03-10,packaging,apac,83.07
2025-03-10,packaging,latam,71.29
2025-03-10,payment_processing_fees,us,370.24
2025-03-10,payment_processing_fees,eu,370.24
2025-03-10,payment_processing_fees,apac,370.24
2025-03-10,payment_processing_fees,latam,370.23
2025-03-10,customer_support_tooling,us,131.25
2025-03-10,customer_support_tooling,eu,131.25
2025-03-10,customer_support_tooling,apac,131.25
2025-03-10,customer_support_tooling,latam,131.24
2025-03-10,insurance,us,106.95
2025-03-10,insurance,eu,106.94
2025-03-10,insurance,apac,106.94
2025-03-10,insurance,latam,106.94
2025-03-11,rent,us,522.84
2025-03-11,rent,eu,522.84
2025-03-11,rent,apac,522.83
2025-03-11,rent,latam,522.83
2025-03-11,software_licenses,us,266.47
2025-03-11,software_licenses,eu,266.46
2025-03-11,software_licenses,apac,266.46
2025-03-11,software_licenses,latam,266.46
2025-03-11,logistics,us,1628.15
2025-03-11,logistics,eu,823.25
2025-03-11,logistics,apac,363.81
2025-03-11,logistics,latam,351.69
2025-03-11,packaging,us,414.52
2025-03-11,packaging,eu,194.05
2025-03-11,packaging,apac,77.28
2025-03-11,packaging,latam,76.62
2025-03-11,payment_processing_fees,us,403.83
2025-03-11,payment_processing_fees,eu,403.82
2025-03-11,payment_processing_fees,apac,403.82
2025-03-11,payment_processing_fees,latam,403.82
2025-03-11,customer_support_tooling,us,142.73
2025-03-11,customer_support_tooling,eu,142.73
2025-03-11,customer_support_tooling,apac,142.73
2025-03-11,customer_support_tooling,latam,142.73
2025-03-11,insurance,us,91.03
2025-03-11,insurance,eu,91.03
2025-03-11,insurance,apac,91.03
2025-03-11,insurance,latam,91.02
2025-03-12,rent,us,502.03
2025-03-12,rent,eu,502.02
2025-03-12,rent,apac,502.02
2025-03-12,rent,latam,502.02
2025-03-12,software_licenses,us,306.47
2025-03-12,software_licenses,eu,306.47
2025-03-12,software_licenses,apac,306.47
2025-03-12,software_licenses,latam,306.46
2025-03-12,logistics,us,1810.94
2025-03-12,logistics,eu,669.32
2025-03-12,logistics,apac,319.97
2025-03-12,logistics,latam,302.72
2025-03-12,packaging,us,436.1
2025-03-12,packaging,eu,189.17
2025-03-12,packaging,apac,75.14
2025-03-12,packaging,latam,71.0
2025-03-12,payment_processing_fees,us,357.84
2025-03-12,payment_processing_fees,eu,357.83
2025-03-12,payment_processing_fees,apac,357.83
2025-03-12,payment_processing_fees,latam,357.83
2025-03-12,customer_support_tooling,us,137.93
2025-03-12,customer_support_tooling,eu,137.93
2025-03-12,customer_support_tooling,apac,137.93
2025-03-12,customer_support_tooling,latam,137.92
2025-03-12,insurance,us,98.98
2025-03-12,insurance,eu,98.97
2025-03-12,insurance,apac,98.97
2025-03-12,insurance,latam,98.97
2025-03-13,rent,us,468.90
2025-03-13,rent,eu,468.90
2025-03-13,rent,apac,468.90
2025-03-13,rent,latam,468.90
2025-03-13,software_licenses,us,322.37
2025-03-13,software_licenses,eu,322.36
2025-03-13,software_licenses,apac,322.36
2025-03-13,software_licenses,latam,322.36
2025-03-13,logistics,us,1704.64
2025-03-13,logistics,eu,845.2
2025-03-13,logistics,apac,408.84
2025-03-13,logistics,latam,281.81
2025-03-13,packaging,us,428.42
2025-03-13,packaging,eu,173.07
2025-03-13,packaging,apac,82.01
2025-03-13,packaging,latam,66.55
2025-03-13,payment_processing_fees,us,402.91
2025-03-13,payment_processing_fees,eu,402.90
2025-03-13,payment_processing_fees,apac,402.90
2025-03-13,payment_processing_fees,latam,402.90
2025-03-13,customer_support_tooling,us,134.38
2025-03-13,customer_support_tooling,eu,134.38
2025-03-13,customer_support_tooling,apac,134.38
2025-03-13,customer_support_tooling,latam,134.38
2025-03-13,insurance,us,95.20
2025-03-13,insurance,eu,95.20
2025-03-13,insurance,apac,95.19
2025-03-13,insurance,latam,95.19
2025-03-14,rent,us,461.21
2025-03-14,rent,eu,461.21
2025-03-14,rent,apac,461.20
2025-03-14,rent,latam,461.20
2025-03-14,software_licenses,us,311.07
2025-03-14,software_licenses,eu,311.07
2025-03-14,software_licenses,apac,311.07
2025-03-14,software_licenses,latam,311.07
2025-03-14,logistics,us,1989.47
2025-03-14,logistics,eu,813.49
2025-03-14,logistics,apac,322.2
2025-03-14,logistics,latam,307.98
2025-03-14,packaging,us,454.79
2025-03-14,packaging,eu,177.75
2025-03-14,packaging,apac,78.33
2025-03-14,packaging,latam,74.81
2025-03-14,payment_processing_fees,us,376.88
2025-03-14,payment_processing_fees,eu,376.88
2025-03-14,payment_processing_fees,apac,376.88
2025-03-14,payment_processing_fees,latam,376.88
2025-03-14,customer_support_tooling,us,139.85
2025-03-14,customer_support_tooling,eu,139.84
2025-03-14,customer_support_tooling,apac,139.84
2025-03-14,customer_support_tooling,latam,139.84
2025-03-14,insurance,us,97.22
2025-03-14,insurance,eu,97.22
2025-03-14,insurance,apac,97.21
2025-03-14,insurance,latam,97.21
2025-03-15,rent,us,478.81
2025-03-15,rent,eu,478.81
2025-03-15,rent,apac,478.81
2025-03-15,rent,latam,478.80
2025-03-15,software_licenses,us,318.47
2025-03-15,software_licenses,eu,318.47
2025-03-15,software_licenses,apac,318.47
2025-03-15,software_licenses,latam,318.47
2025-03-15,logistics,us,1956.83
2025-03-15,logistics,eu,741.73
2025-03-15,logistics,apac,354.7
2025-03-15,logistics,latam,269.22
2025-03-15,packaging,us,429.02
2025-03-15,packaging,eu,189.28
2025-03-15,packaging,apac,86.7
2025-03-15,packaging,latam,72.56
2025-03-15,payment_processing_fees,us,397.92
2025-03-15,payment_processing_fees,eu,397.92
2025-03-15,payment_processing_fees,apac,397.92
2025-03-15,payment_processing_fees,latam,397.91
2025-03-15,customer_support_tooling,us,139.00
2025-03-15,customer_support_tooling,eu,139.00
2025-03-15,customer_support_tooling,apac,139.00
2025-03-15,customer_support_tooling,latam,139.00
2025-03-15,insurance,us,98.94
2025-03-15,insurance,eu,98.94
2025-03-15,insurance,apac,98.93
2025-03-15,insurance,latam,98.93
2025-03-16,rent,us,484.96
2025-03-16,rent,eu,484.96
2025-03-16,rent,apac,484.95
2025-03-16,rent,latam,484.95
2025-03-16,software_licenses,us,300.39
2025-03-16,software_licenses,eu,300.39
2025-03-16,software_licenses,apac,300.39
2025-03-16,software_licenses,latam,300.39
2025-03-16,logistics,us,2109.27
2025-03-16,logistics,eu,710.19
2025-03-16,logistics,apac,337.44
2025-03-16,logistics,latam,307.36
2025-03-16,packaging,us,429.3
2025-03-16,packaging,eu,196.79
2025-03-16,packaging,apac,84.61
2025-03-16,packaging,latam,76.83
2025-03-16,payment_processing_fees,us,403.74
2025-03-16,payment_processing_fees,eu,403.74
2025-03-16,payment_processing_fees,apac,403.73
2025-03-16,payment_processing_fees,latam,403.73
2025-03-16,customer_support_tooling,us,136.44
2025-03-16,customer_support_tooling,eu,136.43
2025-03-16,customer_support_tooling,apac,136.43
2025-03-16,customer_support_tooling,latam,136.43
2025-03-16,insurance,us,90.81
2025-03-16,insurance,eu,90.81
2025-03-16,insurance,apac,90.81
2025-03-16,insurance,latam,90.81
2025-03-17,rent,us,480.42
2025-03-17,rent,eu,480.42
2025-03-17,rent,apac,480.42
2025-03-17,rent,latam,480.42
2025-03-17,software_licenses,us,311.16
2025-03-17,software_licenses,eu,311.15
2025-03-17,software_licenses,apac,311.15
2025-03-17,software_licenses,latam,311.15
2025-03-17,logistics,us,1899.14
2025-03-17,logistics,eu,671.62
2025-03-17,logistics,apac,276.66
2025-03-17,logistics,latam,318.7
2025-03-17,packaging,us,436.96
2025-03-17,packaging,eu,209.69
2025-03-17,packaging,apac,88.59
2025-03-17,packaging,latam,68.18
2025-03-17,payment_processing_fees,us,368.30
2025-03-17,payment_processing_fees,eu,368.30
2025-03-17,payment_processing_fees,apac,368.29
2025-03-17,payment_processing_fees,latam,368.29
2025-03-17,customer_support_tooling,us,140.96
2025-03-17,customer_support_tooling,eu,140.96
2025-03-17,customer_support_tooling,apac,140.95
2025-03-17,customer_support_tooling,latam,140.95
2025-03-17,insurance,us,96.22
2025-03-17,insurance,eu,96.22
2025-03-17,insurance,apac,96.22
2025-03-17,insurance,latam,96.21
2025-03-18,rent,us,449.13
2025-03-18,rent,eu,449.13
2025-03-18,rent,apac,449.13
2025-03-18,rent,latam,449.12
2025-03-18,software_licenses,us,294.26
2025-03-18,software_licenses,eu,294.26
2025-03-18,software_licenses,apac,294.25
2025-03-18,software_licenses,latam,294.25
2025-03-18,logistics,us,1927.99
2025-03-18,logistics,eu,755.98
2025-03-18,logistics,apac,370.88
2025-03-18,logistics,latam,248.69
2025-03-18,packaging,us,403.21
2025-03-18,packaging,eu,200.23
2025-03-18,packaging,apac,76.42
2025-03-18,packaging,latam,73.52
2025-03-18,payment_processing_fees,us,389.08
2025-03-18,payment_processing_fees,eu,389.07
2025-03-18,payment_processing_fees,apac,389.07
2025-03-18,payment_processing_fees,latam,389.07
2025-03-18,customer_support_tooling,us,141.17
2025-03-18,customer_support_tooling,eu,141.16
2025-03-18,customer_support_tooling,apac,141.16
2025-03-18,customer_support_tooling,latam,141.16
2025-03-18,insurance,us,89.25
2025-03-18,insurance,eu,89.25
2025-03-18,insurance,apac,89.25
2025-03-18,insurance,latam,89.25
2025-03-19,rent,us,442.26
2025-03-19,rent,eu,442.26
2025-03-19,rent,apac,442.25
2025-03-19,rent,latam,442.25
2025-03-19,software_licenses,us,307.78
2025-03-19,software_licenses,eu,307.78
2025-03-19,software_licenses,apac,307.78
2025-03-19,software_licenses,latam,307.78
2025-03-19,logistics,us,1972.72
2025-03-19,logistics,eu,817.76
2025-03-19,logistics,apac,366.29
2025-03-19,logistics,latam,270.86
2025-03-19,packaging,us,440.87
2025-03-19,packaging,eu,200.36
2025-03-19,packaging,apac,79.77
2025-03-19,packaging,latam,79.7
2025-03-19,payment_processing_fees,us,392.92
2025-03-19,payment_processing_fees,eu,392.92
2025-03-19,payment_processing_fees,apac,392.92
2025-03-19,payment_processing_fees,latam,392.91
2025-03-19,customer_support_tooling,us,152.75
2025-03-19,customer_support_tooling,eu,152.75
2025-03-19,customer_support_tooling,apac,152.75
2025-03-19,customer_support_tooling,latam,152.75
2025-03-19,insurance,us,96.45
2025-03-19,insurance,eu,96.45
2025-03-19,insurance,apac,96.45
2025-03-19,insurance,latam,96.44
2025-03-20,rent,us,450.35
2025-03-20,rent,eu,450.34
2025-03-20,rent,apac,450.34
2025-03-20,rent,latam,450.34
2025-03-20,software_licenses,us,281.37
2025-03-20,software_licenses,eu,281.37
2025-03-20,software_licenses,apac,281.37
2025-03-20,software_licenses,latam,281.36
2025-03-20,logistics,us,1820.69
2025-03-20,logistics,eu,805.88
2025-03-20,logistics,apac,360.79
2025-03-20,logistics,latam,279.95
2025-03-20,packaging,us,411.93
2025-03-20,packaging,eu,178.19
2025-03-20,packaging,apac,85.35
2025-03-20,packaging,latam,74.16
2025-03-20,payment_processing_fees,us,351.42
2025-03-20,payment_processing_fees,eu,351.42
2025-03-20,payment_processing_fees,apac,351.41
2025-03-20,payment_processing_fees,latam,351.41
2025-03-20,customer_support_tooling,us,121.22
2025-03-20,customer_support_tooling,eu,121.22
2025-03-20,customer_support_tooling,apac,121.21
2025-03-20,customer_support_tooling,latam,121.21
2025-03-20,insurance,us,102.03
2025-03-20,insurance,eu,102.03
2025-03-20,insurance,apac,102.02
2025-03-20,insurance,latam,102.02
2025-03-21,rent,us,461.48
2025-03-21,rent,eu,461.47
2025-03-21,rent,apac,461.47
2025-03-21,rent,latam,461.47
2025-03-21,software_licenses,us,296.75
2025-03-21,software_licenses,eu,296.74
2025-03-21,software_licenses,apac,296.74
2025-03-21,software_licenses,latam,296.74
2025-03-21,logistics,us,1794.73
2025-03-21,logistics,eu,698.76
2025-03-21,logistics,apac,307.45
2025-03-21,logistics,latam,290.55
2025-03-21,packaging,us,488.23
2025-03-21,packaging,eu,190.44
2025-03-21,packaging,apac,90.35
2025-03-21,packaging,latam,62.29
2025-03-21,payment_processing_fees,us,404.66
2025-03-21,payment_processing_fees,eu,404.66
2025-03-21,payment_processing_fees,apac,404.66
2025-03-21,payment_processing_fees,latam,404.66
2025-03-21,customer_support_tooling,us,137.73
2025-03-21,customer_support_tooling,eu,137.73
2025-03-21,customer_support_tooling,apac,137.73
2025-03-21,customer_support_tooling,latam,137.72
2025-03-21,insurance,us,98.62
2025-03-21,insurance,eu,98.61
2025-03-21,insurance,apac,98.61
2025-03-21,insurance,latam,98.61
2025-03-22,rent,us,482.10
2025-03-22,rent,eu,482.10
2025-03-22,rent,apac,482.10
2025-03-22,rent,latam,482.09
2025-03-22,software_licenses,us,300.45
2025-03-22,software_licenses,eu,300.45
2025-03-22,software_licenses,apac,300.45
2025-03-22,software_licenses,latam,300.45
2025-03-22,logistics,us,1999.42
2025-03-22,logistics,eu,787.61
2025-03-22,logistics,apac,354.2
2025-03-22,logistics,latam,322.26
2025-03-22,packaging,us,496.01
2025-03-22,packaging,eu,190.61
2025-03-22,packaging,apac,79.68
2025-03-22,packaging,latam,63.32
2025-03-22,payment_processing_fees,us,443.54
2025-03-22,payment_processing_fees,eu,443.54
2025-03-22,payment_processing_fees,apac,443.54
2025-03-22,payment_processing_fees,latam,443.54
2025-03-22,customer_support_tooling,us,152.70
2025-03-22,customer_support_tooling,eu,152.70
2025-03-22,customer_support_tooling,apac,152.70
2025-03-22,customer_support_tooling,latam,152.70
2025-03-22,insurance,us,92.21
2025-03-22,insurance,eu,92.20
2025-03-22,insurance,apac,92.20
2025-03-22,insurance,latam,92.20
2025-03-23,rent,us,452.80
2025-03-23,rent,eu,452.80
2025-03-23,rent,apac,452.80
2025-03-23,rent,latam,452.79
2025-03-23,software_licenses,us,301.13
2025-03-23,software_licenses,eu,301.13
2025-03-23,software_licenses,apac,301.13
2025-03-23,software_licenses,latam,301.13
2025-03-23,logistics,us,1924.31
2025-03-23,logistics,eu,769.75
2025-03-23,logistics,apac,356.23
2025-03-23,logistics,latam,327.21
2025-03-23,packaging,us,433.35
2025-03-23,packaging,eu,213.31
2025-03-23,packaging,apac,86.64
2025-03-23,packaging,latam,66.82
2025-03-23,payment_processing_fees,us,336.21
2025-03-23,payment_processing_fees,eu,336.21
2025-03-23,payment_processing_fees,apac,336.20
2025-03-23,payment_processing_fees,latam,336.20
2025-03-23,customer_support_tooling,us,133.06
2025-03-23,customer_support_tooling,eu,133.05
2025-03-23,customer_support_tooling,apac,133.05
2025-03-23,customer_support_tooling,latam,133.05
2025-03-23,insurance,us,88.64
2025-03-23,insurance,eu,88.64
2025-03-23,insurance,apac,88.63
2025-03-23,insurance,latam,88.63
2025-03-24,rent,us,478.89
2025-03-24,rent,eu,478.89
2025-03-24,rent,apac,478.89
2025-03-24,rent,latam,478.89
2025-03-24,software_licenses,us,320.56
2025-03-24,software_licenses,eu,320.55
2025-03-24,software_licenses,apac,320.55
2025-03-24,software_licenses,latam,320.55
2025-03-24,logistics,us,1837.09
2025-03-24,logistics,eu,743.82
2025-03-24,logistics,apac,340.2
2025-03-24,logistics,latam,304.05
2025-03-24,packaging,us,442.64
2025-03-24,packaging,eu,170.25
2025-03-24,packaging,apac,78.89
2025-03-24,packaging,latam,73.49
2025-03-24,payment_processing_fees,us,374.84
2025-03-24,payment_processing_fees,eu,374.84
2025-03-24,payment_processing_fees,apac,374.84
2025-03-24,payment_processing_fees,latam,374.83
2025-03-24,customer_support_tooling,us,141.94
2025-03-24,customer_support_tooling,eu,141.94
2025-03-24,customer_support_tooling,apac,141.94
2025-03-24,customer_support_tooling,latam,141.94
2025-03-24,insurance,us,96.75
2025-03-24,insurance,eu,96.75
2025-03-24,insurance,apac,96.75
2025-03-24,insurance,latam,96.75
2025-03-25,rent,us,476.52
2025-03-25,rent,eu,476.52
2025-03-25,rent,apac,476.52
2025-03-25,rent,latam,476.52
2025-03-25,software_licenses,us,329.01
2025-03-25,software_licenses,eu,329.01
2025-03-25,software_licenses,apac,329.01
2025-03-25,software_licenses,latam,329.01
2025-03-25,logistics,us,1797.64
2025-03-25,logistics,eu,804.6
2025-03-25,logistics,apac,326.3
2025-03-25,logistics,latam,295.57
2025-03-25,packaging,us,494.85
2025-03-25,packaging,eu,180.47
2025-03-25,packaging,apac,85.92
2025-03-25,packaging,latam,82.35
2025-03-25,payment_processing_fees,us,425.16
2025-03-25,payment_processing_fees,eu,425.16
2025-03-25,payment_processing_fees,apac,425.16
2025-03-25,payment_processing_fees,latam,425.16
2025-03-25,customer_support_tooling,us,148.37
2025-03-25,customer_support_tooling,eu,148.37
2025-03-25,customer_support_tooling,apac,148.37
2025-03-25,customer_support_tooling,latam,148.36
2025-03-25,insurance,us,98.92
2025-03-25,insurance,eu,98.92
2025-03-25,insurance,apac,98.91
2025-03-25,insurance,latam,98.91
2025-03-26,rent,us,446.62
2025-03-26,rent,eu,446.62
2025-03-26,rent,apac,446.62
2025-03-26,rent,latam,446.62
2025-03-26,software_licenses,us,305.32
2025-03-26,software_licenses,eu,305.32
2025-03-26,software_licenses,apac,305.32
2025-03-26,software_licenses,latam,305.31
2025-03-26,logistics,us,1864.6
2025-03-26,logistics,eu,785.19
2025-03-26,logistics,apac,343.92
2025-03-26,logistics,latam,276.06
2025-03-26,packaging,us,425.95
2025-03-26,packaging,eu,196.82
2025-03-26,packaging,apac,92.59
2025-03-26,packaging,latam,71.75
2025-03-26,payment_processing_fees,us,417.02
2025-03-26,payment_processing_fees,eu,417.02
2025-03-26,payment_processing_fees,apac,417.02
2025-03-26,payment_processing_fees,latam,417.01
2025-03-26,customer_support_tooling,us,152.83
2025-03-26,customer_support_tooling,eu,152.83
2025-03-26,customer_support_tooling,apac,152.83
2025-03-26,customer_support_tooling,latam,152.82
2025-03-26,insurance,us,104.88
2025-03-26,insurance,eu,104.87
2025-03-26,insurance,apac,104.87
2025-03-26,insurance,latam,104.87
2025-03-27,rent,us,500.36
2025-03-27,rent,eu,500.36
2025-03-27,rent,apac,500.35
2025-03-27,rent,latam,500.35
2025-03-27,software_licenses,us,294.01
2025-03-27,software_licenses,eu,294.00
2025-03-27,software_licenses,apac,294.00
2025-03-27,software_licenses,latam,294.00
2025-03-27,logistics,us,2099.52
2025-03-27,logistics,eu,704.33
2025-03-27,logistics,apac,375.93
2025-03-27,logistics,latam,286.58
2025-03-27,packaging,us,471.86
2025-03-27,packaging,eu,181.81
2025-03-27,packaging,apac,78.83
2025-03-27,packaging,latam,65.94
2025-03-27,payment_processing_fees,us,405.26
2025-03-27,payment_processing_fees,eu,405.25
2025-03-27,payment_processing_fees,apac,405.25
2025-03-27,payment_processing_fees,latam,405.25
2025-03-27,customer_support_tooling,us,145.94
2025-03-27,customer_support_tooling,eu,145.94
2025-03-27,customer_support_tooling,apac,145.93
2025-03-27,customer_support_tooling,latam,145.93
2025-03-27,insurance,us,102.60
2025-03-27,insurance,eu,102.60
2025-03-27,insurance,apac,102.60
2025-03-27,insurance,latam,102.60
2025-03-28,rent,us,476.90
2025-03-28,rent,eu,476.90
2025-03-28,rent,apac,476.90
2025-03-28,rent,latam,476.89
2025-03-28,software_licenses,us,323.60
2025-03-28,software_licenses,eu,323.60
2025-03-28,software_licenses,apac,323.60
2025-03-28,software_licenses,latam,323.60
2025-03-28,logistics,us,1901.87
2025-03-28,logistics,eu,830.5
2025-03-28,logistics,apac,323.43
2025-03-28,logistics,latam,295.17
2025-03-28,packaging,us,467.92
2025-03-28,packaging,eu,185.44
2025-03-28,packaging,apac,72.18
2025-03-28,packaging,latam,72.86
2025-03-28,payment_processing_fees,us,383.65
2025-03-28,payment_processing_fees,eu,383.65
2025-03-28,payment_processing_fees,apac,383.64
2025-03-28,payment_processing_fees,latam,383.64
2025-03-28,customer_support_tooling,us,141.99
2025-03-28,customer_support_tooling,eu,141.99
2025-03-28,customer_support_tooling,apac,141.98
2025-03-28,customer_support_tooling,latam,141.98
2025-03-28,insurance,us,91.48
2025-03-28,insurance,eu,91.48
2025-03-28,insurance,apac,91.48
2025-03-28,insurance,latam,91.48
2025-03-29,rent,us,508.94
2025-03-29,rent,eu,508.94
2025-03-29,rent,apac,508.94
2025-03-29,rent,latam,508.93
2025-03-29,software_licenses,us,303.37
2025-03-29,software_licenses,eu,303.37
2025-03-29,software_licenses,apac,303.37
2025-03-29,software_licenses,latam,303.37
2025-03-29,logistics,us,1806.36
2025-03-29,logistics,eu,748.43
2025-03-29,logistics,apac,319.46
2025-03-29,logistics,latam,270.8
2025-03-29,packaging,us,372.17
2025-03-29,packaging,eu,188.3
2025-03-29,packaging,apac,69.62
2025-03-29,packaging,latam,72.13
2025-03-29,payment_processing_fees,us,404.69
2025-03-29,payment_processing_fees,eu,404.69
2025-03-29,payment_processing_fees,apac,404.69
2025-03-29,payment_processing_fees,latam,404.68
2025-03-29,customer_support_tooling,us,143.29
2025-03-29,customer_support_tooling,eu,143.28
2025-03-29,customer_support_tooling,apac,143.28
2025-03-29,customer_support_tooling,latam,143.28
2025-03-29,insurance,us,104.89
2025-03-29,insurance,eu,104.88
2025-03-29,insurance,apac,104.88
2025-03-29,insurance,latam,104.88
2025-03-30,rent,us,442.00
2025-03-30,rent,eu,442.00
2025-03-30,rent,apac,442.00
2025-03-30,rent,latam,442.00
2025-03-30,software_licenses,us,347.73
2025-03-30,software_licenses,eu,347.73
2025-03-30,software_licenses,apac,347.73
2025-03-30,software_licenses,latam,347.73
2025-03-30,logistics,us,1770.79
2025-03-30,logistics,eu,790.96
2025-03-30,logistics,apac,341.77
2025-03-30,logistics,latam,246.46
2025-03-30,packaging,us,443.49
2025-03-30,packaging,eu,179.61
2025-03-30,packaging,apac,78.8
2025-03-30,packaging,latam,65.97
2025-03-30,payment_processing_fees,us,369.28
2025-03-30,payment_processing_fees,eu,369.28
2025-03-30,payment_processing_fees,apac,369.28
2025-03-30,payment_processing_fees,latam,369.27
2025-03-30,customer_support_tooling,us,147.05
2025-03-30,customer_support_tooling,eu,147.05
2025-03-30,customer_support_tooling,apac,147.04
2025-03-30,customer_support_tooling,latam,147.04
2025-03-30,insurance,us,94.41
2025-03-30,insurance,eu,94.41
2025-03-30,insurance,apac,94.41
2025-03-30,insurance,latam,94.40
2025-04-01,rent,us,461.71
2025-04-01,rent,eu,461.71
2025-04-01,rent,apac,461.70
2025-04-01,rent,latam,461.70
2025-04-01,software_licenses,us,330.62
2025-04-01,software_licenses,eu,330.62
2025-04-01,software_licenses,apac,330.62
2025-04-01,software_licenses,latam,330.61
2025-04-01,logistics,us,1837.27
2025-04-01,logistics,eu,724.82
2025-04-01,logistics,apac,309.91
2025-04-01,logistics,latam,295.2
2025-04-01,packaging,us,411.92
2025-04-01,packaging,eu,166.81
2025-04-01,packaging,apac,81.68
2025-04-01,packaging,latam,74.59
2025-04-01,payment_processing_fees,us,359.04
2025-04-01,payment_processing_fees,eu,359.04
2025-04-01,payment_processing_fees,apac,359.03
2025-04-01,payment_processing_fees,latam,359.03
2025-04-01,customer_support_tooling,us,136.64
2025-04-01,customer_support_tooling,eu,136.63
2025-04-01,customer_support_tooling,apac,136.63
2025-04-01,customer_support_tooling,latam,136.63
2025-04-01,insurance,us,98.85
2025-04-01,insurance,eu,98.85
2025-04-01,insurance,apac,98.85
2025-04-01,insurance,latam,98.84
2025-04-02,rent,us,469.70
2025-04-02,rent,eu,469.69
2025-04-02,rent,apac,469.69
2025-04-02,rent,latam,469.69
2025-04-02,software_licenses,us,321.52
2025-04-02,software_licenses,eu,321.52
2025-04-02,software_licenses,apac,321.52
2025-04-02,software_licenses,latam,321.51
2025-04-02,logistics,us,1647.9
2025-04-02,logistics,eu,826.05
2025-04-02,logistics,apac,341.11
2025-04-02,logistics,latam,293.46
2025-04-02,packaging,us,420.32
2025-04-02,packaging,eu,161.84
2025-04-02,packaging,apac,83.11
2025-04-02,packaging,latam,70.96
2025-04-02,payment_processing_fees,us,391.79
2025-04-02,payment_processing_fees,eu,391.79
2025-04-02,payment_processing_fees,apac,391.79
2025-04-02,payment_processing_fees,latam,391.79
2025-04-02,customer_support_tooling,us,142.29
2025-04-02,customer_support_tooling,eu,142.29
2025-04-02,customer_support_tooling,apac,142.29
2025-04-02,customer_support_tooling,latam,142.29
2025-04-02,insurance,us,92.16
2025-04-02,insurance,eu,92.16
2025-04-02,insurance,apac,92.15
2025-04-02,insurance,latam,92.15
2025-04-03,rent,us,433.90
2025-04-03,rent,eu,433.89
2025-04-03,rent,apac,433.89
2025-04-03,rent,latam,433.89
2025-04-03,software_licenses,us,286.78
2025-04-03,software_licenses,eu,286.78
2025-04-03,software_licenses,apac,286.78
2025-04-03,software_licenses,latam,286.77
2025-04-03,logistics,us,1795.41
2025-04-03,logistics,eu,789.55
2025-04-03,logistics,apac,369.19
2025-04-03,logistics,latam,283.8
2025-04-03,packaging,us,438.14
2025-04-03,packaging,eu,205.09
2025-04-03,packaging,apac,94.05
2025-04-03,packaging,latam,61.07
2025-04-03,payment_processing_fees,us,393.71
2025-04-03,payment_processing_fees,eu,393.70
2025-04-03,payment_processing_fees,apac,393.70
2025-04-03,payment_processing_fees,latam,393.70
2025-04-03,customer_support_tooling,us,129.04
2025-04-03,customer_support_tooling,eu,129.04
2025-04-03,customer_support_tooling,apac,129.04
2025-04-03,customer_support_tooling,latam,129.03
2025-04-03,insurance,us,100.65
2025-04-03,insurance,eu,100.65
2025-04-03,insurance,apac,100.65
2025-04-03,insurance,latam,100.65
2025-04-04,rent,us,519.87
2025-04-04,rent,eu,519.86
2025-04-04,rent,apac,519.86
2025-04-04,rent,latam,519.86
2025-04-04,software_licenses,us,319.43
2025-04-04,software_licenses,eu,319.43
2025-04-04,software_licenses,apac,319.43
2025-04-04,software_licenses,latam,319.43
2025-04-04,logistics,us,2050.96
2025-04-04,logistics,eu,822.52
2025-04-04,logistics,apac,353.9
2025-04-04,logistics,latam,307.08
2025-04-04,packaging,us,487.95
2025-04-04,packaging,eu,193.61
2025-04-04,packaging,apac,75.52
2025-04-04,packaging,latam,73.5
2025-04-04,payment_processing_fees,us,401.71
2025-04-04,payment_processing_fees,eu,401.71
2025-04-04,payment_processing_fees,apac,401.71
2025-04-04,payment_processing_fees,latam,401.71
2025-04-04,customer_support_tooling,us,136.52
2025-04-04,customer_support_tooling,eu,136.52
2025-04-04,customer_support_tooling,apac,136.52
2025-04-04,customer_support_tooling,latam,136.51
2025-04-04,insurance,us,105.87
2025-04-04,insurance,eu,105.86
2025-04-04,insurance,apac,105.86
2025-04-04,insurance,latam,105.86
2025-04-05,rent,us,446.11
2025-04-05,rent,eu,446.11
2025-04-05,rent,apac,446.11
2025-04-05,rent,latam,446.10
2025-04-05,software_licenses,us,320.20
2025-04-05,software_licenses,eu,320.20
2025-04-05,software_licenses,apac,320.20
2025-04-05,software_licenses,latam,320.20
2025-04-05,logistics,us,1833.31
2025-04-05,logistics,eu,795.99
2025-04-05,logistics,apac,364.87
2025-04-05,logistics,latam,281.88
2025-04-05,packaging,us,494.35
2025-04-05,packaging,eu,189.8
2025-04-05,packaging,apac,84.18
2025-04-05,packaging,latam,78.9
2025-04-05,payment_processing_fees,us,398.38
2025-04-05,payment_processing_fees,eu,398.38
2025-04-05,payment_processing_fees,apac,398.37
2025-04-05,payment_processing_fees,latam,398.37
2025-04-05,customer_support_tooling,us,146.60
2025-04-05,customer_support_tooling,eu,146.59
2025-04-05,customer_support_tooling,apac,146.59
2025-04-05,customer_support_tooling,latam,146.59
2025-04-05,insurance,us,97.34
2025-04-05,insurance,eu,97.34
2025-04-05,insurance,apac,97.34
2025-04-05,insurance,latam,97.33
2025-04-06,rent,us,496.02
2025-04-06,rent,eu,496.02
2025-04-06,rent,apac,496.01
2025-04-06,rent,latam,496.01
2025-04-06,software_licenses,us,323.69
2025-04-06,software_licenses,eu,323.69
2025-04-06,software_licenses,apac,323.69
2025-04-06,software_licenses,latam,323.69
2025-04-06,logistics,us,1828.31
2025-04-06,logistics,eu,804.32
2025-04-06,logistics,apac,352.02
2025-04-06,logistics,latam,303.66
2025-04-06,packaging,us,436.76
2025-04-06,packaging,eu,171.85
2025-04-06,packaging,apac,80.41
2025-04-06,packaging,latam,79.31
2025-04-06,payment_processing_fees,us,399.69
2025-04-06,payment_processing_fees,eu,399.69
2025-04-06,payment_processing_fees,apac,399.68
2025-04-06,payment_processing_fees,latam,399.68
2025-04-06,customer_support_tooling,us,147.24
2025-04-06,customer_support_tooling,eu,147.23
2025-04-06,customer_support_tooling,apac,147.23
2025-04-06,customer_support_tooling,latam,147.23
2025-04-06,insurance,us,94.48
2025-04-06,insurance,eu,94.47
2025-04-06,insurance,apac,94.47
2025-04-06,insurance,latam,94.47
2025-04-07,rent,us,477.32
2025-04-07,rent,eu,477.31
2025-04-07,rent,apac,477.31
2025-04-07,rent,latam,477.31
2025-04-07,software_licenses,us,316.24
2025-04-07,software_licenses,eu,316.24
2025-04-07,software_licenses,apac,316.24
2025-04-07,software_licenses,latam,316.23
2025-04-07,logistics,us,1906.05
2025-04-07,logistics,eu,716.6
2025-04-07,logistics,apac,324.01
2025-04-07,logistics,latam,328.73
2025-04-07,packaging,us,440.82
2025-04-07,packaging,eu,187.87
2025-04-07,packaging,apac,83.14
2025-04-07,packaging,latam,75.2
2025-04-07,payment_processing_fees,us,409.36
2025-04-07,payment_processing_fees,eu,409.36
2025-04-07,payment_processing_fees,apac,409.35
2025-04-07,payment_processing_fees,latam,409.35
2025-04-07,customer_support_tooling,us,146.68
2025-04-07,customer_support_tooling,eu,146.68
2025-04-07,customer_support_tooling,apac,146.67
2025-04-07,customer_support_tooling,latam,146.67
2025-04-07,insurance,us,95.46
2025-04-07,insurance,eu,95.46
2025-04-07,insurance,apac,95.46
2025-04-07,insurance,latam,95.45
2025-04-08,rent,us,451.38
2025-04-08,rent,eu,451.38
2025-04-08,rent,apac,451.38
2025-04-08,rent,latam,451.38
2025-04-08,software_licenses,us,343.92
2025-04-08,software_licenses,eu,343.91
2025-04-08,software_licenses,apac,343.91
2025-04-08,software_licenses,latam,343.91
2025-04-08,logistics,us,1926.7
2025-04-08,logistics,eu,769.73
2025-04-08,logistics,apac,326.36
2025-04-08,logistics,latam,279.7
2025-04-08,packaging,us,500.17
2025-04-08,packaging,eu,194.38
2025-04-08,packaging,apac,71.34
2025-04-08,packaging,latam,60.48
2025-04-08,payment_processing_fees,us,385.39
2025-04-08,payment_processing_fees,eu,385.39
2025-04-08,payment_processing_fees,apac,385.38
2025-04-08,payment_processing_fees,latam,385.38
2025-04-08,customer_support_tooling,us,149.45
2025-04-08,customer_support_tooling,eu,149.45
2025-04-08,customer_support_tooling,apac,149.44
2025-04-08,customer_support_tooling,latam,149.44
2025-04-08,insurance,us,102.61
2025-04-08,insurance,eu,102.61
2025-04-08,insurance,apac,102.61
2025-04-08,insurance,latam,102.60
2025-04-09,rent,us,479.45
2025-04-09,rent,eu,479.45
2025-04-09,rent,apac,479.44
2025-04-09,rent,latam,479.44
2025-04-09,software_licenses,us,316.83
2025-04-09,software_licenses,eu,316.83
2025-04-09,software_licenses,apac,316.83
2025-04-09,software_licenses,latam,316.82
2025-04-09,logistics,us,2030.77
2025-04-09,logistics,eu,832.42
2025-04-09,logistics,apac,368.86
2025-04-09,logistics,latam,289.52
2025-04-09,packaging,us,473.68
2025-04-09,packaging,eu,189.54
2025-04-09,packaging,apac,77.21
2025-04-09,packaging,latam,69.71
2025-04-09,payment_processing_fees,us,395.27
2025-04-09,payment_processing_fees,eu,395.27
2025-04-09,payment_processing_fees,apac,395.27
2025-04-09,payment_processing_fees,latam,395.26
2025-04-09,customer_support_tooling,us,134.22
2025-04-09,customer_support_tooling,eu,134.22
2025-04-09,customer_support_tooling,apac,134.22
2025-04-09,customer_support_tooling,latam,134.21
2025-04-09,insurance,us,98.27
2025-04-09,insurance,eu,98.27
2025-04-09,insurance,apac,98.26
2025-04-09,insurance,latam,98.26
2025-04-10,rent,us,486.76
2025-04-10,rent,eu,486.76
2025-04-10,rent,apac,486.75
2025-04-10,rent,latam,486.75
2025-04-10,software_licenses,us,320.06
2025-04-10,software_licenses,eu,320.06
2025-04-10,software_licenses,apac,320.05
2025-04-10,software_licenses,latam,320.05
2025-04-10,logistics,us,1884.02
2025-04-10,logistics,eu,818.95
2025-04-10,logistics,apac,364.5
2025-04-10,logistics,latam,297.76
2025-04-10,packaging,us,461.27
2025-04-10,packaging,eu,188.68
2025-04-10,packaging,apac,79.09
2025-04-10,packaging,latam,75.09
2025-04-10,payment_processing_fees,us,383.00
2025-04-10,payment_processing_fees,eu,383.00
2025-04-10,payment_processing_fees,apac,383.00
2025-04-10,payment_processing_fees,latam,383.00
2025-04-10,customer_support_tooling,us,138.06
2025-04-10,customer_support_tooling,eu,138.06
2025-04-10,customer_support_tooling,apac,138.06
2025-04-10,customer_support_tooling,latam,138.05
2025-04-10,insurance,us,88.63
2025-04-10,insurance,eu,88.63
2025-04-10,insurance,apac,88.63
2025-04-10,insurance,latam,88.63
2025-04-11,rent,us,493.42
2025-04-11,rent,eu,493.42
2025-04-11,rent,apac,493.42
2025-04-11,rent,latam,493.41
2025-04-11,software_licenses,us,346.97
2025-04-11,software_licenses,eu,346.97
2025-04-11,software_licenses,apac,346.96
2025-04-11,software_licenses,latam,346.96
2025-04-11,logistics,us,1841.96
2025-04-11,logistics,eu,733.7
2025-04-11,logistics,apac,330.03
2025-04-11,logistics,latam,326.53
2025-04-11,packaging,us,453.0
2025-04-11,packaging,eu,161.97
2025-04-11,packaging,apac,88.69
2025-04-11,packaging,latam,80.67
2025-04-11,payment_processing_fees,us,417.74
2025-04-11,payment_processing_fees,eu,417.74
2025-04-11,payment_processing_fees,apac,417.74
2025-04-11,payment_processing_fees,latam,417.74
2025-04-11,customer_support_tooling,us,145.61
2025-04-11,customer_support_tooling,eu,145.60
2025-04-11,customer_support_tooling,apac,145.60
2025-04-11,customer_support_tooling,latam,145.60
2025-04-11,insurance,us,89.57
2025-04-11,insurance,eu,89.57
2025-04-11,insurance,apac,89.56
2025-04-11,insurance,latam,89.56
2025-04-12,rent,us,479.40
2025-04-12,rent,eu,479.40
2025-04-12,rent,apac,479.39
2025-04-12,rent,latam,479.39
2025-04-12,software_licenses,us,329.57
2025-04-12,software_licenses,eu,329.57
2025-04-12,software_licenses,apac,329.56
2025-04-12,software_licenses,latam,329.56
2025-04-12,logistics,us,1816.04
2025-04-12,logistics,eu,751.52
2025-04-12,logistics,apac,319.91
2025-04-12,logistics,latam,285.07
2025-04-12,packaging,us,491.78
2025-04-12,packaging,eu,189.78
2025-04-12,packaging,apac,76.03
2025-04-12,packaging,latam,63.98
2025-04-12,payment_processing_fees,us,403.79
2025-04-12,payment_processing_fees,eu,403.79
2025-04-12,payment_processing_fees,apac,403.79
2025-04-12,payment_processing_fees,latam,403.78
2025-04-12,customer_support_tooling,us,144.03
2025-04-12,customer_support_tooling,eu,144.03
2025-04-12,customer_support_tooling,apac,144.02
2025-04-12,customer_support_tooling,latam,144.02
2025-04-12,insurance,us,99.84
2025-04-12,insurance,eu,99.83
2025-04-12,insurance,apac,99.83
2025-04-12,insurance,latam,99.83
2025-04-13,rent,us,486.84
2025-04-13,rent,eu,486.84
2025-04-13,rent,apac,486.84
2025-04-13,rent,latam,486.83
2025-04-13,software_licenses,us,340.68
2025-04-13,software_licenses,eu,340.68
2025-04-13,software_licenses,apac,340.67
2025-04-13,software_licenses,latam,340.67
2025-04-13,logistics,us,1757.65
2025-04-13,logistics,eu,760.24
2025-04-13,logistics,apac,350.52
2025-04-13,logistics,latam,324.12
2025-04-13,packaging,us,431.48
2025-04-13,packaging,eu,175.64
2025-04-13,packaging,apac,81.37
2025-04-13,packaging,latam,71.23
2025-04-13,payment_processing_fees,us,393.68
2025-04-13,payment_processing_fees,eu,393.67
2025-04-13,payment_processing_fees,apac,393.67
2025-04-13,payment_processing_fees,latam,393.67
2025-04-13,customer_support_tooling,us,134.96
2025-04-13,customer_support_tooling,eu,134.95
2025-04-13,customer_support_tooling,apac,134.95
2025-04-13,customer_support_tooling,latam,134.95
2025-04-13,insurance,us,105.26
2025-04-13,insurance,eu,105.26
2025-04-13,insurance,apac,105.25
2025-04-13,insurance,latam,105.25
2025-04-14,rent,us,504.51
2025-04-14,rent,eu,504.51
2025-04-14,rent,apac,504.51
2025-04-14,rent,latam,504.51
2025-04-14,software_licenses,us,326.19
2025-04-14,software_licenses,eu,326.19
2025-04-14,software_licenses,apac,326.18
2025-04-14,software_licenses,latam,326.18
2025-04-14,logistics,us,1931.72
2025-04-14,logistics,eu,696.5
2025-04-14,logistics,apac,330.6
2025-04-14,logistics,latam,290.7
2025-04-14,packaging,us,454.98
2025-04-14,packaging,eu,188.08
2025-04-14,packaging,apac,75.33
2025-04-14,packaging,latam,76.93
2025-04-14,payment_processing_fees,us,373.15
2025-04-14,payment_processing_fees,eu,373.15
2025-04-14,payment_processing_fees,apac,373.15
2025-04-14,payment_processing_fees,latam,373.15
2025-04-14,customer_support_tooling,us,142.79
2025-04-14,customer_support_tooling,eu,142.79
2025-04-14,customer_support_tooling,apac,142.79
2025-04-14,customer_support_tooling,latam,142.79
2025-04-14,insurance,us,101.88
2025-04-14,insurance,eu,101.88
2025-04-14,insurance,apac,101.88
2025-04-14,insurance,latam,101.88
2025-04-15,rent,us,469.02
2025-04-15,rent,eu,469.02
2025-04-15,rent,apac,469.02
2025-04-15,rent,latam,469.01
2025-04-15,software_licenses,us,306.05
2025-04-15,software_licenses,eu,306.04
2025-04-15,software_licenses,apac,306.04
2025-04-15,software_licenses,latam,306.04
2025-04-15,logistics,us,1902.81
2025-04-15,logistics,eu,719.85
2025-04-15,logistics,apac,366.44
2025-04-15,logistics,latam,294.34
2025-04-15,packaging,us,413.94
2025-04-15,packaging,eu,171.03
2025-04-15,packaging,apac,77.34
2025-04-15,packaging,latam,63.87
2025-04-15,payment_processing_fees,us,407.70
2025-04-15,payment_processing_fees,eu,407.70
2025-04-15,payment_processing_fees,apac,407.70
2025-04-15,payment_processing_fees,latam,407.70
2025-04-15,customer_support_tooling,us,144.35
2025-04-15,customer_support_tooling,eu,144.35
2025-04-15,customer_support_tooling,apac,144.34
2025-04-15,customer_support_tooling,latam,144.34
2025-04-15,insurance,us,91.38
2025-04-15,insurance,eu,91.38
2025-04-15,insurance,apac,91.38
2025-04-15,insurance,latam,91.38
2025-04-16,rent,us,501.05
2025-04-16,rent,eu,501.04
2025-04-16,rent,apac,501.04
2025-04-16,rent,latam,501.04
2025-04-16,software_licenses,us,309.91
2025-04-16,software_licenses,eu,309.91
2025-04-16,software_licenses,apac,309.91
2025-04-16,software_licenses,latam,309.90
2025-04-16,logistics,us,1788.05
2025-04-16,logistics,eu,680.02
2025-04-16,logistics,apac,293.03
2025-04-16,logistics,latam,276.19
2025-04-16,packaging,us,433.34
2025-04-16,packaging,eu,175.64
2025-04-16,packaging,apac,75.19
2025-04-16,packaging,latam,73.34
2025-04-16,payment_processing_fees,us,391.94
2025-04-16,payment_processing_fees,eu,391.94
2025-04-16,payment_processing_fees,apac,391.94
2025-04-16,payment_processing_fees,latam,391.94
2025-04-16,customer_support_tooling,us,143.44
2025-04-16,customer_support_tooling,eu,143.43
2025-04-16,customer_support_tooling,apac,143.43
2025-04-16,customer_support_tooling,latam,143.43
2025-04-16,insurance,us,100.96
2025-04-16,insurance,eu,100.96
2025-04-16,insurance,apac,100.96
2025-04-16,insurance,latam,100.96
2025-04-17,rent,us,472.31
2025-04-17,rent,eu,472.31
2025-04-17,rent,apac,472.31
2025-04-17,rent,latam,472.31
2025-04-17,software_licenses,us,301.53
2025-04-17,software_licenses,eu,301.53
2025-04-17,software_licenses,apac,301.53
2025-04-17,software_licenses,latam,301.53
2025-04-17,logistics,us,1730.31
2025-04-17,logistics,eu,755.47
2025-04-17,logistics,apac,317.29
2025-04-17,logistics,latam,276.97
2025-04-17,packaging,us,486.92
2025-04-17,packaging,eu,194.83
2025-04-17,packaging,apac,78.89
2025-04-17,packaging,latam,71.14
2025-04-17,payment_processing_fees,us,421.09
2025-04-17,payment_processing_fees,eu,421.09
2025-04-17,payment_processing_fees,apac,421.09
2025-04-17,payment_processing_fees,latam,421.08
2025-04-17,customer_support_tooling,us,149.94
2025-04-17,customer_support_tooling,eu,149.93
2025-04-17,customer_support_tooling,apac,149.93
2025-04-17,customer_support_tooling,latam,149.93
2025-04-17,insurance,us,112.78
2025-04-17,insurance,eu,112.78
2025-04-17,insurance,apac,112.77
2025-04-17,insurance,latam,112.77
2025-04-18,rent,us,452.61
2025-04-18,rent,eu,452.61
2025-04-18,rent,apac,452.61
2025-04-18,rent,latam,452.61
2025-04-18,software_licenses,us,316.64
2025-04-18,software_licenses,eu,316.63
2025-04-18,software_licenses,apac,316.63
2025-04-18,software_licenses,latam,316.63
2025-04-18,logistics,us,1866.18
2025-04-18,logistics,eu,780.13
2025-04-18,logistics,apac,348.89
2025-04-18,logistics,latam,304.36
2025-04-18,packaging,us,477.84
2025-04-18,packaging,eu,189.74
2025-04-18,packaging,apac,86.35
2025-04-18,packaging,latam,77.69
2025-04-18,payment_processing_fees,us,405.45
2025-04-18,payment_processing_fees,eu,405.45
2025-04-18,payment_processing_fees,apac,405.45
2025-04-18,payment_processing_fees,latam,405.45
2025-04-18,customer_support_tooling,us,144.04
2025-04-18,customer_support_tooling,eu,144.04
2025-04-18,customer_support_tooling,apac,144.04
2025-04-18,customer_support_tooling,latam,144.04
2025-04-18,insurance,us,97.16
2025-04-18,insurance,eu,97.16
2025-04-18,insurance,apac,97.16
2025-04-18,insurance,latam,97.16
2025-04-19,rent,us,474.66
2025-04-19,rent,eu,474.65
2025-04-19,rent,apac,474.65
2025-04-19,rent,latam,474.65
2025-04-19,software_licenses,us,323.18
2025-04-19,software_licenses,eu,323.18
2025-04-19,software_licenses,apac,323.18
2025-04-19,software_licenses,latam,323.17
2025-04-19,logistics,us,1934.06
2025-04-19,logistics,eu,782.18
2025-04-19,logistics,apac,339.76
2025-04-19,logistics,latam,307.22
2025-04-19,packaging,us,477.19
2025-04-19,packaging,eu,176.77
2025-04-19,packaging,apac,83.01
2025-04-19,packaging,latam,77.23
2025-04-19,payment_processing_fees,us,383.70
2025-04-19,payment_processing_fees,eu,383.70
2025-04-19,payment_processing_fees,apac,383.69
2025-04-19,payment_processing_fees,latam,383.69
2025-04-19,customer_support_tooling,us,131.94
2025-04-19,customer_support_tooling,eu,131.93
2025-04-19,customer_support_tooling,apac,131.93
2025-04-19,customer_support_tooling,latam,131.93
2025-04-19,insurance,us,96.00
2025-04-19,insurance,eu,96.00
2025-04-19,insurance,apac,95.99
2025-04-19,insurance,latam,95.99
2025-04-20,rent,us,482.53
2025-04-20,rent,eu,482.53
2025-04-20,rent,apac,482.53
2025-04-20,rent,latam,482.52
2025-04-20,software_licenses,us,316.67
2025-04-20,software_licenses,eu,316.66
2025-04-20,software_licenses,apac,316.66
2025-04-20,software_licenses,latam,316.66
2025-04-20,logistics,us,1843.85
2025-04-20,logistics,eu,710.22
2025-04-20,logistics,apac,342.49
2025-04-20,logistics,latam,310.6
2025-04-20,packaging,us,467.53
2025-04-20,packaging,eu,206.49
2025-04-20,packaging,apac,74.42
2025-04-20,packaging,latam,64.38
2025-04-20,payment_processing_fees,us,392.85
2025-04-20,payment_processing_fees,eu,392.85
2025-04-20,payment_processing_fees,apac,392.84
2025-04-20,payment_processing_fees,latam,392.84
2025-04-20,customer_support_tooling,us,138.22
2025-04-20,customer_support_tooling,eu,138.22
2025-04-20,customer_support_tooling,apac,138.22
2025-04-20,customer_support_tooling,latam,138.22
2025-04-20,insurance,us,112.90
2025-04-20,insurance,eu,112.90
2025-04-20,insurance,apac,112.90
2025-04-20,insurance,latam,112.89
2025-04-21,rent,us,465.80
2025-04-21,rent,eu,465.79
2025-04-21,rent,apac,465.79
2025-04-21,rent,latam,465.79
2025-04-21,software_licenses,us,309.97
2025-04-21,software_licenses,eu,309.96
2025-04-21,software_licenses,apac,309.96
2025-04-21,software_licenses,latam,309.96
2025-04-21,logistics,us,1865.15
2025-04-21,logistics,eu,789.11
2025-04-21,logistics,apac,338.22
2025-04-21,logistics,latam,293.27
2025-04-21,packaging,us,432.07
2025-04-21,packaging,eu,211.3
2025-04-21,packaging,apac,75.02
2025-04-21,packaging,latam,73.41
2025-04-21,payment_processing_fees,us,388.75
2025-04-21,payment_processing_fees,eu,388.75
2025-04-21,payment_processing_fees,apac,388.74
2025-04-21,payment_processing_fees,latam,388.74
2025-04-21,customer_support_tooling,us,148.77
2025-04-21,customer_support_tooling,eu,148.77
2025-04-21,customer_support_tooling,apac,148.77
2025-04-21,customer_support_tooling,latam,148.76
2025-04-21,insurance,us,92.16
2025-04-21,insurance,eu,92.15
2025-04-21,insurance,apac,92.15
2025-04-21,insurance,latam,92.15
2025-04-22,rent,us,494.45
2025-04-22,rent,eu,494.45
2025-04-22,rent,apac,494.45
2025-04-22,rent,latam,494.44
2025-04-22,software_licenses,us,331.40
2025-04-22,software_licenses,eu,331.39
2025-04-22,software_licenses,apac,331.39
2025-04-22,software_licenses,latam,331.39
2025-04-22,logistics,us,1912.95
2025-04-22,logistics,eu,727.93
2025-04-22,logistics,apac,340.72
2025-04-22,logistics,latam,306.17
2025-04-22,packaging,us,473.25
2025-04-22,packaging,eu,168.65
2025-04-22,packaging,apac,80.6
2025-04-22,packaging,latam,69.1
2025-04-22,payment_processing_fees,us,392.92
2025-04-22,payment_processing_fees,eu,392.92
2025-04-22,payment_processing_fees,apac,392.92
2025-04-22,payment_processing_fees,latam,392.91
2025-04-22,customer_support_tooling,us,142.93
2025-04-22,customer_support_tooling,eu,142.93
2025-04-22,customer_support_tooling,apac,142.92
2025-04-22,customer_support_tooling,latam,142.92
2025-04-22,insurance,us,100.26
2025-04-22,insurance,eu,100.26
2025-04-22,insurance,apac,100.25
2025-04-22,insurance,latam,100.25
2025-04-23,rent,us,475.77
2025-04-23,rent,eu,475.77
2025-04-23,rent,apac,475.76
2025-04-23,rent,latam,475.76
2025-04-23,software_licenses,us,303.18
2025-04-23,software_licenses,eu,303.18
2025-04-23,software_licenses,apac,303.18
2025-04-23,software_licenses,latam,303.18
2025-04-23,logistics,us,1939.44
2025-04-23,logistics,eu,827.51
2025-04-23,logistics,apac,321.18
2025-04-23,logistics,latam,272.88
2025-04-23,packaging,us,447.17
2025-04-23,packaging,eu,217.56
2025-04-23,packaging,apac,79.7
2025-04-23,packaging,latam,71.67
2025-04-23,payment_processing_fees,us,424.11
2025-04-23,payment_processing_fees,eu,424.11
2025-04-23,payment_processing_fees,apac,424.10
2025-04-23,payment_processing_fees,latam,424.10
2025-04-23,customer_support_tooling,us,150.19
2025-04-23,customer_support_tooling,eu,150.19
2025-04-23,customer_support_tooling,apac,150.19
2025-04-23,customer_support_tooling,latam,150.19
2025-04-23,insurance,us,100.48
2025-04-23,insurance,eu,100.48
2025-04-23,insurance,apac,100.48
2025-04-23,insurance,latam,100.48
2025-04-24,rent,us,475.71
2025-04-24,rent,eu,475.71
2025-04-24,rent,apac,475.70
2025-04-24,rent,latam,475.70
2025-04-24,software_licenses,us,291.97
2025-04-24,software_licenses,eu,291.97
2025-04-24,software_licenses,apac,291.97
2025-04-24,software_licenses,latam,291.96
2025-04-24,logistics,us,1999.31
2025-04-24,logistics,eu,712.13
2025-04-24,logistics,apac,363.77
2025-04-24,logistics,latam,255.84
2025-04-24,packaging,us,437.0
2025-04-24,packaging,eu,169.22
2025-04-24,packaging,apac,85.16
2025-04-24,packaging,latam,64.37
2025-04-24,payment_processing_fees,us,400.91
2025-04-24,payment_processing_fees,eu,400.91
2025-04-24,payment_processing_fees,apac,400.90
2025-04-24,payment_processing_fees,latam,400.90
2025-04-24,customer_support_tooling,us,144.61
2025-04-24,customer_support_tooling,eu,144.61
2025-04-24,customer_support_tooling,apac,144.60
2025-04-24,customer_support_tooling,latam,144.60
2025-04-24,insurance,us,106.41
2025-04-24,insurance,eu,106.40
2025-04-24,insurance,apac,106.40
2025-04-24,insurance,latam,106.40
2025-04-25,rent,us,520.32
2025-04-25,rent,eu,520.32
2025-04-25,rent,apac,520.32
2025-04-25,rent,latam,520.32
2025-04-25,software_licenses,us,312.10
2025-04-25,software_licenses,eu,312.10
2025-04-25,software_licenses,apac,312.10
2025-04-25,software_licenses,latam,312.10
2025-04-25,logistics,us,1744.46
2025-04-25,logistics,eu,690.72
2025-04-25,logistics,apac,360.55
2025-04-25,logistics,latam,252.02
2025-04-25,packaging,us,409.56
2025-04-25,packaging,eu,186.59
2025-04-25,packaging,apac,74.19
2025-04-25,packaging,latam,63.83
2025-04-25,payment_processing_fees,us,411.06
2025-04-25,payment_processing_fees,eu,411.06
2025-04-25,payment_processing_fees,apac,411.06
2025-04-25,payment_processing_fees,latam,411.06
2025-04-25,customer_support_tooling,us,140.88
2025-04-25,customer_support_tooling,eu,140.87
2025-04-25,customer_support_tooling,apac,140.87
2025-04-25,customer_support_tooling,latam,140.87
2025-04-25,insurance,us,95.78
2025-04-25,insurance,eu,95.78
2025-04-25,insurance,apac,95.77
2025-04-25,insurance,latam,95.77
2025-04-26,rent,us,473.50
2025-04-26,rent,eu,473.50
2025-04-26,rent,apac,473.49
2025-04-26,rent,latam,473.49
2025-04-26,software_licenses,us,298.15
2025-04-26,software_licenses,eu,298.15
2025-04-26,software_licenses,apac,298.14
2025-04-26,software_licenses,latam,298.14
2025-04-26,logistics,us,1909.79
2025-04-26,logistics,eu,818.04
2025-04-26,logistics,apac,334.46
2025-04-26,logistics,latam,299.33
2025-04-26,packaging,us,511.92
2025-04-26,packaging,eu,173.94
2025-04-26,packaging,apac,66.64
2025-04-26,packaging,latam,72.82
2025-04-26,payment_processing_fees,us,403.69
2025-04-26,payment_processing_fees,eu,403.69
2025-04-26,payment_processing_fees,apac,403.68
2025-04-26,payment_processing_fees,latam,403.68
2025-04-26,customer_support_tooling,us,134.72
2025-04-26,customer_support_tooling,eu,134.72
2025-04-26,customer_support_tooling,apac,134.71
2025-04-26,customer_support_tooling,latam,134.71
2025-04-26,insurance,us,101.52
2025-04-26,insurance,eu,101.52
2025-04-26,insurance,apac,101.51
2025-04-26,insurance,latam,101.51
2025-04-27,rent,us,460.32
2025-04-27,rent,eu,460.32
2025-04-27,rent,apac,460.31
2025-04-27,rent,latam,460.31
2025-04-27,software_licenses,us,320.72
2025-04-27,software_licenses,eu,320.72
2025-04-27,software_licenses,apac,320.71
2025-04-27,software_licenses,latam,320.71
2025-04-27,logistics,us,1766.52
2025-04-27,logistics,eu,770.33
2025-04-27,logistics,apac,378.85
2025-04-27,logistics,latam,292.29
2025-04-27,packaging,us,413.24
2025-04-27,packaging,eu,177.16
2025-04-27,packaging,apac,74.67
2025-04-27,packaging,latam,72.08
2025-04-27,payment_processing_fees,us,419.78
2025-04-27,payment_processing_fees,eu,419.78
2025-04-27,payment_processing_fees,apac,419.78
2025-04-27,payment_processing_fees,latam,419.78
2025-04-27,customer_support_tooling,us,136.46
2025-04-27,customer_support_tooling,eu,136.45
2025-04-27,customer_support_tooling,apac,136.45
2025-04-27,customer_support_tooling,latam,136.45
2025-04-27,insurance,us,100.47
2025-04-27,insurance,eu,100.47
2025-04-27,insurance,apac,100.47
2025-04-27,insurance,latam,100.46
2025-04-28,rent,us,445.79
2025-04-28,rent,eu,445.79
2025-04-28,rent,apac,445.78
2025-04-28,rent,latam,445.78
2025-04-28,software_licenses,us,320.72
2025-04-28,software_licenses,eu,320.72
2025-04-28,software_licenses,apac,320.71
2025-04-28,software_licenses,latam,320.71
2025-04-28,logistics,us,1626.35
2025-04-28,logistics,eu,750.63
2025-04-28,logistics,apac,309.4
2025-04-28,logistics,latam,276.17
2025-04-28,packaging,us,473.01
2025-04-28,packaging,eu,176.19
2025-04-28,packaging,apac,85.84
2025-04-28,packaging,latam,74.24
2025-04-28,payment_processing_fees,us,384.63
2025-04-28,payment_processing_fees,eu,384.63
2025-04-28,payment_processing_fees,apac,384.63
2025-04-28,payment_processing_fees,latam,384.62
2025-04-28,customer_support_tooling,us,151.30
2025-04-28,customer_support_tooling,eu,151.29
2025-04-28,customer_support_tooling,apac,151.29
2025-04-28,customer_support_tooling,latam,151.29
2025-04-28,insurance,us,106.27
2025-04-28,insurance,eu,106.27
2025-04-28,insurance,apac,106.27
2025-04-28,insurance,latam,106.26
2025-04-29,rent,us,476.99
2025-04-29,rent,eu,476.99
2025-04-29,rent,apac,476.98
2025-04-29,rent,latam,476.98
2025-04-29,software_licenses,us,324.20
2025-04-29,software_licenses,eu,324.19
2025-04-29,software_licenses,apac,324.19
2025-04-29,software_licenses,latam,324.19
2025-04-29,logistics,us,1779.47
2025-04-29,logistics,eu,795.39
2025-04-29,logistics,apac,324.49
2025-04-29,logistics,latam,311.57
2025-04-29,packaging,us,423.59
2025-04-29,packaging,eu,191.15
2025-04-29,packaging,apac,88.91
2025-04-29,packaging,latam,73.74
2025-04-29,payment_processing_fees,us,406.48
2025-04-29,payment_processing_fees,eu,406.48
2025-04-29,payment_processing_fees,apac,406.48
2025-04-29,payment_processing_fees,latam,406.48
2025-04-29,customer_support_tooling,us,147.19
2025-04-29,customer_support_tooling,eu,147.19
2025-04-29,customer_support_tooling,apac,147.19
2025-04-29,customer_support_tooling,latam,147.18
2025-04-29,insurance,us,101.04
2025-04-29,insurance,eu,101.04
2025-04-29,insurance,apac,101.04
2025-04-29,insurance,latam,101.04
2025-04-30,rent,us,484.76
2025-04-30,rent,eu,484.76
2025-04-30,rent,apac,484.75
2025-04-30,rent,latam,484.75
2025-04-30,software_licenses,us,317.11
2025-04-30,software_licenses,eu,317.11
2025-04-30,software_licenses,apac,317.11
2025-04-30,software_licenses,latam,317.10
2025-04-30,logistics,us,1689.53
2025-04-30,logistics,eu,815.7
2025-04-30,logistics,apac,322.16
2025-04-30,logistics,latam,277.05
2025-04-30,packaging,us,406.64
2025-04-30,packaging,eu,177.65
2025-04-30,packaging,apac,82.4
2025-04-30,packaging,latam,77.84
2025-04-30,payment_processing_fees,us,405.74
2025-04-30,payment_processing_fees,eu,405.74
2025-04-30,payment_processing_fees,apac,405.74
2025-04-30,payment_processing_fees,latam,405.73
2025-04-30,customer_support_tooling,us,149.75
2025-04-30,customer_support_tooling,eu,149.75
2025-04-30,customer_support_tooling,apac,149.75
2025-04-30,customer_support_tooling,latam,149.74
2025-04-30,insurance,us,102.60
2025-04-30,insurance,eu,102.60
2025-04-30,insurance,apac,102.59
2025-04-30,insurance,latam,102.59
2025-04-30,rent,us,457.81
2025-04-30,rent,eu,457.81
2025-04-30,rent,apac,457.81
2025-04-30,rent,latam,457.81
2025-04-30,software_licenses,us,289.60
2025-04-30,software_licenses,eu,289.60
2025-04-30,software_licenses,apac,289.59
2025-04-30,software_licenses,latam,289.59
2025-04-30,logistics,us,1718.22
2025-04-30,logistics,eu,816.25
2025-04-30,logistics,apac,363.38
2025-04-30,logistics,latam,293.16
2025-04-30,packaging,us,467.25
2025-04-30,packaging,eu,197.28
2025-04-30,packaging,apac,81.12
2025-04-30,packaging,latam,69.73
2025-04-30,payment_processing_fees,us,399.83
2025-04-30,payment_processing_fees,eu,399.82
2025-04-30,payment_processing_fees,apac,399.82
2025-04-30,payment_processing_fees,latam,399.82
2025-04-30,customer_support_tooling,us,140.95
2025-04-30,customer_support_tooling,eu,140.95
2025-04-30,customer_support_tooling,apac,140.95
2025-04-30,customer_support_tooling,latam,140.95
2025-04-30,insurance,us,102.46
2025-04-30,insurance,eu,102.46
2025-04-30,insurance,apac,102.46
2025-04-30,insurance,latam,102.45
2025-05-01,rent,us,514.40
2025-05-01,rent,eu,514.40
2025-05-01,rent,apac,514.40
2025-05-01,rent,latam,514.40
2025-05-01,software_licenses,us,303.94
2025-05-01,software_licenses,eu,303.94
2025-05-01,software_licenses,apac,303.93
2025-05-01,software_licenses,latam,303.93
2025-05-01,logistics,us,2209.03
2025-05-01,logistics,eu,735.08
2025-05-01,logistics,apac,360.28
2025-05-01,logistics,latam,292.9
2025-05-01,packaging,us,419.78
2025-05-01,packaging,eu,174.99
2025-05-01,packaging,apac,70.67
2025-05-01,packaging,latam,75.76
2025-05-01,payment_processing_fees,us,383.00
2025-05-01,payment_processing_fees,eu,382.99
2025-05-01,payment_processing_fees,apac,382.99
2025-05-01,payment_processing_fees,latam,382.99
2025-05-01,customer_support_tooling,us,147.68
2025-05-01,customer_support_tooling,eu,147.68
2025-05-01,customer_support_tooling,apac,147.68
2025-05-01,customer_support_tooling,latam,147.68
2025-05-01,insurance,us,94.72
2025-05-01,insurance,eu,94.71
2025-05-01,insurance,apac,94.71
2025-05-01,insurance,latam,94.71
2025-05-02,rent,us,494.38
2025-05-02,rent,eu,494.38
2025-05-02,rent,apac,494.38
2025-05-02,rent,latam,494.38
2025-05-02,software_licenses,us,315.29
2025-05-02,software_licenses,eu,315.29
2025-05-02,software_licenses,apac,315.29
2025-05-02,software_licenses,latam,315.28
2025-05-02,logistics,us,1740.74
2025-05-02,logistics,eu,799.04
2025-05-02,logistics,apac,384.84
2025-05-02,logistics,latam,284.72
2025-05-02,packaging,us,475.71
2025-05-02,packaging,eu,187.76
2025-05-02,packaging,apac,82.53
2025-05-02,packaging,latam,69.15
2025-05-02,payment_processing_fees,us,364.98
2025-05-02,payment_processing_fees,eu,364.98
2025-05-02,payment_processing_fees,apac,364.97
2025-05-02,payment_processing_fees,latam,364.97
2025-05-02,customer_support_tooling,us,151.82
2025-05-02,customer_support_tooling,eu,151.82
2025-05-02,customer_support_tooling,apac,151.82
2025-05-02,customer_support_tooling,latam,151.82
2025-05-02,insurance,us,112.56
2025-05-02,insurance,eu,112.56
2025-05-02,insurance,apac,112.56
2025-05-02,insurance,latam,112.55
2025-05-03,rent,us,491.81
2025-05-03,rent,eu,491.81
2025-05-03,rent,apac,491.81
2025-05-03,rent,latam,491.80
2025-05-03,software_licenses,us,301.44
2025-05-03,software_licenses,eu,301.44
2025-05-03,software_licenses,apac,301.44
2025-05-03,software_licenses,latam,301.44
2025-05-03,logistics,us,1783.4
2025-05-03,logistics,eu,660.46
2025-05-03,logistics,apac,331.65
2025-05-03,logistics,latam,275.42
2025-05-03,packaging,us,476.47
2025-05-03,packaging,eu,202.74
2025-05-03,packaging,apac,76.74
2025-05-03,packaging,latam,77.56
2025-05-03,payment_processing_fees,us,404.68
2025-05-03,payment_processing_fees,eu,404.68
2025-05-03,payment_processing_fees,apac,404.68
2025-05-03,payment_processing_fees,latam,404.68
2025-05-03,customer_support_tooling,us,136.39
2025-05-03,customer_support_tooling,eu,136.39
2025-05-03,customer_support_tooling,apac,136.39
2025-05-03,customer_support_tooling,latam,136.39
2025-05-03,insurance,us,100.32
2025-05-03,insurance,eu,100.32
2025-05-03,insurance,apac,100.32
2025-05-03,insurance,latam,100.31
2025-05-04,rent,us,490.00
2025-05-04,rent,eu,490.00
2025-05-04,rent,apac,489.99
2025-05-04,rent,latam,489.99
2025-05-04,software_licenses,us,329.43
2025-05-04,software_licenses,eu,329.42
2025-05-04,software_licenses,apac,329.42
2025-05-04,software_licenses,latam,329.42
2025-05-04,logistics,us,1905.74
2025-05-04,logistics,eu,693.03
2025-05-04,logistics,apac,324.89
2025-05-04,logistics,latam,312.92
2025-05-04,packaging,us,387.6
2025-05-04,packaging,eu,178.49
2025-05-04,packaging,apac,78.81
2025-05-04,packaging,latam,71.33
2025-05-04,payment_processing_fees,us,346.86
2025-05-04,payment_processing_fees,eu,346.86
2025-05-04,payment_processing_fees,apac,346.86
2025-05-04,payment_processing_fees,latam,346.86
2025-05-04,customer_support_tooling,us,156.14
2025-05-04,customer_support_tooling,eu,156.13
2025-05-04,customer_support_tooling,apac,156.13
2025-05-04,customer_support_tooling,latam,156.13
2025-05-04,insurance,us,99.28
2025-05-04,insurance,eu,99.28
2025-05-04,insurance,apac,99.28
2025-05-04,insurance,latam,99.27
2025-05-05,rent,us,463.57
2025-05-05,rent,eu,463.57
2025-05-05,rent,apac,463.56
2025-05-05,rent,latam,463.56
2025-05-05,software_licenses,us,340.10
2025-05-05,software_licenses,eu,340.10
2025-05-05,software_licenses,apac,340.10
2025-05-05,software_licenses,latam,340.10
2025-05-05,logistics,us,1864.73
2025-05-05,logistics,eu,789.6
2025-05-05,logistics,apac,372.21
2025-05-05,logistics,latam,271.57
2025-05-05,packaging,us,422.31
2025-05-05,packaging,eu,197.18
2025-05-05,packaging,apac,80.04
2025-05-05,packaging,latam,74.48
2025-05-05,payment_processing_fees,us,373.34
2025-05-05,payment_processing_fees,eu,373.34
2025-05-05,payment_processing_fees,apac,373.33
2025-05-05,payment_processing_fees,latam,373.33
2025-05-05,customer_support_tooling,us,141.44
2025-05-05,customer_support_tooling,eu,141.44
2025-05-05,customer_support_tooling,apac,141.44
2025-05-05,customer_support_tooling,latam,141.43
2025-05-05,insurance,us,105.57
2025-05-05,insurance,eu,105.57
2025-05-05,insurance,apac,105.56
2025-05-05,insurance,latam,105.56
2025-05-06,rent,us,461.70
2025-05-06,rent,eu,461.69
2025-05-06,rent,apac,461.69
2025-05-06,rent,latam,461.69
2025-05-06,software_licenses,us,298.28
2025-05-06,software_licenses,eu,298.27
2025-05-06,software_licenses,apac,298.27
2025-05-06,software_licenses,latam,298.27
2025-05-06,logistics,us,1706.06
2025-05-06,logistics,eu,875.95
2025-05-06,logistics,apac,338.12
2025-05-06,logistics,latam,251.97
2025-05-06,packaging,us,477.18
2025-05-06,packaging,eu,179.26
2025-05-06,packaging,apac,85.3
2025-05-06,packaging,latam,58.27
2025-05-06,payment_processing_fees,us,379.61
2025-05-06,payment_processing_fees,eu,379.61
2025-05-06,payment_processing_fees,apac,379.61
2025-05-06,payment_processing_fees,latam,379.60
2025-05-06,customer_support_tooling,us,151.52
2025-05-06,customer_support_tooling,eu,151.51
2025-05-06,customer_support_tooling,apac,151.51
2025-05-06,customer_support_tooling,latam,151.51
2025-05-06,insurance,us,101.60
2025-05-06,insurance,eu,101.59
2025-05-06,insurance,apac,101.59
2025-05-06,insurance,latam,101.59
2025-05-07,rent,us,508.40
2025-05-07,rent,eu,508.40
2025-05-07,rent,apac,508.40
2025-05-07,rent,latam,508.39
2025-05-07,software_licenses,us,304.22
2025-05-07,software_licenses,eu,304.22
2025-05-07,software_licenses,apac,304.21
2025-05-07,software_licenses,latam,304.21
2025-05-07,logistics,us,2061.54
2025-05-07,logistics,eu,740.7
2025-05-07,logistics,apac,335.06
2025-05-07,logistics,latam,287.19
2025-05-07,packaging,us,457.05
2025-05-07,packaging,eu,197.67
2025-05-07,packaging,apac,82.58
2025-05-07,packaging,latam,70.68
2025-05-07,payment_processing_fees,us,395.73
2025-05-07,payment_processing_fees,eu,395.72
2025-05-07,payment_processing_fees,apac,395.72
2025-05-07,payment_processing_fees,latam,395.72
2025-05-07,customer_support_tooling,us,142.62
2025-05-07,customer_support_tooling,eu,142.62
2025-05-07,customer_support_tooling,apac,142.62
2025-05-07,customer_support_tooling,latam,142.61
2025-05-07,insurance,us,100.23
2025-05-07,insurance,eu,100.23
2025-05-07,insurance,apac,100.22
2025-05-07,insurance,latam,100.22
2025-05-08,rent,us,469.40
2025-05-08,rent,eu,469.40
2025-05-08,rent,apac,469.40
2025-05-08,rent,latam,469.40
2025-05-08,software_licenses,us,329.90
2025-05-08,software_licenses,eu,329.89
2025-05-08,software_licenses,apac,329.89
2025-05-08,software_licenses,latam,329.89
2025-05-08,logistics,us,1948.13
2025-05-08,logistics,eu,850.8
2025-05-08,logistics,apac,372.67
2025-05-08,logistics,latam,306.34
2025-05-08,packaging,us,494.16
2025-05-08,packaging,eu,175.75
2025-05-08,packaging,apac,86.27
2025-05-08,packaging,latam,67.0
2025-05-08,payment_processing_fees,us,388.16
2025-05-08,payment_processing_fees,eu,388.16
2025-05-08,payment_processing_fees,apac,388.16
2025-05-08,payment_processing_fees,latam,388.15
2025-05-08,customer_support_tooling,us,156.33
2025-05-08,customer_support_tooling,eu,156.32
2025-05-08,customer_support_tooling,apac,156.32
2025-05-08,customer_support_tooling,latam,156.32
2025-05-08,insurance,us,100.15
2025-05-08,insurance,eu,100.15
2025-05-08,insurance,apac,100.14
2025-05-08,insurance,latam,100.14
2025-05-09,rent,us,436.83
2025-05-09,rent,eu,436.83
2025-05-09,rent,apac,436.83
2025-05-09,rent,latam,436.82
2025-05-09,software_licenses,us,313.84
2025-05-09,software_licenses,eu,313.84
2025-05-09,software_licenses,apac,313.84
2025-05-09,software_licenses,latam,313.83
2025-05-09,logistics,us,1917.45
2025-05-09,logistics,eu,741.95
2025-05-09,logistics,apac,346.37
2025-05-09,logistics,latam,306.5
2025-05-09,packaging,us,430.6
2025-05-09,packaging,eu,192.42
2025-05-09,packaging,apac,86.02
2025-05-09,packaging,latam,80.53
2025-05-09,payment_processing_fees,us,382.01
2025-05-09,payment_processing_fees,eu,382.01
2025-05-09,payment_processing_fees,apac,382.01
2025-05-09,payment_processing_fees,latam,382.00
2025-05-09,customer_support_tooling,us,137.46
2025-05-09,customer_support_tooling,eu,137.46
2025-05-09,customer_support_tooling,apac,137.45
2025-05-09,customer_support_tooling,latam,137.45
2025-05-09,insurance,us,99.81
2025-05-09,insurance,eu,99.81
2025-05-09,insurance,apac,99.81
2025-05-09,insurance,latam,99.80
2025-05-10,rent,us,500.85
2025-05-10,rent,eu,500.84
2025-05-10,rent,apac,500.84
2025-05-10,rent,latam,500.84
2025-05-10,software_licenses,us,340.89
2025-05-10,software_licenses,eu,340.89
2025-05-10,software_licenses,apac,340.88
2025-05-10,software_licenses,latam,340.88
2025-05-10,logistics,us,1770.85
2025-05-10,logistics,eu,803.04
2025-05-10,logistics,apac,357.97
2025-05-10,logistics,latam,280.17
2025-05-10,packaging,us,466.62
2025-05-10,packaging,eu,194.56
2025-05-10,packaging,apac,72.25
2025-05-10,packaging,latam,66.86
2025-05-10,payment_processing_fees,us,405.96
2025-05-10,payment_processing_fees,eu,405.96
2025-05-10,payment_processing_fees,apac,405.95
2025-05-10,payment_processing_fees,latam,405.95
2025-05-10,customer_support_tooling,us,144.48
2025-05-10,customer_support_tooling,eu,144.48
2025-05-10,customer_support_tooling,apac,144.47
2025-05-10,customer_support_tooling,latam,144.47
2025-05-10,insurance,us,104.08
2025-05-10,insurance,eu,104.08
2025-05-10,insurance,apac,104.08
2025-05-10,insurance,latam,104.08
2025-05-11,rent,us,509.63
2025-05-11,rent,eu,509.62
2025-05-11,rent,apac,509.62
2025-05-11,rent,latam,509.62
2025-05-11,software_licenses,us,334.45
2025-05-11,software_licenses,eu,334.45
2025-05-11,software_licenses,apac,334.44
2025-05-11,software_licenses,latam,334.44
2025-05-11,logistics,us,2119.9
2025-05-11,logistics,eu,805.84
2025-05-11,logistics,apac,321.47
2025-05-11,logistics,latam,279.2
2025-05-11,packaging,us,409.31
2025-05-11,packaging,eu,192.36
2025-05-11,packaging,apac,83.38
2025-05-11,packaging,latam,74.49
2025-05-11,payment_processing_fees,us,396.60
2025-05-11,payment_processing_fees,eu,396.59
2025-05-11,payment_processing_fees,apac,396.59
2025-05-11,payment_processing_fees,latam,396.59
2025-05-11,customer_support_tooling,us,136.12
2025-05-11,customer_support_tooling,eu,136.12
2025-05-11,customer_support_tooling,apac,136.12
2025-05-11,customer_support_tooling,latam,136.12
2025-05-11,insurance,us,94.69
2025-05-11,insurance,eu,94.68
2025-05-11,insurance,apac,94.68
2025-05-11,insurance,latam,94.68
2025-05-12,rent,us,459.88
2025-05-12,rent,eu,459.88
2025-05-12,rent,apac,459.88
2025-05-12,rent,latam,459.88
2025-05-12,software_licenses,us,308.87
2025-05-12,software_licenses,eu,308.87
2025-05-12,software_licenses,apac,308.87
2025-05-12,software_licenses,latam,308.87
2025-05-12,logistics,us,1925.32
2025-05-12,logistics,eu,733.85
2025-05-12,logistics,apac,355.55
2025-05-12,logistics,latam,288.0
2025-05-12,packaging,us,474.14
2025-05-12,packaging,eu,188.03
2025-05-12,packaging,apac,87.46
2025-05-12,packaging,latam,69.92
2025-05-12,payment_processing_fees,us,387.54
2025-05-12,payment_processing_fees,eu,387.53
2025-05-12,payment_processing_fees,apac,387.53
2025-05-12,payment_processing_fees,latam,387.53
2025-05-12,customer_support_tooling,us,138.06
2025-05-12,customer_support_tooling,eu,138.06
2025-05-12,customer_support_tooling,apac,138.05
2025-05-12,customer_support_tooling,latam,138.05
2025-05-12,insurance,us,101.56
2025-05-12,insurance,eu,101.56
2025-05-12,insurance,apac,101.56
2025-05-12,insurance,latam,101.56
2025-05-13,rent,us,462.68
2025-05-13,rent,eu,462.67
2025-05-13,rent,apac,462.67
2025-05-13,rent,latam,462.67
2025-05-13,software_licenses,us,356.05
2025-05-13,software_licenses,eu,356.05
2025-05-13,software_licenses,apac,356.05
2025-05-13,software_licenses,latam,356.05
2025-05-13,logistics,us,1574.1
2025-05-13,logistics,eu,812.19
2025-05-13,logistics,apac,344.52
2025-05-13,logistics,latam,335.28
2025-05-13,packaging,us,489.66
2025-05-13,packaging,eu,175.33
2025-05-13,packaging,apac,81.76
2025-05-13,packaging,latam,64.04
2025-05-13,payment_processing_fees,us,371.31
2025-05-13,payment_processing_fees,eu,371.31
2025-05-13,payment_processing_fees,apac,371.31
2025-05-13,payment_processing_fees,latam,371.31
2025-05-13,customer_support_tooling,us,163.89
2025-05-13,customer_support_tooling,eu,163.89
2025-05-13,customer_support_tooling,apac,163.88
2025-05-13,customer_support_tooling,latam,163.88
2025-05-13,insurance,us,98.42
2025-05-13,insurance,eu,98.41
2025-05-13,insurance,apac,98.41
2025-05-13,insurance,latam,98.41
2025-05-14,rent,us,469.77
2025-05-14,rent,eu,469.77
2025-05-14,rent,apac,469.77
2025-05-14,rent,latam,469.77
2025-05-14,software_licenses,us,332.71
2025-05-14,software_licenses,eu,332.71
2025-05-14,software_licenses,apac,332.71
2025-05-14,software_licenses,latam,332.71
2025-05-14,logistics,us,1907.74
2025-05-14,logistics,eu,750.63
2025-05-14,logistics,apac,332.86
2025-05-14,logistics,latam,317.15
2025-05-14,packaging,us,430.01
2025-05-14,packaging,eu,174.32
2025-05-14,packaging,apac,86.11
2025-05-14,packaging,latam,68.66
2025-05-14,payment_processing_fees,us,404.18
2025-05-14,payment_processing_fees,eu,404.18
2025-05-14,payment_processing_fees,apac,404.18
2025-05-14,payment_processing_fees,latam,404.18
2025-05-14,customer_support_tooling,us,147.82
2025-05-14,customer_support_tooling,eu,147.82
2025-05-14,customer_support_tooling,apac,147.81
2025-05-14,customer_support_tooling,latam,147.81
2025-05-14,insurance,us,97.66
2025-05-14,insurance,eu,97.65
2025-05-14,insurance,apac,97.65
2025-05-14,insurance,latam,97.65
2025-05-15,rent,us,502.06
2025-05-15,rent,eu,502.06
2025-05-15,rent,apac,502.05
2025-05-15,rent,latam,502.05
2025-05-15,software_licenses,us,337.90
2025-05-15,software_licenses,eu,337.90
2025-05-15,software_licenses,apac,337.90
2025-05-15,software_licenses,latam,337.89
2025-05-15,logistics,us,1856.2
2025-05-15,logistics,eu,882.91
2025-05-15,logistics,apac,325.16
2025-05-15,logistics,latam,271.09
2025-05-15,packaging,us,460.83
2025-05-15,packaging,eu,197.98
2025-05-15,packaging,apac,83.19
2025-05-15,packaging,latam,60.93
2025-05-15,payment_processing_fees,us,361.39
2025-05-15,payment_processing_fees,eu,361.39
2025-05-15,payment_processing_fees,apac,361.38
2025-05-15,payment_processing_fees,latam,361.38
2025-05-15,customer_support_tooling,us,133.38
2025-05-15,customer_support_tooling,eu,133.38
2025-05-15,customer_support_tooling,apac,133.37
2025-05-15,customer_support_tooling,latam,133.37
2025-05-15,insurance,us,104.46
2025-05-15,insurance,eu,104.46
2025-05-15,insurance,apac,104.45
2025-05-15,insurance,latam,104.45
2025-05-16,rent,us,483.06
2025-05-16,rent,eu,483.06
2025-05-16,rent,apac,483.06
2025-05-16,rent,latam,483.05
2025-05-16,software_licenses,us,299.64
2025-05-16,software_licenses,eu,299.64
2025-05-16,software_licenses,apac,299.64
2025-05-16,software_licenses,latam,299.64
2025-05-16,logistics,us,1891.42
2025-05-16,logistics,eu,743.15
2025-05-16,logistics,apac,377.63
2025-05-16,logistics,latam,249.69
2025-05-16,packaging,us,459.32
2025-05-16,packaging,eu,183.16
2025-05-16,packaging,apac,80.3
2025-05-16,packaging,latam,73.38
2025-05-16,payment_processing_fees,us,397.13
2025-05-16,payment_processing_fees,eu,397.13
2025-05-16,payment_processing_fees,apac,397.13
2025-05-16,payment_processing_fees,latam,397.12
2025-05-16,customer_support_tooling,us,141.28
2025-05-16,customer_support_tooling,eu,141.28
2025-05-16,customer_support_tooling,apac,141.27
2025-05-16,customer_support_tooling,latam,141.27
2025-05-16,insurance,us,97.62
2025-05-16,insurance,eu,97.62
2025-05-16,insurance,apac,97.62
2025-05-16,insurance,latam,97.62
2025-05-17,rent,us,443.89
2025-05-17,rent,eu,443.88
2025-05-17,rent,apac,443.88
2025-05-17,rent,latam,443.88
2025-05-17,software_licenses,us,318.26
2025-05-17,software_licenses,eu,318.26
2025-05-17,software_licenses,apac,318.26
2025-05-17,software_licenses,latam,318.26
2025-05-17,logistics,us,2097.03
2025-05-17,logistics,eu,640.03
2025-05-17,logistics,apac,334.13
2025-05-17,logistics,latam,305.89
2025-05-17,packaging,us,417.86
2025-05-17,packaging,eu,176.31
2025-05-17,packaging,apac,89.13
2025-05-17,packaging,latam,71.45
2025-05-17,payment_processing_fees,us,383.34
2025-05-17,payment_processing_fees,eu,383.34
2025-05-17,payment_processing_fees,apac,383.34
2025-05-17,payment_processing_fees,latam,383.34
2025-05-17,customer_support_tooling,us,156.99
2025-05-17,customer_support_tooling,eu,156.99
2025-05-17,customer_support_tooling,apac,156.98
2025-05-17,customer_support_tooling,latam,156.98
2025-05-17,insurance,us,92.58
2025-05-17,insurance,eu,92.58
2025-05-17,insurance,apac,92.58
2025-05-17,insurance,latam,92.58
2025-05-18,rent,us,491.19
2025-05-18,rent,eu,491.19
2025-05-18,rent,apac,491.19
2025-05-18,rent,latam,491.19
2025-05-18,software_licenses,us,307.55
2025-05-18,software_licenses,eu,307.54
2025-05-18,software_licenses,apac,307.54
2025-05-18,software_licenses,latam,307.54
2025-05-18,logistics,us,1723.66
2025-05-18,logistics,eu,773.58
2025-05-18,logistics,apac,340.34
2025-05-18,logistics,latam,321.51
2025-05-18,packaging,us,439.89
2025-05-18,packaging,eu,193.38
2025-05-18,packaging,apac,88.32
2025-05-18,packaging,latam,74.21
2025-05-18,payment_processing_fees,us,399.59
2025-05-18,payment_processing_fees,eu,399.59
2025-05-18,payment_processing_fees,apac,399.59
2025-05-18,payment_processing_fees,latam,399.58
2025-05-18,customer_support_tooling,us,149.36
2025-05-18,customer_support_tooling,eu,149.36
2025-05-18,customer_support_tooling,apac,149.36
2025-05-18,customer_support_tooling,latam,149.35
2025-05-18,insurance,us,93.48
2025-05-18,insurance,eu,93.48
2025-05-18,insurance,apac,93.47
2025-05-18,insurance,latam,93.47
2025-05-19,rent,us,478.47
2025-05-19,rent,eu,478.47
2025-05-19,rent,apac,478.47
2025-05-19,rent,latam,478.47
2025-05-19,software_licenses,us,324.76
2025-05-19,software_licenses,eu,324.76
2025-05-19,software_licenses,apac,324.76
2025-05-19,software_licenses,latam,324.75
2025-05-19,logistics,us,2049.66
2025-05-19,logistics,eu,740.09
2025-05-19,logistics,apac,355.24
2025-05-19,logistics,latam,306.51
2025-05-19,packaging,us,474.1
2025-05-19,packaging,eu,179.4
2025-05-19,packaging,apac,87.3
2025-05-19,packaging,latam,72.95
2025-05-19,payment_processing_fees,us,403.79
2025-05-19,payment_processing_fees,eu,403.79
2025-05-19,payment_processing_fees,apac,403.78
2025-05-19,payment_processing_fees,latam,403.78
2025-05-19,customer_support_tooling,us,151.27
2025-05-19,customer_support_tooling,eu,151.27
2025-05-19,customer_support_tooling,apac,151.27
2025-05-19,customer_support_tooling,latam,151.27
2025-05-19,insurance,us,95.29
2025-05-19,insurance,eu,95.28
2025-05-19,insurance,apac,95.28
2025-05-19,insurance,latam,95.28
2025-05-20,rent,us,482.55
2025-05-20,rent,eu,482.55
2025-05-20,rent,apac,482.54
2025-05-20,rent,latam,482.54
2025-05-20,software_licenses,us,335.61
2025-05-20,software_licenses,eu,335.60
2025-05-20,software_licenses,apac,335.60
2025-05-20,software_licenses,latam,335.60
2025-05-20,logistics,us,2003.94
2025-05-20,logistics,eu,673.99
2025-05-20,logistics,apac,305.9
2025-05-20,logistics,latam,300.98
2025-05-20,packaging,us,519.84
2025-05-20,packaging,eu,154.33
2025-05-20,packaging,apac,83.22
2025-05-20,packaging,latam,68.08
2025-05-20,payment_processing_fees,us,367.69
2025-05-20,payment_processing_fees,eu,367.69
2025-05-20,payment_processing_fees,apac,367.68
2025-05-20,payment_processing_fees,latam,367.68
2025-05-20,customer_support_tooling,us,128.96
2025-05-20,customer_support_tooling,eu,128.96
2025-05-20,customer_support_tooling,apac,128.96
2025-05-20,customer_support_tooling,latam,128.95
2025-05-20,insurance,us,96.08
2025-05-20,insurance,eu,96.07
2025-05-20,insurance,apac,96.07
2025-05-20,insurance,latam,96.07
2025-05-21,rent,us,489.59
2025-05-21,rent,eu,489.59
2025-05-21,rent,apac,489.58
2025-05-21,rent,latam,489.58
2025-05-21,software_licenses,us,336.94
2025-05-21,software_licenses,eu,336.94
2025-05-21,software_licenses,apac,336.94
2025-05-21,software_licenses,latam,336.93
2025-05-21,logistics,us,1847.23
2025-05-21,logistics,eu,853.74
2025-05-21,logistics,apac,311.59
2025-05-21,logistics,latam,323.45
2025-05-21,packaging,us,405.34
2025-05-21,packaging,eu,198.06
2025-05-21,packaging,apac,85.84
2025-05-21,packaging,latam,69.96
2025-05-21,payment_processing_fees,us,413.60
2025-05-21,payment_processing_fees,eu,413.60
2025-05-21,payment_processing_fees,apac,413.59
2025-05-21,payment_processing_fees,latam,413.59
2025-05-21,customer_support_tooling,us,143.69
2025-05-21,customer_support_tooling,eu,143.69
2025-05-21,customer_support_tooling,apac,143.69
2025-05-21,customer_support_tooling,latam,143.69
2025-05-21,insurance,us,101.52
2025-05-21,insurance,eu,101.52
2025-05-21,insurance,apac,101.51
2025-05-21,insurance,latam,101.51
2025-05-22,rent,us,494.67
2025-05-22,rent,eu,494.66
2025-05-22,rent,apac,494.66
2025-05-22,rent,latam,494.66
2025-05-22,software_licenses,us,303.82
2025-05-22,software_licenses,eu,303.82
2025-05-22,software_licenses,apac,303.81
2025-05-22,software_licenses,latam,303.81
2025-05-22,logistics,us,1644.45
2025-05-22,logistics,eu,790.29
2025-05-22,logistics,apac,338.06
2025-05-22,logistics,latam,320.95
2025-05-22,packaging,us,434.38
2025-05-22,packaging,eu,189.84
2025-05-22,packaging,apac,97.29
2025-05-22,packaging,latam,66.27
2025-05-22,payment_processing_fees,us,385.77
2025-05-22,payment_processing_fees,eu,385.77
2025-05-22,payment_processing_fees,apac,385.77
2025-05-22,payment_processing_fees,latam,385.76
2025-05-22,customer_support_tooling,us,145.48
2025-05-22,customer_support_tooling,eu,145.48
2025-05-22,customer_support_tooling,apac,145.47
2025-05-22,customer_support_tooling,latam,145.47
2025-05-22,insurance,us,100.99
2025-05-22,insurance,eu,100.99
2025-05-22,insurance,apac,100.99
2025-05-22,insurance,latam,100.99
2025-05-23,rent,us,491.23
2025-05-23,rent,eu,491.23
2025-05-23,rent,apac,491.23
2025-05-23,rent,latam,491.22
2025-05-23,software_licenses,us,318.77
2025-05-23,software_licenses,eu,318.76
2025-05-23,software_licenses,apac,318.76
2025-05-23,software_licenses,latam,318.76
2025-05-23,logistics,us,1936.46
2025-05-23,logistics,eu,857.41
2025-05-23,logistics,apac,359.16
2025-05-23,logistics,latam,292.96
2025-05-23,packaging,us,440.49
2025-05-23,packaging,eu,184.44
2025-05-23,packaging,apac,93.47
2025-05-23,packaging,latam,63.97
2025-05-23,payment_processing_fees,us,384.19
2025-05-23,payment_processing_fees,eu,384.19
2025-05-23,payment_processing_fees,apac,384.19
2025-05-23,payment_processing_fees,latam,384.19
2025-05-23,customer_support_tooling,us,148.40
2025-05-23,customer_support_tooling,eu,148.39
2025-05-23,customer_support_tooling,apac,148.39
2025-05-23,customer_support_tooling,latam,148.39
2025-05-23,insurance,us,101.80
2025-05-23,insurance,eu,101.80
2025-05-23,insurance,apac,101.79
2025-05-23,insurance,latam,101.79
2025-05-24,rent,us,487.05
2025-05-24,rent,eu,487.05
2025-05-24,rent,apac,487.05
2025-05-24,rent,latam,487.05
2025-05-24,software_licenses,us,295.22
2025-05-24,software_licenses,eu,295.22
2025-05-24,software_licenses,apac,295.22
2025-05-24,software_licenses,latam,295.22
2025-05-24,logistics,us,1655.09
2025-05-24,logistics,eu,820.03
2025-05-24,logistics,apac,327.62
2025-05-24,logistics,latam,285.79
2025-05-24,packaging,us,399.9
2025-05-24,packaging,eu,172.53
2025-05-24,packaging,apac,83.97
2025-05-24,packaging,latam,70.85
2025-05-24,payment_processing_fees,us,402.98
2025-05-24,payment_processing_fees,eu,402.98
2025-05-24,payment_processing_fees,apac,402.97
2025-05-24,payment_processing_fees,latam,402.97
2025-05-24,customer_support_tooling,us,153.68
2025-05-24,customer_support_tooling,eu,153.68
2025-05-24,customer_support_tooling,apac,153.67
2025-05-24,customer_support_tooling,latam,153.67
2025-05-24,insurance,us,103.71
2025-05-24,insurance,eu,103.71
2025-05-24,insurance,apac,103.71
2025-05-24,insurance,latam,103.71
2025-05-25,rent,us,486.32
2025-05-25,rent,eu,486.32
2025-05-25,rent,apac,486.32
2025-05-25,rent,latam,486.31
2025-05-25,software_licenses,us,283.31
2025-05-25,software_licenses,eu,283.31
2025-05-25,software_licenses,apac,283.30
2025-05-25,software_licenses,latam,283.30
2025-05-25,logistics,us,1809.71
2025-05-25,logistics,eu,789.87
2025-05-25,logistics,apac,339.2
2025-05-25,logistics,latam,343.6
2025-05-25,packaging,us,402.21
2025-05-25,packaging,eu,179.68
2025-05-25,packaging,apac,90.2
2025-05-25,packaging,latam,77.48
2025-05-25,payment_processing_fees,us,412.58
2025-05-25,payment_processing_fees,eu,412.58
2025-05-25,payment_processing_fees,apac,412.58
2025-05-25,payment_processing_fees,latam,412.57
2025-05-25,customer_support_tooling,us,142.05
2025-05-25,customer_support_tooling,eu,142.04
2025-05-25,customer_support_tooling,apac,142.04
2025-05-25,customer_support_tooling,latam,142.04
2025-05-25,insurance,us,109.61
2025-05-25,insurance,eu,109.60
2025-05-25,insurance,apac,109.60
2025-05-25,insurance,latam,109.60
2025-05-26,rent,us,483.73
2025-05-26,rent,eu,483.73
2025-05-26,rent,apac,483.72
2025-05-26,rent,latam,483.72
2025-05-26,software_licenses,us,321.51
2025-05-26,software_licenses,eu,321.51
2025-05-26,software_licenses,apac,321.50
2025-05-26,software_licenses,latam,321.50
2025-05-26,logistics,us,1867.55
2025-05-26,logistics,eu,806.69
2025-05-26,logistics,apac,315.78
2025-05-26,logistics,latam,313.8
2025-05-26,packaging,us,447.67
2025-05-26,packaging,eu,176.88
2025-05-26,packaging,apac,75.29
2025-05-26,packaging,latam,82.1
2025-05-26,payment_processing_fees,us,395.43
2025-05-26,payment_processing_fees,eu,395.43
2025-05-26,payment_processing_fees,apac,395.43
2025-05-26,payment_processing_fees,latam,395.43
2025-05-26,customer_support_tooling,us,147.91
2025-05-26,customer_support_tooling,eu,147.91
2025-05-26,customer_support_tooling,apac,147.91
2025-05-26,customer_support_tooling,latam,147.90
2025-05-26,insurance,us,100.61
2025-05-26,insurance,eu,100.61
2025-05-26,insurance,apac,100.60
2025-05-26,insurance,latam,100.60
2025-05-27,rent,us,510.73
2025-05-27,rent,eu,510.73
2025-05-27,rent,apac,510.73
2025-05-27,rent,latam,510.72
2025-05-27,software_licenses,us,319.74
2025-05-27,software_licenses,eu,319.73
2025-05-27,software_licenses,apac,319.73
2025-05-27,software_licenses,latam,319.73
2025-05-27,logistics,us,1985.56
2025-05-27,logistics,eu,860.82
2025-05-27,logistics,apac,338.15
2025-05-27,logistics,latam,276.67
2025-05-27,packaging,us,449.18
2025-05-27,packaging,eu,177.15
2025-05-27,packaging,apac,76.25
2025-05-27,packaging,latam,70.58
2025-05-27,payment_processing_fees,us,366.92
2025-05-27,payment_processing_fees,eu,366.92
2025-05-27,payment_processing_fees,apac,366.92
2025-05-27,payment_processing_fees,latam,366.91
2025-05-27,customer_support_tooling,us,142.66
2025-05-27,customer_support_tooling,eu,142.66
2025-05-27,customer_support_tooling,apac,142.66
2025-05-27,customer_support_tooling,latam,142.65
2025-05-27,insurance,us,99.60
2025-05-27,insurance,eu,99.60
2025-05-27,insurance,apac,99.60
2025-05-27,insurance,latam,99.59
2025-05-28,rent,us,466.28
2025-05-28,rent,eu,466.28
2025-05-28,rent,apac,466.27
2025-05-28,rent,latam,466.27
2025-05-28,software_licenses,us,324.17
2025-05-28,software_licenses,eu,324.16
2025-05-28,software_licenses,apac,324.16
2025-05-28,software_licenses,latam,324.16
2025-05-28,logistics,us,1910.64
2025-05-28,logistics,eu,797.95
2025-05-28,logistics,apac,337.16
2025-05-28,logistics,latam,310.5
2025-05-28,packaging,us,530.01
2025-05-28,packaging,eu,182.83
2025-05-28,packaging,apac,91.12
2025-05-28,packaging,latam,69.96
2025-05-28,payment_processing_fees,us,381.28
2025-05-28,payment_processing_fees,eu,381.28
2025-05-28,payment_processing_fees,apac,381.27
2025-05-28,payment_processing_fees,latam,381.27
2025-05-28,customer_support_tooling,us,127.44
2025-05-28,customer_support_tooling,eu,127.44
2025-05-28,customer_support_tooling,apac,127.43
2025-05-28,customer_support_tooling,latam,127.43
2025-05-28,insurance,us,98.56
2025-05-28,insurance,eu,98.56
2025-05-28,insurance,apac,98.56
2025-05-28,insurance,latam,98.55
2025-05-29,rent,us,502.22
2025-05-29,rent,eu,502.21
2025-05-29,rent,apac,502.21
2025-05-29,rent,latam,502.21
2025-05-29,software_licenses,us,311.38
2025-05-29,software_licenses,eu,311.38
2025-05-29,software_licenses,apac,311.38
2025-05-29,software_licenses,latam,311.38
2025-05-29,logistics,us,1735.96
2025-05-29,logistics,eu,833.08
2025-05-29,logistics,apac,333.04
2025-05-29,logistics,latam,319.64
2025-05-29,packaging,us,453.31
2025-05-29,packaging,eu,173.1
2025-05-29,packaging,apac,86.44
2025-05-29,packaging,latam,63.97
2025-05-29,payment_processing_fees,us,374.87
2025-05-29,payment_processing_fees,eu,374.87
2025-05-29,payment_processing_fees,apac,374.87
2025-05-29,payment_processing_fees,latam,374.86
2025-05-29,customer_support_tooling,us,138.62
2025-05-29,customer_support_tooling,eu,138.61
2025-05-29,customer_support_tooling,apac,138.61
2025-05-29,customer_support_tooling,latam,138.61
2025-05-29,insurance,us,99.08
2025-05-29,insurance,eu,99.08
2025-05-29,insurance,apac,99.08
2025-05-29,insurance,latam,99.07
2025-05-30,rent,us,483.01
2025-05-30,rent,eu,483.01
2025-05-30,rent,apac,483.00
2025-05-30,rent,latam,483.00
2025-05-30,software_licenses,us,328.35
2025-05-30,software_licenses,eu,328.35
2025-05-30,software_licenses,apac,328.35
2025-05-30,software_licenses,latam,328.35
2025-05-30,logistics,us,1888.07
2025-05-30,logistics,eu,717.19
2025-05-30,logistics,apac,350.5
2025-05-30,logistics,latam,292.13
2025-05-30,packaging,us,437.38
2025-05-30,packaging,eu,187.98
2025-05-30,packaging,apac,87.33
2025-05-30,packaging,latam,72.55
2025-05-30,payment_processing_fees,us,429.47
2025-05-30,payment_processing_fees,eu,429.47
2025-05-30,payment_processing_fees,apac,429.47
2025-05-30,payment_processing_fees,latam,429.47
2025-05-30,customer_support_tooling,us,134.69
2025-05-30,customer_support_tooling,eu,134.69
2025-05-30,customer_support_tooling,apac,134.69
2025-05-30,customer_support_tooling,latam,134.68
2025-05-30,insurance,us,100.56
2025-05-30,insurance,eu,100.56
2025-05-30,insurance,apac,100.56
2025-05-30,insurance,latam,100.56
2025-06-01,rent,us,510.12
2025-06-01,rent,eu,510.12
2025-06-01,rent,apac,510.11
2025-06-01,rent,latam,510.11
2025-06-01,software_licenses,us,284.46
2025-06-01,software_licenses,eu,284.46
2025-06-01,software_licenses,apac,284.45
2025-06-01,software_licenses,latam,284.45
2025-06-01,logistics,us,1778.86
2025-06-01,logistics,eu,716.79
2025-06-01,logistics,apac,385.65
2025-06-01,logistics,latam,302.81
2025-06-01,packaging,us,470.42
2025-06-01,packaging,eu,193.1
2025-06-01,packaging,apac,88.32
2025-06-01,packaging,latam,68.11
2025-06-01,payment_processing_fees,us,419.72
2025-06-01,payment_processing_fees,eu,419.72
2025-06-01,payment_processing_fees,apac,419.72
2025-06-01,payment_processing_fees,latam,419.72
2025-06-01,customer_support_tooling,us,151.46
2025-06-01,customer_support_tooling,eu,151.46
2025-06-01,customer_support_tooling,apac,151.46
2025-06-01,customer_support_tooling,latam,151.46
2025-06-01,insurance,us,101.69
2025-06-01,insurance,eu,101.68
2025-06-01,insurance,apac,101.68
2025-06-01,insurance,latam,101.68
2025-06-02,rent,us,507.88
2025-06-02,rent,eu,507.88
2025-06-02,rent,apac,507.88
2025-06-02,rent,latam,507.87
2025-06-02,software_licenses,us,324.08
2025-06-02,software_licenses,eu,324.08
2025-06-02,software_licenses,apac,324.08
2025-06-02,software_licenses,latam,324.08
2025-06-02,logistics,us,1776.38
2025-06-02,logistics,eu,759.46
2025-06-02,logistics,apac,327.24
2025-06-02,logistics,latam,308.09
2025-06-02,packaging,us,425.74
2025-06-02,packaging,eu,205.56
2025-06-02,packaging,apac,86.62
2025-06-02,packaging,latam,72.67
2025-06-02,payment_processing_fees,us,437.33
2025-06-02,payment_processing_fees,eu,437.33
2025-06-02,payment_processing_fees,apac,437.32
2025-06-02,payment_processing_fees,latam,437.32
2025-06-02,customer_support_tooling,us,144.79
2025-06-02,customer_support_tooling,eu,144.79
2025-06-02,customer_support_tooling,apac,144.79
2025-06-02,customer_support_tooling,latam,144.78
2025-06-02,insurance,us,107.52
2025-06-02,insurance,eu,107.51
2025-06-02,insurance,apac,107.51
2025-06-02,insurance,latam,107.51
2025-06-03,rent,us,472.08
2025-06-03,rent,eu,472.08
2025-06-03,rent,apac,472.08
2025-06-03,rent,latam,472.07
2025-06-03,software_licenses,us,307.97
2025-06-03,software_licenses,eu,307.97
2025-06-03,software_licenses,apac,307.97
2025-06-03,software_licenses,latam,307.96
2025-06-03,logistics,us,1979.52
2025-06-03,logistics,eu,767.07
2025-06-03,logistics,apac,345.17
2025-06-03,logistics,latam,279.36
2025-06-03,packaging,us,451.61
2025-06-03,packaging,eu,173.11
2025-06-03,packaging,apac,91.83
2025-06-03,packaging,latam,78.83
2025-06-03,payment_processing_fees,us,406.95
2025-06-03,payment_processing_fees,eu,406.95
2025-06-03,payment_processing_fees,apac,406.95
2025-06-03,payment_processing_fees,latam,406.95
2025-06-03,customer_support_tooling,us,153.86
2025-06-03,customer_support_tooling,eu,153.86
2025-06-03,customer_support_tooling,apac,153.86
2025-06-03,customer_support_tooling,latam,153.85
2025-06-03,insurance,us,105.66
2025-06-03,insurance,eu,105.66
2025-06-03,insurance,apac,105.66
2025-06-03,insurance,latam,105.65
2025-06-04,rent,us,526.49
2025-06-04,rent,eu,526.49
2025-06-04,rent,apac,526.49
2025-06-04,rent,latam,526.48
2025-06-04,software_licenses,us,351.76
2025-06-04,software_licenses,eu,351.76
2025-06-04,software_licenses,apac,351.75
2025-06-04,software_licenses,latam,351.75
2025-06-04,logistics,us,1717.97
2025-06-04,logistics,eu,775.17
2025-06-04,logistics,apac,282.92
2025-06-04,logistics,latam,282.23
2025-06-04,packaging,us,465.42
2025-06-04,packaging,eu,169.69
2025-06-04,packaging,apac,86.8
2025-06-04,packaging,latam,75.15
2025-06-04,payment_processing_fees,us,383.26
2025-06-04,payment_processing_fees,eu,383.26
2025-06-04,payment_processing_fees,apac,383.26
2025-06-04,payment_processing_fees,latam,383.26
2025-06-04,customer_support_tooling,us,144.17
2025-06-04,customer_support_tooling,eu,144.17
2025-06-04,customer_support_tooling,apac,144.17
2025-06-04,customer_support_tooling,latam,144.16
2025-06-04,insurance,us,90.38
2025-06-04,insurance,eu,90.38
2025-06-04,insurance,apac,90.37
2025-06-04,insurance,latam,90.37
2025-06-05,rent,us,530.89
2025-06-05,rent,eu,530.89
2025-06-05,rent,apac,530.88
2025-06-05,rent,latam,530.88
2025-06-05,software_licenses,us,303.73
2025-06-05,software_licenses,eu,303.73
2025-06-05,software_licenses,apac,303.72
2025-06-05,software_licenses,latam,303.72
2025-06-05,logistics,us,1888.53
2025-06-05,logistics,eu,728.87
2025-06-05,logistics,apac,351.65
2025-06-05,logistics,latam,317.4
2025-06-05,packaging,us,485.0
2025-06-05,packaging,eu,181.28
2025-06-05,packaging,apac,76.42
2025-06-05,packaging,latam,73.21
2025-06-05,payment_processing_fees,us,408.77
2025-06-05,payment_processing_fees,eu,408.76
2025-06-05,payment_processing_fees,apac,408.76
2025-06-05,payment_processing_fees,latam,408.76
2025-06-05,customer_support_tooling,us,145.05
2025-06-05,customer_support_tooling,eu,145.05
2025-06-05,customer_support_tooling,apac,145.05
2025-06-05,customer_support_tooling,latam,145.04
2025-06-05,insurance,us,95.30
2025-06-05,insurance,eu,95.30
2025-06-05,insurance,apac,95.30
2025-06-05,insurance,latam,95.29
2025-06-06,rent,us,431.28
2025-06-06,rent,eu,431.28
2025-06-06,rent,apac,431.28
2025-06-06,rent,latam,431.27
2025-06-06,software_licenses,us,319.58
2025-06-06,software_licenses,eu,319.57
2025-06-06,software_licenses,apac,319.57
2025-06-06,software_licenses,latam,319.57
2025-06-06,logistics,us,2023.36
2025-06-06,logistics,eu,804.81
2025-06-06,logistics,apac,351.81
2025-06-06,logistics,latam,319.31
2025-06-06,packaging,us,419.05
2025-06-06,packaging,eu,199.17
2025-06-06,packaging,apac,82.39
2025-06-06,packaging,latam,73.16
2025-06-06,payment_processing_fees,us,422.01
2025-06-06,payment_processing_fees,eu,422.00
2025-06-06,payment_processing_fees,apac,422.00
2025-06-06,payment_processing_fees,latam,422.00
2025-06-06,customer_support_tooling,us,141.57
2025-06-06,customer_support_tooling,eu,141.57
2025-06-06,customer_support_tooling,apac,141.56
2025-06-06,customer_support_tooling,latam,141.56
2025-06-06,insurance,us,109.90
2025-06-06,insurance,eu,109.90
2025-06-06,insurance,apac,109.90
2025-06-06,insurance,latam,109.90
2025-06-07,rent,us,458.62
2025-06-07,rent,eu,458.62
2025-06-07,rent,apac,458.62
2025-06-07,rent,latam,458.61
2025-06-07,software_licenses,us,315.86
2025-06-07,software_licenses,eu,315.85
2025-06-07,software_licenses,apac,315.85
2025-06-07,software_licenses,latam,315.85
2025-06-07,logistics,us,2050.0
2025-06-07,logistics,eu,727.58
2025-06-07,logistics,apac,294.92
2025-06-07,logistics,latam,277.45
2025-06-07,packaging,us,439.7
2025-06-07,packaging,eu,196.72
2025-06-07,packaging,apac,78.98
2025-06-07,packaging,latam,71.58
2025-06-07,payment_processing_fees,us,366.04
2025-06-07,payment_processing_fees,eu,366.04
2025-06-07,payment_processing_fees,apac,366.04
2025-06-07,payment_processing_fees,latam,366.04
2025-06-07,customer_support_tooling,us,159.60
2025-06-07,customer_support_tooling,eu,159.60
2025-06-07,customer_support_tooling,apac,159.60
2025-06-07,customer_support_tooling,latam,159.59
2025-06-07,insurance,us,98.93
2025-06-07,insurance,eu,98.93
2025-06-07,insurance,apac,98.93
2025-06-07,insurance,latam,98.93
2025-06-08,rent,us,493.98
2025-06-08,rent,eu,493.98
2025-06-08,rent,apac,493.97
2025-06-08,rent,latam,493.97
2025-06-08,software_licenses,us,358.28
2025-06-08,software_licenses,eu,358.28
2025-06-08,software_licenses,apac,358.28
2025-06-08,software_licenses,latam,358.27
2025-06-08,logistics,us,1879.57
2025-06-08,logistics,eu,903.86
2025-06-08,logistics,apac,336.33
2025-06-08,logistics,latam,298.5
2025-06-08,packaging,us,435.84
2025-06-08,packaging,eu,201.32
2025-06-08,packaging,apac,79.92
2025-06-08,packaging,latam,62.92
2025-06-08,payment_processing_fees,us,384.02
2025-06-08,payment_processing_fees,eu,384.01
2025-06-08,payment_processing_fees,apac,384.01
2025-06-08,payment_processing_fees,latam,384.01
2025-06-08,customer_support_tooling,us,158.93
2025-06-08,customer_support_tooling,eu,158.93
2025-06-08,customer_support_tooling,apac,158.93
2025-06-08,customer_support_tooling,latam,158.92
2025-06-08,insurance,us,101.28
2025-06-08,insurance,eu,101.28
2025-06-08,insurance,apac,101.28
2025-06-08,insurance,latam,101.28
2025-06-09,rent,us,504.01
2025-06-09,rent,eu,504.00
2025-06-09,rent,apac,504.00
2025-06-09,rent,latam,504.00
2025-06-09,software_licenses,us,330.68
2025-06-09,software_licenses,eu,330.68
2025-06-09,software_licenses,apac,330.68
2025-06-09,software_licenses,latam,330.68
2025-06-09,logistics,us,1971.56
2025-06-09,logistics,eu,756.75
2025-06-09,logistics,apac,329.52
2025-06-09,logistics,latam,252.29
2025-06-09,packaging,us,459.48
2025-06-09,packaging,eu,191.75
2025-06-09,packaging,apac,93.16
2025-06-09,packaging,latam,66.6
2025-06-09,payment_processing_fees,us,408.23
2025-06-09,payment_processing_fees,eu,408.23
2025-06-09,payment_processing_fees,apac,408.23
2025-06-09,payment_processing_fees,latam,408.23
2025-06-09,customer_support_tooling,us,134.96
2025-06-09,customer_support_tooling,eu,134.96
2025-06-09,customer_support_tooling,apac,134.96
2025-06-09,customer_support_tooling,latam,134.96
2025-06-09,insurance,us,99.74
2025-06-09,insurance,eu,99.73
2025-06-09,insurance,apac,99.73
2025-06-09,insurance,latam,99.73
2025-06-10,rent,us,460.33
2025-06-10,rent,eu,460.32
2025-06-10,rent,apac,460.32
2025-06-10,rent,latam,460.32
2025-06-10,software_licenses,us,314.97
2025-06-10,software_licenses,eu,314.97
2025-06-10,software_licenses,apac,314.97
2025-06-10,software_licenses,latam,314.96
2025-06-10,logistics,us,1782.98
2025-06-10,logistics,eu,756.91
2025-06-10,logistics,apac,309.79
2025-06-10,logistics,latam,326.92
2025-06-10,packaging,us,430.81
2025-06-10,packaging,eu,192.55
2025-06-10,packaging,apac,82.04
2025-06-10,packaging,latam,70.18
2025-06-10,payment_processing_fees,us,387.38
2025-06-10,payment_processing_fees,eu,387.37
2025-06-10,payment_processing_fees,apac,387.37
2025-06-10,payment_processing_fees,latam,387.37
2025-06-10,customer_support_tooling,us,136.67
2025-06-10,customer_support_tooling,eu,136.67
2025-06-10,customer_support_tooling,apac,136.66
2025-06-10,customer_support_tooling,latam,136.66
2025-06-10,insurance,us,109.73
2025-06-10,insurance,eu,109.73
2025-06-10,insurance,apac,109.72
2025-06-10,insurance,latam,109.72
2025-06-11,rent,us,512.57
2025-06-11,rent,eu,512.56
2025-06-11,rent,apac,512.56
2025-06-11,rent,latam,512.56
2025-06-11,software_licenses,us,314.12
2025-06-11,software_licenses,eu,314.12
2025-06-11,software_licenses,apac,314.11
2025-06-11,software_licenses,latam,314.11
2025-06-11,logistics,us,1898.23
2025-06-11,logistics,eu,738.43
2025-06-11,logistics,apac,326.44
2025-06-11,logistics,latam,311.56
2025-06-11,packaging,us,470.58
2025-06-11,packaging,eu,176.8
2025-06-11,packaging,apac,77.5
2025-06-11,packaging,latam,78.16
2025-06-11,payment_processing_fees,us,392.74
2025-06-11,payment_processing_fees,eu,392.74
2025-06-11,payment_processing_fees,apac,392.74
2025-06-11,payment_processing_fees,latam,392.73
2025-06-11,customer_support_tooling,us,155.81
2025-06-11,customer_support_tooling,eu,155.81
2025-06-11,customer_support_tooling,apac,155.81
2025-06-11,customer_support_tooling,latam,155.80
2025-06-11,insurance,us,99.17
2025-06-11,insurance,eu,99.16
2025-06-11,insurance,apac,99.16
2025-06-11,insurance,latam,99.16
2025-06-12,rent,us,462.58
2025-06-12,rent,eu,462.57
2025-06-12,rent,apac,462.57
2025-06-12,rent,latam,462.57
2025-06-12,software_licenses,us,328.40
2025-06-12,software_licenses,eu,328.40
2025-06-12,software_licenses,apac,328.40
2025-06-12,software_licenses,latam,328.39
2025-06-12,logistics,us,1675.02
2025-06-12,logistics,eu,787.88
2025-06-12,logistics,apac,349.2
2025-06-12,logistics,latam,312.35
2025-06-12,packaging,us,398.42
2025-06-12,packaging,eu,201.03
2025-06-12,packaging,apac,82.97
2025-06-12,packaging,latam,75.88
2025-06-12,payment_processing_fees,us,374.76
2025-06-12,payment_processing_fees,eu,374.76
2025-06-12,payment_processing_fees,apac,374.76
2025-06-12,payment_processing_fees,latam,374.75
2025-06-12,customer_support_tooling,us,133.07
2025-06-12,customer_support_tooling,eu,133.07
2025-06-12,customer_support_tooling,apac,133.07
2025-06-12,customer_support_tooling,latam,133.06
2025-06-12,insurance,us,93.59
2025-06-12,insurance,eu,93.59
2025-06-12,insurance,apac,93.58
2025-06-12,insurance,latam,93.58
2025-06-13,rent,us,489.14
2025-06-13,rent,eu,489.14
2025-06-13,rent,apac,489.14
2025-06-13,rent,latam,489.13
2025-06-13,software_licenses,us,332.92
2025-06-13,software_licenses,eu,332.92
2025-06-13,software_licenses,apac,332.92
2025-06-13,software_licenses,latam,332.92
2025-06-13,logistics,us,1876.26
2025-06-13,logistics,eu,846.61
2025-06-13,logistics,apac,357.46
2025-06-13,logistics,latam,336.27
2025-06-13,packaging,us,424.5
2025-06-13,packaging,eu,203.3
2025-06-13,packaging,apac,94.39
2025-06-13,packaging,latam,68.55
2025-06-13,payment_processing_fees,us,387.05
2025-06-13,payment_processing_fees,eu,387.05
2025-06-13,payment_processing_fees,apac,387.05
2025-06-13,payment_processing_fees,latam,387.04
2025-06-13,customer_support_tooling,us,140.22
2025-06-13,customer_support_tooling,eu,140.22
2025-06-13,customer_support_tooling,apac,140.22
2025-06-13,customer_support_tooling,latam,140.21
2025-06-13,insurance,us,105.22
2025-06-13,insurance,eu,105.21
2025-06-13,insurance,apac,105.21
2025-06-13,insurance,latam,105.21
2025-06-14,rent,us,474.97
2025-06-14,rent,eu,474.97
2025-06-14,rent,apac,474.97
2025-06-14,rent,latam,474.96
2025-06-14,software_licenses,us,327.68
2025-06-14,software_licenses,eu,327.68
2025-06-14,software_licenses,apac,327.67
2025-06-14,software_licenses,latam,327.67
2025-06-14,logistics,us,2015.46
2025-06-14,logistics,eu,734.7
2025-06-14,logistics,apac,368.77
2025-06-14,logistics,latam,285.42
2025-06-14,packaging,us,425.83
2025-06-14,packaging,eu,208.35
2025-06-14,packaging,apac,75.75
2025-06-14,packaging,latam,70.4
2025-06-14,payment_processing_fees,us,388.17
2025-06-14,payment_processing_fees,eu,388.17
2025-06-14,payment_processing_fees,apac,388.16
2025-06-14,payment_processing_fees,latam,388.16
2025-06-14,customer_support_tooling,us,137.55
2025-06-14,customer_support_tooling,eu,137.55
2025-06-14,customer_support_tooling,apac,137.55
2025-06-14,customer_support_tooling,latam,137.54
2025-06-14,insurance,us,107.58
2025-06-14,insurance,eu,107.57
2025-06-14,insurance,apac,107.57
2025-06-14,insurance,latam,107.57
2025-06-15,rent,us,476.31
2025-06-15,rent,eu,476.31
2025-06-15,rent,apac,476.31
2025-06-15,rent,latam,476.30
2025-06-15,software_licenses,us,308.79
2025-06-15,software_licenses,eu,308.79
2025-06-15,software_licenses,apac,308.78
2025-06-15,software_licenses,latam,308.78
2025-06-15,logistics,us,1907.47
2025-06-15,logistics,eu,841.35
2025-06-15,logistics,apac,332.38
2025-06-15,logistics,latam,313.58
2025-06-15,packaging,us,478.42
2025-06-15,packaging,eu,172.2
2025-06-15,packaging,apac,87.14
2025-06-15,packaging,latam,74.95
2025-06-15,payment_processing_fees,us,391.14
2025-06-15,payment_processing_fees,eu,391.14
2025-06-15,payment_processing_fees,apac,391.14
2025-06-15,payment_processing_fees,latam,391.13
2025-06-15,customer_support_tooling,us,144.12
2025-06-15,customer_support_tooling,eu,144.12
2025-06-15,customer_support_tooling,apac,144.12
2025-06-15,customer_support_tooling,latam,144.11
2025-06-15,insurance,us,105.82
2025-06-15,insurance,eu,105.82
2025-06-15,insurance,apac,105.82
2025-06-15,insurance,latam,105.81
2025-06-16,rent,us,479.81
2025-06-16,rent,eu,479.81
2025-06-16,rent,apac,479.81
2025-06-16,rent,latam,479.81
2025-06-16,software_licenses,us,317.92
2025-06-16,software_licenses,eu,317.91
2025-06-16,software_licenses,apac,317.91
2025-06-16,software_licenses,latam,317.91
2025-06-16,logistics,us,1838.24
2025-06-16,logistics,eu,762.22
2025-06-16,logistics,apac,354.8
2025-06-16,logistics,latam,284.57
2025-06-16,packaging,us,478.71
2025-06-16,packaging,eu,183.47
2025-06-16,packaging,apac,88.06
2025-06-16,packaging,latam,69.66
2025-06-16,payment_processing_fees,us,406.86
2025-06-16,payment_processing_fees,eu,406.85
2025-06-16,payment_processing_fees,apac,406.85
2025-06-16,payment_processing_fees,latam,406.85
2025-06-16,customer_support_tooling,us,137.69
2025-06-16,customer_support_tooling,eu,137.69
2025-06-16,customer_support_tooling,apac,137.69
2025-06-16,customer_support_tooling,latam,137.69
2025-06-16,insurance,us,98.95
2025-06-16,insurance,eu,98.95
2025-06-16,insurance,apac,98.94
2025-06-16,insurance,latam,98.94
2025-06-17,rent,us,520.45
2025-06-17,rent,eu,520.45
2025-06-17,rent,apac,520.45
2025-06-17,rent,latam,520.44
2025-06-17,software_licenses,us,328.82
2025-06-17,software_licenses,eu,328.82
2025-06-17,software_licenses,apac,328.82
2025-06-17,software_licenses,latam,328.81
2025-06-17,logistics,us,1809.24
2025-06-17,logistics,eu,728.68
2025-06-17,logistics,apac,340.43
2025-06-17,logistics,latam,313.77
2025-06-17,packaging,us,469.3
2025-06-17,packaging,eu,191.64
2025-06-17,packaging,apac,87.64
2025-06-17,packaging,latam,67.54
2025-06-17,payment_processing_fees,us,382.09
2025-06-17,payment_processing_fees,eu,382.09
2025-06-17,payment_processing_fees,apac,382.09
2025-06-17,payment_processing_fees,latam,382.08
2025-06-17,customer_support_tooling,us,153.44
2025-06-17,customer_support_tooling,eu,153.44
2025-06-17,customer_support_tooling,apac,153.44
2025-06-17,customer_support_tooling,latam,153.43
2025-06-17,insurance,us,107.25
2025-06-17,insurance,eu,107.25
2025-06-17,insurance,apac,107.25
2025-06-17,insurance,latam,107.25
2025-06-18,rent,us,542.79
2025-06-18,rent,eu,542.79
2025-06-18,rent,apac,542.78
2025-06-18,rent,latam,542.78
2025-06-18,software_licenses,us,344.77
2025-06-18,software_licenses,eu,344.77
2025-06-18,software_licenses,apac,344.77
2025-06-18,software_licenses,latam,344.76
2025-06-18,logistics,us,1989.85
2025-06-18,logistics,eu,875.44
2025-06-18,logistics,apac,321.64
2025-06-18,logistics,latam,301.62
2025-06-18,packaging,us,500.07
2025-06-18,packaging,eu,185.47
2025-06-18,packaging,apac,75.98
2025-06-18,packaging,latam,78.57
2025-06-18,payment_processing_fees,us,444.51
2025-06-18,payment_processing_fees,eu,444.51
2025-06-18,payment_processing_fees,apac,444.51
2025-06-18,payment_processing_fees,latam,444.50
2025-06-18,customer_support_tooling,us,144.47
2025-06-18,customer_support_tooling,eu,144.47
2025-06-18,customer_support_tooling,apac,144.47
2025-06-18,customer_support_tooling,latam,144.47
2025-06-18,insurance,us,90.97
2025-06-18,insurance,eu,90.97
2025-06-18,insurance,apac,90.97
2025-06-18,insurance,latam,90.96
2025-06-19,rent,us,443.75
2025-06-19,rent,eu,443.74
2025-06-19,rent,apac,443.74
2025-06-19,rent,latam,443.74
2025-06-19,software_licenses,us,306.93
2025-06-19,software_licenses,eu,306.93
2025-06-19,software_licenses,apac,306.92
2025-06-19,software_licenses,latam,306.92
2025-06-19,logistics,us,1958.08
2025-06-19,logistics,eu,840.6
2025-06-19,logistics,apac,367.45
2025-06-19,logistics,latam,290.12
2025-06-19,packaging,us,414.66
2025-06-19,packaging,eu,199.04
2025-06-19,packaging,apac,79.31
2025-06-19,packaging,latam,73.29
2025-06-19,payment_processing_fees,us,392.67
2025-06-19,payment_processing_fees,eu,392.67
2025-06-19,payment_processing_fees,apac,392.67
2025-06-19,payment_processing_fees,latam,392.67
2025-06-19,customer_support_tooling,us,159.50
2025-06-19,customer_support_tooling,eu,159.49
2025-06-19,customer_support_tooling,apac,159.49
2025-06-19,customer_support_tooling,latam,159.49
2025-06-19,insurance,us,109.04
2025-06-19,insurance,eu,109.04
2025-06-19,insurance,apac,109.04
2025-06-19,insurance,latam,109.03
2025-06-20,rent,us,455.47
2025-06-20,rent,eu,455.46
2025-06-20,rent,apac,455.46
2025-06-20,rent,latam,455.46
2025-06-20,software_licenses,us,322.36
2025-06-20,software_licenses,eu,322.36
2025-06-20,software_licenses,apac,322.35
2025-06-20,software_licenses,latam,322.35
2025-06-20,logistics,us,1798.7
2025-06-20,logistics,eu,851.46
2025-06-20,logistics,apac,352.44
2025-06-20,logistics,latam,300.08
2025-06-20,packaging,us,475.39
2025-06-20,packaging,eu,185.27
2025-06-20,packaging,apac,82.88
2025-06-20,packaging,latam,75.44
2025-06-20,payment_processing_fees,us,426.64
2025-06-20,payment_processing_fees,eu,426.64
2025-06-20,payment_processing_fees,apac,426.64
2025-06-20,payment_processing_fees,latam,426.63
2025-06-20,customer_support_tooling,us,146.18
2025-06-20,customer_support_tooling,eu,146.18
2025-06-20,customer_support_tooling,apac,146.18
2025-06-20,customer_support_tooling,latam,146.17
2025-06-20,insurance,us,105.61
2025-06-20,insurance,eu,105.61
2025-06-20,insurance,apac,105.60
2025-06-20,insurance,latam,105.60
2025-06-21,rent,us,481.84
2025-06-21,rent,eu,481.84
2025-06-21,rent,apac,481.84
2025-06-21,rent,latam,481.83
2025-06-21,software_licenses,us,296.58
2025-06-21,software_licenses,eu,296.58
2025-06-21,software_licenses,apac,296.58
2025-06-21,software_licenses,latam,296.58
2025-06-21,logistics,us,1725.36
2025-06-21,logistics,eu,793.99
2025-06-21,logistics,apac,331.89
2025-06-21,logistics,latam,322.54
2025-06-21,packaging,us,473.62
2025-06-21,packaging,eu,189.04
2025-06-21,packaging,apac,81.69
2025-06-21,packaging,latam,74.52
2025-06-21,payment_processing_fees,us,384.54
2025-06-21,payment_processing_fees,eu,384.53
2025-06-21,payment_processing_fees,apac,384.53
2025-06-21,payment_processing_fees,latam,384.53
2025-06-21,customer_support_tooling,us,152.91
2025-06-21,customer_support_tooling,eu,152.91
2025-06-21,customer_support_tooling,apac,152.91
2025-06-21,customer_support_tooling,latam,152.90
2025-06-21,insurance,us,100.46
2025-06-21,insurance,eu,100.45
2025-06-21,insurance,apac,100.45
2025-06-21,insurance,latam,100.45
2025-06-22,rent,us,501.68
2025-06-22,rent,eu,501.68
2025-06-22,rent,apac,501.68
2025-06-22,rent,latam,501.68
2025-06-22,software_licenses,us,300.31
2025-06-22,software_licenses,eu,300.31
2025-06-22,software_licenses,apac,300.31
2025-06-22,software_licenses,latam,300.31
2025-06-22,logistics,us,1667.61
2025-06-22,logistics,eu,768.76
2025-06-22,logistics,apac,305.32
2025-06-22,logistics,latam,327.34
2025-06-22,packaging,us,451.03
2025-06-22,packaging,eu,187.04
2025-06-22,packaging,apac,80.58
2025-06-22,packaging,latam,77.55
2025-06-22,payment_processing_fees,us,424.08
2025-06-22,payment_processing_fees,eu,424.08
2025-06-22,payment_processing_fees,apac,424.08
2025-06-22,payment_processing_fees,latam,424.08
2025-06-22,customer_support_tooling,us,134.49
2025-06-22,customer_support_tooling,eu,134.49
2025-06-22,customer_support_tooling,apac,134.49
2025-06-22,customer_support_tooling,latam,134.49
2025-06-22,insurance,us,103.25
2025-06-22,insurance,eu,103.25
2025-06-22,insurance,apac,103.25
2025-06-22,insurance,latam,103.25
2025-06-23,rent,us,554.94
2025-06-23,rent,eu,554.94
2025-06-23,rent,apac,554.94
2025-06-23,rent,latam,554.93
2025-06-23,software_licenses,us,318.30
2025-06-23,software_licenses,eu,318.30
2025-06-23,software_licenses,apac,318.30
2025-06-23,software_licenses,latam,318.30
2025-06-23,logistics,us,2114.26
2025-06-23,logistics,eu,747.68
2025-06-23,logistics,apac,363.39
2025-06-23,logistics,latam,299.53
2025-06-23,packaging,us,437.89
2025-06-23,packaging,eu,188.69
2025-06-23,packaging,apac,83.99
2025-06-23,packaging,latam,63.46
2025-06-23,payment_processing_fees,us,365.32
2025-06-23,payment_processing_fees,eu,365.32
2025-06-23,payment_processing_fees,apac,365.32
2025-06-23,payment_processing_fees,latam,365.32
2025-06-23,customer_support_tooling,us,158.64
2025-06-23,customer_support_tooling,eu,158.64
2025-06-23,customer_support_tooling,apac,158.64
2025-06-23,customer_support_tooling,latam,158.63
2025-06-23,insurance,us,103.11
2025-06-23,insurance,eu,103.11
2025-06-23,insurance,apac,103.10
2025-06-23,insurance,latam,103.10
2025-06-24,rent,us,487.76
2025-06-24,rent,eu,487.76
2025-06-24,rent,apac,487.76
2025-06-24,rent,latam,487.75
2025-06-24,software_licenses,us,306.56
2025-06-24,software_licenses,eu,306.55
2025-06-24,software_licenses,apac,306.55
2025-06-24,software_licenses,latam,306.55
2025-06-24,logistics,us,1713.66
2025-06-24,logistics,eu,787.13
2025-06-24,logistics,apac,394.35
2025-06-24,logistics,latam,272.25
2025-06-24,packaging,us,465.14
2025-06-24,packaging,eu,183.74
2025-06-24,packaging,apac,90.05
2025-06-24,packaging,latam,67.78
2025-06-24,payment_processing_fees,us,407.10
2025-06-24,payment_processing_fees,eu,407.09
2025-06-24,payment_processing_fees,apac,407.09
2025-06-24,payment_processing_fees,latam,407.09
2025-06-24,customer_support_tooling,us,147.45
2025-06-24,customer_support_tooling,eu,147.44
2025-06-24,customer_support_tooling,apac,147.44
2025-06-24,customer_support_tooling,latam,147.44
2025-06-24,insurance,us,98.36
2025-06-24,insurance,eu,98.36
2025-06-24,insurance,apac,98.35
2025-06-24,insurance,latam,98.35
2025-06-25,rent,us,451.59
2025-06-25,rent,eu,451.59
2025-06-25,rent,apac,451.59
2025-06-25,rent,latam,451.59
2025-06-25,software_licenses,us,300.22
2025-06-25,software_licenses,eu,300.22
2025-06-25,software_licenses,apac,300.21
2025-06-25,software_licenses,latam,300.21
2025-06-25,logistics,us,1891.31
2025-06-25,logistics,eu,872.04
2025-06-25,logistics,apac,355.34
2025-06-25,logistics,latam,357.06
2025-06-25,packaging,us,441.42
2025-06-25,packaging,eu,189.84
2025-06-25,packaging,apac,90.82
2025-06-25,packaging,latam,67.64
2025-06-25,payment_processing_fees,us,389.76
2025-06-25,payment_processing_fees,eu,389.75
2025-06-25,payment_processing_fees,apac,389.75
2025-06-25,payment_processing_fees,latam,389.75
2025-06-25,customer_support_tooling,us,151.35
2025-06-25,customer_support_tooling,eu,151.35
2025-06-25,customer_support_tooling,apac,151.34
2025-06-25,customer_support_tooling,latam,151.34
2025-06-25,insurance,us,99.79
2025-06-25,insurance,eu,99.79
2025-06-25,insurance,apac,99.78
2025-06-25,insurance,latam,99.78
2025-06-26,rent,us,451.72
2025-06-26,rent,eu,451.71
2025-06-26,rent,apac,451.71
2025-06-26,rent,latam,451.71
2025-06-26,software_licenses,us,315.71
2025-06-26,software_licenses,eu,315.71
2025-06-26,software_licenses,apac,315.70
2025-06-26,software_licenses,latam,315.70
2025-06-26,logistics,us,1707.91
2025-06-26,logistics,eu,722.85
2025-06-26,logistics,apac,386.84
2025-06-26,logistics,latam,326.72
2025-06-26,packaging,us,442.72
2025-06-26,packaging,eu,187.11
2025-06-26,packaging,apac,79.62
2025-06-26,packaging,latam,71.21
2025-06-26,payment_processing_fees,us,385.15
2025-06-26,payment_processing_fees,eu,385.15
2025-06-26,payment_processing_fees,apac,385.14
2025-06-26,payment_processing_fees,latam,385.14
2025-06-26,customer_support_tooling,us,164.58
2025-06-26,customer_support_tooling,eu,164.57
2025-06-26,customer_support_tooling,apac,164.57
2025-06-26,customer_support_tooling,latam,164.57
2025-06-26,insurance,us,99.57
2025-06-26,insurance,eu,99.57
2025-06-26,insurance,apac,99.57
2025-06-26,insurance,latam,99.56
2025-06-27,rent,us,499.13
2025-06-27,rent,eu,499.13
2025-06-27,rent,apac,499.13
2025-06-27,rent,latam,499.13
2025-06-27,software_licenses,us,334.94
2025-06-27,software_licenses,eu,334.93
2025-06-27,software_licenses,apac,334.93
2025-06-27,software_licenses,latam,334.93
2025-06-27,logistics,us,2008.5
2025-06-27,logistics,eu,792.74
2025-06-27,logistics,apac,363.56
2025-06-27,logistics,latam,237.7
2025-06-27,packaging,us,465.63
2025-06-27,packaging,eu,191.0
2025-06-27,packaging,apac,82.15
2025-06-27,packaging,latam,76.16
2025-06-27,payment_processing_fees,us,346.05
2025-06-27,payment_processing_fees,eu,346.05
2025-06-27,payment_processing_fees,apac,346.04
2025-06-27,payment_processing_fees,latam,346.04
2025-06-27,customer_support_tooling,us,140.71
2025-06-27,customer_support_tooling,eu,140.71
2025-06-27,customer_support_tooling,apac,140.70
2025-06-27,customer_support_tooling,latam,140.70
2025-06-27,insurance,us,93.67
2025-06-27,insurance,eu,93.67
2025-06-27,insurance,apac,93.67
2025-06-27,insurance,latam,93.66
2025-06-28,rent,us,502.06
2025-06-28,rent,eu,502.05
2025-06-28,rent,apac,502.05
2025-06-28,rent,latam,502.05
2025-06-28,software_licenses,us,333.62
2025-06-28,software_licenses,eu,333.62
2025-06-28,software_licenses,apac,333.61
2025-06-28,software_licenses,latam,333.61
2025-06-28,logistics,us,2006.77
2025-06-28,logistics,eu,790.26
2025-06-28,logistics,apac,320.01
2025-06-28,logistics,latam,309.73
2025-06-28,packaging,us,431.01
2025-06-28,packaging,eu,185.37
2025-06-28,packaging,apac,76.91
2025-06-28,packaging,latam,71.39
2025-06-28,payment_processing_fees,us,439.63
2025-06-28,payment_processing_fees,eu,439.63
2025-06-28,payment_processing_fees,apac,439.63
2025-06-28,payment_processing_fees,latam,439.63
2025-06-28,customer_support_tooling,us,138.50
2025-06-28,customer_support_tooling,eu,138.49
2025-06-28,customer_support_tooling,apac,138.49
2025-06-28,customer_support_tooling,latam,138.49
2025-06-28,insurance,us,98.76
2025-06-28,insurance,eu,98.76
2025-06-28,insurance,apac,98.76
2025-06-28,insurance,latam,98.76
2025-06-29,rent,us,462.15
2025-06-29,rent,eu,462.15
2025-06-29,rent,apac,462.14
2025-06-29,rent,latam,462.14
2025-06-29,software_licenses,us,318.78
2025-06-29,software_licenses,eu,318.78
2025-06-29,software_licenses,apac,318.77
2025-06-29,software_licenses,latam,318.77
2025-06-29,logistics,us,1836.8
2025-06-29,logistics,eu,753.03
2025-06-29,logistics,apac,384.2
2025-06-29,logistics,latam,346.67
2025-06-29,packaging,us,432.92
2025-06-29,packaging,eu,189.83
2025-06-29,packaging,apac,82.13
2025-06-29,packaging,latam,66.4
2025-06-29,payment_processing_fees,us,416.52
2025-06-29,payment_processing_fees,eu,416.51
2025-06-29,payment_processing_fees,apac,416.51
2025-06-29,payment_processing_fees,latam,416.51
2025-06-29,customer_support_tooling,us,140.61
2025-06-29,customer_support_tooling,eu,140.61
2025-06-29,customer_support_tooling,apac,140.60
2025-06-29,customer_support_tooling,latam,140.60
2025-06-29,insurance,us,106.95
2025-06-29,insurance,eu,106.95
2025-06-29,insurance,apac,106.95
2025-06-29,insurance,latam,106.94
2025-06-30,rent,us,499.29
2025-06-30,rent,eu,499.29
2025-06-30,rent,apac,499.29
2025-06-30,rent,latam,499.29
2025-06-30,software_licenses,us,288.62
2025-06-30,software_licenses,eu,288.61
2025-06-30,software_licenses,apac,288.61
2025-06-30,software_licenses,latam,288.61
2025-06-30,logistics,us,1900.26
2025-06-30,logistics,eu,847.91
2025-06-30,logistics,apac,354.99
2025-06-30,logistics,latam,303.42
2025-06-30,packaging,us,490.36
2025-06-30,packaging,eu,174.6
2025-06-30,packaging,apac,82.73
2025-06-30,packaging,latam,69.81
2025-06-30,payment_processing_fees,us,418.66
2025-06-30,payment_processing_fees,eu,418.66
2025-06-30,payment_processing_fees,apac,418.66
2025-06-30,payment_processing_fees,latam,418.65
2025-06-30,customer_support_tooling,us,137.92
2025-06-30,customer_support_tooling,eu,137.92
2025-06-30,customer_support_tooling,apac,137.92
2025-06-30,customer_support_tooling,latam,137.92
2025-06-30,insurance,us,103.47
2025-06-30,insurance,eu,103.47
2025-06-30,insurance,apac,103.47
2025-06-30,insurance,latam,103.46
2025-06-30,rent,us,471.02
2025-06-30,rent,eu,471.02
2025-06-30,rent,apac,471.01
2025-06-30,rent,latam,471.01
2025-06-30,software_licenses,us,327.92
2025-06-30,software_licenses,eu,327.92
2025-06-30,software_licenses,apac,327.92
2025-06-30,software_licenses,latam,327.92
2025-06-30,logistics,us,1618.98
2025-06-30,logistics,eu,819.85
2025-06-30,logistics,apac,331.78
2025-06-30,logistics,latam,325.27
2025-06-30,packaging,us,382.35
2025-06-30,packaging,eu,184.06
2025-06-30,packaging,apac,90.03
2025-06-30,packaging,latam,77.2
2025-06-30,payment_processing_fees,us,411.21
2025-06-30,payment_processing_fees,eu,411.21
2025-06-30,payment_processing_fees,apac,411.21
2025-06-30,payment_processing_fees,latam,411.20
2025-06-30,customer_support_tooling,us,148.52
2025-06-30,customer_support_tooling,eu,148.52
2025-06-30,customer_support_tooling,apac,148.51
2025-06-30,customer_support_tooling,latam,148.51
2025-06-30,insurance,us,95.58
2025-06-30,insurance,eu,95.58
2025-06-30,insurance,apac,95.57
2025-06-30,insurance,latam,95.57
2025-07-01,rent,us,481.37
2025-07-01,rent,eu,481.37
2025-07-01,rent,apac,481.37
2025-07-01,rent,latam,481.36
2025-07-01,software_licenses,us,317.07
2025-07-01,software_licenses,eu,317.07
2025-07-01,software_licenses,apac,317.07
2025-07-01,software_licenses,latam,317.06
2025-07-01,logistics,us,1767.55
2025-07-01,logistics,eu,913.03
2025-07-01,logistics,apac,309.64
2025-07-01,logistics,latam,291.85
2025-07-01,packaging,us,487.75
2025-07-01,packaging,eu,166.86
2025-07-01,packaging,apac,90.76
2025-07-01,packaging,latam,72.17
2025-07-01,payment_processing_fees,us,421.45
2025-07-01,payment_processing_fees,eu,421.44
2025-07-01,payment_processing_fees,apac,421.44
2025-07-01,payment_processing_fees,latam,421.44
2025-07-01,customer_support_tooling,us,147.67
2025-07-01,customer_support_tooling,eu,147.66
2025-07-01,customer_support_tooling,apac,147.66
2025-07-01,customer_support_tooling,latam,147.66
2025-07-01,insurance,us,106.49
2025-07-01,insurance,eu,106.48
2025-07-01,insurance,apac,106.48
2025-07-01,insurance,latam,106.48
2025-07-02,rent,us,543.45
2025-07-02,rent,eu,543.45
2025-07-02,rent,apac,543.45
2025-07-02,rent,latam,543.45
2025-07-02,software_licenses,us,289.70
2025-07-02,software_licenses,eu,289.70
2025-07-02,software_licenses,apac,289.69
2025-07-02,software_licenses,latam,289.69
2025-07-02,logistics,us,1779.9
2025-07-02,logistics,eu,816.23
2025-07-02,logistics,apac,347.21
2025-07-02,logistics,latam,286.77
2025-07-02,packaging,us,485.06
2025-07-02,packaging,eu,185.44
2025-07-02,packaging,apac,87.49
2025-07-02,packaging,latam,71.27
2025-07-02,payment_processing_fees,us,422.91
2025-07-02,payment_processing_fees,eu,422.91
2025-07-02,payment_processing_fees,apac,422.91
2025-07-02,payment_processing_fees,latam,422.90
2025-07-02,customer_support_tooling,us,149.01
2025-07-02,customer_support_tooling,eu,149.01
2025-07-02,customer_support_tooling,apac,149.01
2025-07-02,customer_support_tooling,latam,149.00
2025-07-02,insurance,us,107.24
2025-07-02,insurance,eu,107.24
2025-07-02,insurance,apac,107.24
2025-07-02,insurance,latam,107.24
2025-07-03,rent,us,512.40
2025-07-03,rent,eu,512.39
2025-07-03,rent,apac,512.39
2025-07-03,rent,latam,512.39
2025-07-03,software_licenses,us,318.94
2025-07-03,software_licenses,eu,318.94
2025-07-03,software_licenses,apac,318.93
2025-07-03,software_licenses,latam,318.93
2025-07-03,logistics,us,1826.65
2025-07-03,logistics,eu,803.47
2025-07-03,logistics,apac,402.49
2025-07-03,logistics,latam,286.13
2025-07-03,packaging,us,451.73
2025-07-03,packaging,eu,217.31
2025-07-03,packaging,apac,79.32
2025-07-03,packaging,latam,72.75
2025-07-03,payment_processing_fees,us,386.53
2025-07-03,payment_processing_fees,eu,386.53
2025-07-03,payment_processing_fees,apac,386.53
2025-07-03,payment_processing_fees,latam,386.53
2025-07-03,customer_support_tooling,us,143.52
2025-07-03,customer_support_tooling,eu,143.52
2025-07-03,customer_support_tooling,apac,143.52
2025-07-03,customer_support_tooling,latam,143.51
2025-07-03,insurance,us,100.23
2025-07-03,insurance,eu,100.23
2025-07-03,insurance,apac,100.23
2025-07-03,insurance,latam,100.22
2025-07-04,rent,us,448.76
2025-07-04,rent,eu,448.76
2025-07-04,rent,apac,448.75
2025-07-04,rent,latam,448.75
2025-07-04,software_licenses,us,330.18
2025-07-04,software_licenses,eu,330.18
2025-07-04,software_licenses,apac,330.18
2025-07-04,software_licenses,latam,330.17
2025-07-04,logistics,us,1821.27
2025-07-04,logistics,eu,794.76
2025-07-04,logistics,apac,319.65
2025-07-04,logistics,latam,265.38
2025-07-04,packaging,us,405.36
2025-07-04,packaging,eu,171.7
2025-07-04,packaging,apac,81.48
2025-07-04,packaging,latam,76.01
2025-07-04,payment_processing_fees,us,389.52
2025-07-04,payment_processing_fees,eu,389.52
2025-07-04,payment_processing_fees,apac,389.52
2025-07-04,payment_processing_fees,latam,389.51
2025-07-04,customer_support_tooling,us,124.59
2025-07-04,customer_support_tooling,eu,124.59
2025-07-04,customer_support_tooling,apac,124.59
2025-07-04,customer_support_tooling,latam,124.59
2025-07-04,insurance,us,106.34
2025-07-04,insurance,eu,106.34
2025-07-04,insurance,apac,106.34
2025-07-04,insurance,latam,106.34
2025-07-05,rent,us,484.10
2025-07-05,rent,eu,484.10
2025-07-05,rent,apac,484.09
2025-07-05,rent,latam,484.09
2025-07-05,software_licenses,us,287.78
2025-07-05,software_licenses,eu,287.77
2025-07-05,software_licenses,apac,287.77
2025-07-05,software_licenses,latam,287.77
2025-07-05,logistics,us,1767.33
2025-07-05,logistics,eu,805.42
2025-07-05,logistics,apac,304.44
2025-07-05,logistics,latam,264.25
2025-07-05,packaging,us,465.13
2025-07-05,packaging,eu,169.9
2025-07-05,packaging,apac,74.48
2025-07-05,packaging,latam,68.5
2025-07-05,payment_processing_fees,us,399.20
2025-07-05,payment_processing_fees,eu,399.20
2025-07-05,payment_processing_fees,apac,399.20
2025-07-05,payment_processing_fees,latam,399.19
2025-07-05,customer_support_tooling,us,148.11
2025-07-05,customer_support_tooling,eu,148.11
2025-07-05,customer_support_tooling,apac,148.11
2025-07-05,customer_support_tooling,latam,148.10
2025-07-05,insurance,us,110.83
2025-07-05,insurance,eu,110.83
2025-07-05,insurance,apac,110.82
2025-07-05,insurance,latam,110.82
2025-07-06,rent,us,475.09
2025-07-06,rent,eu,475.09
2025-07-06,rent,apac,475.09
2025-07-06,rent,latam,475.08
2025-07-06,software_licenses,us,316.47
2025-07-06,software_licenses,eu,316.47
2025-07-06,software_licenses,apac,316.47
2025-07-06,software_licenses,latam,316.47
2025-07-06,logistics,us,1843.37
2025-07-06,logistics,eu,739.16
2025-07-06,logistics,apac,351.63
2025-07-06,logistics,latam,286.88
2025-07-06,packaging,us,433.25
2025-07-06,packaging,eu,174.06
2025-07-06,packaging,apac,88.0
2025-07-06,packaging,latam,69.62
2025-07-06,payment_processing_fees,us,376.71
2025-07-06,payment_processing_fees,eu,376.71
2025-07-06,payment_processing_fees,apac,376.71
2025-07-06,payment_processing_fees,latam,376.70
2025-07-06,customer_support_tooling,us,148.65
2025-07-06,customer_support_tooling,eu,148.64
2025-07-06,customer_support_tooling,apac,148.64
2025-07-06,customer_support_tooling,latam,148.64
2025-07-06,insurance,us,103.46
2025-07-06,insurance,eu,103.45
2025-07-06,insurance,apac,103.45
2025-07-06,insurance,latam,103.45
2025-07-07,rent,us,539.73
2025-07-07,rent,eu,539.73
2025-07-07,rent,apac,539.72
2025-07-07,rent,latam,539.72
2025-07-07,software_licenses,us,343.20
2025-07-07,software_licenses,eu,343.20
2025-07-07,software_licenses,apac,343.20
2025-07-07,software_licenses,latam,343.20
2025-07-07,logistics,us,1747.05
2025-07-07,logistics,eu,721.09
2025-07-07,logistics,apac,353.86
2025-07-07,logistics,latam,298.0
2025-07-07,packaging,us,445.26
2025-07-07,packaging,eu,191.44
2025-07-07,packaging,apac,89.21
2025-07-07,packaging,latam,75.83
2025-07-07,payment_processing_fees,us,433.40
2025-07-07,payment_processing_fees,eu,433.39
2025-07-07,payment_processing_fees,apac,433.39
2025-07-07,payment_processing_fees,latam,433.39
2025-07-07,customer_support_tooling,us,151.13
2025-07-07,customer_support_tooling,eu,151.13
2025-07-07,customer_support_tooling,apac,151.13
2025-07-07,customer_support_tooling,latam,151.12
2025-07-07,insurance,us,103.08
2025-07-07,insurance,eu,103.07
2025-07-07,insurance,apac,103.07
2025-07-07,insurance,latam,103.07
2025-07-08,rent,us,500.19
2025-07-08,rent,eu,500.18
2025-07-08,rent,apac,500.18
2025-07-08,rent,latam,500.18
2025-07-08,software_licenses,us,331.08
2025-07-08,software_licenses,eu,331.08
2025-07-08,software_licenses,apac,331.08
2025-07-08,software_licenses,latam,331.08
2025-07-08,logistics,us,1729.64
2025-07-08,logistics,eu,766.87
2025-07-08,logistics,apac,331.59
2025-07-08,logistics,latam,296.27
2025-07-08,packaging,us,405.02
2025-07-08,packaging,eu,191.1
2025-07-08,packaging,apac,83.39
2025-07-08,packaging,latam,69.17
2025-07-08,payment_processing_fees,us,388.50
2025-07-08,payment_processing_fees,eu,388.50
2025-07-08,payment_processing_fees,apac,388.50
2025-07-08,payment_processing_fees,latam,388.49
2025-07-08,customer_support_tooling,us,144.57
2025-07-08,customer_support_tooling,eu,144.57
2025-07-08,customer_support_tooling,apac,144.57
2025-07-08,customer_support_tooling,latam,144.57
2025-07-08,insurance,us,96.65
2025-07-08,insurance,eu,96.64
2025-07-08,insurance,apac,96.64
2025-07-08,insurance,latam,96.64
2025-07-09,rent,us,477.46
2025-07-09,rent,eu,477.45
2025-07-09,rent,apac,477.45
2025-07-09,rent,latam,477.45
2025-07-09,software_licenses,us,329.19
2025-07-09,software_licenses,eu,329.19
2025-07-09,software_licenses,apac,329.19
2025-07-09,software_licenses,latam,329.18
2025-07-09,logistics,us,1655.05
2025-07-09,logistics,eu,810.91
2025-07-09,logistics,apac,390.24
2025-07-09,logistics,latam,317.87
2025-07-09,packaging,us,478.57
2025-07-09,packaging,eu,184.16
2025-07-09,packaging,apac,98.51
2025-07-09,packaging,latam,66.8
2025-07-09,payment_processing_fees,us,422.42
2025-07-09,payment_processing_fees,eu,422.42
2025-07-09,payment_processing_fees,apac,422.42
2025-07-09,payment_processing_fees,latam,422.42
2025-07-09,customer_support_tooling,us,156.32
2025-07-09,customer_support_tooling,eu,156.31
2025-07-09,customer_support_tooling,apac,156.31
2025-07-09,customer_support_tooling,latam,156.31
2025-07-09,insurance,us,103.24
2025-07-09,insurance,eu,103.23
2025-07-09,insurance,apac,103.23
2025-07-09,insurance,latam,103.23
2025-07-10,rent,us,483.71
2025-07-10,rent,eu,483.70
2025-07-10,rent,apac,483.70
2025-07-10,rent,latam,483.70
2025-07-10,software_licenses,us,313.67
2025-07-10,software_licenses,eu,313.66
2025-07-10,software_licenses,apac,313.66
2025-07-10,software_licenses,latam,313.66
2025-07-10,logistics,us,1914.1
2025-07-10,logistics,eu,712.49
2025-07-10,logistics,apac,375.88
2025-07-10,logistics,latam,331.92
2025-07-10,packaging,us,423.05
2025-07-10,packaging,eu,169.23
2025-07-10,packaging,apac,80.36
2025-07-10,packaging,latam,73.97
2025-07-10,payment_processing_fees,us,392.90
2025-07-10,payment_processing_fees,eu,392.90
2025-07-10,payment_processing_fees,apac,392.90
2025-07-10,payment_processing_fees,latam,392.90
2025-07-10,customer_support_tooling,us,144.20
2025-07-10,customer_support_tooling,eu,144.19
2025-07-10,customer_support_tooling,apac,144.19
2025-07-10,customer_support_tooling,latam,144.19
2025-07-10,insurance,us,107.42
2025-07-10,insurance,eu,107.41
2025-07-10,insurance,apac,107.41
2025-07-10,insurance,latam,107.41
2025-07-11,rent,us,472.34
2025-07-11,rent,eu,472.33
2025-07-11,rent,apac,472.33
2025-07-11,rent,latam,472.33
2025-07-11,software_licenses,us,344.81
2025-07-11,software_licenses,eu,344.81
2025-07-11,software_licenses,apac,344.81
2025-07-11,software_licenses,latam,344.80
2025-07-11,logistics,us,1878.8
2025-07-11,logistics,eu,844.36
2025-07-11,logistics,apac,338.18
2025-07-11,logistics,latam,270.58
2025-07-11,packaging,us,410.61
2025-07-11,packaging,eu,181.51
2025-07-11,packaging,apac,85.42
2025-07-11,packaging,latam,76.93
2025-07-11,payment_processing_fees,us,380.19
2025-07-11,payment_processing_fees,eu,380.18
2025-07-11,payment_processing_fees,apac,380.18
2025-07-11,payment_processing_fees,latam,380.18
2025-07-11,customer_support_tooling,us,147.28
2025-07-11,customer_support_tooling,eu,147.28
2025-07-11,customer_support_tooling,apac,147.27
2025-07-11,customer_support_tooling,latam,147.27
2025-07-11,insurance,us,93.01
2025-07-11,insurance,eu,93.00
2025-07-11,insurance,apac,93.00
2025-07-11,insurance,latam,93.00
2025-07-12,rent,us,447.05
2025-07-12,rent,eu,447.05
2025-07-12,rent,apac,447.05
2025-07-12,rent,latam,447.05
2025-07-12,software_licenses,us,320.09
2025-07-12,software_licenses,eu,320.08
2025-07-12,software_licenses,apac,320.08
2025-07-12,software_licenses,latam,320.08
2025-07-12,logistics,us,1965.96
2025-07-12,logistics,eu,737.53
2025-07-12,logistics,apac,342.28
2025-07-12,logistics,latam,303.17
2025-07-12,packaging,us,497.21
2025-07-12,packaging,eu,185.75
2025-07-12,packaging,apac,81.85
2025-07-12,packaging,latam,62.25
2025-07-12,payment_processing_fees,us,420.77
2025-07-12,payment_processing_fees,eu,420.77
2025-07-12,payment_processing_fees,apac,420.76
2025-07-12,payment_processing_fees,latam,420.76
2025-07-12,customer_support_tooling,us,145.18
2025-07-12,customer_support_tooling,eu,145.18
2025-07-12,customer_support_tooling,apac,145.17
2025-07-12,customer_support_tooling,latam,145.17
2025-07-12,insurance,us,94.12
2025-07-12,insurance,eu,94.12
2025-07-12,insurance,apac,94.12
2025-07-12,insurance,latam,94.12
2025-07-13,rent,us,455.75
2025-07-13,rent,eu,455.75
2025-07-13,rent,apac,455.74
2025-07-13,rent,latam,455.74
2025-07-13,software_licenses,us,339.83
2025-07-13,software_licenses,eu,339.83
2025-07-13,software_licenses,apac,339.83
2025-07-13,software_licenses,latam,339.83
2025-07-13,logistics,us,1801.28
2025-07-13,logistics,eu,815.43
2025-07-13,logistics,apac,378.15
2025-07-13,logistics,latam,312.75
2025-07-13,packaging,us,419.88
2025-07-13,packaging,eu,203.28
2025-07-13,packaging,apac,73.75
2025-07-13,packaging,latam,62.36
2025-07-13,payment_processing_fees,us,407.54
2025-07-13,payment_processing_fees,eu,407.54
2025-07-13,payment_processing_fees,apac,407.54
2025-07-13,payment_processing_fees,latam,407.54
2025-07-13,customer_support_tooling,us,151.84
2025-07-13,customer_support_tooling,eu,151.83
2025-07-13,customer_support_tooling,apac,151.83
2025-07-13,customer_support_tooling,latam,151.83
2025-07-13,insurance,us,104.33
2025-07-13,insurance,eu,104.33
2025-07-13,insurance,apac,104.33
2025-07-13,insurance,latam,104.32
2025-07-14,rent,us,486.02
2025-07-14,rent,eu,486.02
2025-07-14,rent,apac,486.02
2025-07-14,rent,latam,486.01
2025-07-14,software_licenses,us,334.70
2025-07-14,software_licenses,eu,334.70
2025-07-14,software_licenses,apac,334.69
2025-07-14,software_licenses,latam,334.69
2025-07-14,logistics,us,1924.86
2025-07-14,logistics,eu,722.62
2025-07-14,logistics,apac,350.45
2025-07-14,logistics,latam,306.76
2025-07-14,packaging,us,470.66
2025-07-14,packaging,eu,211.11
2025-07-14,packaging,apac,77.05
2025-07-14,packaging,latam,64.47
2025-07-14,payment_processing_fees,us,417.59
2025-07-14,payment_processing_fees,eu,417.59
2025-07-14,payment_processing_fees,apac,417.59
2025-07-14,payment_processing_fees,latam,417.58
2025-07-14,customer_support_tooling,us,144.54
2025-07-14,customer_support_tooling,eu,144.54
2025-07-14,customer_support_tooling,apac,144.54
2025-07-14,customer_support_tooling,latam,144.53
2025-07-14,insurance,us,97.34
2025-07-14,insurance,eu,97.34
2025-07-14,insurance,apac,97.33
2025-07-14,insurance,latam,97.33
2025-07-15,rent,us,495.92
2025-07-15,rent,eu,495.92
2025-07-15,rent,apac,495.91
2025-07-15,rent,latam,495.91
2025-07-15,software_licenses,us,325.78
2025-07-15,software_licenses,eu,325.78
2025-07-15,software_licenses,apac,325.78
2025-07-15,software_licenses,latam,325.77
2025-07-15,logistics,us,1823.74
2025-07-15,logistics,eu,762.88
2025-07-15,logistics,apac,359.73
2025-07-15,logistics,latam,290.57
2025-07-15,packaging,us,425.56
2025-07-15,packaging,eu,196.7
2025-07-15,packaging,apac,74.13
2025-07-15,packaging,latam,73.1
2025-07-15,payment_processing_fees,us,396.53
2025-07-15,payment_processing_fees,eu,396.52
2025-07-15,payment_processing_fees,apac,396.52
2025-07-15,payment_processing_fees,latam,396.52
2025-07-15,customer_support_tooling,us,138.80
2025-07-15,customer_support_tooling,eu,138.80
2025-07-15,customer_support_tooling,apac,138.80
2025-07-15,customer_support_tooling,latam,138.79
2025-07-15,insurance,us,85.47
2025-07-15,insurance,eu,85.46
2025-07-15,insurance,apac,85.46
2025-07-15,insurance,latam,85.46
2025-07-16,rent,us,545.89
2025-07-16,rent,eu,545.89
2025-07-16,rent,apac,545.89
2025-07-16,rent,latam,545.88
2025-07-16,software_licenses,us,322.23
2025-07-16,software_licenses,eu,322.23
2025-07-16,software_licenses,apac,322.23
2025-07-16,software_licenses,latam,322.23
2025-07-16,logistics,us,1909.78
2025-07-16,logistics,eu,748.14
2025-07-16,logistics,apac,365.01
2025-07-16,logistics,latam,268.33
2025-07-16,packaging,us,460.66
2025-07-16,packaging,eu,205.92
2025-07-16,packaging,apac,98.56
2025-07-16,packaging,latam,65.31
2025-07-16,payment_processing_fees,us,422.59
2025-07-16,payment_processing_fees,eu,422.59
2025-07-16,payment_processing_fees,apac,422.59
2025-07-16,payment_processing_fees,latam,422.59
2025-07-16,customer_support_tooling,us,142.81
2025-07-16,customer_support_tooling,eu,142.81
2025-07-16,customer_support_tooling,apac,142.80
2025-07-16,customer_support_tooling,latam,142.80
2025-07-16,insurance,us,101.90
2025-07-16,insurance,eu,101.89
2025-07-16,insurance,apac,101.89
2025-07-16,insurance,latam,101.89
2025-07-17,rent,us,464.96
2025-07-17,rent,eu,464.95
2025-07-17,rent,apac,464.95
2025-07-17,rent,latam,464.95
2025-07-17,software_licenses,us,306.25
2025-07-17,software_licenses,eu,306.25
2025-07-17,software_licenses,apac,306.25
2025-07-17,software_licenses,latam,306.24
2025-07-17,logistics,us,1692.02
2025-07-17,logistics,eu,796.74
2025-07-17,logistics,apac,410.1
2025-07-17,logistics,latam,285.32
2025-07-17,packaging,us,429.61
2025-07-17,packaging,eu,201.25
2025-07-17,packaging,apac,84.87
2025-07-17,packaging,latam,78.19
2025-07-17,payment_processing_fees,us,366.36
2025-07-17,payment_processing_fees,eu,366.36
2025-07-17,payment_processing_fees,apac,366.36
2025-07-17,payment_processing_fees,latam,366.35
2025-07-17,customer_support_tooling,us,148.91
2025-07-17,customer_support_tooling,eu,148.91
2025-07-17,customer_support_tooling,apac,148.90
2025-07-17,customer_support_tooling,latam,148.90
2025-07-17,insurance,us,96.48
2025-07-17,insurance,eu,96.48
2025-07-17,insurance,apac,96.47
2025-07-17,insurance,latam,96.47
2025-07-18,rent,us,484.49
2025-07-18,rent,eu,484.49
2025-07-18,rent,apac,484.48
2025-07-18,rent,latam,484.48
2025-07-18,software_licenses,us,342.13
2025-07-18,software_licenses,eu,342.12
2025-07-18,software_licenses,apac,342.12
2025-07-18,software_licenses,latam,342.12
2025-07-18,logistics,us,1833.93
2025-07-18,logistics,eu,762.64
2025-07-18,logistics,apac,380.34
2025-07-18,logistics,latam,307.98
2025-07-18,packaging,us,444.41
2025-07-18,packaging,eu,188.62
2025-07-18,packaging,apac,76.18
2025-07-18,packaging,latam,71.96
2025-07-18,payment_processing_fees,us,426.38
2025-07-18,payment_processing_fees,eu,426.38
2025-07-18,payment_processing_fees,apac,426.37
2025-07-18,payment_processing_fees,latam,426.37
2025-07-18,customer_support_tooling,us,151.06
2025-07-18,customer_support_tooling,eu,151.06
2025-07-18,customer_support_tooling,apac,151.06
2025-07-18,customer_support_tooling,latam,151.05
2025-07-18,insurance,us,102.92
2025-07-18,insurance,eu,102.92
2025-07-18,insurance,apac,102.91
2025-07-18,insurance,latam,102.91
2025-07-19,rent,us,462.47
2025-07-19,rent,eu,462.47
2025-07-19,rent,apac,462.47
2025-07-19,rent,latam,462.47
2025-07-19,software_licenses,us,310.04
2025-07-19,software_licenses,eu,310.04
2025-07-19,software_licenses,apac,310.03
2025-07-19,software_licenses,latam,310.03
2025-07-19,logistics,us,1922.66
2025-07-19,logistics,eu,820.54
2025-07-19,logistics,apac,398.25
2025-07-19,logistics,latam,316.63
2025-07-19,packaging,us,431.78
2025-07-19,packaging,eu,170.79
2025-07-19,packaging,apac,86.56
2025-07-19,packaging,latam,73.92
2025-07-19,payment_processing_fees,us,396.32
2025-07-19,payment_processing_fees,eu,396.32
2025-07-19,payment_processing_fees,apac,396.32
2025-07-19,payment_processing_fees,latam,396.32
2025-07-19,customer_support_tooling,us,158.77
2025-07-19,customer_support_tooling,eu,158.76
2025-07-19,customer_support_tooling,apac,158.76
2025-07-19,customer_support_tooling,latam,158.76
2025-07-19,insurance,us,101.29
2025-07-19,insurance,eu,101.28
2025-07-19,insurance,apac,101.28
2025-07-19,insurance,latam,101.28
2025-07-20,rent,us,435.05
2025-07-20,rent,eu,435.05
2025-07-20,rent,apac,435.04
2025-07-20,rent,latam,435.04
2025-07-20,software_licenses,us,353.27
2025-07-20,software_licenses,eu,353.27
2025-07-20,software_licenses,apac,353.27
2025-07-20,software_licenses,latam,353.26
2025-07-20,logistics,us,1953.9
2025-07-20,logistics,eu,644.71
2025-07-20,logistics,apac,360.69
2025-07-20,logistics,latam,292.84
2025-07-20,packaging,us,461.7
2025-07-20,packaging,eu,170.72
2025-07-20,packaging,apac,83.93
2025-07-20,packaging,latam,77.68
2025-07-20,payment_processing_fees,us,433.35
2025-07-20,payment_processing_fees,eu,433.35
2025-07-20,payment_processing_fees,apac,433.35
2025-07-20,payment_processing_fees,latam,433.35
2025-07-20,customer_support_tooling,us,142.18
2025-07-20,customer_support_tooling,eu,142.18
2025-07-20,customer_support_tooling,apac,142.17
2025-07-20,customer_support_tooling,latam,142.17
2025-07-20,insurance,us,98.17
2025-07-20,insurance,eu,98.17
2025-07-20,insurance,apac,98.17
2025-07-20,insurance,latam,98.16
2025-07-21,rent,us,497.33
2025-07-21,rent,eu,497.32
2025-07-21,rent,apac,497.32
2025-07-21,rent,latam,497.32
2025-07-21,software_licenses,us,308.26
2025-07-21,software_licenses,eu,308.26
2025-07-21,software_licenses,apac,308.26
2025-07-21,software_licenses,latam,308.25
2025-07-21,logistics,us,1841.33
2025-07-21,logistics,eu,821.29
2025-07-21,logistics,apac,345.22
2025-07-21,logistics,latam,296.79
2025-07-21,packaging,us,441.22
2025-07-21,packaging,eu,155.21
2025-07-21,packaging,apac,87.94
2025-07-21,packaging,latam,69.79
2025-07-21,payment_processing_fees,us,382.45
2025-07-21,payment_processing_fees,eu,382.44
2025-07-21,payment_processing_fees,apac,382.44
2025-07-21,payment_processing_fees,latam,382.44
2025-07-21,customer_support_tooling,us,150.64
2025-07-21,customer_support_tooling,eu,150.64
2025-07-21,customer_support_tooling,apac,150.64
2025-07-21,customer_support_tooling,latam,150.63
2025-07-21,insurance,us,96.51
2025-07-21,insurance,eu,96.51
2025-07-21,insurance,apac,96.51
2025-07-21,insurance,latam,96.51
2025-07-22,rent,us,514.52
2025-07-22,rent,eu,514.51
2025-07-22,rent,apac,514.51
2025-07-22,rent,latam,514.51
2025-07-22,software_licenses,us,317.80
2025-07-22,software_licenses,eu,317.80
2025-07-22,software_licenses,apac,317.79
2025-07-22,software_licenses,latam,317.79
2025-07-22,logistics,us,1913.71
2025-07-22,logistics,eu,747.53
2025-07-22,logistics,apac,341.84
2025-07-22,logistics,latam,302.17
2025-07-22,packaging,us,403.1
2025-07-22,packaging,eu,188.55
2025-07-22,packaging,apac,85.13
2025-07-22,packaging,latam,68.95
2025-07-22,payment_processing_fees,us,406.44
2025-07-22,payment_processing_fees,eu,406.44
2025-07-22,payment_processing_fees,apac,406.43
2025-07-22,payment_processing_fees,latam,406.43
2025-07-22,customer_support_tooling,us,147.05
2025-07-22,customer_support_tooling,eu,147.05
2025-07-22,customer_support_tooling,apac,147.05
2025-07-22,customer_support_tooling,latam,147.05
2025-07-22,insurance,us,105.30
2025-07-22,insurance,eu,105.30
2025-07-22,insurance,apac,105.29
2025-07-22,insurance,latam,105.29
2025-07-23,rent,us,520.24
2025-07-23,rent,eu,520.24
2025-07-23,rent,apac,520.24
2025-07-23,rent,latam,520.24
2025-07-23,software_licenses,us,337.93
2025-07-23,software_licenses,eu,337.93
2025-07-23,software_licenses,apac,337.92
2025-07-23,software_licenses,latam,337.92
2025-07-23,logistics,us,1547.77
2025-07-23,logistics,eu,702.61
2025-07-23,logistics,apac,409.3
2025-07-23,logistics,latam,280.37
2025-07-23,packaging,us,489.96
2025-07-23,packaging,eu,186.71
2025-07-23,packaging,apac,83.98
2025-07-23,packaging,latam,73.2
2025-07-23,payment_processing_fees,us,418.14
2025-07-23,payment_processing_fees,eu,418.13
2025-07-23,payment_processing_fees,apac,418.13
2025-07-23,payment_processing_fees,latam,418.13
2025-07-23,customer_support_tooling,us,141.44
2025-07-23,customer_support_tooling,eu,141.43
2025-07-23,customer_support_tooling,apac,141.43
2025-07-23,customer_support_tooling,latam,141.43
2025-07-23,insurance,us,99.37
2025-07-23,insurance,eu,99.37
2025-07-23,insurance,apac,99.37
2025-07-23,insurance,latam,99.37
2025-07-24,rent,us,498.07
2025-07-24,rent,eu,498.07
2025-07-24,rent,apac,498.06
2025-07-24,rent,latam,498.06
2025-07-24,software_licenses,us,291.00
2025-07-24,software_licenses,eu,291.00
2025-07-24,software_licenses,apac,291.00
2025-07-24,software_licenses,latam,290.99
2025-07-24,logistics,us,1900.94
2025-07-24,logistics,eu,736.79
2025-07-24,logistics,apac,353.75
2025-07-24,logistics,latam,306.03
2025-07-24,packaging,us,451.46
2025-07-24,packaging,eu,181.44
2025-07-24,packaging,apac,74.33
2025-07-24,packaging,latam,71.58
2025-07-24,payment_processing_fees,us,394.27
2025-07-24,payment_processing_fees,eu,394.27
2025-07-24,payment_processing_fees,apac,394.26
2025-07-24,payment_processing_fees,latam,394.26
2025-07-24,customer_support_tooling,us,143.48
2025-07-24,customer_support_tooling,eu,143.47
2025-07-24,customer_support_tooling,apac,143.47
2025-07-24,customer_support_tooling,latam,143.47
2025-07-24,insurance,us,98.71
2025-07-24,insurance,eu,98.70
2025-07-24,insurance,apac,98.70
2025-07-24,insurance,latam,98.70
2025-07-25,rent,us,459.32
2025-07-25,rent,eu,459.32
2025-07-25,rent,apac,459.31
2025-07-25,rent,latam,459.31
2025-07-25,software_licenses,us,316.60
2025-07-25,software_licenses,eu,316.60
2025-07-25,software_licenses,apac,316.60
2025-07-25,software_licenses,latam,316.60
2025-07-25,logistics,us,1909.45
2025-07-25,logistics,eu,735.14
2025-07-25,logistics,apac,363.31
2025-07-25,logistics,latam,311.44
2025-07-25,packaging,us,407.92
2025-07-25,packaging,eu,181.65
2025-07-25,packaging,apac,78.49
2025-07-25,packaging,latam,73.51
2025-07-25,payment_processing_fees,us,414.18
2025-07-25,payment_processing_fees,eu,414.18
2025-07-25,payment_processing_fees,apac,414.18
2025-07-25,payment_processing_fees,latam,414.18
2025-07-25,customer_support_tooling,us,152.25
2025-07-25,customer_support_tooling,eu,152.24
2025-07-25,customer_support_tooling,apac,152.24
2025-07-25,customer_support_tooling,latam,152.24
2025-07-25,insurance,us,102.25
2025-07-25,insurance,eu,102.25
2025-07-25,insurance,apac,102.25
2025-07-25,insurance,latam,102.25
2025-07-26,rent,us,467.26
2025-07-26,rent,eu,467.25
2025-07-26,rent,apac,467.25
2025-07-26,rent,latam,467.25
2025-07-26,software_licenses,us,334.73
2025-07-26,software_licenses,eu,334.73
2025-07-26,software_licenses,apac,334.72
2025-07-26,software_licenses,latam,334.72
2025-07-26,logistics,us,2183.66
2025-07-26,logistics,eu,894.12
2025-07-26,logistics,apac,389.01
2025-07-26,logistics,latam,279.96
2025-07-26,packaging,us,425.27
2025-07-26,packaging,eu,220.61
2025-07-26,packaging,apac,82.91
2025-07-26,packaging,latam,70.09
2025-07-26,payment_processing_fees,us,425.45
2025-07-26,payment_processing_fees,eu,425.45
2025-07-26,payment_processing_fees,apac,425.45
2025-07-26,payment_processing_fees,latam,425.45
2025-07-26,customer_support_tooling,us,154.23
2025-07-26,customer_support_tooling,eu,154.23
2025-07-26,customer_support_tooling,apac,154.23
2025-07-26,customer_support_tooling,latam,154.23
2025-07-26,insurance,us,95.96
2025-07-26,insurance,eu,95.96
2025-07-26,insurance,apac,95.96
2025-07-26,insurance,latam,95.95
2025-07-27,rent,us,490.13
2025-07-27,rent,eu,490.12
2025-07-27,rent,apac,490.12
2025-07-27,rent,latam,490.12
2025-07-27,software_licenses,us,312.93
2025-07-27,software_licenses,eu,312.92
2025-07-27,software_licenses,apac,312.92
2025-07-27,software_licenses,latam,312.92
2025-07-27,logistics,us,1646.39
2025-07-27,logistics,eu,748.14
2025-07-27,logistics,apac,345.0
2025-07-27,logistics,latam,338.05
2025-07-27,packaging,us,440.43
2025-07-27,packaging,eu,186.65
2025-07-27,packaging,apac,73.67
2025-07-27,packaging,latam,75.01
2025-07-27,payment_processing_fees,us,381.19
2025-07-27,payment_processing_fees,eu,381.19
2025-07-27,payment_processing_fees,apac,381.18
2025-07-27,payment_processing_fees,latam,381.18
2025-07-27,customer_support_tooling,us,135.88
2025-07-27,customer_support_tooling,eu,135.88
2025-07-27,customer_support_tooling,apac,135.87
2025-07-27,customer_support_tooling,latam,135.87
2025-07-27,insurance,us,106.80
2025-07-27,insurance,eu,106.80
2025-07-27,insurance,apac,106.80
2025-07-27,insurance,latam,106.79
2025-07-28,rent,us,496.22
2025-07-28,rent,eu,496.21
2025-07-28,rent,apac,496.21
2025-07-28,rent,latam,496.21
2025-07-28,software_licenses,us,308.69
2025-07-28,software_licenses,eu,308.69
2025-07-28,software_licenses,apac,308.69
2025-07-28,software_licenses,latam,308.68
2025-07-28,logistics,us,1756.86
2025-07-28,logistics,eu,802.51
2025-07-28,logistics,apac,342.15
2025-07-28,logistics,latam,320.66
2025-07-28,packaging,us,420.05
2025-07-28,packaging,eu,208.02
2025-07-28,packaging,apac,74.57
2025-07-28,packaging,latam,65.55
2025-07-28,payment_processing_fees,us,402.26
2025-07-28,payment_processing_fees,eu,402.26
2025-07-28,payment_processing_fees,apac,402.26
2025-07-28,payment_processing_fees,latam,402.26
2025-07-28,customer_support_tooling,us,146.42
2025-07-28,customer_support_tooling,eu,146.42
2025-07-28,customer_support_tooling,apac,146.41
2025-07-28,customer_support_tooling,latam,146.41
2025-07-28,insurance,us,104.12
2025-07-28,insurance,eu,104.12
2025-07-28,insurance,apac,104.12
2025-07-28,insurance,latam,104.11
2025-07-29,rent,us,510.91
2025-07-29,rent,eu,510.90
2025-07-29,rent,apac,510.90
2025-07-29,rent,latam,510.90
2025-07-29,software_licenses,us,322.30
2025-07-29,software_licenses,eu,322.30
2025-07-29,software_licenses,apac,322.30
2025-07-29,software_licenses,latam,322.30
2025-07-29,logistics,us,1975.96
2025-07-29,logistics,eu,768.03
2025-07-29,logistics,apac,314.54
2025-07-29,logistics,latam,253.66
2025-07-29,packaging,us,479.8
2025-07-29,packaging,eu,182.68
2025-07-29,packaging,apac,86.23
2025-07-29,packaging,latam,71.74
2025-07-29,payment_processing_fees,us,411.15
2025-07-29,payment_processing_fees,eu,411.14
2025-07-29,payment_processing_fees,apac,411.14
2025-07-29,payment_processing_fees,latam,411.14
2025-07-29,customer_support_tooling,us,162.54
2025-07-29,customer_support_tooling,eu,162.54
2025-07-29,customer_support_tooling,apac,162.54
2025-07-29,customer_support_tooling,latam,162.54
2025-07-29,insurance,us,92.76
2025-07-29,insurance,eu,92.76
2025-07-29,insurance,apac,92.75
2025-07-29,insurance,latam,92.75
2025-07-30,rent,us,501.41
2025-07-30,rent,eu,501.41
2025-07-30,rent,apac,501.41
2025-07-30,rent,latam,501.41
2025-07-30,software_licenses,us,318.53
2025-07-30,software_licenses,eu,318.53
2025-07-30,software_licenses,apac,318.53
2025-07-30,software_licenses,latam,318.52
2025-07-30,logistics,us,1907.8
2025-07-30,logistics,eu,757.98
2025-07-30,logistics,apac,308.97
2025-07-30,logistics,latam,289.77
2025-07-30,packaging,us,407.23
2025-07-30,packaging,eu,193.99
2025-07-30,packaging,apac,77.67
2025-07-30,packaging,latam,69.73
2025-07-30,payment_processing_fees,us,427.78
2025-07-30,payment_processing_fees,eu,427.77
2025-07-30,payment_processing_fees,apac,427.77
2025-07-30,payment_processing_fees,latam,427.77
2025-07-30,customer_support_tooling,us,149.32
2025-07-30,customer_support_tooling,eu,149.32
2025-07-30,customer_support_tooling,apac,149.32
2025-07-30,customer_support_tooling,latam,149.32
2025-07-30,insurance,us,103.99
2025-07-30,insurance,eu,103.99
2025-07-30,insurance,apac,103.99
2025-07-30,insurance,latam,103.98
2025-07-31,rent,us,474.61
2025-07-31,rent,eu,474.61
2025-07-31,rent,apac,474.61
2025-07-31,rent,latam,474.61
2025-07-31,software_licenses,us,322.19
2025-07-31,software_licenses,eu,322.19
2025-07-31,software_licenses,apac,322.19
2025-07-31,software_licenses,latam,322.18
2025-07-31,logistics,us,2131.55
2025-07-31,logistics,eu,828.06
2025-07-31,logistics,apac,339.06
2025-07-31,logistics,latam,278.51
2025-07-31,packaging,us,462.01
2025-07-31,packaging,eu,195.54
2025-07-31,packaging,apac,83.49
2025-07-31,packaging,latam,61.82
2025-07-31,payment_processing_fees,us,408.49
2025-07-31,payment_processing_fees,eu,408.49
2025-07-31,payment_processing_fees,apac,408.49
2025-07-31,payment_processing_fees,latam,408.48
2025-07-31,customer_support_tooling,us,146.66
2025-07-31,customer_support_tooling,eu,146.65
2025-07-31,customer_support_tooling,apac,146.65
2025-07-31,customer_support_tooling,latam,146.65
2025-07-31,insurance,us,97.26
2025-07-31,insurance,eu,97.26
2025-07-31,insurance,apac,97.26
2025-07-31,insurance,latam,97.25
2025-08-01,rent,us,501.87
2025-08-01,rent,eu,501.86
2025-08-01,rent,apac,501.86
2025-08-01,rent,latam,501.86
2025-08-01,software_licenses,us,334.50
2025-08-01,software_licenses,eu,334.49
2025-08-01,software_licenses,apac,334.49
2025-08-01,software_licenses,latam,334.49
2025-08-01,logistics,us,1929.2
2025-08-01,logistics,eu,769.95
2025-08-01,logistics,apac,378.11
2025-08-01,logistics,latam,330.23
2025-08-01,packaging,us,445.9
2025-08-01,packaging,eu,189.73
2025-08-01,packaging,apac,84.81
2025-08-01,packaging,latam,67.35
2025-08-01,payment_processing_fees,us,380.76
2025-08-01,payment_processing_fees,eu,380.75
2025-08-01,payment_processing_fees,apac,380.75
2025-08-01,payment_processing_fees,latam,380.75
2025-08-01,customer_support_tooling,us,151.87
2025-08-01,customer_support_tooling,eu,151.87
2025-08-01,customer_support_tooling,apac,151.87
2025-08-01,customer_support_tooling,latam,151.86
2025-08-01,insurance,us,96.45
2025-08-01,insurance,eu,96.44
2025-08-01,insurance,apac,96.44
2025-08-01,insurance,latam,96.44
2025-08-02,rent,us,529.54
2025-08-02,rent,eu,529.53
2025-08-02,rent,apac,529.53
2025-08-02,rent,latam,529.53
2025-08-02,software_licenses,us,328.57
2025-08-02,software_licenses,eu,328.57
2025-08-02,software_licenses,apac,328.56
2025-08-02,software_licenses,latam,328.56
2025-08-02,logistics,us,1595.53
2025-08-02,logistics,eu,765.0
2025-08-02,logistics,apac,317.28
2025-08-02,logistics,latam,277.36
2025-08-02,packaging,us,441.31
2025-08-02,packaging,eu,189.62
2025-08-02,packaging,apac,82.09
2025-08-02,packaging,latam,69.2
2025-08-02,payment_processing_fees,us,423.02
2025-08-02,payment_processing_fees,eu,423.02
2025-08-02,payment_processing_fees,apac,423.02
2025-08-02,payment_processing_fees,latam,423.02
2025-08-02,customer_support_tooling,us,166.52
2025-08-02,customer_support_tooling,eu,166.52
2025-08-02,customer_support_tooling,apac,166.52
2025-08-02,customer_support_tooling,latam,166.52
2025-08-02,insurance,us,100.65
2025-08-02,insurance,eu,100.64
2025-08-02,insurance,apac,100.64
2025-08-02,insurance,latam,100.64
2025-08-03,rent,us,447.24
2025-08-03,rent,eu,447.23
2025-08-03,rent,apac,447.23
2025-08-03,rent,latam,447.23
2025-08-03,software_licenses,us,323.70
2025-08-03,software_licenses,eu,323.69
2025-08-03,software_licenses,apac,323.69
2025-08-03,software_licenses,latam,323.69
2025-08-03,logistics,us,2020.26
2025-08-03,logistics,eu,755.67
2025-08-03,logistics,apac,371.61
2025-08-03,logistics,latam,321.07
2025-08-03,packaging,us,499.72
2025-08-03,packaging,eu,191.57
2025-08-03,packaging,apac,81.33
2025-08-03,packaging,latam,68.71
2025-08-03,payment_processing_fees,us,425.12
2025-08-03,payment_processing_fees,eu,425.12
2025-08-03,payment_processing_fees,apac,425.11
2025-08-03,payment_processing_fees,latam,425.11
2025-08-03,customer_support_tooling,us,135.78
2025-08-03,customer_support_tooling,eu,135.78
2025-08-03,customer_support_tooling,apac,135.77
2025-08-03,customer_support_tooling,latam,135.77
2025-08-03,insurance,us,95.89
2025-08-03,insurance,eu,95.88
2025-08-03,insurance,apac,95.88
2025-08-03,insurance,latam,95.88
2025-08-04,rent,us,497.22
2025-08-04,rent,eu,497.21
2025-08-04,rent,apac,497.21
2025-08-04,rent,latam,497.21
2025-08-04,software_licenses,us,309.65
2025-08-04,software_licenses,eu,309.64
2025-08-04,software_licenses,apac,309.64
2025-08-04,software_licenses,latam,309.64
2025-08-04,logistics,us,1921.45
2025-08-04,logistics,eu,765.55
2025-08-04,logistics,apac,318.22
2025-08-04,logistics,latam,320.73
2025-08-04,packaging,us,457.65
2025-08-04,packaging,eu,184.46
2025-08-04,packaging,apac,86.48
2025-08-04,packaging,latam,67.98
2025-08-04,payment_processing_fees,us,416.18
2025-08-04,payment_processing_fees,eu,416.18
2025-08-04,payment_processing_fees,apac,416.18
2025-08-04,payment_processing_fees,latam,416.18
2025-08-04,customer_support_tooling,us,162.20
2025-08-04,customer_support_tooling,eu,162.20
2025-08-04,customer_support_tooling,apac,162.19
2025-08-04,customer_support_tooling,latam,162.19
2025-08-04,insurance,us,103.00
2025-08-04,insurance,eu,103.00
2025-08-04,insurance,apac,102.99
2025-08-04,insurance,latam,102.99
2025-08-05,rent,us,459.92
2025-08-05,rent,eu,459.92
2025-08-05,rent,apac,459.91
2025-08-05,rent,latam,459.91
2025-08-05,software_licenses,us,352.48
2025-08-05,software_licenses,eu,352.47
2025-08-05,software_licenses,apac,352.47
2025-08-05,software_licenses,latam,352.47
2025-08-05,logistics,us,1758.25
2025-08-05,logistics,eu,786.24
2025-08-05,logistics,apac,348.04
2025-08-05,logistics,latam,290.53
2025-08-05,packaging,us,471.96
2025-08-05,packaging,eu,198.56
2025-08-05,packaging,apac,89.61
2025-08-05,packaging,latam,74.12
2025-08-05,payment_processing_fees,us,396.67
2025-08-05,payment_processing_fees,eu,396.67
2025-08-05,payment_processing_fees,apac,396.67
2025-08-05,payment_processing_fees,latam,396.67
2025-08-05,customer_support_tooling,us,149.00
2025-08-05,customer_support_tooling,eu,149.00
2025-08-05,customer_support_tooling,apac,149.00
2025-08-05,customer_support_tooling,latam,148.99
2025-08-05,insurance,us,103.78
2025-08-05,insurance,eu,103.78
2025-08-05,insurance,apac,103.77
2025-08-05,insurance,latam,103.77
2025-08-06,rent,us,474.45
2025-08-06,rent,eu,474.44
2025-08-06,rent,apac,474.44
2025-08-06,rent,latam,474.44
2025-08-06,software_licenses,us,337.12
2025-08-06,software_licenses,eu,337.12
2025-08-06,software_licenses,apac,337.12
2025-08-06,software_licenses,latam,337.12
2025-08-06,logistics,us,1957.56
2025-08-06,logistics,eu,777.96
2025-08-06,logistics,apac,350.05
2025-08-06,logistics,latam,294.72
2025-08-06,packaging,us,528.22
2025-08-06,packaging,eu,187.17
2025-08-06,packaging,apac,84.47
2025-08-06,packaging,latam,84.41
2025-08-06,payment_processing_fees,us,376.99
2025-08-06,payment_processing_fees,eu,376.99
2025-08-06,payment_processing_fees,apac,376.99
2025-08-06,payment_processing_fees,latam,376.98
2025-08-06,customer_support_tooling,us,136.56
2025-08-06,customer_support_tooling,eu,136.56
2025-08-06,customer_support_tooling,apac,136.55
2025-08-06,customer_support_tooling,latam,136.55
2025-08-06,insurance,us,106.06
2025-08-06,insurance,eu,106.06
2025-08-06,insurance,apac,106.05
2025-08-06,insurance,latam,106.05
2025-08-07,rent,us,477.86
2025-08-07,rent,eu,477.86
2025-08-07,rent,apac,477.86
2025-08-07,rent,latam,477.86
2025-08-07,software_licenses,us,348.12
2025-08-07,software_licenses,eu,348.12
2025-08-07,software_licenses,apac,348.11
2025-08-07,software_licenses,latam,348.11
2025-08-07,logistics,us,1702.5
2025-08-07,logistics,eu,758.64
2025-08-07,logistics,apac,350.85
2025-08-07,logistics,latam,318.94
2025-08-07,packaging,us,479.4
2025-08-07,packaging,eu,179.96
2025-08-07,packaging,apac,97.55
2025-08-07,packaging,latam,61.96
2025-08-07,payment_processing_fees,us,365.83
2025-08-07,payment_processing_fees,eu,365.83
2025-08-07,payment_processing_fees,apac,365.83
2025-08-07,payment_processing_fees,latam,365.82
2025-08-07,customer_support_tooling,us,146.68
2025-08-07,customer_support_tooling,eu,146.67
2025-08-07,customer_support_tooling,apac,146.67
2025-08-07,customer_support_tooling,latam,146.67
2025-08-07,insurance,us,99.98
2025-08-07,insurance,eu,99.98
2025-08-07,insurance,apac,99.98
2025-08-07,insurance,latam,99.98
2025-08-08,rent,us,500.49
2025-08-08,rent,eu,500.48
2025-08-08,rent,apac,500.48
2025-08-08,rent,latam,500.48
2025-08-08,software_licenses,us,313.35
2025-08-08,software_licenses,eu,313.34
2025-08-08,software_licenses,apac,313.34
2025-08-08,software_licenses,latam,313.34
2025-08-08,logistics,us,1809.39
2025-08-08,logistics,eu,719.45
2025-08-08,logistics,apac,348.95
2025-08-08,logistics,latam,308.62
2025-08-08,packaging,us,478.54
2025-08-08,packaging,eu,185.53
2025-08-08,packaging,apac,97.04
2025-08-08,packaging,latam,74.5
2025-08-08,payment_processing_fees,us,444.77
2025-08-08,payment_processing_fees,eu,444.77
2025-08-08,payment_processing_fees,apac,444.76
2025-08-08,payment_processing_fees,latam,444.76
2025-08-08,customer_support_tooling,us,143.06
2025-08-08,customer_support_tooling,eu,143.05
2025-08-08,customer_support_tooling,apac,143.05
2025-08-08,customer_support_tooling,latam,143.05
2025-08-08,insurance,us,93.39
2025-08-08,insurance,eu,93.39
2025-08-08,insurance,apac,93.38
2025-08-08,insurance,latam,93.38
2025-08-09,rent,us,490.26
2025-08-09,rent,eu,490.25
2025-08-09,rent,apac,490.25
2025-08-09,rent,latam,490.25
2025-08-09,software_licenses,us,329.11
2025-08-09,software_licenses,eu,329.11
2025-08-09,software_licenses,apac,329.11
2025-08-09,software_licenses,latam,329.10
2025-08-09,logistics,us,1904.08
2025-08-09,logistics,eu,813.8
2025-08-09,logistics,apac,359.56
2025-08-09,logistics,latam,342.33
2025-08-09,packaging,us,496.73
2025-08-09,packaging,eu,203.4
2025-08-09,packaging,apac,76.56
2025-08-09,packaging,latam,71.87
2025-08-09,payment_processing_fees,us,378.41
2025-08-09,payment_processing_fees,eu,378.41
2025-08-09,payment_processing_fees,apac,378.40
2025-08-09,payment_processing_fees,latam,378.40
2025-08-09,customer_support_tooling,us,130.73
2025-08-09,customer_support_tooling,eu,130.73
2025-08-09,customer_support_tooling,apac,130.72
2025-08-09,customer_support_tooling,latam,130.72
2025-08-09,insurance,us,95.56
2025-08-09,insurance,eu,95.56
2025-08-09,insurance,apac,95.56
2025-08-09,insurance,latam,95.55
2025-08-10,rent,us,527.33
2025-08-10,rent,eu,527.32
2025-08-10,rent,apac,527.32
2025-08-10,rent,latam,527.32
2025-08-10,software_licenses,us,324.00
2025-08-10,software_licenses,eu,324.00
2025-08-10,software_licenses,apac,323.99
2025-08-10,software_licenses,latam,323.99
2025-08-10,logistics,us,1914.27
2025-08-10,logistics,eu,862.37
2025-08-10,logistics,apac,348.14
2025-08-10,logistics,latam,254.88
2025-08-10,packaging,us,414.06
2025-08-10,packaging,eu,182.78
2025-08-10,packaging,apac,77.59
2025-08-10,packaging,latam,81.09
2025-08-10,payment_processing_fees,us,417.24
2025-08-10,payment_processing_fees,eu,417.23
2025-08-10,payment_processing_fees,apac,417.23
2025-08-10,payment_processing_fees,latam,417.23
2025-08-10,customer_support_tooling,us,146.83
2025-08-10,customer_support_tooling,eu,146.83
2025-08-10,customer_support_tooling,apac,146.83
2025-08-10,customer_support_tooling,latam,146.83
2025-08-10,insurance,us,102.99
2025-08-10,insurance,eu,102.99
2025-08-10,insurance,apac,102.99
2025-08-10,insurance,latam,102.98
2025-08-11,rent,us,508.67
2025-08-11,rent,eu,508.66
2025-08-11,rent,apac,508.66
2025-08-11,rent,latam,508.66
2025-08-11,software_licenses,us,338.72
2025-08-11,software_licenses,eu,338.72
2025-08-11,software_licenses,apac,338.72
2025-08-11,software_licenses,latam,338.72
2025-08-11,logistics,us,1715.44
2025-08-11,logistics,eu,750.37
2025-08-11,logistics,apac,332.47
2025-08-11,logistics,latam,280.96
2025-08-11,packaging,us,437.87
2025-08-11,packaging,eu,190.26
2025-08-11,packaging,apac,72.92
2025-08-11,packaging,latam,68.32
2025-08-11,payment_processing_fees,us,377.84
2025-08-11,payment_processing_fees,eu,377.84
2025-08-11,payment_processing_fees,apac,377.84
2025-08-11,payment_processing_fees,latam,377.84
2025-08-11,customer_support_tooling,us,152.97
2025-08-11,customer_support_tooling,eu,152.97
2025-08-11,customer_support_tooling,apac,152.96
2025-08-11,customer_support_tooling,latam,152.96
2025-08-11,insurance,us,98.20
2025-08-11,insurance,eu,98.19
2025-08-11,insurance,apac,98.19
2025-08-11,insurance,latam,98.19
2025-08-12,rent,us,475.39
2025-08-12,rent,eu,475.39
2025-08-12,rent,apac,475.38
2025-08-12,rent,latam,475.38
2025-08-12,software_licenses,us,352.45
2025-08-12,software_licenses,eu,352.45
2025-08-12,software_licenses,apac,352.45
2025-08-12,software_licenses,latam,352.44
2025-08-12,logistics,us,1933.23
2025-08-12,logistics,eu,795.64
2025-08-12,logistics,apac,345.14
2025-08-12,logistics,latam,273.11
2025-08-12,packaging,us,470.53
2025-08-12,packaging,eu,188.53
2025-08-12,packaging,apac,80.95
2025-08-12,packaging,latam,61.96
2025-08-12,payment_processing_fees,us,443.70
2025-08-12,payment_processing_fees,eu,443.70
2025-08-12,payment_processing_fees,apac,443.70
2025-08-12,payment_processing_fees,latam,443.70
2025-08-12,customer_support_tooling,us,138.24
2025-08-12,customer_support_tooling,eu,138.24
2025-08-12,customer_support_tooling,apac,138.24
2025-08-12,customer_support_tooling,latam,138.24
2025-08-12,insurance,us,100.93
2025-08-12,insurance,eu,100.93
2025-08-12,insurance,apac,100.93
2025-08-12,insurance,latam,100.93
2025-08-13,rent,us,503.96
2025-08-13,rent,eu,503.96
2025-08-13,rent,apac,503.96
2025-08-13,rent,latam,503.96
2025-08-13,software_licenses,us,330.42
2025-08-13,software_licenses,eu,330.42
2025-08-13,software_licenses,apac,330.42
2025-08-13,software_licenses,latam,330.41
2025-08-13,logistics,us,1813.91
2025-08-13,logistics,eu,837.56
2025-08-13,logistics,apac,368.73
2025-08-13,logistics,latam,307.22
2025-08-13,packaging,us,452.51
2025-08-13,packaging,eu,179.38
2025-08-13,packaging,apac,80.59
2025-08-13,packaging,latam,76.58
2025-08-13,payment_processing_fees,us,426.72
2025-08-13,payment_processing_fees,eu,426.72
2025-08-13,payment_processing_fees,apac,426.71
2025-08-13,payment_processing_fees,latam,426.71
2025-08-13,customer_support_tooling,us,147.24
2025-08-13,customer_support_tooling,eu,147.23
2025-08-13,customer_support_tooling,apac,147.23
2025-08-13,customer_support_tooling,latam,147.23
2025-08-13,insurance,us,102.87
2025-08-13,insurance,eu,102.87
2025-08-13,insurance,apac,102.87
2025-08-13,insurance,latam,102.86
2025-08-14,rent,us,471.94
2025-08-14,rent,eu,471.94
2025-08-14,rent,apac,471.94
2025-08-14,rent,latam,471.93
2025-08-14,software_licenses,us,329.63
2025-08-14,software_licenses,eu,329.63
2025-08-14,software_licenses,apac,329.63
2025-08-14,software_licenses,latam,329.62
2025-08-14,logistics,us,1754.85
2025-08-14,logistics,eu,782.45
2025-08-14,logistics,apac,341.31
2025-08-14,logistics,latam,276.17
2025-08-14,packaging,us,425.51
2025-08-14,packaging,eu,182.2
2025-08-14,packaging,apac,90.78
2025-08-14,packaging,latam,69.94
2025-08-14,payment_processing_fees,us,395.27
2025-08-14,payment_processing_fees,eu,395.27
2025-08-14,payment_processing_fees,apac,395.27
2025-08-14,payment_processing_fees,latam,395.27
2025-08-14,customer_support_tooling,us,154.50
2025-08-14,customer_support_tooling,eu,154.50
2025-08-14,customer_support_tooling,apac,154.49
2025-08-14,customer_support_tooling,latam,154.49
2025-08-14,insurance,us,90.80
2025-08-14,insurance,eu,90.80
2025-08-14,insurance,apac,90.79
2025-08-14,insurance,latam,90.79
2025-08-15,rent,us,472.93
2025-08-15,rent,eu,472.92
2025-08-15,rent,apac,472.92
2025-08-15,rent,latam,472.92
2025-08-15,software_licenses,us,322.68
2025-08-15,software_licenses,eu,322.67
2025-08-15,software_licenses,apac,322.67
2025-08-15,software_licenses,latam,322.67
2025-08-15,logistics,us,1985.59
2025-08-15,logistics,eu,906.47
2025-08-15,logistics,apac,363.55
2025-08-15,logistics,latam,292.33
2025-08-15,packaging,us,420.7
2025-08-15,packaging,eu,162.94
2025-08-15,packaging,apac,83.29
2025-08-15,packaging,latam,72.75
2025-08-15,payment_processing_fees,us,397.14
2025-08-15,payment_processing_fees,eu,397.14
2025-08-15,payment_processing_fees,apac,397.13
2025-08-15,payment_processing_fees,latam,397.13
2025-08-15,customer_support_tooling,us,149.83
2025-08-15,customer_support_tooling,eu,149.83
2025-08-15,customer_support_tooling,apac,149.82
2025-08-15,customer_support_tooling,latam,149.82
2025-08-15,insurance,us,102.01
2025-08-15,insurance,eu,102.01
2025-08-15,insurance,apac,102.00
2025-08-15,insurance,latam,102.00
2025-08-16,rent,us,510.07
2025-08-16,rent,eu,510.07
2025-08-16,rent,apac,510.07
2025-08-16,rent,latam,510.06
2025-08-16,software_licenses,us,344.05
2025-08-16,software_licenses,eu,344.05
2025-08-16,software_licenses,apac,344.05
2025-08-16,software_licenses,latam,344.04
2025-08-16,logistics,us,1748.65
2025-08-16,logistics,eu,777.09
2025-08-16,logistics,apac,341.77
2025-08-16,logistics,latam,284.24
2025-08-16,packaging,us,418.99
2025-08-16,packaging,eu,170.25
2025-08-16,packaging,apac,77.55
2025-08-16,packaging,latam,67.98
2025-08-16,payment_processing_fees,us,433.22
2025-08-16,payment_processing_fees,eu,433.22
2025-08-16,payment_processing_fees,apac,433.22
2025-08-16,payment_processing_fees,latam,433.21
2025-08-16,customer_support_tooling,us,155.39
2025-08-16,customer_support_tooling,eu,155.39
2025-08-16,customer_support_tooling,apac,155.39
2025-08-16,customer_support_tooling,latam,155.38
2025-08-16,insurance,us,96.21
2025-08-16,insurance,eu,96.20
2025-08-16,insurance,apac,96.20
2025-08-16,insurance,latam,96.20
2025-08-17,rent,us,484.79
2025-08-17,rent,eu,484.78
2025-08-17,rent,apac,484.78
2025-08-17,rent,latam,484.78
2025-08-17,software_licenses,us,339.99
2025-08-17,software_licenses,eu,339.99
2025-08-17,software_licenses,apac,339.98
2025-08-17,software_licenses,latam,339.98
2025-08-17,logistics,us,1737.23
2025-08-17,logistics,eu,705.56
2025-08-17,logistics,apac,342.03
2025-08-17,logistics,latam,275.97
2025-08-17,packaging,us,445.39
2025-08-17,packaging,eu,202.85
2025-08-17,packaging,apac,89.4
2025-08-17,packaging,latam,68.65
2025-08-17,payment_processing_fees,us,425.53
2025-08-17,payment_processing_fees,eu,425.52
2025-08-17,payment_processing_fees,apac,425.52
2025-08-17,payment_processing_fees,latam,425.52
2025-08-17,customer_support_tooling,us,152.97
2025-08-17,customer_support_tooling,eu,152.96
2025-08-17,customer_support_tooling,apac,152.96
2025-08-17,customer_support_tooling,latam,152.96
2025-08-17,insurance,us,108.04
2025-08-17,insurance,eu,108.04
2025-08-17,insurance,apac,108.03
2025-08-17,insurance,latam,108.03
2025-08-18,rent,us,503.52
2025-08-18,rent,eu,503.52
2025-08-18,rent,apac,503.51
2025-08-18,rent,latam,503.51
2025-08-18,software_licenses,us,315.47
2025-08-18,software_licenses,eu,315.47
2025-08-18,software_licenses,apac,315.47
2025-08-18,software_licenses,latam,315.47
2025-08-18,logistics,us,1987.74
2025-08-18,logistics,eu,772.42
2025-08-18,logistics,apac,355.73
2025-08-18,logistics,latam,296.89
2025-08-18,packaging,us,446.66
2025-08-18,packaging,eu,208.05
2025-08-18,packaging,apac,94.8
2025-08-18,packaging,latam,67.01
2025-08-18,payment_processing_fees,us,372.84
2025-08-18,payment_processing_fees,eu,372.83
2025-08-18,payment_processing_fees,apac,372.83
2025-08-18,payment_processing_fees,latam,372.83
2025-08-18,customer_support_tooling,us,152.90
2025-08-18,customer_support_tooling,eu,152.90
2025-08-18,customer_support_tooling,apac,152.90
2025-08-18,customer_support_tooling,latam,152.89
2025-08-18,insurance,us,98.41
2025-08-18,insurance,eu,98.41
2025-08-18,insurance,apac,98.41
2025-08-18,insurance,latam,98.41
2025-08-19,rent,us,456.76
2025-08-19,rent,eu,456.76
2025-08-19,rent,apac,456.76
2025-08-19,rent,latam,456.76
2025-08-19,software_licenses,us,304.29
2025-08-19,software_licenses,eu,304.29
2025-08-19,software_licenses,apac,304.28
2025-08-19,software_licenses,latam,304.28
2025-08-19,logistics,us,1894.37
2025-08-19,logistics,eu,803.85
2025-08-19,logistics,apac,319.42
2025-08-19,logistics,latam,312.05
2025-08-19,packaging,us,472.3
2025-08-19,packaging,eu,199.2
2025-08-19,packaging,apac,85.8
2025-08-19,packaging,latam,70.19
2025-08-19,payment_processing_fees,us,419.93
2025-08-19,payment_processing_fees,eu,419.93
2025-08-19,payment_processing_fees,apac,419.92
2025-08-19,payment_processing_fees,latam,419.92
2025-08-19,customer_support_tooling,us,144.37
2025-08-19,customer_support_tooling,eu,144.37
2025-08-19,customer_support_tooling,apac,144.36
2025-08-19,customer_support_tooling,latam,144.36
2025-08-19,insurance,us,111.54
2025-08-19,insurance,eu,111.53
2025-08-19,insurance,apac,111.53
2025-08-19,insurance,latam,111.53
2025-08-20,rent,us,490.53
2025-08-20,rent,eu,490.53
2025-08-20,rent,apac,490.53
2025-08-20,rent,latam,490.53
2025-08-20,software_licenses,us,340.08
2025-08-20,software_licenses,eu,340.07
2025-08-20,software_licenses,apac,340.07
2025-08-20,software_licenses,latam,340.07
2025-08-20,logistics,us,2194.71
2025-08-20,logistics,eu,816.25
2025-08-20,logistics,apac,320.23
2025-08-20,logistics,latam,278.75
2025-08-20,packaging,us,405.25
2025-08-20,packaging,eu,185.22
2025-08-20,packaging,apac,81.46
2025-08-20,packaging,latam,76.82
2025-08-20,payment_processing_fees,us,385.54
2025-08-20,payment_processing_fees,eu,385.54
2025-08-20,payment_processing_fees,apac,385.53
2025-08-20,payment_processing_fees,latam,385.53
2025-08-20,customer_support_tooling,us,144.83
2025-08-20,customer_support_tooling,eu,144.83
2025-08-20,customer_support_tooling,apac,144.83
2025-08-20,customer_support_tooling,latam,144.82
2025-08-20,insurance,us,99.81
2025-08-20,insurance,eu,99.81
2025-08-20,insurance,apac,99.81
2025-08-20,insurance,latam,99.81
2025-08-21,rent,us,465.12
2025-08-21,rent,eu,465.12
2025-08-21,rent,apac,465.12
2025-08-21,rent,latam,465.11
2025-08-21,software_licenses,us,318.80
2025-08-21,software_licenses,eu,318.79
2025-08-21,software_licenses,apac,318.79
2025-08-21,software_licenses,latam,318.79
2025-08-21,logistics,us,1974.81
2025-08-21,logistics,eu,896.91
2025-08-21,logistics,apac,324.17
2025-08-21,logistics,latam,287.21
2025-08-21,packaging,us,441.64
2025-08-21,packaging,eu,164.29
2025-08-21,packaging,apac,84.89
2025-08-21,packaging,latam,77.7
2025-08-21,payment_processing_fees,us,429.11
2025-08-21,payment_processing_fees,eu,429.11
2025-08-21,payment_processing_fees,apac,429.11
2025-08-21,payment_processing_fees,latam,429.10
2025-08-21,customer_support_tooling,us,160.55
2025-08-21,customer_support_tooling,eu,160.55
2025-08-21,customer_support_tooling,apac,160.55
2025-08-21,customer_support_tooling,latam,160.54
2025-08-21,insurance,us,104.45
2025-08-21,insurance,eu,104.45
2025-08-21,insurance,apac,104.45
2025-08-21,insurance,latam,104.44
2025-08-22,rent,us,470.29
2025-08-22,rent,eu,470.29
2025-08-22,rent,apac,470.29
2025-08-22,rent,latam,470.29
2025-08-22,software_licenses,us,337.15
2025-08-22,software_licenses,eu,337.15
2025-08-22,software_licenses,apac,337.14
2025-08-22,software_licenses,latam,337.14
2025-08-22,logistics,us,1835.6
2025-08-22,logistics,eu,808.16
2025-08-22,logistics,apac,357.71
2025-08-22,logistics,latam,291.63
2025-08-22,packaging,us,416.95
2025-08-22,packaging,eu,196.56
2025-08-22,packaging,apac,80.18
2025-08-22,packaging,latam,69.45
2025-08-22,payment_processing_fees,us,399.60
2025-08-22,payment_processing_fees,eu,399.60
2025-08-22,payment_processing_fees,apac,399.60
2025-08-22,payment_processing_fees,latam,399.60
2025-08-22,customer_support_tooling,us,147.61
2025-08-22,customer_support_tooling,eu,147.61
2025-08-22,customer_support_tooling,apac,147.60
2025-08-22,customer_support_tooling,latam,147.60
2025-08-22,insurance,us,110.88
2025-08-22,insurance,eu,110.88
2025-08-22,insurance,apac,110.88
2025-08-22,insurance,latam,110.87
2025-08-23,rent,us,439.35
2025-08-23,rent,eu,439.35
2025-08-23,rent,apac,439.35
2025-08-23,rent,latam,439.35
2025-08-23,software_licenses,us,310.13
2025-08-23,software_licenses,eu,310.12
2025-08-23,software_licenses,apac,310.12
2025-08-23,software_licenses,latam,310.12
2025-08-23,logistics,us,1980.71
2025-08-23,logistics,eu,798.07
2025-08-23,logistics,apac,343.73
2025-08-23,logistics,latam,303.7
2025-08-23,packaging,us,503.03
2025-08-23,packaging,eu,197.72
2025-08-23,packaging,apac,85.58
2025-08-23,packaging,latam,71.06
2025-08-23,payment_processing_fees,us,372.88
2025-08-23,payment_processing_fees,eu,372.88
2025-08-23,payment_processing_fees,apac,372.88
2025-08-23,payment_processing_fees,latam,372.88
2025-08-23,customer_support_tooling,us,147.60
2025-08-23,customer_support_tooling,eu,147.60
2025-08-23,customer_support_tooling,apac,147.60
2025-08-23,customer_support_tooling,latam,147.60
2025-08-23,insurance,us,93.25
2025-08-23,insurance,eu,93.24
2025-08-23,insurance,apac,93.24
2025-08-23,insurance,latam,93.24
2025-08-24,rent,us,522.24
2025-08-24,rent,eu,522.24
2025-08-24,rent,apac,522.24
2025-08-24,rent,latam,522.24
2025-08-24,software_licenses,us,305.89
2025-08-24,software_licenses,eu,305.88
2025-08-24,software_licenses,apac,305.88
2025-08-24,software_licenses,latam,305.88
2025-08-24,logistics,us,1793.83
2025-08-24,logistics,eu,786.43
2025-08-24,logistics,apac,303.98
2025-08-24,logistics,latam,307.91
2025-08-24,packaging,us,530.63
2025-08-24,packaging,eu,200.36
2025-08-24,packaging,apac,80.69
2025-08-24,packaging,latam,70.36
2025-08-24,payment_processing_fees,us,419.63
2025-08-24,payment_processing_fees,eu,419.63
2025-08-24,payment_processing_fees,apac,419.63
2025-08-24,payment_processing_fees,latam,419.63
2025-08-24,customer_support_tooling,us,150.65
2025-08-24,customer_support_tooling,eu,150.65
2025-08-24,customer_support_tooling,apac,150.65
2025-08-24,customer_support_tooling,latam,150.65
2025-08-24,insurance,us,104.18
2025-08-24,insurance,eu,104.18
2025-08-24,insurance,apac,104.17
2025-08-24,insurance,latam,104.17
2025-08-25,rent,us,484.49
2025-08-25,rent,eu,484.49
2025-08-25,rent,apac,484.48
2025-08-25,rent,latam,484.48
2025-08-25,software_licenses,us,327.74
2025-08-25,software_licenses,eu,327.73
2025-08-25,software_licenses,apac,327.73
2025-08-25,software_licenses,latam,327.73
2025-08-25,logistics,us,2057.84
2025-08-25,logistics,eu,768.6
2025-08-25,logistics,apac,359.29
2025-08-25,logistics,latam,263.77
2025-08-25,packaging,us,497.59
2025-08-25,packaging,eu,168.3
2025-08-25,packaging,apac,82.62
2025-08-25,packaging,latam,76.09
2025-08-25,payment_processing_fees,us,392.39
2025-08-25,payment_processing_fees,eu,392.39
2025-08-25,payment_processing_fees,apac,392.39
2025-08-25,payment_processing_fees,latam,392.39
2025-08-25,customer_support_tooling,us,144.40
2025-08-25,customer_support_tooling,eu,144.40
2025-08-25,customer_support_tooling,apac,144.39
2025-08-25,customer_support_tooling,latam,144.39
2025-08-25,insurance,us,105.74
2025-08-25,insurance,eu,105.74
2025-08-25,insurance,apac,105.74
2025-08-25,insurance,latam,105.73
2025-08-26,rent,us,452.41
2025-08-26,rent,eu,452.41
2025-08-26,rent,apac,452.41
2025-08-26,rent,latam,452.40
2025-08-26,software_licenses,us,287.82
2025-08-26,software_licenses,eu,287.81
2025-08-26,software_licenses,apac,287.81
2025-08-26,software_licenses,latam,287.81
2025-08-26,logistics,us,1755.34
2025-08-26,logistics,eu,825.13
2025-08-26,logistics,apac,349.09
2025-08-26,logistics,latam,329.27
2025-08-26,packaging,us,437.07
2025-08-26,packaging,eu,175.86
2025-08-26,packaging,apac,79.79
2025-08-26,packaging,latam,66.18
2025-08-26,payment_processing_fees,us,371.71
2025-08-26,payment_processing_fees,eu,371.71
2025-08-26,payment_processing_fees,apac,371.71
2025-08-26,payment_processing_fees,latam,371.70
2025-08-26,customer_support_tooling,us,139.75
2025-08-26,customer_support_tooling,eu,139.74
2025-08-26,customer_support_tooling,apac,139.74
2025-08-26,customer_support_tooling,latam,139.74
2025-08-26,insurance,us,96.68
2025-08-26,insurance,eu,96.68
2025-08-26,insurance,apac,96.67
2025-08-26,insurance,latam,96.67
2025-08-27,rent,us,516.03
2025-08-27,rent,eu,516.02
2025-08-27,rent,apac,516.02
2025-08-27,rent,latam,516.02
2025-08-27,software_licenses,us,315.06
2025-08-27,software_licenses,eu,315.06
2025-08-27,software_licenses,apac,315.05
2025-08-27,software_licenses,latam,315.05
2025-08-27,logistics,us,1987.68
2025-08-27,logistics,eu,793.88
2025-08-27,logistics,apac,368.64
2025-08-27,logistics,latam,295.33
2025-08-27,packaging,us,457.14
2025-08-27,packaging,eu,175.62
2025-08-27,packaging,apac,90.12
2025-08-27,packaging,latam,69.33
2025-08-27,payment_processing_fees,us,461.58
2025-08-27,payment_processing_fees,eu,461.58
2025-08-27,payment_processing_fees,apac,461.57
2025-08-27,payment_processing_fees,latam,461.57
2025-08-27,customer_support_tooling,us,158.28
2025-08-27,customer_support_tooling,eu,158.28
2025-08-27,customer_support_tooling,apac,158.28
2025-08-27,customer_support_tooling,latam,158.28
2025-08-27,insurance,us,102.40
2025-08-27,insurance,eu,102.40
2025-08-27,insurance,apac,102.40
2025-08-27,insurance,latam,102.39
2025-08-28,rent,us,493.55
2025-08-28,rent,eu,493.55
2025-08-28,rent,apac,493.54
2025-08-28,rent,latam,493.54
2025-08-28,software_licenses,us,311.68
2025-08-28,software_licenses,eu,311.68
2025-08-28,software_licenses,apac,311.68
2025-08-28,software_licenses,latam,311.67
2025-08-28,logistics,us,1896.4
2025-08-28,logistics,eu,715.51
2025-08-28,logistics,apac,345.15
2025-08-28,logistics,latam,293.83
2025-08-28,packaging,us,415.94
2025-08-28,packaging,eu,180.37
2025-08-28,packaging,apac,87.85
2025-08-28,packaging,latam,58.76
2025-08-28,payment_processing_fees,us,438.09
2025-08-28,payment_processing_fees,eu,438.09
2025-08-28,payment_processing_fees,apac,438.09
2025-08-28,payment_processing_fees,latam,438.08
2025-08-28,customer_support_tooling,us,150.39
2025-08-28,customer_support_tooling,eu,150.39
2025-08-28,customer_support_tooling,apac,150.39
2025-08-28,customer_support_tooling,latam,150.39
2025-08-28,insurance,us,100.81
2025-08-28,insurance,eu,100.80
2025-08-28,insurance,apac,100.80
2025-08-28,insurance,latam,100.80
2025-09-01,rent,us,438.49
2025-09-01,rent,eu,438.48
2025-09-01,rent,apac,438.48
2025-09-01,rent,latam,438.48
2025-09-01,software_licenses,us,323.81
2025-09-01,software_licenses,eu,323.81
2025-09-01,software_licenses,apac,323.81
2025-09-01,software_licenses,latam,323.80
2025-09-01,logistics,us,2087.26
2025-09-01,logistics,eu,807.42
2025-09-01,logistics,apac,361.17
2025-09-01,logistics,latam,279.36
2025-09-01,packaging,us,423.41
2025-09-01,packaging,eu,185.14
2025-09-01,packaging,apac,98.35
2025-09-01,packaging,latam,72.06
2025-09-01,payment_processing_fees,us,399.69
2025-09-01,payment_processing_fees,eu,399.68
2025-09-01,payment_processing_fees,apac,399.68
2025-09-01,payment_processing_fees,latam,399.68
2025-09-01,customer_support_tooling,us,137.84
2025-09-01,customer_support_tooling,eu,137.84
2025-09-01,customer_support_tooling,apac,137.84
2025-09-01,customer_support_tooling,latam,137.84
2025-09-01,insurance,us,98.47
2025-09-01,insurance,eu,98.47
2025-09-01,insurance,apac,98.47
2025-09-01,insurance,latam,98.46
2025-09-02,rent,us,489.14
2025-09-02,rent,eu,489.13
2025-09-02,rent,apac,489.13
2025-09-02,rent,latam,489.13
2025-09-02,software_licenses,us,337.76
2025-09-02,software_licenses,eu,337.76
2025-09-02,software_licenses,apac,337.76
2025-09-02,software_licenses,latam,337.76
2025-09-02,logistics,us,1879.18
2025-09-02,logistics,eu,823.7
2025-09-02,logistics,apac,341.63
2025-09-02,logistics,latam,296.15
2025-09-02,packaging,us,445.91
2025-09-02,packaging,eu,187.46
2025-09-02,packaging,apac,80.65
2025-09-02,packaging,latam,73.92
2025-09-02,payment_processing_fees,us,331.93
2025-09-02,payment_processing_fees,eu,331.93
2025-09-02,payment_processing_fees,apac,331.93
2025-09-02,payment_processing_fees,latam,331.92
2025-09-02,customer_support_tooling,us,148.09
2025-09-02,customer_support_tooling,eu,148.09
2025-09-02,customer_support_tooling,apac,148.09
2025-09-02,customer_support_tooling,latam,148.08
2025-09-02,insurance,us,96.81
2025-09-02,insurance,eu,96.80
2025-09-02,insurance,apac,96.80
2025-09-02,insurance,latam,96.80
2025-09-03,rent,us,516.99
2025-09-03,rent,eu,516.99
2025-09-03,rent,apac,516.98
2025-09-03,rent,latam,516.98
2025-09-03,software_licenses,us,317.02
2025-09-03,software_licenses,eu,317.01
2025-09-03,software_licenses,apac,317.01
2025-09-03,software_licenses,latam,317.01
2025-09-03,logistics,us,1937.85
2025-09-03,logistics,eu,750.14
2025-09-03,logistics,apac,317.91
2025-09-03,logistics,latam,310.58
2025-09-03,packaging,us,429.76
2025-09-03,packaging,eu,181.74
2025-09-03,packaging,apac,85.1
2025-09-03,packaging,latam,75.94
2025-09-03,payment_processing_fees,us,404.11
2025-09-03,payment_processing_fees,eu,404.11
2025-09-03,payment_processing_fees,apac,404.10
2025-09-03,payment_processing_fees,latam,404.10
2025-09-03,customer_support_tooling,us,145.77
2025-09-03,customer_support_tooling,eu,145.77
2025-09-03,customer_support_tooling,apac,145.76
2025-09-03,customer_support_tooling,latam,145.76
2025-09-03,insurance,us,101.72
2025-09-03,insurance,eu,101.72
2025-09-03,insurance,apac,101.71
2025-09-03,insurance,latam,101.71
2025-09-04,rent,us,495.38
2025-09-04,rent,eu,495.38
2025-09-04,rent,apac,495.38
2025-09-04,rent,latam,495.38
2025-09-04,software_licenses,us,352.27
2025-09-04,software_licenses,eu,352.27
2025-09-04,software_licenses,apac,352.27
2025-09-04,software_licenses,latam,352.26
2025-09-04,logistics,us,1833.45
2025-09-04,logistics,eu,838.42
2025-09-04,logistics,apac,329.56
2025-09-04,logistics,latam,317.01
2025-09-04,packaging,us,484.65
2025-09-04,packaging,eu,215.43
2025-09-04,packaging,apac,87.93
2025-09-04,packaging,latam,77.02
2025-09-04,payment_processing_fees,us,389.95
2025-09-04,payment_processing_fees,eu,389.95
2025-09-04,payment_processing_fees,apac,389.94
2025-09-04,payment_processing_fees,latam,389.94
2025-09-04,customer_support_tooling,us,147.83
2025-09-04,customer_support_tooling,eu,147.82
2025-09-04,customer_support_tooling,apac,147.82
2025-09-04,customer_support_tooling,latam,147.82
2025-09-04,insurance,us,96.09
2025-09-04,insurance,eu,96.09
2025-09-04,insurance,apac,96.09
2025-09-04,insurance,latam,96.08
2025-09-05,rent,us,488.88
2025-09-05,rent,eu,488.88
2025-09-05,rent,apac,488.87
2025-09-05,rent,latam,488.87
2025-09-05,software_licenses,us,362.69
2025-09-05,software_licenses,eu,362.68
2025-09-05,software_licenses,apac,362.68
2025-09-05,software_licenses,latam,362.68
2025-09-05,logistics,us,1785.59
2025-09-05,logistics,eu,802.18
2025-09-05,logistics,apac,348.69
2025-09-05,logistics,latam,317.6
2025-09-05,packaging,us,428.6
2025-09-05,packaging,eu,181.73
2025-09-05,packaging,apac,80.29
2025-09-05,packaging,latam,67.49
2025-09-05,payment_processing_fees,us,415.19
2025-09-05,payment_processing_fees,eu,415.19
2025-09-05,payment_processing_fees,apac,415.19
2025-09-05,payment_processing_fees,latam,415.19
2025-09-05,customer_support_tooling,us,162.53
2025-09-05,customer_support_tooling,eu,162.52
2025-09-05,customer_support_tooling,apac,162.52
2025-09-05,customer_support_tooling,latam,162.52
2025-09-05,insurance,us,109.27
2025-09-05,insurance,eu,109.27
2025-09-05,insurance,apac,109.27
2025-09-05,insurance,latam,109.27
2025-09-06,rent,us,450.82
2025-09-06,rent,eu,450.82
2025-09-06,rent,apac,450.81
2025-09-06,rent,latam,450.81
2025-09-06,software_licenses,us,336.69
2025-09-06,software_licenses,eu,336.69
2025-09-06,software_licenses,apac,336.69
2025-09-06,software_licenses,latam,336.68
2025-09-06,logistics,us,1921.85
2025-09-06,logistics,eu,780.22
2025-09-06,logistics,apac,376.71
2025-09-06,logistics,latam,294.29
2025-09-06,packaging,us,467.27
2025-09-06,packaging,eu,170.88
2025-09-06,packaging,apac,82.01
2025-09-06,packaging,latam,72.88
2025-09-06,payment_processing_fees,us,401.06
2025-09-06,payment_processing_fees,eu,401.06
2025-09-06,payment_processing_fees,apac,401.06
2025-09-06,payment_processing_fees,latam,401.06
2025-09-06,customer_support_tooling,us,149.23
2025-09-06,customer_support_tooling,eu,149.23
2025-09-06,customer_support_tooling,apac,149.23
2025-09-06,customer_support_tooling,latam,149.22
2025-09-06,insurance,us,104.56
2025-09-06,insurance,eu,104.56
2025-09-06,insurance,apac,104.55
2025-09-06,insurance,latam,104.55
2025-09-07,rent,us,459.10
2025-09-07,rent,eu,459.10
2025-09-07,rent,apac,459.10
2025-09-07,rent,latam,459.10
2025-09-07,software_licenses,us,362.97
2025-09-07,software_licenses,eu,362.96
2025-09-07,software_licenses,apac,362.96
2025-09-07,software_licenses,latam,362.96
2025-09-07,logistics,us,1878.39
2025-09-07,logistics,eu,872.85
2025-09-07,logistics,apac,331.57
2025-09-07,logistics,latam,288.1
2025-09-07,packaging,us,505.72
2025-09-07,packaging,eu,203.96
2025-09-07,packaging,apac,94.09
2025-09-07,packaging,latam,79.34
2025-09-07,payment_processing_fees,us,440.94
2025-09-07,payment_processing_fees,eu,440.94
2025-09-07,payment_processing_fees,apac,440.94
2025-09-07,payment_processing_fees,latam,440.94
2025-09-07,customer_support_tooling,us,152.64
2025-09-07,customer_support_tooling,eu,152.64
2025-09-07,customer_support_tooling,apac,152.63
2025-09-07,customer_support_tooling,latam,152.63
2025-09-07,insurance,us,105.35
2025-09-07,insurance,eu,105.35
2025-09-07,insurance,apac,105.35
2025-09-07,insurance,latam,105.35
2025-09-08,rent,us,490.41
2025-09-08,rent,eu,490.41
2025-09-08,rent,apac,490.41
2025-09-08,rent,latam,490.40
2025-09-08,software_licenses,us,356.75
2025-09-08,software_licenses,eu,356.75
2025-09-08,software_licenses,apac,356.75
2025-09-08,software_licenses,latam,356.75
2025-09-08,logistics,us,1802.88
2025-09-08,logistics,eu,791.57
2025-09-08,logistics,apac,371.98
2025-09-08,logistics,latam,284.32
2025-09-08,packaging,us,454.33
2025-09-08,packaging,eu,183.95
2025-09-08,packaging,apac,88.09
2025-09-08,packaging,latam,77.15
2025-09-08,payment_processing_fees,us,385.50
2025-09-08,payment_processing_fees,eu,385.50
2025-09-08,payment_processing_fees,apac,385.50
2025-09-08,payment_processing_fees,latam,385.50
2025-09-08,customer_support_tooling,us,150.66
2025-09-08,customer_support_tooling,eu,150.66
2025-09-08,customer_support_tooling,apac,150.66
2025-09-08,customer_support_tooling,latam,150.66
2025-09-08,insurance,us,104.25
2025-09-08,insurance,eu,104.25
2025-09-08,insurance,apac,104.25
2025-09-08,insurance,latam,104.25
2025-09-09,rent,us,474.98
2025-09-09,rent,eu,474.98
2025-09-09,rent,apac,474.98
2025-09-09,rent,latam,474.98
2025-09-09,software_licenses,us,352.82
2025-09-09,software_licenses,eu,352.81
2025-09-09,software_licenses,apac,352.81
2025-09-09,software_licenses,latam,352.81
2025-09-09,logistics,us,1999.61
2025-09-09,logistics,eu,722.04
2025-09-09,logistics,apac,316.3
2025-09-09,logistics,latam,293.58
2025-09-09,packaging,us,498.51
2025-09-09,packaging,eu,195.29
2025-09-09,packaging,apac,87.04
2025-09-09,packaging,latam,77.61
2025-09-09,payment_processing_fees,us,381.36
2025-09-09,payment_processing_fees,eu,381.36
2025-09-09,payment_processing_fees,apac,381.36
2025-09-09,payment_processing_fees,latam,381.36
2025-09-09,customer_support_tooling,us,133.40
2025-09-09,customer_support_tooling,eu,133.40
2025-09-09,customer_support_tooling,apac,133.39
2025-09-09,customer_support_tooling,latam,133.39
2025-09-09,insurance,us,100.39
2025-09-09,insurance,eu,100.39
2025-09-09,insurance,apac,100.39
2025-09-09,insurance,latam,100.38
2025-09-10,rent,us,501.56
2025-09-10,rent,eu,501.56
2025-09-10,rent,apac,501.55
2025-09-10,rent,latam,501.55
2025-09-10,software_licenses,us,334.75
2025-09-10,software_licenses,eu,334.75
2025-09-10,software_licenses,apac,334.75
2025-09-10,software_licenses,latam,334.74
2025-09-10,logistics,us,2117.11
2025-09-10,logistics,eu,821.88
2025-09-10,logistics,apac,363.11
2025-09-10,logistics,latam,306.53
2025-09-10,packaging,us,423.54
2025-09-10,packaging,eu,180.13
2025-09-10,packaging,apac,89.8
2025-09-10,packaging,latam,69.01
2025-09-10,payment_processing_fees,us,352.75
2025-09-10,payment_processing_fees,eu,352.74
2025-09-10,payment_processing_fees,apac,352.74
2025-09-10,payment_processing_fees,latam,352.74
2025-09-10,customer_support_tooling,us,156.11
2025-09-10,customer_support_tooling,eu,156.11
2025-09-10,customer_support_tooling,apac,156.11
2025-09-10,customer_support_tooling,latam,156.11
2025-09-10,insurance,us,98.99
2025-09-10,insurance,eu,98.99
2025-09-10,insurance,apac,98.99
2025-09-10,insurance,latam,98.98
2025-09-11,rent,us,467.62
2025-09-11,rent,eu,467.62
2025-09-11,rent,apac,467.61
2025-09-11,rent,latam,467.61
2025-09-11,software_licenses,us,343.19
2025-09-11,software_licenses,eu,343.18
2025-09-11,software_licenses,apac,343.18
2025-09-11,software_licenses,latam,343.18
2025-09-11,logistics,us,1958.55
2025-09-11,logistics,eu,862.71
2025-09-11,logistics,apac,338.14
2025-09-11,logistics,latam,297.76
2025-09-11,packaging,us,552.48
2025-09-11,packaging,eu,176.84
2025-09-11,packaging,apac,85.26
2025-09-11,packaging,latam,70.53
2025-09-11,payment_processing_fees,us,408.90
2025-09-11,payment_processing_fees,eu,408.90
2025-09-11,payment_processing_fees,apac,408.89
2025-09-11,payment_processing_fees,latam,408.89
2025-09-11,customer_support_tooling,us,158.90
2025-09-11,customer_support_tooling,eu,158.89
2025-09-11,customer_support_tooling,apac,158.89
2025-09-11,customer_support_tooling,latam,158.89
2025-09-11,insurance,us,103.14
2025-09-11,insurance,eu,103.13
2025-09-11,insurance,apac,103.13
2025-09-11,insurance,latam,103.13
2025-09-12,rent,us,493.42
2025-09-12,rent,eu,493.41
2025-09-12,rent,apac,493.41
2025-09-12,rent,latam,493.41
2025-09-12,software_licenses,us,315.76
2025-09-12,software_licenses,eu,315.76
2025-09-12,software_licenses,apac,315.76
2025-09-12,software_licenses,latam,315.76
2025-09-12,logistics,us,1942.85
2025-09-12,logistics,eu,781.63
2025-09-12,logistics,apac,369.47
2025-09-12,logistics,latam,302.11
2025-09-12,packaging,us,473.57
2025-09-12,packaging,eu,182.49
2025-09-12,packaging,apac,86.14
2025-09-12,packaging,latam,67.96
2025-09-12,payment_processing_fees,us,387.71
2025-09-12,payment_processing_fees,eu,387.70
2025-09-12,payment_processing_fees,apac,387.70
2025-09-12,payment_processing_fees,latam,387.70
2025-09-12,customer_support_tooling,us,149.21
2025-09-12,customer_support_tooling,eu,149.21
2025-09-12,customer_support_tooling,apac,149.20
2025-09-12,customer_support_tooling,latam,149.20
2025-09-12,insurance,us,90.69
2025-09-12,insurance,eu,90.69
2025-09-12,insurance,apac,90.69
2025-09-12,insurance,latam,90.69
2025-09-13,rent,us,495.47
2025-09-13,rent,eu,495.47
2025-09-13,rent,apac,495.47
2025-09-13,rent,latam,495.47
2025-09-13,software_licenses,us,339.72
2025-09-13,software_licenses,eu,339.72
2025-09-13,software_licenses,apac,339.72
2025-09-13,software_licenses,latam,339.71
2025-09-13,logistics,us,2163.9
2025-09-13,logistics,eu,774.99
2025-09-13,logistics,apac,307.44
2025-09-13,logistics,latam,314.56
2025-09-13,packaging,us,399.0
2025-09-13,packaging,eu,187.99
2025-09-13,packaging,apac,74.6
2025-09-13,packaging,latam,78.26
2025-09-13,payment_processing_fees,us,419.18
2025-09-13,payment_processing_fees,eu,419.18
2025-09-13,payment_processing_fees,apac,419.18
2025-09-13,payment_processing_fees,latam,419.17
2025-09-13,customer_support_tooling,us,151.51
2025-09-13,customer_support_tooling,eu,151.50
2025-09-13,customer_support_tooling,apac,151.50
2025-09-13,customer_support_tooling,latam,151.50
2025-09-13,insurance,us,92.98
2025-09-13,insurance,eu,92.98
2025-09-13,insurance,apac,92.97
2025-09-13,insurance,latam,92.97
2025-09-14,rent,us,448.31
2025-09-14,rent,eu,448.31
2025-09-14,rent,apac,448.30
2025-09-14,rent,latam,448.30
2025-09-14,software_licenses,us,319.97
2025-09-14,software_licenses,eu,319.97
2025-09-14,software_licenses,apac,319.96
2025-09-14,software_licenses,latam,319.96
2025-09-14,logistics,us,1952.52
2025-09-14,logistics,eu,768.52
2025-09-14,logistics,apac,357.84
2025-09-14,logistics,latam,286.14
2025-09-14,packaging,us,432.93
2025-09-14,packaging,eu,184.57
2025-09-14,packaging,apac,82.48
2025-09-14,packaging,latam,72.26
2025-09-14,payment_processing_fees,us,447.94
2025-09-14,payment_processing_fees,eu,447.94
2025-09-14,payment_processing_fees,apac,447.94
2025-09-14,payment_processing_fees,latam,447.94
2025-09-14,customer_support_tooling,us,144.01
2025-09-14,customer_support_tooling,eu,144.01
2025-09-14,customer_support_tooling,apac,144.01
2025-09-14,customer_support_tooling,latam,144.01
2025-09-14,insurance,us,109.76
2025-09-14,insurance,eu,109.76
2025-09-14,insurance,apac,109.76
2025-09-14,insurance,latam,109.75
2025-09-15,rent,us,452.21
2025-09-15,rent,eu,452.21
2025-09-15,rent,apac,452.20
2025-09-15,rent,latam,452.20
2025-09-15,software_licenses,us,339.61
2025-09-15,software_licenses,eu,339.61
2025-09-15,software_licenses,apac,339.61
2025-09-15,software_licenses,latam,339.60
2025-09-15,logistics,us,2056.28
2025-09-15,logistics,eu,728.31
2025-09-15,logistics,apac,293.4
2025-09-15,logistics,latam,334.97
2025-09-15,packaging,us,451.43
2025-09-15,packaging,eu,183.3
2025-09-15,packaging,apac,81.94
2025-09-15,packaging,latam,69.04
2025-09-15,payment_processing_fees,us,379.59
2025-09-15,payment_processing_fees,eu,379.59
2025-09-15,payment_processing_fees,apac,379.58
2025-09-15,payment_processing_fees,latam,379.58
2025-09-15,customer_support_tooling,us,149.92
2025-09-15,customer_support_tooling,eu,149.92
2025-09-15,customer_support_tooling,apac,149.92
2025-09-15,customer_support_tooling,latam,149.92
2025-09-15,insurance,us,100.52
2025-09-15,insurance,eu,100.52
2025-09-15,insurance,apac,100.52
2025-09-15,insurance,latam,100.52
2025-09-16,rent,us,481.48
2025-09-16,rent,eu,481.48
2025-09-16,rent,apac,481.47
2025-09-16,rent,latam,481.47
2025-09-16,software_licenses,us,360.27
2025-09-16,software_licenses,eu,360.27
2025-09-16,software_licenses,apac,360.27
2025-09-16,software_licenses,latam,360.27
2025-09-16,logistics,us,1808.13
2025-09-16,logistics,eu,831.79
2025-09-16,logistics,apac,372.02
2025-09-16,logistics,latam,296.01
2025-09-16,packaging,us,502.14
2025-09-16,packaging,eu,196.97
2025-09-16,packaging,apac,85.87
2025-09-16,packaging,latam,78.31
2025-09-16,payment_processing_fees,us,426.82
2025-09-16,payment_processing_fees,eu,426.81
2025-09-16,payment_processing_fees,apac,426.81
2025-09-16,payment_processing_fees,latam,426.81
2025-09-16,customer_support_tooling,us,138.59
2025-09-16,customer_support_tooling,eu,138.58
2025-09-16,customer_support_tooling,apac,138.58
2025-09-16,customer_support_tooling,latam,138.58
2025-09-16,insurance,us,105.83
2025-09-16,insurance,eu,105.83
2025-09-16,insurance,apac,105.83
2025-09-16,insurance,latam,105.82
2025-09-17,rent,us,470.65
2025-09-17,rent,eu,470.65
2025-09-17,rent,apac,470.65
2025-09-17,rent,latam,470.64
2025-09-17,software_licenses,us,331.98
2025-09-17,software_licenses,eu,331.98
2025-09-17,software_licenses,apac,331.97
2025-09-17,software_licenses,latam,331.97
2025-09-17,logistics,us,1999.31
2025-09-17,logistics,eu,818.45
2025-09-17,logistics,apac,347.46
2025-09-17,logistics,latam,301.76
2025-09-17,packaging,us,475.21
2025-09-17,packaging,eu,189.78
2025-09-17,packaging,apac,87.82
2025-09-17,packaging,latam,81.33
2025-09-17,payment_processing_fees,us,389.20
2025-09-17,payment_processing_fees,eu,389.20
2025-09-17,payment_processing_fees,apac,389.19
2025-09-17,payment_processing_fees,latam,389.19
2025-09-17,customer_support_tooling,us,145.49
2025-09-17,customer_support_tooling,eu,145.49
2025-09-17,customer_support_tooling,apac,145.48
2025-09-17,customer_support_tooling,latam,145.48
2025-09-17,insurance,us,98.54
2025-09-17,insurance,eu,98.53
2025-09-17,insurance,apac,98.53
2025-09-17,insurance,latam,98.53
2025-09-18,rent,us,515.87
2025-09-18,rent,eu,515.86
2025-09-18,rent,apac,515.86
2025-09-18,rent,latam,515.86
2025-09-18,software_licenses,us,330.83
2025-09-18,software_licenses,eu,330.82
2025-09-18,software_licenses,apac,330.82
2025-09-18,software_licenses,latam,330.82
2025-09-18,logistics,us,1870.4
2025-09-18,logistics,eu,846.46
2025-09-18,logistics,apac,379.82
2025-09-18,logistics,latam,302.41
2025-09-18,packaging,us,463.39
2025-09-18,packaging,eu,179.9
2025-09-18,packaging,apac,75.2
2025-09-18,packaging,latam,77.23
2025-09-18,payment_processing_fees,us,392.48
2025-09-18,payment_processing_fees,eu,392.48
2025-09-18,payment_processing_fees,apac,392.48
2025-09-18,payment_processing_fees,latam,392.48
2025-09-18,customer_support_tooling,us,135.59
2025-09-18,customer_support_tooling,eu,135.59
2025-09-18,customer_support_tooling,apac,135.58
2025-09-18,customer_support_tooling,latam,135.58
2025-09-18,insurance,us,100.92
2025-09-18,insurance,eu,100.92
2025-09-18,insurance,apac,100.92
2025-09-18,insurance,latam,100.91
2025-09-19,rent,us,493.28
2025-09-19,rent,eu,493.28
2025-09-19,rent,apac,493.27
2025-09-19,rent,latam,493.27
2025-09-19,software_licenses,us,334.24
2025-09-19,software_licenses,eu,334.24
2025-09-19,software_licenses,apac,334.24
2025-09-19,software_licenses,latam,334.23
2025-09-19,logistics,us,1863.51
2025-09-19,logistics,eu,816.31
2025-09-19,logistics,apac,346.6
2025-09-19,logistics,latam,300.18
2025-09-19,packaging,us,390.24
2025-09-19,packaging,eu,205.43
2025-09-19,packaging,apac,91.66
2025-09-19,packaging,latam,69.18
2025-09-19,payment_processing_fees,us,382.19
2025-09-19,payment_processing_fees,eu,382.19
2025-09-19,payment_processing_fees,apac,382.18
2025-09-19,payment_processing_fees,latam,382.18
2025-09-19,customer_support_tooling,us,147.07
2025-09-19,customer_support_tooling,eu,147.07
2025-09-19,customer_support_tooling,apac,147.07
2025-09-19,customer_support_tooling,latam,147.07
2025-09-19,insurance,us,101.97
2025-09-19,insurance,eu,101.96
2025-09-19,insurance,apac,101.96
2025-09-19,insurance,latam,101.96
2025-09-20,rent,us,497.05
2025-09-20,rent,eu,497.04
2025-09-20,rent,apac,497.04
2025-09-20,rent,latam,497.04
2025-09-20,software_licenses,us,360.60
2025-09-20,software_licenses,eu,360.60
2025-09-20,software_licenses,apac,360.60
2025-09-20,software_licenses,latam,360.60
2025-09-20,logistics,us,2026.71
2025-09-20,logistics,eu,834.53
2025-09-20,logistics,apac,350.1
2025-09-20,logistics,latam,279.39
2025-09-20,packaging,us,437.78
2025-09-20,packaging,eu,190.8
2025-09-20,packaging,apac,95.11
2025-09-20,packaging,latam,72.53
2025-09-20,payment_processing_fees,us,411.59
2025-09-20,payment_processing_fees,eu,411.58
2025-09-20,payment_processing_fees,apac,411.58
2025-09-20,payment_processing_fees,latam,411.58
2025-09-20,customer_support_tooling,us,143.38
2025-09-20,customer_support_tooling,eu,143.38
2025-09-20,customer_support_tooling,apac,143.37
2025-09-20,customer_support_tooling,latam,143.37
2025-09-20,insurance,us,90.89
2025-09-20,insurance,eu,90.89
2025-09-20,insurance,apac,90.89
2025-09-20,insurance,latam,90.88
2025-09-21,rent,us,481.05
2025-09-21,rent,eu,481.05
2025-09-21,rent,apac,481.05
2025-09-21,rent,latam,481.05
2025-09-21,software_licenses,us,339.50
2025-09-21,software_licenses,eu,339.49
2025-09-21,software_licenses,apac,339.49
2025-09-21,software_licenses,latam,339.49
2025-09-21,logistics,us,1836.25
2025-09-21,logistics,eu,811.83
2025-09-21,logistics,apac,348.87
2025-09-21,logistics,latam,302.59
2025-09-21,packaging,us,433.55
2025-09-21,packaging,eu,187.47
2025-09-21,packaging,apac,90.68
2025-09-21,packaging,latam,68.45
2025-09-21,payment_processing_fees,us,411.24
2025-09-21,payment_processing_fees,eu,411.23
2025-09-21,payment_processing_fees,apac,411.23
2025-09-21,payment_processing_fees,latam,411.23
2025-09-21,customer_support_tooling,us,144.53
2025-09-21,customer_support_tooling,eu,144.52
2025-09-21,customer_support_tooling,apac,144.52
2025-09-21,customer_support_tooling,latam,144.52
2025-09-21,insurance,us,100.12
2025-09-21,insurance,eu,100.12
2025-09-21,insurance,apac,100.12
2025-09-21,insurance,latam,100.11
2025-09-22,rent,us,481.95
2025-09-22,rent,eu,481.95
2025-09-22,rent,apac,481.95
2025-09-22,rent,latam,481.94
2025-09-22,software_licenses,us,289.60
2025-09-22,software_licenses,eu,289.60
2025-09-22,software_licenses,apac,289.60
2025-09-22,software_licenses,latam,289.60
2025-09-22,logistics,us,1846.07
2025-09-22,logistics,eu,865.37
2025-09-22,logistics,apac,313.24
2025-09-22,logistics,latam,299.06
2025-09-22,packaging,us,448.36
2025-09-22,packaging,eu,188.14
2025-09-22,packaging,apac,77.67
2025-09-22,packaging,latam,64.64
2025-09-22,payment_processing_fees,us,387.31
2025-09-22,payment_processing_fees,eu,387.30
2025-09-22,payment_processing_fees,apac,387.30
2025-09-22,payment_processing_fees,latam,387.30
2025-09-22,customer_support_tooling,us,157.55
2025-09-22,customer_support_tooling,eu,157.55
2025-09-22,customer_support_tooling,apac,157.55
2025-09-22,customer_support_tooling,latam,157.55
2025-09-22,insurance,us,90.95
2025-09-22,insurance,eu,90.94
2025-09-22,insurance,apac,90.94
2025-09-22,insurance,latam,90.94
2025-09-23,rent,us,519.33
2025-09-23,rent,eu,519.33
2025-09-23,rent,apac,519.32
2025-09-23,rent,latam,519.32
2025-09-23,software_licenses,us,334.45
2025-09-23,software_licenses,eu,334.45
2025-09-23,software_licenses,apac,334.45
2025-09-23,software_licenses,latam,334.44
2025-09-23,logistics,us,1902.51
2025-09-23,logistics,eu,760.43
2025-09-23,logistics,apac,348.47
2025-09-23,logistics,latam,280.92
2025-09-23,packaging,us,401.77
2025-09-23,packaging,eu,217.44
2025-09-23,packaging,apac,80.21
2025-09-23,packaging,latam,66.85
2025-09-23,payment_processing_fees,us,378.86
2025-09-23,payment_processing_fees,eu,378.86
2025-09-23,payment_processing_fees,apac,378.85
2025-09-23,payment_processing_fees,latam,378.85
2025-09-23,customer_support_tooling,us,161.78
2025-09-23,customer_support_tooling,eu,161.77
2025-09-23,customer_support_tooling,apac,161.77
2025-09-23,customer_support_tooling,latam,161.77
2025-09-23,insurance,us,100.32
2025-09-23,insurance,eu,100.32
2025-09-23,insurance,apac,100.32
2025-09-23,insurance,latam,100.31
2025-09-24,rent,us,574.45
2025-09-24,rent,eu,574.45
2025-09-24,rent,apac,574.44
2025-09-24,rent,latam,574.44
2025-09-24,software_licenses,us,332.94
2025-09-24,software_licenses,eu,332.94
2025-09-24,software_licenses,apac,332.93
2025-09-24,software_licenses,latam,332.93
2025-09-24,logistics,us,2086.43
2025-09-24,logistics,eu,718.58
2025-09-24,logistics,apac,346.57
2025-09-24,logistics,latam,292.49
2025-09-24,packaging,us,439.35
2025-09-24,packaging,eu,202.42
2025-09-24,packaging,apac,79.88
2025-09-24,packaging,latam,74.75
2025-09-24,payment_processing_fees,us,399.37
2025-09-24,payment_processing_fees,eu,399.37
2025-09-24,payment_processing_fees,apac,399.37
2025-09-24,payment_processing_fees,latam,399.36
2025-09-24,customer_support_tooling,us,149.16
2025-09-24,customer_support_tooling,eu,149.16
2025-09-24,customer_support_tooling,apac,149.15
2025-09-24,customer_support_tooling,latam,149.15
2025-09-24,insurance,us,102.26
2025-09-24,insurance,eu,102.25
2025-09-24,insurance,apac,102.25
2025-09-24,insurance,latam,102.25
2025-09-25,rent,us,439.46
2025-09-25,rent,eu,439.46
2025-09-25,rent,apac,439.45
2025-09-25,rent,latam,439.45
2025-09-25,software_licenses,us,367.13
2025-09-25,software_licenses,eu,367.13
2025-09-25,software_licenses,apac,367.12
2025-09-25,software_licenses,latam,367.12
2025-09-25,logistics,us,1824.53
2025-09-25,logistics,eu,779.8
2025-09-25,logistics,apac,312.61
2025-09-25,logistics,latam,313.13
2025-09-25,packaging,us,482.22
2025-09-25,packaging,eu,209.23
2025-09-25,packaging,apac,73.95
2025-09-25,packaging,latam,70.08
2025-09-25,payment_processing_fees,us,427.44
2025-09-25,payment_processing_fees,eu,427.43
2025-09-25,payment_processing_fees,apac,427.43
2025-09-25,payment_processing_fees,latam,427.43
2025-09-25,customer_support_tooling,us,146.35
2025-09-25,customer_support_tooling,eu,146.34
2025-09-25,customer_support_tooling,apac,146.34
2025-09-25,customer_support_tooling,latam,146.34
2025-09-25,insurance,us,108.81
2025-09-25,insurance,eu,108.81
2025-09-25,insurance,apac,108.81
2025-09-25,insurance,latam,108.80
2025-09-26,rent,us,500.26
2025-09-26,rent,eu,500.26
2025-09-26,rent,apac,500.26
2025-09-26,rent,latam,500.26
2025-09-26,software_licenses,us,348.52
2025-09-26,software_licenses,eu,348.51
2025-09-26,software_licenses,apac,348.51
2025-09-26,software_licenses,latam,348.51
2025-09-26,logistics,us,1919.25
2025-09-26,logistics,eu,746.46
2025-09-26,logistics,apac,340.61
2025-09-26,logistics,latam,292.53
2025-09-26,packaging,us,481.51
2025-09-26,packaging,eu,207.63
2025-09-26,packaging,apac,73.31
2025-09-26,packaging,latam,75.23
2025-09-26,payment_processing_fees,us,426.86
2025-09-26,payment_processing_fees,eu,426.86
2025-09-26,payment_processing_fees,apac,426.86
2025-09-26,payment_processing_fees,latam,426.86
2025-09-26,customer_support_tooling,us,149.17
2025-09-26,customer_support_tooling,eu,149.17
2025-09-26,customer_support_tooling,apac,149.17
2025-09-26,customer_support_tooling,latam,149.17
2025-09-26,insurance,us,95.21
2025-09-26,insurance,eu,95.21
2025-09-26,insurance,apac,95.21
2025-09-26,insurance,latam,95.21
2025-09-27,rent,us,487.88
2025-09-27,rent,eu,487.87
2025-09-27,rent,apac,487.87
2025-09-27,rent,latam,487.87
2025-09-27,software_licenses,us,343.87
2025-09-27,software_licenses,eu,343.86
2025-09-27,software_licenses,apac,343.86
2025-09-27,software_licenses,latam,343.86
2025-09-27,logistics,us,1778.61
2025-09-27,logistics,eu,828.6
2025-09-27,logistics,apac,316.63
2025-09-27,logistics,latam,308.37
2025-09-27,packaging,us,453.35
2025-09-27,packaging,eu,192.9
2025-09-27,packaging,apac,82.53
2025-09-27,packaging,latam,62.58
2025-09-27,payment_processing_fees,us,365.17
2025-09-27,payment_processing_fees,eu,365.17
2025-09-27,payment_processing_fees,apac,365.17
2025-09-27,payment_processing_fees,latam,365.16
2025-09-27,customer_support_tooling,us,140.25
2025-09-27,customer_support_tooling,eu,140.25
2025-09-27,customer_support_tooling,apac,140.25
2025-09-27,customer_support_tooling,latam,140.25
2025-09-27,insurance,us,99.84
2025-09-27,insurance,eu,99.84
2025-09-27,insurance,apac,99.83
2025-09-27,insurance,latam,99.83
2025-09-28,rent,us,487.56
2025-09-28,rent,eu,487.56
2025-09-28,rent,apac,487.55
2025-09-28,rent,latam,487.55
2025-09-28,software_licenses,us,343.65
2025-09-28,software_licenses,eu,343.65
2025-09-28,software_licenses,apac,343.65
2025-09-28,software_licenses,latam,343.64
2025-09-28,logistics,us,2014.35
2025-09-28,logistics,eu,712.16
2025-09-28,logistics,apac,357.75
2025-09-28,logistics,latam,320.1
2025-09-28,packaging,us,417.76
2025-09-28,packaging,eu,182.03
2025-09-28,packaging,apac,92.74
2025-09-28,packaging,latam,69.93
2025-09-28,payment_processing_fees,us,432.59
2025-09-28,payment_processing_fees,eu,432.58
2025-09-28,payment_processing_fees,apac,432.58
2025-09-28,payment_processing_fees,latam,432.58
2025-09-28,customer_support_tooling,us,165.63
2025-09-28,customer_support_tooling,eu,165.63
2025-09-28,customer_support_tooling,apac,165.63
2025-09-28,customer_support_tooling,latam,165.62
2025-09-28,insurance,us,99.20
2025-09-28,insurance,eu,99.20
2025-09-28,insurance,apac,99.19
2025-09-28,insurance,latam,99.19
2025-09-29,rent,us,486.89
2025-09-29,rent,eu,486.89
2025-09-29,rent,apac,486.89
2025-09-29,rent,latam,486.89
2025-09-29,software_licenses,us,326.55
2025-09-29,software_licenses,eu,326.55
2025-09-29,software_licenses,apac,326.55
2025-09-29,software_licenses,latam,326.54
2025-09-29,logistics,us,1632.21
2025-09-29,logistics,eu,898.78
2025-09-29,logistics,apac,346.98
2025-09-29,logistics,latam,291.58
2025-09-29,packaging,us,407.75
2025-09-29,packaging,eu,194.19
2025-09-29,packaging,apac,79.56
2025-09-29,packaging,latam,70.01
2025-09-29,payment_processing_fees,us,401.42
2025-09-29,payment_processing_fees,eu,401.42
2025-09-29,payment_processing_fees,apac,401.41
2025-09-29,payment_processing_fees,latam,401.41
2025-09-29,customer_support_tooling,us,159.53
2025-09-29,customer_support_tooling,eu,159.53
2025-09-29,customer_support_tooling,apac,159.53
2025-09-29,customer_support_tooling,latam,159.53
2025-09-29,insurance,us,102.15
2025-09-29,insurance,eu,102.15
2025-09-29,insurance,apac,102.14
2025-09-29,insurance,latam,102.14
2025-09-30,rent,us,481.19
2025-09-30,rent,eu,481.19
2025-09-30,rent,apac,481.19
2025-09-30,rent,latam,481.18
2025-09-30,software_licenses,us,355.58
2025-09-30,software_licenses,eu,355.58
2025-09-30,software_licenses,apac,355.58
2025-09-30,software_licenses,latam,355.58
2025-09-30,logistics,us,1798.19
2025-09-30,logistics,eu,771.87
2025-09-30,logistics,apac,384.69
2025-09-30,logistics,latam,311.52
2025-09-30,packaging,us,525.31
2025-09-30,packaging,eu,217.25
2025-09-30,packaging,apac,76.49
2025-09-30,packaging,latam,61.59
2025-09-30,payment_processing_fees,us,411.71
2025-09-30,payment_processing_fees,eu,411.71
2025-09-30,payment_processing_fees,apac,411.71
2025-09-30,payment_processing_fees,latam,411.70
2025-09-30,customer_support_tooling,us,144.43
2025-09-30,customer_support_tooling,eu,144.42
2025-09-30,customer_support_tooling,apac,144.42
2025-09-30,customer_support_tooling,latam,144.42
2025-09-30,insurance,us,99.57
2025-09-30,insurance,eu,99.57
2025-09-30,insurance,apac,99.57
2025-09-30,insurance,latam,99.57
2025-09-30,rent,us,522.26
2025-09-30,rent,eu,522.26
2025-09-30,rent,apac,522.26
2025-09-30,rent,latam,522.25
2025-09-30,software_licenses,us,366.54
2025-09-30,software_licenses,eu,366.53
2025-09-30,software_licenses,apac,366.53
2025-09-30,software_licenses,latam,366.53
2025-09-30,logistics,us,2101.75
2025-09-30,logistics,eu,768.34
2025-09-30,logistics,apac,359.24
2025-09-30,logistics,latam,338.42
2025-09-30,packaging,us,492.55
2025-09-30,packaging,eu,176.55
2025-09-30,packaging,apac,78.97
2025-09-30,packaging,latam,68.56
2025-09-30,payment_processing_fees,us,427.08
2025-09-30,payment_processing_fees,eu,427.08
2025-09-30,payment_processing_fees,apac,427.08
2025-09-30,payment_processing_fees,latam,427.08
2025-09-30,customer_support_tooling,us,151.46
2025-09-30,customer_support_tooling,eu,151.46
2025-09-30,customer_support_tooling,apac,151.46
2025-09-30,customer_support_tooling,latam,151.45
2025-09-30,insurance,us,105.42
2025-09-30,insurance,eu,105.42
2025-09-30,insurance,apac,105.42
2025-09-30,insurance,latam,105.41
2025-10-01,rent,us,527.75
2025-10-01,rent,eu,527.75
2025-10-01,rent,apac,527.75
2025-10-01,rent,latam,527.74
2025-10-01,software_licenses,us,373.36
2025-10-01,software_licenses,eu,373.36
2025-10-01,software_licenses,apac,373.36
2025-10-01,software_licenses,latam,373.36
2025-10-01,logistics,us,1799.65
2025-10-01,logistics,eu,818.62
2025-10-01,logistics,apac,344.05
2025-10-01,logistics,latam,295.83
2025-10-01,packaging,us,443.79
2025-10-01,packaging,eu,164.83
2025-10-01,packaging,apac,76.63
2025-10-01,packaging,latam,73.76
2025-10-01,payment_processing_fees,us,402.92
2025-10-01,payment_processing_fees,eu,402.91
2025-10-01,payment_processing_fees,apac,402.91
2025-10-01,payment_processing_fees,latam,402.91
2025-10-01,customer_support_tooling,us,147.24
2025-10-01,customer_support_tooling,eu,147.24
2025-10-01,customer_support_tooling,apac,147.23
2025-10-01,customer_support_tooling,latam,147.23
2025-10-01,insurance,us,105.44
2025-10-01,insurance,eu,105.43
2025-10-01,insurance,apac,105.43
2025-10-01,insurance,latam,105.43
2025-10-02,rent,us,479.30
2025-10-02,rent,eu,479.30
2025-10-02,rent,apac,479.29
2025-10-02,rent,latam,479.29
2025-10-02,software_licenses,us,341.42
2025-10-02,software_licenses,eu,341.42
2025-10-02,software_licenses,apac,341.41
2025-10-02,software_licenses,latam,341.41
2025-10-02,logistics,us,1764.92
2025-10-02,logistics,eu,829.67
2025-10-02,logistics,apac,348.92
2025-10-02,logistics,latam,337.89
2025-10-02,packaging,us,481.78
2025-10-02,packaging,eu,179.92
2025-10-02,packaging,apac,83.19
2025-10-02,packaging,latam,67.0
2025-10-02,payment_processing_fees,us,403.00
2025-10-02,payment_processing_fees,eu,402.99
2025-10-02,payment_processing_fees,apac,402.99
2025-10-02,payment_processing_fees,latam,402.99
2025-10-02,customer_support_tooling,us,153.05
2025-10-02,customer_support_tooling,eu,153.05
2025-10-02,customer_support_tooling,apac,153.05
2025-10-02,customer_support_tooling,latam,153.05
2025-10-02,insurance,us,108.47
2025-10-02,insurance,eu,108.47
2025-10-02,insurance,apac,108.47
2025-10-02,insurance,latam,108.47
2025-10-03,rent,us,471.61
2025-10-03,rent,eu,471.61
2025-10-03,rent,apac,471.61
2025-10-03,rent,latam,471.61
2025-10-03,software_licenses,us,359.27
2025-10-03,software_licenses,eu,359.27
2025-10-03,software_licenses,apac,359.27
2025-10-03,software_licenses,latam,359.27
2025-10-03,logistics,us,2000.89
2025-10-03,logistics,eu,788.21
2025-10-03,logistics,apac,324.47
2025-10-03,logistics,latam,277.12
2025-10-03,packaging,us,452.98
2025-10-03,packaging,eu,173.92
2025-10-03,packaging,apac,78.71
2025-10-03,packaging,latam,73.95
2025-10-03,payment_processing_fees,us,393.71
2025-10-03,payment_processing_fees,eu,393.71
2025-10-03,payment_processing_fees,apac,393.71
2025-10-03,payment_processing_fees,latam,393.70
2025-10-03,customer_support_tooling,us,147.87
2025-10-03,customer_support_tooling,eu,147.87
2025-10-03,customer_support_tooling,apac,147.87
2025-10-03,customer_support_tooling,latam,147.87
2025-10-03,insurance,us,101.93
2025-10-03,insurance,eu,101.93
2025-10-03,insurance,apac,101.92
2025-10-03,insurance,latam,101.92
2025-10-04,rent,us,481.49
2025-10-04,rent,eu,481.49
2025-10-04,rent,apac,481.48
2025-10-04,rent,latam,481.48
2025-10-04,software_licenses,us,358.88
2025-10-04,software_licenses,eu,358.88
2025-10-04,software_licenses,apac,358.88
2025-10-04,software_licenses,latam,358.88
2025-10-04,logistics,us,1997.2
2025-10-04,logistics,eu,808.62
2025-10-04,logistics,apac,339.64
2025-10-04,logistics,latam,323.06
2025-10-04,packaging,us,460.82
2025-10-04,packaging,eu,200.6
2025-10-04,packaging,apac,88.07
2025-10-04,packaging,latam,77.04
2025-10-04,payment_processing_fees,us,402.07
2025-10-04,payment_processing_fees,eu,402.07
2025-10-04,payment_processing_fees,apac,402.06
2025-10-04,payment_processing_fees,latam,402.06
2025-10-04,customer_support_tooling,us,151.84
2025-10-04,customer_support_tooling,eu,151.84
2025-10-04,customer_support_tooling,apac,151.84
2025-10-04,customer_support_tooling,latam,151.83
2025-10-04,insurance,us,95.40
2025-10-04,insurance,eu,95.40
2025-10-04,insurance,apac,95.40
2025-10-04,insurance,latam,95.40
2025-10-05,rent,us,503.08
2025-10-05,rent,eu,503.08
2025-10-05,rent,apac,503.08
2025-10-05,rent,latam,503.08
2025-10-05,software_licenses,us,349.30
2025-10-05,software_licenses,eu,349.29
2025-10-05,software_licenses,apac,349.29
2025-10-05,software_licenses,latam,349.29
2025-10-05,logistics,us,1916.88
2025-10-05,logistics,eu,801.65
2025-10-05,logistics,apac,330.7
2025-10-05,logistics,latam,300.98
2025-10-05,packaging,us,434.02
2025-10-05,packaging,eu,202.22
2025-10-05,packaging,apac,88.32
2025-10-05,packaging,latam,74.65
2025-10-05,payment_processing_fees,us,443.47
2025-10-05,payment_processing_fees,eu,443.47
2025-10-05,payment_processing_fees,apac,443.47
2025-10-05,payment_processing_fees,latam,443.47
2025-10-05,customer_support_tooling,us,152.95
2025-10-05,customer_support_tooling,eu,152.95
2025-10-05,customer_support_tooling,apac,152.95
2025-10-05,customer_support_tooling,latam,152.95
2025-10-05,insurance,us,101.76
2025-10-05,insurance,eu,101.76
2025-10-05,insurance,apac,101.76
2025-10-05,insurance,latam,101.75
2025-10-06,rent,us,471.09
2025-10-06,rent,eu,471.09
2025-10-06,rent,apac,471.09
2025-10-06,rent,latam,471.09
2025-10-06,software_licenses,us,341.88
2025-10-06,software_licenses,eu,341.87
2025-10-06,software_licenses,apac,341.87
2025-10-06,software_licenses,latam,341.87
2025-10-06,logistics,us,1840.76
2025-10-06,logistics,eu,859.52
2025-10-06,logistics,apac,426.97
2025-10-06,logistics,latam,319.91
2025-10-06,packaging,us,388.22
2025-10-06,packaging,eu,169.18
2025-10-06,packaging,apac,82.08
2025-10-06,packaging,latam,64.78
2025-10-06,payment_processing_fees,us,391.23
2025-10-06,payment_processing_fees,eu,391.23
2025-10-06,payment_processing_fees,apac,391.23
2025-10-06,payment_processing_fees,latam,391.23
2025-10-06,customer_support_tooling,us,155.96
2025-10-06,customer_support_tooling,eu,155.96
2025-10-06,customer_support_tooling,apac,155.96
2025-10-06,customer_support_tooling,latam,155.96
2025-10-06,insurance,us,105.15
2025-10-06,insurance,eu,105.15
2025-10-06,insurance,apac,105.15
2025-10-06,insurance,latam,105.15
2025-10-07,rent,us,453.40
2025-10-07,rent,eu,453.40
2025-10-07,rent,apac,453.40
2025-10-07,rent,latam,453.40
2025-10-07,software_licenses,us,307.24
2025-10-07,software_licenses,eu,307.24
2025-10-07,software_licenses,apac,307.24
2025-10-07,software_licenses,latam,307.24
2025-10-07,logistics,us,1634.81
2025-10-07,logistics,eu,788.12
2025-10-07,logistics,apac,325.35
2025-10-07,logistics,latam,286.99
2025-10-07,packaging,us,526.13
2025-10-07,packaging,eu,164.1
2025-10-07,packaging,apac,79.72
2025-10-07,packaging,latam,74.41
2025-10-07,payment_processing_fees,us,403.17
2025-10-07,payment_processing_fees,eu,403.17
2025-10-07,payment_processing_fees,apac,403.17
2025-10-07,payment_processing_fees,latam,403.17
2025-10-07,customer_support_tooling,us,153.91
2025-10-07,customer_support_tooling,eu,153.90
2025-10-07,customer_support_tooling,apac,153.90
2025-10-07,customer_support_tooling,latam,153.90
2025-10-07,insurance,us,103.61
2025-10-07,insurance,eu,103.61
2025-10-07,insurance,apac,103.61
2025-10-07,insurance,latam,103.60
2025-10-08,rent,us,510.65
2025-10-08,rent,eu,510.65
2025-10-08,rent,apac,510.65
2025-10-08,rent,latam,510.64
2025-10-08,software_licenses,us,311.52
2025-10-08,software_licenses,eu,311.52
2025-10-08,software_licenses,apac,311.52
2025-10-08,software_licenses,latam,311.52
2025-10-08,logistics,us,1920.72
2025-10-08,logistics,eu,872.19
2025-10-08,logistics,apac,329.25
2025-10-08,logistics,latam,329.39
2025-10-08,packaging,us,449.63
2025-10-08,packaging,eu,198.67
2025-10-08,packaging,apac,82.16
2025-10-08,packaging,latam,73.25
2025-10-08,payment_processing_fees,us,407.88
2025-10-08,payment_processing_fees,eu,407.87
2025-10-08,payment_processing_fees,apac,407.87
2025-10-08,payment_processing_fees,latam,407.87
2025-10-08,customer_support_tooling,us,152.49
2025-10-08,customer_support_tooling,eu,152.49
2025-10-08,customer_support_tooling,apac,152.48
2025-10-08,customer_support_tooling,latam,152.48
2025-10-08,insurance,us,102.88
2025-10-08,insurance,eu,102.88
2025-10-08,insurance,apac,102.88
2025-10-08,insurance,latam,102.88
2025-10-09,rent,us,452.05
2025-10-09,rent,eu,452.05
2025-10-09,rent,apac,452.05
2025-10-09,rent,latam,452.05
2025-10-09,software_licenses,us,334.77
2025-10-09,software_licenses,eu,334.77
2025-10-09,software_licenses,apac,334.77
2025-10-09,software_licenses,latam,334.76
2025-10-09,logistics,us,1979.03
2025-10-09,logistics,eu,749.19
2025-10-09,logistics,apac,356.24
2025-10-09,logistics,latam,242.6
2025-10-09,packaging,us,466.44
2025-10-09,packaging,eu,193.08
2025-10-09,packaging,apac,75.45
2025-10-09,packaging,latam,66.83
2025-10-09,payment_processing_fees,us,399.75
2025-10-09,payment_processing_fees,eu,399.75
2025-10-09,payment_processing_fees,apac,399.75
2025-10-09,payment_processing_fees,latam,399.74
2025-10-09,customer_support_tooling,us,172.30
2025-10-09,customer_support_tooling,eu,172.30
2025-10-09,customer_support_tooling,apac,172.29
2025-10-09,customer_support_tooling,latam,172.29
2025-10-09,insurance,us,88.15
2025-10-09,insurance,eu,88.15
2025-10-09,insurance,apac,88.15
2025-10-09,insurance,latam,88.15
2025-10-10,rent,us,490.12
2025-10-10,rent,eu,490.12
2025-10-10,rent,apac,490.11
2025-10-10,rent,latam,490.11
2025-10-10,software_licenses,us,359.76
2025-10-10,software_licenses,eu,359.75
2025-10-10,software_licenses,apac,359.75
2025-10-10,software_licenses,latam,359.75
2025-10-10,logistics,us,1972.9
2025-10-10,logistics,eu,879.23
2025-10-10,logistics,apac,390.04
2025-10-10,logistics,latam,305.13
2025-10-10,packaging,us,495.36
2025-10-10,packaging,eu,180.78
2025-10-10,packaging,apac,85.54
2025-10-10,packaging,latam,77.5
2025-10-10,payment_processing_fees,us,375.16
2025-10-10,payment_processing_fees,eu,375.16
2025-10-10,payment_processing_fees,apac,375.16
2025-10-10,payment_processing_fees,latam,375.16
2025-10-10,customer_support_tooling,us,148.45
2025-10-10,customer_support_tooling,eu,148.45
2025-10-10,customer_support_tooling,apac,148.44
2025-10-10,customer_support_tooling,latam,148.44
2025-10-10,insurance,us,98.77
2025-10-10,insurance,eu,98.77
2025-10-10,insurance,apac,98.77
2025-10-10,insurance,latam,98.76
2025-10-11,rent,us,472.19
2025-10-11,rent,eu,472.19
2025-10-11,rent,apac,472.18
2025-10-11,rent,latam,472.18
2025-10-11,software_licenses,us,309.44
2025-10-11,software_licenses,eu,309.44
2025-10-11,software_licenses,apac,309.43
2025-10-11,software_licenses,latam,309.43
2025-10-11,logistics,us,1941.35
2025-10-11,logistics,eu,763.15
2025-10-11,logistics,apac,354.07
2025-10-11,logistics,latam,329.11
2025-10-11,packaging,us,479.37
2025-10-11,packaging,eu,194.94
2025-10-11,packaging,apac,89.1
2025-10-11,packaging,latam,77.38
2025-10-11,payment_processing_fees,us,384.14
2025-10-11,payment_processing_fees,eu,384.14
2025-10-11,payment_processing_fees,apac,384.14
2025-10-11,payment_processing_fees,latam,384.14
2025-10-11,customer_support_tooling,us,151.26
2025-10-11,customer_support_tooling,eu,151.26
2025-10-11,customer_support_tooling,apac,151.26
2025-10-11,customer_support_tooling,latam,151.25
2025-10-11,insurance,us,93.58
2025-10-11,insurance,eu,93.58
2025-10-11,insurance,apac,93.57
2025-10-11,insurance,latam,93.57
2025-10-12,rent,us,549.28
2025-10-12,rent,eu,549.28
2025-10-12,rent,apac,549.28
2025-10-12,rent,latam,549.27
2025-10-12,software_licenses,us,313.43
2025-10-12,software_licenses,eu,313.43
2025-10-12,software_licenses,apac,313.43
2025-10-12,software_licenses,latam,313.43
2025-10-12,logistics,us,1816.13
2025-10-12,logistics,eu,759.05
2025-10-12,logistics,apac,372.04
2025-10-12,logistics,latam,312.13
2025-10-12,packaging,us,455.12
2025-10-12,packaging,eu,165.02
2025-10-12,packaging,apac,73.32
2025-10-12,packaging,latam,72.07
2025-10-12,payment_processing_fees,us,401.89
2025-10-12,payment_processing_fees,eu,401.89
2025-10-12,payment_processing_fees,apac,401.88
2025-10-12,payment_processing_fees,latam,401.88
2025-10-12,customer_support_tooling,us,158.63
2025-10-12,customer_support_tooling,eu,158.62
2025-10-12,customer_support_tooling,apac,158.62
2025-10-12,customer_support_tooling,latam,158.62
2025-10-12,insurance,us,95.33
2025-10-12,insurance,eu,95.32
2025-10-12,insurance,apac,95.32
2025-10-12,insurance,latam,95.32
2025-10-13,rent,us,498.25
2025-10-13,rent,eu,498.25
2025-10-13,rent,apac,498.24
2025-10-13,rent,latam,498.24
2025-10-13,software_licenses,us,324.85
2025-10-13,software_licenses,eu,324.84
2025-10-13,software_licenses,apac,324.84
2025-10-13,software_licenses,latam,324.84
2025-10-13,logistics,us,2103.59
2025-10-13,logistics,eu,760.04
2025-10-13,logistics,apac,437.03
2025-10-13,logistics,latam,293.19
2025-10-13,packaging,us,448.67
2025-10-13,packaging,eu,186.83
2025-10-13,packaging,apac,77.44
2025-10-13,packaging,latam,78.02
2025-10-13,payment_processing_fees,us,454.11
2025-10-13,payment_processing_fees,eu,454.10
2025-10-13,payment_processing_fees,apac,454.10
2025-10-13,payment_processing_fees,latam,454.10
2025-10-13,customer_support_tooling,us,148.13
2025-10-13,customer_support_tooling,eu,148.13
2025-10-13,customer_support_tooling,apac,148.12
2025-10-13,customer_support_tooling,latam,148.12
2025-10-13,insurance,us,99.65
2025-10-13,insurance,eu,99.65
2025-10-13,insurance,apac,99.64
2025-10-13,insurance,latam,99.64
2025-10-14,rent,us,476.88
2025-10-14,rent,eu,476.88
2025-10-14,rent,apac,476.88
2025-10-14,rent,latam,476.87
2025-10-14,software_licenses,us,328.93
2025-10-14,software_licenses,eu,328.93
2025-10-14,software_licenses,apac,328.93
2025-10-14,software_licenses,latam,328.92
2025-10-14,logistics,us,1894.89
2025-10-14,logistics,eu,846.69
2025-10-14,logistics,apac,310.61
2025-10-14,logistics,latam,337.0
2025-10-14,packaging,us,418.78
2025-10-14,packaging,eu,158.22
2025-10-14,packaging,apac,86.91
2025-10-14,packaging,latam,66.9
2025-10-14,payment_processing_fees,us,432.35
2025-10-14,payment_processing_fees,eu,432.34
2025-10-14,payment_processing_fees,apac,432.34
2025-10-14,payment_processing_fees,latam,432.34
2025-10-14,customer_support_tooling,us,156.13
2025-10-14,customer_support_tooling,eu,156.13
2025-10-14,customer_support_tooling,apac,156.13
2025-10-14,customer_support_tooling,latam,156.12
2025-10-14,insurance,us,105.44
2025-10-14,insurance,eu,105.44
2025-10-14,insurance,apac,105.44
2025-10-14,insurance,latam,105.44
2025-10-15,rent,us,484.29
2025-10-15,rent,eu,484.29
2025-10-15,rent,apac,484.29
2025-10-15,rent,latam,484.28
2025-10-15,software_licenses,us,329.57
2025-10-15,software_licenses,eu,329.57
2025-10-15,software_licenses,apac,329.56
2025-10-15,software_licenses,latam,329.56
2025-10-15,logistics,us,2232.32
2025-10-15,logistics,eu,760.24
2025-10-15,logistics,apac,300.66
2025-10-15,logistics,latam,329.46
2025-10-15,packaging,us,452.61
2025-10-15,packaging,eu,207.55
2025-10-15,packaging,apac,78.9
2025-10-15,packaging,latam,66.77
2025-10-15,payment_processing_fees,us,408.50
2025-10-15,payment_processing_fees,eu,408.50
2025-10-15,payment_processing_fees,apac,408.50
2025-10-15,payment_processing_fees,latam,408.49
2025-10-15,customer_support_tooling,us,138.70
2025-10-15,customer_support_tooling,eu,138.70
2025-10-15,customer_support_tooling,apac,138.69
2025-10-15,customer_support_tooling,latam,138.69
2025-10-15,insurance,us,99.19
2025-10-15,insurance,eu,99.19
2025-10-15,insurance,apac,99.19
2025-10-15,insurance,latam,99.19
2025-10-16,rent,us,442.76
2025-10-16,rent,eu,442.76
2025-10-16,rent,apac,442.76
2025-10-16,rent,latam,442.75
2025-10-16,software_licenses,us,310.63
2025-10-16,software_licenses,eu,310.63
2025-10-16,software_licenses,apac,310.62
2025-10-16,software_licenses,latam,310.62
2025-10-16,logistics,us,1812.8
2025-10-16,logistics,eu,702.69
2025-10-16,logistics,apac,358.92
2025-10-16,logistics,latam,305.03
2025-10-16,packaging,us,522.55
2025-10-16,packaging,eu,208.4
2025-10-16,packaging,apac,77.57
2025-10-16,packaging,latam,71.25
2025-10-16,payment_processing_fees,us,402.64
2025-10-16,payment_processing_fees,eu,402.64
2025-10-16,payment_processing_fees,apac,402.64
2025-10-16,payment_processing_fees,latam,402.64
2025-10-16,customer_support_tooling,us,145.85
2025-10-16,customer_support_tooling,eu,145.85
2025-10-16,customer_support_tooling,apac,145.85
2025-10-16,customer_support_tooling,latam,145.85
2025-10-16,insurance,us,108.91
2025-10-16,insurance,eu,108.91
2025-10-16,insurance,apac,108.91
2025-10-16,insurance,latam,108.90
2025-10-17,rent,us,530.82
2025-10-17,rent,eu,530.82
2025-10-17,rent,apac,530.82
2025-10-17,rent,latam,530.81
2025-10-17,software_licenses,us,368.65
2025-10-17,software_licenses,eu,368.65
2025-10-17,software_licenses,apac,368.64
2025-10-17,software_licenses,latam,368.64
2025-10-17,logistics,us,1932.41
2025-10-17,logistics,eu,758.99
2025-10-17,logistics,apac,356.85
2025-10-17,logistics,latam,297.8
2025-10-17,packaging,us,452.28
2025-10-17,packaging,eu,198.46
2025-10-17,packaging,apac,83.26
2025-10-17,packaging,latam,82.63
2025-10-17,payment_processing_fees,us,394.19
2025-10-17,payment_processing_fees,eu,394.19
2025-10-17,payment_processing_fees,apac,394.19
2025-10-17,payment_processing_fees,latam,394.19
2025-10-17,customer_support_tooling,us,167.66
2025-10-17,customer_support_tooling,eu,167.66
2025-10-17,customer_support_tooling,apac,167.66
2025-10-17,customer_support_tooling,latam,167.66
2025-10-17,insurance,us,100.75
2025-10-17,insurance,eu,100.75
2025-10-17,insurance,apac,100.75
2025-10-17,insurance,latam,100.75
2025-10-18,rent,us,480.66
2025-10-18,rent,eu,480.66
2025-10-18,rent,apac,480.65
2025-10-18,rent,latam,480.65
2025-10-18,software_licenses,us,341.28
2025-10-18,software_licenses,eu,341.28
2025-10-18,software_licenses,apac,341.28
2025-10-18,software_licenses,latam,341.27
2025-10-18,logistics,us,1775.51
2025-10-18,logistics,eu,795.49
2025-10-18,logistics,apac,326.39
2025-10-18,logistics,latam,323.29
2025-10-18,packaging,us,419.4
2025-10-18,packaging,eu,211.7
2025-10-18,packaging,apac,77.17
2025-10-18,packaging,latam,64.08
2025-10-18,payment_processing_fees,us,414.21
2025-10-18,payment_processing_fees,eu,414.20
2025-10-18,payment_processing_fees,apac,414.20
2025-10-18,payment_processing_fees,latam,414.20
2025-10-18,customer_support_tooling,us,147.97
2025-10-18,customer_support_tooling,eu,147.97
2025-10-18,customer_support_tooling,apac,147.97
2025-10-18,customer_support_tooling,latam,147.97
2025-10-18,insurance,us,111.24
2025-10-18,insurance,eu,111.24
2025-10-18,insurance,apac,111.24
2025-10-18,insurance,latam,111.23
2025-10-19,rent,us,466.39
2025-10-19,rent,eu,466.39
2025-10-19,rent,apac,466.39
2025-10-19,rent,latam,466.39
2025-10-19,software_licenses,us,336.78
2025-10-19,software_licenses,eu,336.78
2025-10-19,software_licenses,apac,336.78
2025-10-19,software_licenses,latam,336.77
2025-10-19,logistics,us,1905.02
2025-10-19,logistics,eu,841.46
2025-10-19,logistics,apac,364.26
2025-10-19,logistics,latam,295.99
2025-10-19,packaging,us,459.95
2025-10-19,packaging,eu,204.06
2025-10-19,packaging,apac,79.66
2025-10-19,packaging,latam,70.84
2025-10-19,payment_processing_fees,us,406.98
2025-10-19,payment_processing_fees,eu,406.98
2025-10-19,payment_processing_fees,apac,406.98
2025-10-19,payment_processing_fees,latam,406.98
2025-10-19,customer_support_tooling,us,145.59
2025-10-19,customer_support_tooling,eu,145.59
2025-10-19,customer_support_tooling,apac,145.59
2025-10-19,customer_support_tooling,latam,145.58
2025-10-19,insurance,us,102.94
2025-10-19,insurance,eu,102.93
2025-10-19,insurance,apac,102.93
2025-10-19,insurance,latam,102.93
2025-10-20,rent,us,479.18
2025-10-20,rent,eu,479.18
2025-10-20,rent,apac,479.18
2025-10-20,rent,latam,479.17
2025-10-20,software_licenses,us,328.39
2025-10-20,software_licenses,eu,328.39
2025-10-20,software_licenses,apac,328.38
2025-10-20,software_licenses,latam,328.38
2025-10-20,logistics,us,1978.63
2025-10-20,logistics,eu,930.6
2025-10-20,logistics,apac,348.11
2025-10-20,logistics,latam,280.77
2025-10-20,packaging,us,443.05
2025-10-20,packaging,eu,195.97
2025-10-20,packaging,apac,78.01
2025-10-20,packaging,latam,82.09
2025-10-20,payment_processing_fees,us,435.97
2025-10-20,payment_processing_fees,eu,435.97
2025-10-20,payment_processing_fees,apac,435.97
2025-10-20,payment_processing_fees,latam,435.97
2025-10-20,customer_support_tooling,us,167.28
2025-10-20,customer_support_tooling,eu,167.28
2025-10-20,customer_support_tooling,apac,167.27
2025-10-20,customer_support_tooling,latam,167.27
2025-10-20,insurance,us,99.12
2025-10-20,insurance,eu,99.12
2025-10-20,insurance,apac,99.12
2025-10-20,insurance,latam,99.12
2025-10-21,rent,us,476.25
2025-10-21,rent,eu,476.25
2025-10-21,rent,apac,476.25
2025-10-21,rent,latam,476.25
2025-10-21,software_licenses,us,348.74
2025-10-21,software_licenses,eu,348.74
2025-10-21,software_licenses,apac,348.73
2025-10-21,software_licenses,latam,348.73
2025-10-21,logistics,us,2055.42
2025-10-21,logistics,eu,696.51
2025-10-21,logistics,apac,321.38
2025-10-21,logistics,latam,311.66
2025-10-21,packaging,us,485.99
2025-10-21,packaging,eu,191.52
2025-10-21,packaging,apac,88.14
2025-10-21,packaging,latam,73.91
2025-10-21,payment_processing_fees,us,408.17
2025-10-21,payment_processing_fees,eu,408.17
2025-10-21,payment_processing_fees,apac,408.16
2025-10-21,payment_processing_fees,latam,408.16
2025-10-21,customer_support_tooling,us,152.40
2025-10-21,customer_support_tooling,eu,152.40
2025-10-21,customer_support_tooling,apac,152.40
2025-10-21,customer_support_tooling,latam,152.39
2025-10-21,insurance,us,98.42
2025-10-21,insurance,eu,98.42
2025-10-21,insurance,apac,98.42
2025-10-21,insurance,latam,98.42
2025-10-22,rent,us,498.73
2025-10-22,rent,eu,498.73
2025-10-22,rent,apac,498.72
2025-10-22,rent,latam,498.72
2025-10-22,software_licenses,us,365.19
2025-10-22,software_licenses,eu,365.19
2025-10-22,software_licenses,apac,365.19
2025-10-22,software_licenses,latam,365.19
2025-10-22,logistics,us,1809.69
2025-10-22,logistics,eu,770.69
2025-10-22,logistics,apac,373.38
2025-10-22,logistics,latam,319.87
2025-10-22,packaging,us,465.89
2025-10-22,packaging,eu,197.73
2025-10-22,packaging,apac,92.37
2025-10-22,packaging,latam,71.16
2025-10-22,payment_processing_fees,us,418.62
2025-10-22,payment_processing_fees,eu,418.62
2025-10-22,payment_processing_fees,apac,418.62
2025-10-22,payment_processing_fees,latam,418.61
2025-10-22,customer_support_tooling,us,146.03
2025-10-22,customer_support_tooling,eu,146.02
2025-10-22,customer_support_tooling,apac,146.02
2025-10-22,customer_support_tooling,latam,146.02
2025-10-22,insurance,us,97.93
2025-10-22,insurance,eu,97.93
2025-10-22,insurance,apac,97.92
2025-10-22,insurance,latam,97.92
2025-10-23,rent,us,496.80
2025-10-23,rent,eu,496.79
2025-10-23,rent,apac,496.79
2025-10-23,rent,latam,496.79
2025-10-23,software_licenses,us,358.01
2025-10-23,software_licenses,eu,358.01
2025-10-23,software_licenses,apac,358.01
2025-10-23,software_licenses,latam,358.01
2025-10-23,logistics,us,1633.72
2025-10-23,logistics,eu,781.49
2025-10-23,logistics,apac,372.33
2025-10-23,logistics,latam,326.22
2025-10-23,packaging,us,474.95
2025-10-23,packaging,eu,187.56
2025-10-23,packaging,apac,84.72
2025-10-23,packaging,latam,78.49
2025-10-23,payment_processing_fees,us,377.15
2025-10-23,payment_processing_fees,eu,377.15
2025-10-23,payment_processing_fees,apac,377.14
2025-10-23,payment_processing_fees,latam,377.14
2025-10-23,customer_support_tooling,us,138.11
2025-10-23,customer_support_tooling,eu,138.11
2025-10-23,customer_support_tooling,apac,138.11
2025-10-23,customer_support_tooling,latam,138.10
2025-10-23,insurance,us,105.68
2025-10-23,insurance,eu,105.68
2025-10-23,insurance,apac,105.68
2025-10-23,insurance,latam,105.68
2025-10-24,rent,us,471.19
2025-10-24,rent,eu,471.19
2025-10-24,rent,apac,471.18
2025-10-24,rent,latam,471.18
2025-10-24,software_licenses,us,345.33
2025-10-24,software_licenses,eu,345.33
2025-10-24,software_licenses,apac,345.32
2025-10-24,software_licenses,latam,345.32
2025-10-24,logistics,us,1941.65
2025-10-24,logistics,eu,910.43
2025-10-24,logistics,apac,383.57
2025-10-24,logistics,latam,276.1
2025-10-24,packaging,us,489.83
2025-10-24,packaging,eu,193.33
2025-10-24,packaging,apac,85.96
2025-10-24,packaging,latam,77.74
2025-10-24,payment_processing_fees,us,409.65
2025-10-24,payment_processing_fees,eu,409.65
2025-10-24,payment_processing_fees,apac,409.64
2025-10-24,payment_processing_fees,latam,409.64
2025-10-24,customer_support_tooling,us,156.49
2025-10-24,customer_support_tooling,eu,156.49
2025-10-24,customer_support_tooling,apac,156.49
2025-10-24,customer_support_tooling,latam,156.48
2025-10-24,insurance,us,104.49
2025-10-24,insurance,eu,104.49
2025-10-24,insurance,apac,104.49
2025-10-24,insurance,latam,104.48
2025-10-25,rent,us,529.43
2025-10-25,rent,eu,529.43
2025-10-25,rent,apac,529.42
2025-10-25,rent,latam,529.42
2025-10-25,software_licenses,us,344.28
2025-10-25,software_licenses,eu,344.28
2025-10-25,software_licenses,apac,344.28
2025-10-25,software_licenses,latam,344.27
2025-10-25,logistics,us,1828.14
2025-10-25,logistics,eu,814.02
2025-10-25,logistics,apac,328.4
2025-10-25,logistics,latam,300.28
2025-10-25,packaging,us,459.25
2025-10-25,packaging,eu,187.38
2025-10-25,packaging,apac,79.35
2025-10-25,packaging,latam,72.75
2025-10-25,payment_processing_fees,us,447.53
2025-10-25,payment_processing_fees,eu,447.53
2025-10-25,payment_processing_fees,apac,447.52
2025-10-25,payment_processing_fees,latam,447.52
2025-10-25,customer_support_tooling,us,144.31
2025-10-25,customer_support_tooling,eu,144.31
2025-10-25,customer_support_tooling,apac,144.30
2025-10-25,customer_support_tooling,latam,144.30
2025-10-25,insurance,us,108.47
2025-10-25,insurance,eu,108.47
2025-10-25,insurance,apac,108.47
2025-10-25,insurance,latam,108.47
2025-10-26,rent,us,502.90
2025-10-26,rent,eu,502.90
2025-10-26,rent,apac,502.90
2025-10-26,rent,latam,502.90
2025-10-26,software_licenses,us,329.43
2025-10-26,software_licenses,eu,329.43
2025-10-26,software_licenses,apac,329.43
2025-10-26,software_licenses,latam,329.43
2025-10-26,logistics,us,1882.33
2025-10-26,logistics,eu,729.71
2025-10-26,logistics,apac,394.36
2025-10-26,logistics,latam,294.57
2025-10-26,packaging,us,474.32
2025-10-26,packaging,eu,190.38
2025-10-26,packaging,apac,91.33
2025-10-26,packaging,latam,79.35
2025-10-26,payment_processing_fees,us,418.86
2025-10-26,payment_processing_fees,eu,418.86
2025-10-26,payment_processing_fees,apac,418.85
2025-10-26,payment_processing_fees,latam,418.85
2025-10-26,customer_support_tooling,us,145.02
2025-10-26,customer_support_tooling,eu,145.01
2025-10-26,customer_support_tooling,apac,145.01
2025-10-26,customer_support_tooling,latam,145.01
2025-10-26,insurance,us,103.32
2025-10-26,insurance,eu,103.32
2025-10-26,insurance,apac,103.31
2025-10-26,insurance,latam,103.31
2025-10-27,rent,us,507.20
2025-10-27,rent,eu,507.20
2025-10-27,rent,apac,507.19
2025-10-27,rent,latam,507.19
2025-10-27,software_licenses,us,319.15
2025-10-27,software_licenses,eu,319.14
2025-10-27,software_licenses,apac,319.14
2025-10-27,software_licenses,latam,319.14
2025-10-27,logistics,us,1762.7
2025-10-27,logistics,eu,781.22
2025-10-27,logistics,apac,339.17
2025-10-27,logistics,latam,326.45
2025-10-27,packaging,us,462.85
2025-10-27,packaging,eu,185.12
2025-10-27,packaging,apac,70.88
2025-10-27,packaging,latam,88.8
2025-10-27,payment_processing_fees,us,398.89
2025-10-27,payment_processing_fees,eu,398.89
2025-10-27,payment_processing_fees,apac,398.88
2025-10-27,payment_processing_fees,latam,398.88
2025-10-27,customer_support_tooling,us,148.97
2025-10-27,customer_support_tooling,eu,148.97
2025-10-27,customer_support_tooling,apac,148.97
2025-10-27,customer_support_tooling,latam,148.97
2025-10-27,insurance,us,99.25
2025-10-27,insurance,eu,99.25
2025-10-27,insurance,apac,99.24
2025-10-27,insurance,latam,99.24
2025-10-28,rent,us,464.54
2025-10-28,rent,eu,464.54
2025-10-28,rent,apac,464.53
2025-10-28,rent,latam,464.53
2025-10-28,software_licenses,us,329.30
2025-10-28,software_licenses,eu,329.30
2025-10-28,software_licenses,apac,329.30
2025-10-28,software_licenses,latam,329.29
2025-10-28,logistics,us,1758.98
2025-10-28,logistics,eu,668.78
2025-10-28,logistics,apac,350.44
2025-10-28,logistics,latam,319.2
2025-10-28,packaging,us,460.24
2025-10-28,packaging,eu,198.65
2025-10-28,packaging,apac,93.71
2025-10-28,packaging,latam,64.3
2025-10-28,payment_processing_fees,us,393.66
2025-10-28,payment_processing_fees,eu,393.66
2025-10-28,payment_processing_fees,apac,393.66
2025-10-28,payment_processing_fees,latam,393.65
2025-10-28,customer_support_tooling,us,149.95
2025-10-28,customer_support_tooling,eu,149.94
2025-10-28,customer_support_tooling,apac,149.94
2025-10-28,customer_support_tooling,latam,149.94
2025-10-28,insurance,us,96.64
2025-10-28,insurance,eu,96.63
2025-10-28,insurance,apac,96.63
2025-10-28,insurance,latam,96.63
2025-10-29,rent,us,468.28
2025-10-29,rent,eu,468.28
2025-10-29,rent,apac,468.28
2025-10-29,rent,latam,468.27
2025-10-29,software_licenses,us,355.33
2025-10-29,software_licenses,eu,355.32
2025-10-29,software_licenses,apac,355.32
2025-10-29,software_licenses,latam,355.32
2025-10-29,logistics,us,1946.08
2025-10-29,logistics,eu,904.52
2025-10-29,logistics,apac,356.11
2025-10-29,logistics,latam,310.1
2025-10-29,packaging,us,478.1
2025-10-29,packaging,eu,192.63
2025-10-29,packaging,apac,89.7
2025-10-29,packaging,latam,82.23
2025-10-29,payment_processing_fees,us,426.96
2025-10-29,payment_processing_fees,eu,426.96
2025-10-29,payment_processing_fees,apac,426.96
2025-10-29,payment_processing_fees,latam,426.95
2025-10-29,customer_support_tooling,us,170.94
2025-10-29,customer_support_tooling,eu,170.93
2025-10-29,customer_support_tooling,apac,170.93
2025-10-29,customer_support_tooling,latam,170.93
2025-10-29,insurance,us,99.06
2025-10-29,insurance,eu,99.06
2025-10-29,insurance,apac,99.06
2025-10-29,insurance,latam,99.06
2025-10-30,rent,us,489.96
2025-10-30,rent,eu,489.96
2025-10-30,rent,apac,489.96
2025-10-30,rent,latam,489.95
2025-10-30,software_licenses,us,316.33
2025-10-30,software_licenses,eu,316.33
2025-10-30,software_licenses,apac,316.33
2025-10-30,software_licenses,latam,316.32
2025-10-30,logistics,us,2027.26
2025-10-30,logistics,eu,801.45
2025-10-30,logistics,apac,347.85
2025-10-30,logistics,latam,285.25
2025-10-30,packaging,us,512.01
2025-10-30,packaging,eu,182.81
2025-10-30,packaging,apac,88.41
2025-10-30,packaging,latam,70.45
2025-10-30,payment_processing_fees,us,415.46
2025-10-30,payment_processing_fees,eu,415.46
2025-10-30,payment_processing_fees,apac,415.46
2025-10-30,payment_processing_fees,latam,415.45
2025-10-30,customer_support_tooling,us,154.03
2025-10-30,customer_support_tooling,eu,154.03
2025-10-30,customer_support_tooling,apac,154.02
2025-10-30,customer_support_tooling,latam,154.02
2025-10-30,insurance,us,97.27
2025-10-30,insurance,eu,97.27
2025-10-30,insurance,apac,97.27
2025-10-30,insurance,latam,97.26
2025-11-01,rent,us,479.76
2025-11-01,rent,eu,479.76
2025-11-01,rent,apac,479.76
2025-11-01,rent,latam,479.76
2025-11-01,software_licenses,us,325.58
2025-11-01,software_licenses,eu,325.58
2025-11-01,software_licenses,apac,325.57
2025-11-01,software_licenses,latam,325.57
2025-11-01,logistics,us,1862.34
2025-11-01,logistics,eu,726.62
2025-11-01,logistics,apac,358.67
2025-11-01,logistics,latam,289.48
2025-11-01,packaging,us,418.72
2025-11-01,packaging,eu,193.17
2025-11-01,packaging,apac,85.68
2025-11-01,packaging,latam,69.8
2025-11-01,payment_processing_fees,us,432.62
2025-11-01,payment_processing_fees,eu,432.62
2025-11-01,payment_processing_fees,apac,432.62
2025-11-01,payment_processing_fees,latam,432.62
2025-11-01,customer_support_tooling,us,151.16
2025-11-01,customer_support_tooling,eu,151.16
2025-11-01,customer_support_tooling,apac,151.15
2025-11-01,customer_support_tooling,latam,151.15
2025-11-01,insurance,us,108.06
2025-11-01,insurance,eu,108.06
2025-11-01,insurance,apac,108.06
2025-11-01,insurance,latam,108.05
2025-11-02,rent,us,542.66
2025-11-02,rent,eu,542.66
2025-11-02,rent,apac,542.65
2025-11-02,rent,latam,542.65
2025-11-02,software_licenses,us,332.81
2025-11-02,software_licenses,eu,332.81
2025-11-02,software_licenses,apac,332.81
2025-11-02,software_licenses,latam,332.80
2025-11-02,logistics,us,1996.1
2025-11-02,logistics,eu,836.74
2025-11-02,logistics,apac,394.76
2025-11-02,logistics,latam,284.62
2025-11-02,packaging,us,460.68
2025-11-02,packaging,eu,179.67
2025-11-02,packaging,apac,80.69
2025-11-02,packaging,latam,78.52
2025-11-02,payment_processing_fees,us,413.80
2025-11-02,payment_processing_fees,eu,413.79
2025-11-02,payment_processing_fees,apac,413.79
2025-11-02,payment_processing_fees,latam,413.79
2025-11-02,customer_support_tooling,us,150.70
2025-11-02,customer_support_tooling,eu,150.70
2025-11-02,customer_support_tooling,apac,150.69
2025-11-02,customer_support_tooling,latam,150.69
2025-11-02,insurance,us,107.91
2025-11-02,insurance,eu,107.90
2025-11-02,insurance,apac,107.90
2025-11-02,insurance,latam,107.90
2025-11-03,rent,us,485.95
2025-11-03,rent,eu,485.95
2025-11-03,rent,apac,485.95
2025-11-03,rent,latam,485.94
2025-11-03,software_licenses,us,345.95
2025-11-03,software_licenses,eu,345.95
2025-11-03,software_licenses,apac,345.95
2025-11-03,software_licenses,latam,345.94
2025-11-03,logistics,us,1819.32
2025-11-03,logistics,eu,788.18
2025-11-03,logistics,apac,388.64
2025-11-03,logistics,latam,316.84
2025-11-03,packaging,us,453.08
2025-11-03,packaging,eu,215.07
2025-11-03,packaging,apac,76.9
2025-11-03,packaging,latam,78.72
2025-11-03,payment_processing_fees,us,412.87
2025-11-03,payment_processing_fees,eu,412.87
2025-11-03,payment_processing_fees,apac,412.87
2025-11-03,payment_processing_fees,latam,412.86
2025-11-03,customer_support_tooling,us,139.43
2025-11-03,customer_support_tooling,eu,139.42
2025-11-03,customer_support_tooling,apac,139.42
2025-11-03,customer_support_tooling,latam,139.42
2025-11-03,insurance,us,101.08
2025-11-03,insurance,eu,101.08
2025-11-03,insurance,apac,101.08
2025-11-03,insurance,latam,101.08
2025-11-04,rent,us,531.96
2025-11-04,rent,eu,531.96
2025-11-04,rent,apac,531.96
2025-11-04,rent,latam,531.95
2025-11-04,software_licenses,us,318.57
2025-11-04,software_licenses,eu,318.57
2025-11-04,software_licenses,apac,318.57
2025-11-04,software_licenses,latam,318.57
2025-11-04,logistics,us,1706.84
2025-11-04,logistics,eu,781.93
2025-11-04,logistics,apac,309.95
2025-11-04,logistics,latam,279.22
2025-11-04,packaging,us,471.73
2025-11-04,packaging,eu,170.19
2025-11-04,packaging,apac,75.4
2025-11-04,packaging,latam,78.95
2025-11-04,payment_processing_fees,us,405.04
2025-11-04,payment_processing_fees,eu,405.03
2025-11-04,payment_processing_fees,apac,405.03
2025-11-04,payment_processing_fees,latam,405.03
2025-11-04,customer_support_tooling,us,143.19
2025-11-04,customer_support_tooling,eu,143.19
2025-11-04,customer_support_tooling,apac,143.19
2025-11-04,customer_support_tooling,latam,143.19
2025-11-04,insurance,us,110.14
2025-11-04,insurance,eu,110.14
2025-11-04,insurance,apac,110.14
2025-11-04,insurance,latam,110.13
2025-11-05,rent,us,501.37
2025-11-05,rent,eu,501.37
2025-11-05,rent,apac,501.37
2025-11-05,rent,latam,501.37
2025-11-05,software_licenses,us,343.57
2025-11-05,software_licenses,eu,343.57
2025-11-05,software_licenses,apac,343.57
2025-11-05,software_licenses,latam,343.57
2025-11-05,logistics,us,1823.16
2025-11-05,logistics,eu,838.92
2025-11-05,logistics,apac,353.19
2025-11-05,logistics,latam,278.66
2025-11-05,packaging,us,444.75
2025-11-05,packaging,eu,188.57
2025-11-05,packaging,apac,88.86
2025-11-05,packaging,latam,63.01
2025-11-05,payment_processing_fees,us,421.82
2025-11-05,payment_processing_fees,eu,421.82
2025-11-05,payment_processing_fees,apac,421.82
2025-11-05,payment_processing_fees,latam,421.81
2025-11-05,customer_support_tooling,us,150.14
2025-11-05,customer_support_tooling,eu,150.14
2025-11-05,customer_support_tooling,apac,150.14
2025-11-05,customer_support_tooling,latam,150.14
2025-11-05,insurance,us,96.32
2025-11-05,insurance,eu,96.32
2025-11-05,insurance,apac,96.31
2025-11-05,insurance,latam,96.31
2025-11-06,rent,us,478.05
2025-11-06,rent,eu,478.04
2025-11-06,rent,apac,478.04
2025-11-06,rent,latam,478.04
2025-11-06,software_licenses,us,354.25
2025-11-06,software_licenses,eu,354.24
2025-11-06,software_licenses,apac,354.24
2025-11-06,software_licenses,latam,354.24
2025-11-06,logistics,us,2170.15
2025-11-06,logistics,eu,806.63
2025-11-06,logistics,apac,314.8
2025-11-06,logistics,latam,294.67
2025-11-06,packaging,us,477.69
2025-11-06,packaging,eu,190.34
2025-11-06,packaging,apac,82.18
2025-11-06,packaging,latam,86.51
2025-11-06,payment_processing_fees,us,430.98
2025-11-06,payment_processing_fees,eu,430.98
2025-11-06,payment_processing_fees,apac,430.98
2025-11-06,payment_processing_fees,latam,430.98
2025-11-06,customer_support_tooling,us,144.64
2025-11-06,customer_support_tooling,eu,144.64
2025-11-06,customer_support_tooling,apac,144.64
2025-11-06,customer_support_tooling,latam,144.63
2025-11-06,insurance,us,100.09
2025-11-06,insurance,eu,100.09
2025-11-06,insurance,apac,100.09
2025-11-06,insurance,latam,100.09
2025-11-07,rent,us,502.11
2025-11-07,rent,eu,502.11
2025-11-07,rent,apac,502.11
2025-11-07,rent,latam,502.10
2025-11-07,software_licenses,us,363.02
2025-11-07,software_licenses,eu,363.02
2025-11-07,software_licenses,apac,363.02
2025-11-07,software_licenses,latam,363.01
2025-11-07,logistics,us,2061.06
2025-11-07,logistics,eu,741.86
2025-11-07,logistics,apac,400.94
2025-11-07,logistics,latam,276.96
2025-11-07,packaging,us,474.68
2025-11-07,packaging,eu,206.79
2025-11-07,packaging,apac,87.6
2025-11-07,packaging,latam,71.66
2025-11-07,payment_processing_fees,us,405.66
2025-11-07,payment_processing_fees,eu,405.66
2025-11-07,payment_processing_fees,apac,405.66
2025-11-07,payment_processing_fees,latam,405.66
2025-11-07,customer_support_tooling,us,156.66
2025-11-07,customer_support_tooling,eu,156.66
2025-11-07,customer_support_tooling,apac,156.66
2025-11-07,customer_support_tooling,latam,156.65
2025-11-07,insurance,us,103.26
2025-11-07,insurance,eu,103.26
2025-11-07,insurance,apac,103.26
2025-11-07,insurance,latam,103.25
2025-11-08,rent,us,476.49
2025-11-08,rent,eu,476.49
2025-11-08,rent,apac,476.49
2025-11-08,rent,latam,476.49
2025-11-08,software_licenses,us,352.03
2025-11-08,software_licenses,eu,352.02
2025-11-08,software_licenses,apac,352.02
2025-11-08,software_licenses,latam,352.02
2025-11-08,logistics,us,2116.32
2025-11-08,logistics,eu,716.93
2025-11-08,logistics,apac,340.33
2025-11-08,logistics,latam,316.96
2025-11-08,packaging,us,479.81
2025-11-08,packaging,eu,188.51
2025-11-08,packaging,apac,97.94
2025-11-08,packaging,latam,67.82
2025-11-08,payment_processing_fees,us,422.72
2025-11-08,payment_processing_fees,eu,422.72
2025-11-08,payment_processing_fees,apac,422.72
2025-11-08,payment_processing_fees,latam,422.71
2025-11-08,customer_support_tooling,us,143.81
2025-11-08,customer_support_tooling,eu,143.81
2025-11-08,customer_support_tooling,apac,143.81
2025-11-08,customer_support_tooling,latam,143.81
2025-11-08,insurance,us,108.35
2025-11-08,insurance,eu,108.35
2025-11-08,insurance,apac,108.34
2025-11-08,insurance,latam,108.34
2025-11-09,rent,us,524.72
2025-11-09,rent,eu,524.72
2025-11-09,rent,apac,524.72
2025-11-09,rent,latam,524.72
2025-11-09,software_licenses,us,334.27
2025-11-09,software_licenses,eu,334.26
2025-11-09,software_licenses,apac,334.26
2025-11-09,software_licenses,latam,334.26
2025-11-09,logistics,us,1709.27
2025-11-09,logistics,eu,756.2
2025-11-09,logistics,apac,349.64
2025-11-09,logistics,latam,332.15
2025-11-09,packaging,us,440.38
2025-11-09,packaging,eu,190.02
2025-11-09,packaging,apac,90.44
2025-11-09,packaging,latam,71.73
2025-11-09,payment_processing_fees,us,432.02
2025-11-09,payment_processing_fees,eu,432.02
2025-11-09,payment_processing_fees,apac,432.01
2025-11-09,payment_processing_fees,latam,432.01
2025-11-09,customer_support_tooling,us,158.85
2025-11-09,customer_support_tooling,eu,158.85
2025-11-09,customer_support_tooling,apac,158.84
2025-11-09,customer_support_tooling,latam,158.84
2025-11-09,insurance,us,112.40
2025-11-09,insurance,eu,112.39
2025-11-09,insurance,apac,112.39
2025-11-09,insurance,latam,112.39
2025-11-10,rent,us,504.08
2025-11-10,rent,eu,504.08
2025-11-10,rent,apac,504.08
2025-11-10,rent,latam,504.08
2025-11-10,software_licenses,us,352.36
2025-11-10,software_licenses,eu,352.35
2025-11-10,software_licenses,apac,352.35
2025-11-10,software_licenses,latam,352.35
2025-11-10,logistics,us,1852.61
2025-11-10,logistics,eu,779.46
2025-11-10,logistics,apac,403.55
2025-11-10,logistics,latam,321.5
2025-11-10,packaging,us,460.0
2025-11-10,packaging,eu,163.72
2025-11-10,packaging,apac,84.17
2025-11-10,packaging,latam,75.35
2025-11-10,payment_processing_fees,us,416.97
2025-11-10,payment_processing_fees,eu,416.97
2025-11-10,payment_processing_fees,apac,416.97
2025-11-10,payment_processing_fees,latam,416.97
2025-11-10,customer_support_tooling,us,154.55
2025-11-10,customer_support_tooling,eu,154.55
2025-11-10,customer_support_tooling,apac,154.54
2025-11-10,customer_support_tooling,latam,154.54
2025-11-10,insurance,us,110.69
2025-11-10,insurance,eu,110.69
2025-11-10,insurance,apac,110.69
2025-11-10,insurance,latam,110.68
2025-11-11,rent,us,496.43
2025-11-11,rent,eu,496.43
2025-11-11,rent,apac,496.43
2025-11-11,rent,latam,496.42
2025-11-11,software_licenses,us,344.03
2025-11-11,software_licenses,eu,344.03
2025-11-11,software_licenses,apac,344.03
2025-11-11,software_licenses,latam,344.03
2025-11-11,logistics,us,1821.56
2025-11-11,logistics,eu,795.52
2025-11-11,logistics,apac,334.05
2025-11-11,logistics,latam,316.74
2025-11-11,packaging,us,452.62
2025-11-11,packaging,eu,207.17
2025-11-11,packaging,apac,92.26
2025-11-11,packaging,latam,75.74
2025-11-11,payment_processing_fees,us,414.41
2025-11-11,payment_processing_fees,eu,414.40
2025-11-11,payment_processing_fees,apac,414.40
2025-11-11,payment_processing_fees,latam,414.40
2025-11-11,customer_support_tooling,us,144.10
2025-11-11,customer_support_tooling,eu,144.09
2025-11-11,customer_support_tooling,apac,144.09
2025-11-11,customer_support_tooling,latam,144.09
2025-11-11,insurance,us,101.25
2025-11-11,insurance,eu,101.25
2025-11-11,insurance,apac,101.25
2025-11-11,insurance,latam,101.25
2025-11-12,rent,us,516.23
2025-11-12,rent,eu,516.23
2025-11-12,rent,apac,516.23
2025-11-12,rent,latam,516.22
2025-11-12,software_licenses,us,338.89
2025-11-12,software_licenses,eu,338.89
2025-11-12,software_licenses,apac,338.88
2025-11-12,software_licenses,latam,338.88
2025-11-12,logistics,us,2092.72
2025-11-12,logistics,eu,768.18
2025-11-12,logistics,apac,351.05
2025-11-12,logistics,latam,313.44
2025-11-12,packaging,us,434.57
2025-11-12,packaging,eu,187.58
2025-11-12,packaging,apac,75.23
2025-11-12,packaging,latam,73.86
2025-11-12,payment_processing_fees,us,427.12
2025-11-12,payment_processing_fees,eu,427.12
2025-11-12,payment_processing_fees,apac,427.12
2025-11-12,payment_processing_fees,latam,427.12
2025-11-12,customer_support_tooling,us,157.64
2025-11-12,customer_support_tooling,eu,157.64
2025-11-12,customer_support_tooling,apac,157.64
2025-11-12,customer_support_tooling,latam,157.63
2025-11-12,insurance,us,106.47
2025-11-12,insurance,eu,106.47
2025-11-12,insurance,apac,106.47
2025-11-12,insurance,latam,106.47
2025-11-13,rent,us,511.51
2025-11-13,rent,eu,511.51
2025-11-13,rent,apac,511.51
2025-11-13,rent,latam,511.50
2025-11-13,software_licenses,us,358.02
2025-11-13,software_licenses,eu,358.01
2025-11-13,software_licenses,apac,358.01
2025-11-13,software_licenses,latam,358.01
2025-11-13,logistics,us,1786.16
2025-11-13,logistics,eu,845.05
2025-11-13,logistics,apac,328.45
2025-11-13,logistics,latam,334.13
2025-11-13,packaging,us,512.05
2025-11-13,packaging,eu,197.55
2025-11-13,packaging,apac,95.87
2025-11-13,packaging,latam,76.91
2025-11-13,payment_processing_fees,us,409.70
2025-11-13,payment_processing_fees,eu,409.70
2025-11-13,payment_processing_fees,apac,409.70
2025-11-13,payment_processing_fees,latam,409.69
2025-11-13,customer_support_tooling,us,142.07
2025-11-13,customer_support_tooling,eu,142.07
2025-11-13,customer_support_tooling,apac,142.07
2025-11-13,customer_support_tooling,latam,142.07
2025-11-13,insurance,us,96.14
2025-11-13,insurance,eu,96.14
2025-11-13,insurance,apac,96.13
2025-11-13,insurance,latam,96.13
2025-11-14,rent,us,516.75
2025-11-14,rent,eu,516.75
2025-11-14,rent,apac,516.74
2025-11-14,rent,latam,516.74
2025-11-14,software_licenses,us,338.86
2025-11-14,software_licenses,eu,338.86
2025-11-14,software_licenses,apac,338.86
2025-11-14,software_licenses,latam,338.86
2025-11-14,logistics,us,1881.26
2025-11-14,logistics,eu,709.91
2025-11-14,logistics,apac,337.15
2025-11-14,logistics,latam,287.85
2025-11-14,packaging,us,434.79
2025-11-14,packaging,eu,176.77
2025-11-14,packaging,apac,76.69
2025-11-14,packaging,latam,71.69
2025-11-14,payment_processing_fees,us,418.34
2025-11-14,payment_processing_fees,eu,418.33
2025-11-14,payment_processing_fees,apac,418.33
2025-11-14,payment_processing_fees,latam,418.33
2025-11-14,customer_support_tooling,us,136.84
2025-11-14,customer_support_tooling,eu,136.84
2025-11-14,customer_support_tooling,apac,136.83
2025-11-14,customer_support_tooling,latam,136.83
2025-11-14,insurance,us,99.80
2025-11-14,insurance,eu,99.79
2025-11-14,insurance,apac,99.79
2025-11-14,insurance,latam,99.79
2025-11-15,rent,us,472.54
2025-11-15,rent,eu,472.53
2025-11-15,rent,apac,472.53
2025-11-15,rent,latam,472.53
2025-11-15,software_licenses,us,353.34
2025-11-15,software_licenses,eu,353.34
2025-11-15,software_licenses,apac,353.33
2025-11-15,software_licenses,latam,353.33
2025-11-15,logistics,us,1907.92
2025-11-15,logistics,eu,816.21
2025-11-15,logistics,apac,359.6
2025-11-15,logistics,latam,264.08
2025-11-15,packaging,us,521.74
2025-11-15,packaging,eu,211.76
2025-11-15,packaging,apac,81.23
2025-11-15,packaging,latam,73.68
2025-11-15,payment_processing_fees,us,408.34
2025-11-15,payment_processing_fees,eu,408.34
2025-11-15,payment_processing_fees,apac,408.34
2025-11-15,payment_processing_fees,latam,408.34
2025-11-15,customer_support_tooling,us,163.42
2025-11-15,customer_support_tooling,eu,163.42
2025-11-15,customer_support_tooling,apac,163.41
2025-11-15,customer_support_tooling,latam,163.41
2025-11-15,insurance,us,96.64
2025-11-15,insurance,eu,96.64
2025-11-15,insurance,apac,96.63
2025-11-15,insurance,latam,96.63
2025-11-16,rent,us,500.14
2025-11-16,rent,eu,500.13
2025-11-16,rent,apac,500.13
2025-11-16,rent,latam,500.13
2025-11-16,software_licenses,us,341.48
2025-11-16,software_licenses,eu,341.48
2025-11-16,software_licenses,apac,341.47
2025-11-16,software_licenses,latam,341.47
2025-11-16,logistics,us,1849.64
2025-11-16,logistics,eu,823.91
2025-11-16,logistics,apac,340.82
2025-11-16,logistics,latam,292.91
2025-11-16,packaging,us,490.14
2025-11-16,packaging,eu,208.34
2025-11-16,packaging,apac,75.93
2025-11-16,packaging,latam,71.75
2025-11-16,payment_processing_fees,us,379.67
2025-11-16,payment_processing_fees,eu,379.66
2025-11-16,payment_processing_fees,apac,379.66
2025-11-16,payment_processing_fees,latam,379.66
2025-11-16,customer_support_tooling,us,152.81
2025-11-16,customer_support_tooling,eu,152.80
2025-11-16,customer_support_tooling,apac,152.80
2025-11-16,customer_support_tooling,latam,152.80
2025-11-16,insurance,us,102.87
2025-11-16,insurance,eu,102.87
2025-11-16,insurance,apac,102.86
2025-11-16,insurance,latam,102.86
2025-11-17,rent,us,490.99
2025-11-17,rent,eu,490.99
2025-11-17,rent,apac,490.99
2025-11-17,rent,latam,490.99
2025-11-17,software_licenses,us,319.98
2025-11-17,software_licenses,eu,319.98
2025-11-17,software_licenses,apac,319.98
2025-11-17,software_licenses,latam,319.98
2025-11-17,logistics,us,2066.88
2025-11-17,logistics,eu,783.77
2025-11-17,logistics,apac,363.11
2025-11-17,logistics,latam,325.77
2025-11-17,packaging,us,409.75
2025-11-17,packaging,eu,176.79
2025-11-17,packaging,apac,83.47
2025-11-17,packaging,latam,67.29
2025-11-17,payment_processing_fees,us,401.96
2025-11-17,payment_processing_fees,eu,401.95
2025-11-17,payment_processing_fees,apac,401.95
2025-11-17,payment_processing_fees,latam,401.95
2025-11-17,customer_support_tooling,us,158.84
2025-11-17,customer_support_tooling,eu,158.84
2025-11-17,customer_support_tooling,apac,158.84
2025-11-17,customer_support_tooling,latam,158.84
2025-11-17,insurance,us,107.17
2025-11-17,insurance,eu,107.16
2025-11-17,insurance,apac,107.16
2025-11-17,insurance,latam,107.16
2025-11-18,rent,us,449.88
2025-11-18,rent,eu,449.88
2025-11-18,rent,apac,449.87
2025-11-18,rent,latam,449.87
2025-11-18,software_licenses,us,356.30
2025-11-18,software_licenses,eu,356.30
2025-11-18,software_licenses,apac,356.30
2025-11-18,software_licenses,latam,356.29
2025-11-18,logistics,us,1715.94
2025-11-18,logistics,eu,830.4
2025-11-18,logistics,apac,324.62
2025-11-18,logistics,latam,322.11
2025-11-18,packaging,us,414.58
2025-11-18,packaging,eu,186.21
2025-11-18,packaging,apac,89.77
2025-11-18,packaging,latam,69.31
2025-11-18,payment_processing_fees,us,432.47
2025-11-18,payment_processing_fees,eu,432.47
2025-11-18,payment_processing_fees,apac,432.47
2025-11-18,payment_processing_fees,latam,432.47
2025-11-18,customer_support_tooling,us,150.49
2025-11-18,customer_support_tooling,eu,150.48
2025-11-18,customer_support_tooling,apac,150.48
2025-11-18,customer_support_tooling,latam,150.48
2025-11-18,insurance,us,97.41
2025-11-18,insurance,eu,97.41
2025-11-18,insurance,apac,97.40
2025-11-18,insurance,latam,97.40
2025-11-19,rent,us,475.98
2025-11-19,rent,eu,475.98
2025-11-19,rent,apac,475.98
2025-11-19,rent,latam,475.98
2025-11-19,software_licenses,us,342.95
2025-11-19,software_licenses,eu,342.94
2025-11-19,software_licenses,apac,342.94
2025-11-19,software_licenses,latam,342.94
2025-11-19,logistics,us,1794.38
2025-11-19,logistics,eu,819.44
2025-11-19,logistics,apac,348.04
2025-11-19,logistics,latam,299.16
2025-11-19,packaging,us,456.41
2025-11-19,packaging,eu,176.88
2025-11-19,packaging,apac,84.31
2025-11-19,packaging,latam,72.7
2025-11-19,payment_processing_fees,us,425.51
2025-11-19,payment_processing_fees,eu,425.51
2025-11-19,payment_processing_fees,apac,425.51
2025-11-19,payment_processing_fees,latam,425.51
2025-11-19,customer_support_tooling,us,145.34
2025-11-19,customer_support_tooling,eu,145.34
2025-11-19,customer_support_tooling,apac,145.34
2025-11-19,customer_support_tooling,latam,145.34
2025-11-19,insurance,us,101.12
2025-11-19,insurance,eu,101.12
2025-11-19,insurance,apac,101.12
2025-11-19,insurance,latam,101.12
2025-11-20,rent,us,469.67
2025-11-20,rent,eu,469.67
2025-11-20,rent,apac,469.66
2025-11-20,rent,latam,469.66
2025-11-20,software_licenses,us,382.04
2025-11-20,software_licenses,eu,382.04
2025-11-20,software_licenses,apac,382.04
2025-11-20,software_licenses,latam,382.04
2025-11-20,logistics,us,1972.33
2025-11-20,logistics,eu,843.61
2025-11-20,logistics,apac,344.18
2025-11-20,logistics,latam,314.88
2025-11-20,packaging,us,489.22
2025-11-20,packaging,eu,183.07
2025-11-20,packaging,apac,79.67
2025-11-20,packaging,latam,82.69
2025-11-20,payment_processing_fees,us,384.41
2025-11-20,payment_processing_fees,eu,384.41
2025-11-20,payment_processing_fees,apac,384.40
2025-11-20,payment_processing_fees,latam,384.40
2025-11-20,customer_support_tooling,us,146.36
2025-11-20,customer_support_tooling,eu,146.36
2025-11-20,customer_support_tooling,apac,146.36
2025-11-20,customer_support_tooling,latam,146.35
2025-11-20,insurance,us,103.03
2025-11-20,insurance,eu,103.02
2025-11-20,insurance,apac,103.02
2025-11-20,insurance,latam,103.02
2025-11-21,rent,us,499.04
2025-11-21,rent,eu,499.04
2025-11-21,rent,apac,499.04
2025-11-21,rent,latam,499.04
2025-11-21,software_licenses,us,361.12
2025-11-21,software_licenses,eu,361.11
2025-11-21,software_licenses,apac,361.11
2025-11-21,software_licenses,latam,361.11
2025-11-21,logistics,us,1968.64
2025-11-21,logistics,eu,767.02
2025-11-21,logistics,apac,293.85
2025-11-21,logistics,latam,317.59
2025-11-21,packaging,us,483.44
2025-11-21,packaging,eu,193.85
2025-11-21,packaging,apac,81.53
2025-11-21,packaging,latam,84.56
2025-11-21,payment_processing_fees,us,408.87
2025-11-21,payment_processing_fees,eu,408.86
2025-11-21,payment_processing_fees,apac,408.86
2025-11-21,payment_processing_fees,latam,408.86
2025-11-21,customer_support_tooling,us,149.55
2025-11-21,customer_support_tooling,eu,149.55
2025-11-21,customer_support_tooling,apac,149.55
2025-11-21,customer_support_tooling,latam,149.55
2025-11-21,insurance,us,106.48
2025-11-21,insurance,eu,106.47
2025-11-21,insurance,apac,106.47
2025-11-21,insurance,latam,106.47
2025-11-22,rent,us,495.18
2025-11-22,rent,eu,495.18
2025-11-22,rent,apac,495.17
2025-11-22,rent,latam,495.17
2025-11-22,software_licenses,us,339.13
2025-11-22,software_licenses,eu,339.13
2025-11-22,software_licenses,apac,339.13
2025-11-22,software_licenses,latam,339.13
2025-11-22,logistics,us,1881.73
2025-11-22,logistics,eu,842.66
2025-11-22,logistics,apac,372.52
2025-11-22,logistics,latam,283.59
2025-11-22,packaging,us,437.92
2025-11-22,packaging,eu,186.22
2025-11-22,packaging,apac,89.34
2025-11-22,packaging,latam,75.41
2025-11-22,payment_processing_fees,us,427.10
2025-11-22,payment_processing_fees,eu,427.10
2025-11-22,payment_processing_fees,apac,427.09
2025-11-22,payment_processing_fees,latam,427.09
2025-11-22,customer_support_tooling,us,153.01
2025-11-22,customer_support_tooling,eu,153.01
2025-11-22,customer_support_tooling,apac,153.00
2025-11-22,customer_support_tooling,latam,153.00
2025-11-22,insurance,us,100.96
2025-11-22,insurance,eu,100.96
2025-11-22,insurance,apac,100.95
2025-11-22,insurance,latam,100.95
2025-11-23,rent,us,459.19
2025-11-23,rent,eu,459.19
2025-11-23,rent,apac,459.18
2025-11-23,rent,latam,459.18
2025-11-23,software_licenses,us,337.00
2025-11-23,software_licenses,eu,337.00
2025-11-23,software_licenses,apac,336.99
2025-11-23,software_licenses,latam,336.99
2025-11-23,logistics,us,1824.54
2025-11-23,logistics,eu,824.27
2025-11-23,logistics,apac,333.94
2025-11-23,logistics,latam,326.29
2025-11-23,packaging,us,481.36
2025-11-23,packaging,eu,178.77
2025-11-23,packaging,apac,89.96
2025-11-23,packaging,latam,60.71
2025-11-23,payment_processing_fees,us,475.55
2025-11-23,payment_processing_fees,eu,475.55
2025-11-23,payment_processing_fees,apac,475.55
2025-11-23,payment_processing_fees,latam,475.54
2025-11-23,customer_support_tooling,us,154.63
2025-11-23,customer_support_tooling,eu,154.63
2025-11-23,customer_support_tooling,apac,154.63
2025-11-23,customer_support_tooling,latam,154.63
2025-11-23,insurance,us,108.32
2025-11-23,insurance,eu,108.31
2025-11-23,insurance,apac,108.31
2025-11-23,insurance,latam,108.31
2025-11-24,rent,us,439.83
2025-11-24,rent,eu,439.82
2025-11-24,rent,apac,439.82
2025-11-24,rent,latam,439.82
2025-11-24,software_licenses,us,354.62
2025-11-24,software_licenses,eu,354.61
2025-11-24,software_licenses,apac,354.61
2025-11-24,software_licenses,latam,354.61
2025-11-24,logistics,us,1845.3
2025-11-24,logistics,eu,752.91
2025-11-24,logistics,apac,389.06
2025-11-24,logistics,latam,321.0
2025-11-24,packaging,us,473.03
2025-11-24,packaging,eu,161.49
2025-11-24,packaging,apac,88.52
2025-11-24,packaging,latam,76.55
2025-11-24,payment_processing_fees,us,421.38
2025-11-24,payment_processing_fees,eu,421.38
2025-11-24,payment_processing_fees,apac,421.38
2025-11-24,payment_processing_fees,latam,421.37
2025-11-24,customer_support_tooling,us,163.67
2025-11-24,customer_support_tooling,eu,163.66
2025-11-24,customer_support_tooling,apac,163.66
2025-11-24,customer_support_tooling,latam,163.66
2025-11-24,insurance,us,100.26
2025-11-24,insurance,eu,100.26
2025-11-24,insurance,apac,100.26
2025-11-24,insurance,latam,100.25
2025-11-25,rent,us,501.05
2025-11-25,rent,eu,501.05
2025-11-25,rent,apac,501.05
2025-11-25,rent,latam,501.05
2025-11-25,software_licenses,us,351.42
2025-11-25,software_licenses,eu,351.42
2025-11-25,software_licenses,apac,351.42
2025-11-25,software_licenses,latam,351.42
2025-11-25,logistics,us,1901.73
2025-11-25,logistics,eu,853.41
2025-11-25,logistics,apac,360.53
2025-11-25,logistics,latam,318.54
2025-11-25,packaging,us,458.16
2025-11-25,packaging,eu,183.69
2025-11-25,packaging,apac,74.83
2025-11-25,packaging,latam,76.63
2025-11-25,payment_processing_fees,us,411.88
2025-11-25,payment_processing_fees,eu,411.87
2025-11-25,payment_processing_fees,apac,411.87
2025-11-25,payment_processing_fees,latam,411.87
2025-11-25,customer_support_tooling,us,152.77
2025-11-25,customer_support_tooling,eu,152.77
2025-11-25,customer_support_tooling,apac,152.76
2025-11-25,customer_support_tooling,latam,152.76
2025-11-25,insurance,us,95.34
2025-11-25,insurance,eu,95.34
2025-11-25,insurance,apac,95.33
2025-11-25,insurance,latam,95.33
2025-11-26,rent,us,481.70
2025-11-26,rent,eu,481.69
2025-11-26,rent,apac,481.69
2025-11-26,rent,latam,481.69
2025-11-26,software_licenses,us,349.34
2025-11-26,software_licenses,eu,349.34
2025-11-26,software_licenses,apac,349.34
2025-11-26,software_licenses,latam,349.34
2025-11-26,logistics,us,1923.56
2025-11-26,logistics,eu,775.41
2025-11-26,logistics,apac,366.18
2025-11-26,logistics,latam,287.94
2025-11-26,packaging,us,422.33
2025-11-26,packaging,eu,211.96
2025-11-26,packaging,apac,97.89
2025-11-26,packaging,latam,74.04
2025-11-26,payment_processing_fees,us,376.24
2025-11-26,payment_processing_fees,eu,376.24
2025-11-26,payment_processing_fees,apac,376.24
2025-11-26,payment_processing_fees,latam,376.24
2025-11-26,customer_support_tooling,us,148.77
2025-11-26,customer_support_tooling,eu,148.76
2025-11-26,customer_support_tooling,apac,148.76
2025-11-26,customer_support_tooling,latam,148.76
2025-11-26,insurance,us,108.43
2025-11-26,insurance,eu,108.42
2025-11-26,insurance,apac,108.42
2025-11-26,insurance,latam,108.42
2025-11-27,rent,us,505.89
2025-11-27,rent,eu,505.89
2025-11-27,rent,apac,505.89
2025-11-27,rent,latam,505.89
2025-11-27,software_licenses,us,332.01
2025-11-27,software_licenses,eu,332.01
2025-11-27,software_licenses,apac,332.01
2025-11-27,software_licenses,latam,332.01
2025-11-27,logistics,us,1887.31
2025-11-27,logistics,eu,740.85
2025-11-27,logistics,apac,332.51
2025-11-27,logistics,latam,335.61
2025-11-27,packaging,us,459.89
2025-11-27,packaging,eu,209.22
2025-11-27,packaging,apac,83.42
2025-11-27,packaging,latam,74.51
2025-11-27,payment_processing_fees,us,407.16
2025-11-27,payment_processing_fees,eu,407.15
2025-11-27,payment_processing_fees,apac,407.15
2025-11-27,payment_processing_fees,latam,407.15
2025-11-27,customer_support_tooling,us,136.43
2025-11-27,customer_support_tooling,eu,136.43
2025-11-27,customer_support_tooling,apac,136.43
2025-11-27,customer_support_tooling,latam,136.43
2025-11-27,insurance,us,96.12
2025-11-27,insurance,eu,96.12
2025-11-27,insurance,apac,96.12
2025-11-27,insurance,latam,96.11
2025-11-28,rent,us,472.85
2025-11-28,rent,eu,472.85
2025-11-28,rent,apac,472.85
2025-11-28,rent,latam,472.84
2025-11-28,software_licenses,us,346.00
2025-11-28,software_licenses,eu,345.99
2025-11-28,software_licenses,apac,345.99
2025-11-28,software_licenses,latam,345.99
2025-11-28,logistics,us,1936.8
2025-11-28,logistics,eu,807.83
2025-11-28,logistics,apac,368.84
2025-11-28,logistics,latam,305.64
2025-11-28,packaging,us,482.41
2025-11-28,packaging,eu,199.25
2025-11-28,packaging,apac,79.2
2025-11-28,packaging,latam,78.38
2025-11-28,payment_processing_fees,us,392.52
2025-11-28,payment_processing_fees,eu,392.52
2025-11-28,payment_processing_fees,apac,392.52
2025-11-28,payment_processing_fees,latam,392.52
2025-11-28,customer_support_tooling,us,158.50
2025-11-28,customer_support_tooling,eu,158.50
2025-11-28,customer_support_tooling,apac,158.50
2025-11-28,customer_support_tooling,latam,158.49
2025-11-28,insurance,us,101.59
2025-11-28,insurance,eu,101.59
2025-11-28,insurance,apac,101.59
2025-11-28,insurance,latam,101.58
2025-11-29,rent,us,503.72
2025-11-29,rent,eu,503.71
2025-11-29,rent,apac,503.71
2025-11-29,rent,latam,503.71
2025-11-29,software_licenses,us,340.75
2025-11-29,software_licenses,eu,340.74
2025-11-29,software_licenses,apac,340.74
2025-11-29,software_licenses,latam,340.74
2025-11-29,logistics,us,1940.66
2025-11-29,logistics,eu,702.23
2025-11-29,logistics,apac,422.97
2025-11-29,logistics,latam,312.82
2025-11-29,packaging,us,443.04
2025-11-29,packaging,eu,175.94
2025-11-29,packaging,apac,79.8
2025-11-29,packaging,latam,73.2
2025-11-29,payment_processing_fees,us,423.37
2025-11-29,payment_processing_fees,eu,423.37
2025-11-29,payment_processing_fees,apac,423.37
2025-11-29,payment_processing_fees,latam,423.36
2025-11-29,customer_support_tooling,us,152.07
2025-11-29,customer_support_tooling,eu,152.07
2025-11-29,customer_support_tooling,apac,152.07
2025-11-29,customer_support_tooling,latam,152.07
2025-11-29,insurance,us,104.29
2025-11-29,insurance,eu,104.28
2025-11-29,insurance,apac,104.28
2025-11-29,insurance,latam,104.28
2025-11-30,rent,us,441.62
2025-11-30,rent,eu,441.61
2025-11-30,rent,apac,441.61
2025-11-30,rent,latam,441.61
2025-11-30,software_licenses,us,333.60
2025-11-30,software_licenses,eu,333.60
2025-11-30,software_licenses,apac,333.60
2025-11-30,software_licenses,latam,333.59
2025-11-30,logistics,us,1730.14
2025-11-30,logistics,eu,860.19
2025-11-30,logistics,apac,318.77
2025-11-30,logistics,latam,305.71
2025-11-30,packaging,us,498.76
2025-11-30,packaging,eu,199.96
2025-11-30,packaging,apac,79.66
2025-11-30,packaging,latam,62.43
2025-11-30,payment_processing_fees,us,376.99
2025-11-30,payment_processing_fees,eu,376.99
2025-11-30,payment_processing_fees,apac,376.99
2025-11-30,payment_processing_fees,latam,376.98
2025-11-30,customer_support_tooling,us,152.98
2025-11-30,customer_support_tooling,eu,152.98
2025-11-30,customer_support_tooling,apac,152.98
2025-11-30,customer_support_tooling,latam,152.97
2025-11-30,insurance,us,100.42
2025-11-30,insurance,eu,100.42
2025-11-30,insurance,apac,100.41
2025-11-30,insurance,latam,100.41
2025-11-30,rent,us,516.35
2025-11-30,rent,eu,516.35
2025-11-30,rent,apac,516.35
2025-11-30,rent,latam,516.34
2025-11-30,software_licenses,us,347.32
2025-11-30,software_licenses,eu,347.32
2025-11-30,software_licenses,apac,347.32
2025-11-30,software_licenses,latam,347.31
2025-11-30,logistics,us,1832.62
2025-11-30,logistics,eu,769.1
2025-11-30,logistics,apac,399.94
2025-11-30,logistics,latam,305.78
2025-11-30,packaging,us,399.64
2025-11-30,packaging,eu,196.78
2025-11-30,packaging,apac,94.85
2025-11-30,packaging,latam,74.06
2025-11-30,payment_processing_fees,us,416.77
2025-11-30,payment_processing_fees,eu,416.77
2025-11-30,payment_processing_fees,apac,416.76
2025-11-30,payment_processing_fees,latam,416.76
2025-11-30,customer_support_tooling,us,166.34
2025-11-30,customer_support_tooling,eu,166.34
2025-11-30,customer_support_tooling,apac,166.33
2025-11-30,customer_support_tooling,latam,166.33
2025-11-30,insurance,us,101.50
2025-11-30,insurance,eu,101.50
2025-11-30,insurance,apac,101.50
2025-11-30,insurance,latam,101.50
2025-12-01,rent,us,500.54
2025-12-01,rent,eu,500.53
2025-12-01,rent,apac,500.53
2025-12-01,rent,latam,500.53
2025-12-01,software_licenses,us,354.40
2025-12-01,software_licenses,eu,354.40
2025-12-01,software_licenses,apac,354.39
2025-12-01,software_licenses,latam,354.39
2025-12-01,logistics,us,1964.96
2025-12-01,logistics,eu,808.38
2025-12-01,logistics,apac,306.39
2025-12-01,logistics,latam,327.45
2025-12-01,packaging,us,469.81
2025-12-01,packaging,eu,189.99
2025-12-01,packaging,apac,96.12
2025-12-01,packaging,latam,78.15
2025-12-01,payment_processing_fees,us,408.16
2025-12-01,payment_processing_fees,eu,408.16
2025-12-01,payment_processing_fees,apac,408.16
2025-12-01,payment_processing_fees,latam,408.16
2025-12-01,customer_support_tooling,us,156.38
2025-12-01,customer_support_tooling,eu,156.38
2025-12-01,customer_support_tooling,apac,156.38
2025-12-01,customer_support_tooling,latam,156.37
2025-12-01,insurance,us,93.75
2025-12-01,insurance,eu,93.75
2025-12-01,insurance,apac,93.75
2025-12-01,insurance,latam,93.74
2025-12-02,rent,us,460.63
2025-12-02,rent,eu,460.62
2025-12-02,rent,apac,460.62
2025-12-02,rent,latam,460.62
2025-12-02,software_licenses,us,365.97
2025-12-02,software_licenses,eu,365.97
2025-12-02,software_licenses,apac,365.96
2025-12-02,software_licenses,latam,365.96
2025-12-02,logistics,us,2146.12
2025-12-02,logistics,eu,915.25
2025-12-02,logistics,apac,332.79
2025-12-02,logistics,latam,297.85
2025-12-02,packaging,us,456.79
2025-12-02,packaging,eu,203.76
2025-12-02,packaging,apac,92.97
2025-12-02,packaging,latam,75.83
2025-12-02,payment_processing_fees,us,395.71
2025-12-02,payment_processing_fees,eu,395.71
2025-12-02,payment_processing_fees,apac,395.71
2025-12-02,payment_processing_fees,latam,395.70
2025-12-02,customer_support_tooling,us,152.86
2025-12-02,customer_support_tooling,eu,152.86
2025-12-02,customer_support_tooling,apac,152.86
2025-12-02,customer_support_tooling,latam,152.85
2025-12-02,insurance,us,100.16
2025-12-02,insurance,eu,100.16
2025-12-02,insurance,apac,100.16
2025-12-02,insurance,latam,100.15
2025-12-03,rent,us,495.12
2025-12-03,rent,eu,495.11
2025-12-03,rent,apac,495.11
2025-12-03,rent,latam,495.11
2025-12-03,software_licenses,us,351.47
2025-12-03,software_licenses,eu,351.46
2025-12-03,software_licenses,apac,351.46
2025-12-03,software_licenses,latam,351.46
2025-12-03,logistics,us,2096.68
2025-12-03,logistics,eu,881.88
2025-12-03,logistics,apac,343.25
2025-12-03,logistics,latam,326.26
2025-12-03,packaging,us,532.13
2025-12-03,packaging,eu,199.18
2025-12-03,packaging,apac,100.27
2025-12-03,packaging,latam,74.68
2025-12-03,payment_processing_fees,us,386.49
2025-12-03,payment_processing_fees,eu,386.49
2025-12-03,payment_processing_fees,apac,386.49
2025-12-03,payment_processing_fees,latam,386.48
2025-12-03,customer_support_tooling,us,145.70
2025-12-03,customer_support_tooling,eu,145.70
2025-12-03,customer_support_tooling,apac,145.70
2025-12-03,customer_support_tooling,latam,145.70
2025-12-03,insurance,us,105.00
2025-12-03,insurance,eu,105.00
2025-12-03,insurance,apac,105.00
2025-12-03,insurance,latam,105.00
2025-12-04,rent,us,530.59
2025-12-04,rent,eu,530.59
2025-12-04,rent,apac,530.59
2025-12-04,rent,latam,530.59
2025-12-04,software_licenses,us,374.37
2025-12-04,software_licenses,eu,374.37
2025-12-04,software_licenses,apac,374.37
2025-12-04,software_licenses,latam,374.37
2025-12-04,logistics,us,1962.02
2025-12-04,logistics,eu,719.71
2025-12-04,logistics,apac,368.94
2025-12-04,logistics,latam,286.67
2025-12-04,packaging,us,451.25
2025-12-04,packaging,eu,172.83
2025-12-04,packaging,apac,87.76
2025-12-04,packaging,latam,78.79
2025-12-04,payment_processing_fees,us,388.61
2025-12-04,payment_processing_fees,eu,388.60
2025-12-04,payment_processing_fees,apac,388.60
2025-12-04,payment_processing_fees,latam,388.60
2025-12-04,customer_support_tooling,us,149.30
2025-12-04,customer_support_tooling,eu,149.30
2025-12-04,customer_support_tooling,apac,149.30
2025-12-04,customer_support_tooling,latam,149.30
2025-12-04,insurance,us,100.99
2025-12-04,insurance,eu,100.98
2025-12-04,insurance,apac,100.98
2025-12-04,insurance,latam,100.98
2025-12-05,rent,us,498.27
2025-12-05,rent,eu,498.27
2025-12-05,rent,apac,498.26
2025-12-05,rent,latam,498.26
2025-12-05,software_licenses,us,373.94
2025-12-05,software_licenses,eu,373.93
2025-12-05,software_licenses,apac,373.93
2025-12-05,software_licenses,latam,373.93
2025-12-05,logistics,us,1834.21
2025-12-05,logistics,eu,852.4
2025-12-05,logistics,apac,404.82
2025-12-05,logistics,latam,321.65
2025-12-05,packaging,us,499.93
2025-12-05,packaging,eu,178.96
2025-12-05,packaging,apac,86.91
2025-12-05,packaging,latam,73.42
2025-12-05,payment_processing_fees,us,434.83
2025-12-05,payment_processing_fees,eu,434.82
2025-12-05,payment_processing_fees,apac,434.82
2025-12-05,payment_processing_fees,latam,434.82
2025-12-05,customer_support_tooling,us,169.94
2025-12-05,customer_support_tooling,eu,169.94
2025-12-05,customer_support_tooling,apac,169.94
2025-12-05,customer_support_tooling,latam,169.93
2025-12-05,insurance,us,106.18
2025-12-05,insurance,eu,106.18
2025-12-05,insurance,apac,106.17
2025-12-05,insurance,latam,106.17
2025-12-06,rent,us,486.44
2025-12-06,rent,eu,486.43
2025-12-06,rent,apac,486.43
2025-12-06,rent,latam,486.43
2025-12-06,software_licenses,us,360.28
2025-12-06,software_licenses,eu,360.28
2025-12-06,software_licenses,apac,360.27
2025-12-06,software_licenses,latam,360.27
2025-12-06,logistics,us,1691.83
2025-12-06,logistics,eu,833.25
2025-12-06,logistics,apac,363.42
2025-12-06,logistics,latam,320.36
2025-12-06,packaging,us,454.84
2025-12-06,packaging,eu,191.1
2025-12-06,packaging,apac,92.02
2025-12-06,packaging,latam,66.6
2025-12-06,payment_processing_fees,us,386.66
2025-12-06,payment_processing_fees,eu,386.66
2025-12-06,payment_processing_fees,apac,386.66
2025-12-06,payment_processing_fees,latam,386.65
2025-12-06,customer_support_tooling,us,150.71
2025-12-06,customer_support_tooling,eu,150.71
2025-12-06,customer_support_tooling,apac,150.71
2025-12-06,customer_support_tooling,latam,150.71
2025-12-06,insurance,us,103.73
2025-12-06,insurance,eu,103.73
2025-12-06,insurance,apac,103.73
2025-12-06,insurance,latam,103.72
2025-12-07,rent,us,455.22
2025-12-07,rent,eu,455.22
2025-12-07,rent,apac,455.22
2025-12-07,rent,latam,455.22
2025-12-07,software_licenses,us,384.43
2025-12-07,software_licenses,eu,384.43
2025-12-07,software_licenses,apac,384.43
2025-12-07,software_licenses,latam,384.42
2025-12-07,logistics,us,2102.74
2025-12-07,logistics,eu,855.06
2025-12-07,logistics,apac,381.27
2025-12-07,logistics,latam,313.79
2025-12-07,packaging,us,477.63
2025-12-07,packaging,eu,188.98
2025-12-07,packaging,apac,79.13
2025-12-07,packaging,latam,71.43
2025-12-07,payment_processing_fees,us,445.99
2025-12-07,payment_processing_fees,eu,445.98
2025-12-07,payment_processing_fees,apac,445.98
2025-12-07,payment_processing_fees,latam,445.98
2025-12-07,customer_support_tooling,us,156.48
2025-12-07,customer_support_tooling,eu,156.48
2025-12-07,customer_support_tooling,apac,156.48
2025-12-07,customer_support_tooling,latam,156.48
2025-12-07,insurance,us,95.49
2025-12-07,insurance,eu,95.49
2025-12-07,insurance,apac,95.48
2025-12-07,insurance,latam,95.48
2025-12-08,rent,us,496.39
2025-12-08,rent,eu,496.39
2025-12-08,rent,apac,496.39
2025-12-08,rent,latam,496.38
2025-12-08,software_licenses,us,341.13
2025-12-08,software_licenses,eu,341.12
2025-12-08,software_licenses,apac,341.12
2025-12-08,software_licenses,latam,341.12
2025-12-08,logistics,us,1734.21
2025-12-08,logistics,eu,801.97
2025-12-08,logistics,apac,360.0
2025-12-08,logistics,latam,273.83
2025-12-08,packaging,us,414.98
2025-12-08,packaging,eu,184.61
2025-12-08,packaging,apac,79.19
2025-12-08,packaging,latam,70.76
2025-12-08,payment_processing_fees,us,409.12
2025-12-08,payment_processing_fees,eu,409.12
2025-12-08,payment_processing_fees,apac,409.12
2025-12-08,payment_processing_fees,latam,409.12
2025-12-08,customer_support_tooling,us,141.97
2025-12-08,customer_support_tooling,eu,141.97
2025-12-08,customer_support_tooling,apac,141.97
2025-12-08,customer_support_tooling,latam,141.96
2025-12-08,insurance,us,109.25
2025-12-08,insurance,eu,109.25
2025-12-08,insurance,apac,109.25
2025-12-08,insurance,latam,109.24
2025-12-09,rent,us,513.84
2025-12-09,rent,eu,513.84
2025-12-09,rent,apac,513.84
2025-12-09,rent,latam,513.83
2025-12-09,software_licenses,us,350.67
2025-12-09,software_licenses,eu,350.67
2025-12-09,software_licenses,apac,350.66
2025-12-09,software_licenses,latam,350.66
2025-12-09,logistics,us,1884.05
2025-12-09,logistics,eu,830.54
2025-12-09,logistics,apac,330.88
2025-12-09,logistics,latam,323.56
2025-12-09,packaging,us,466.04
2025-12-09,packaging,eu,182.04
2025-12-09,packaging,apac,85.24
2025-12-09,packaging,latam,78.9
2025-12-09,payment_processing_fees,us,419.19
2025-12-09,payment_processing_fees,eu,419.19
2025-12-09,payment_processing_fees,apac,419.19
2025-12-09,payment_processing_fees,latam,419.18
2025-12-09,customer_support_tooling,us,158.81
2025-12-09,customer_support_tooling,eu,158.81
2025-12-09,customer_support_tooling,apac,158.80
2025-12-09,customer_support_tooling,latam,158.80
2025-12-09,insurance,us,96.94
2025-12-09,insurance,eu,96.94
2025-12-09,insurance,apac,96.93
2025-12-09,insurance,latam,96.93
2025-12-10,rent,us,493.04
2025-12-10,rent,eu,493.03
2025-12-10,rent,apac,493.03
2025-12-10,rent,latam,493.03
2025-12-10,software_licenses,us,339.10
2025-12-10,software_licenses,eu,339.10
2025-12-10,software_licenses,apac,339.10
2025-12-10,software_licenses,latam,339.09
2025-12-10,logistics,us,2098.16
2025-12-10,logistics,eu,874.2
2025-12-10,logistics,apac,383.42
2025-12-10,logistics,latam,286.44
2025-12-10,packaging,us,467.15
2025-12-10,packaging,eu,195.27
2025-12-10,packaging,apac,85.2
2025-12-10,packaging,latam,73.69
2025-12-10,payment_processing_fees,us,429.73
2025-12-10,payment_processing_fees,eu,429.73
2025-12-10,payment_processing_fees,apac,429.73
2025-12-10,payment_processing_fees,latam,429.72
2025-12-10,customer_support_tooling,us,158.79
2025-12-10,customer_support_tooling,eu,158.79
2025-12-10,customer_support_tooling,apac,158.78
2025-12-10,customer_support_tooling,latam,158.78
2025-12-10,insurance,us,98.15
2025-12-10,insurance,eu,98.15
2025-12-10,insurance,apac,98.14
2025-12-10,insurance,latam,98.14
2025-12-11,rent,us,500.50
2025-12-11,rent,eu,500.50
2025-12-11,rent,apac,500.49
2025-12-11,rent,latam,500.49
2025-12-11,software_licenses,us,359.94
2025-12-11,software_licenses,eu,359.94
2025-12-11,software_licenses,apac,359.94
2025-12-11,software_licenses,latam,359.94
2025-12-11,logistics,us,1617.11
2025-12-11,logistics,eu,819.37
2025-12-11,logistics,apac,358.04
2025-12-11,logistics,latam,277.99
2025-12-11,packaging,us,423.9
2025-12-11,packaging,eu,181.45
2025-12-11,packaging,apac,93.69
2025-12-11,packaging,latam,69.19
2025-12-11,payment_processing_fees,us,397.67
2025-12-11,payment_processing_fees,eu,397.67
2025-12-11,payment_processing_fees,apac,397.67
2025-12-11,payment_processing_fees,latam,397.66
2025-12-11,customer_support_tooling,us,151.67
2025-12-11,customer_support_tooling,eu,151.67
2025-12-11,customer_support_tooling,apac,151.66
2025-12-11,customer_support_tooling,latam,151.66
2025-12-11,insurance,us,104.14
2025-12-11,insurance,eu,104.14
2025-12-11,insurance,apac,104.14
2025-12-11,insurance,latam,104.13
2025-12-12,rent,us,495.10
2025-12-12,rent,eu,495.09
2025-12-12,rent,apac,495.09
2025-12-12,rent,latam,495.09
2025-12-12,software_licenses,us,346.36
2025-12-12,software_licenses,eu,346.36
2025-12-12,software_licenses,apac,346.36
2025-12-12,software_licenses,latam,346.35
2025-12-12,logistics,us,1709.61
2025-12-12,logistics,eu,851.3
2025-12-12,logistics,apac,302.61
2025-12-12,logistics,latam,294.65
2025-12-12,packaging,us,445.97
2025-12-12,packaging,eu,196.56
2025-12-12,packaging,apac,79.4
2025-12-12,packaging,latam,75.15
2025-12-12,payment_processing_fees,us,395.60
2025-12-12,payment_processing_fees,eu,395.59
2025-12-12,payment_processing_fees,apac,395.59
2025-12-12,payment_processing_fees,latam,395.59
2025-12-12,customer_support_tooling,us,157.36
2025-12-12,customer_support_tooling,eu,157.36
2025-12-12,customer_support_tooling,apac,157.36
2025-12-12,customer_support_tooling,latam,157.35
2025-12-12,insurance,us,104.90
2025-12-12,insurance,eu,104.90
2025-12-12,insurance,apac,104.90
2025-12-12,insurance,latam,104.89
2025-12-13,rent,us,497.90
2025-12-13,rent,eu,497.89
2025-12-13,rent,apac,497.89
2025-12-13,rent,latam,497.89
2025-12-13,software_licenses,us,325.12
2025-12-13,software_licenses,eu,325.12
2025-12-13,software_licenses,apac,325.11
2025-12-13,software_licenses,latam,325.11
2025-12-13,logistics,us,1811.52
2025-12-13,logistics,eu,832.56
2025-12-13,logistics,apac,368.43
2025-12-13,logistics,latam,347.24
2025-12-13,packaging,us,431.29
2025-12-13,packaging,eu,203.55
2025-12-13,packaging,apac,77.32
2025-12-13,packaging,latam,70.06
2025-12-13,payment_processing_fees,us,401.98
2025-12-13,payment_processing_fees,eu,401.98
2025-12-13,payment_processing_fees,apac,401.97
2025-12-13,payment_processing_fees,latam,401.97
2025-12-13,customer_support_tooling,us,145.24
2025-12-13,customer_support_tooling,eu,145.24
2025-12-13,customer_support_tooling,apac,145.24
2025-12-13,customer_support_tooling,latam,145.23
2025-12-13,insurance,us,97.21
2025-12-13,insurance,eu,97.21
2025-12-13,insurance,apac,97.20
2025-12-13,insurance,latam,97.20
2025-12-14,rent,us,500.27
2025-12-14,rent,eu,500.26
2025-12-14,rent,apac,500.26
2025-12-14,rent,latam,500.26
2025-12-14,software_licenses,us,367.39
2025-12-14,software_licenses,eu,367.39
2025-12-14,software_licenses,apac,367.38
2025-12-14,software_licenses,latam,367.38
2025-12-14,logistics,us,2135.23
2025-12-14,logistics,eu,735.45
2025-12-14,logistics,apac,341.56
2025-12-14,logistics,latam,310.29
2025-12-14,packaging,us,376.68
2025-12-14,packaging,eu,184.43
2025-12-14,packaging,apac,92.78
2025-12-14,packaging,latam,76.11
2025-12-14,payment_processing_fees,us,449.39
2025-12-14,payment_processing_fees,eu,449.38
2025-12-14,payment_processing_fees,apac,449.38
2025-12-14,payment_processing_fees,latam,449.38
2025-12-14,customer_support_tooling,us,155.26
2025-12-14,customer_support_tooling,eu,155.26
2025-12-14,customer_support_tooling,apac,155.26
2025-12-14,customer_support_tooling,latam,155.25
2025-12-14,insurance,us,96.30
2025-12-14,insurance,eu,96.30
2025-12-14,insurance,apac,96.29
2025-12-14,insurance,latam,96.29
2025-12-15,rent,us,534.88
2025-12-15,rent,eu,534.88
2025-12-15,rent,apac,534.88
2025-12-15,rent,latam,534.88
2025-12-15,software_licenses,us,368.79
2025-12-15,software_licenses,eu,368.79
2025-12-15,software_licenses,apac,368.79
2025-12-15,software_licenses,latam,368.79
2025-12-15,logistics,us,1933.89
2025-12-15,logistics,eu,758.19
2025-12-15,logistics,apac,373.89
2025-12-15,logistics,latam,298.13
2025-12-15,packaging,us,451.83
2025-12-15,packaging,eu,201.75
2025-12-15,packaging,apac,85.99
2025-12-15,packaging,latam,72.89
2025-12-15,payment_processing_fees,us,411.12
2025-12-15,payment_processing_fees,eu,411.12
2025-12-15,payment_processing_fees,apac,411.12
2025-12-15,payment_processing_fees,latam,411.11
2025-12-15,customer_support_tooling,us,164.85
2025-12-15,customer_support_tooling,eu,164.85
2025-12-15,customer_support_tooling,apac,164.85
2025-12-15,customer_support_tooling,latam,164.85
2025-12-15,insurance,us,106.52
2025-12-15,insurance,eu,106.51
2025-12-15,insurance,apac,106.51
2025-12-15,insurance,latam,106.51
2025-12-16,rent,us,460.79
2025-12-16,rent,eu,460.79
2025-12-16,rent,apac,460.79
2025-12-16,rent,latam,460.78
2025-12-16,software_licenses,us,328.40
2025-12-16,software_licenses,eu,328.40
2025-12-16,software_licenses,apac,328.40
2025-12-16,software_licenses,latam,328.40
2025-12-16,logistics,us,1718.2
2025-12-16,logistics,eu,840.19
2025-12-16,logistics,apac,312.96
2025-12-16,logistics,latam,330.67
2025-12-16,packaging,us,436.59
2025-12-16,packaging,eu,199.81
2025-12-16,packaging,apac,88.31
2025-12-16,packaging,latam,69.27
2025-12-16,payment_processing_fees,us,424.06
2025-12-16,payment_processing_fees,eu,424.05
2025-12-16,payment_processing_fees,apac,424.05
2025-12-16,payment_processing_fees,latam,424.05
2025-12-16,customer_support_tooling,us,154.76
2025-12-16,customer_support_tooling,eu,154.76
2025-12-16,customer_support_tooling,apac,154.75
2025-12-16,customer_support_tooling,latam,154.75
2025-12-16,insurance,us,104.55
2025-12-16,insurance,eu,104.55
2025-12-16,insurance,apac,104.55
2025-12-16,insurance,latam,104.54
2025-12-17,rent,us,487.51
2025-12-17,rent,eu,487.50
2025-12-17,rent,apac,487.50
2025-12-17,rent,latam,487.50
2025-12-17,software_licenses,us,344.25
2025-12-17,software_licenses,eu,344.24
2025-12-17,software_licenses,apac,344.24
2025-12-17,software_licenses,latam,344.24
2025-12-17,logistics,us,2252.21
2025-12-17,logistics,eu,822.79
2025-12-17,logistics,apac,323.6
2025-12-17,logistics,latam,304.65
2025-12-17,packaging,us,450.27
2025-12-17,packaging,eu,205.32
2025-12-17,packaging,apac,84.23
2025-12-17,packaging,latam,73.31
2025-12-17,payment_processing_fees,us,428.40
2025-12-17,payment_processing_fees,eu,428.40
2025-12-17,payment_processing_fees,apac,428.40
2025-12-17,payment_processing_fees,latam,428.40
2025-12-17,customer_support_tooling,us,146.71
2025-12-17,customer_support_tooling,eu,146.70
2025-12-17,customer_support_tooling,apac,146.70
2025-12-17,customer_support_tooling,latam,146.70
2025-12-17,insurance,us,99.34
2025-12-17,insurance,eu,99.34
2025-12-17,insurance,apac,99.34
2025-12-17,insurance,latam,99.34
2025-12-18,rent,us,511.48
2025-12-18,rent,eu,511.48
2025-12-18,rent,apac,511.48
2025-12-18,rent,latam,511.48
2025-12-18,software_licenses,us,353.08
2025-12-18,software_licenses,eu,353.08
2025-12-18,software_licenses,apac,353.08
2025-12-18,software_licenses,latam,353.08
2025-12-18,logistics,us,1849.79
2025-12-18,logistics,eu,893.21
2025-12-18,logistics,apac,394.64
2025-12-18,logistics,latam,301.26
2025-12-18,packaging,us,456.39
2025-12-18,packaging,eu,198.67
2025-12-18,packaging,apac,86.45
2025-12-18,packaging,latam,75.21
2025-12-18,payment_processing_fees,us,433.78
2025-12-18,payment_processing_fees,eu,433.77
2025-12-18,payment_processing_fees,apac,433.77
2025-12-18,payment_processing_fees,latam,433.77
2025-12-18,customer_support_tooling,us,153.62
2025-12-18,customer_support_tooling,eu,153.61
2025-12-18,customer_support_tooling,apac,153.61
2025-12-18,customer_support_tooling,latam,153.61
2025-12-18,insurance,us,100.32
2025-12-18,insurance,eu,100.32
2025-12-18,insurance,apac,100.32
2025-12-18,insurance,latam,100.32
2025-12-19,rent,us,491.03
2025-12-19,rent,eu,491.03
2025-12-19,rent,apac,491.03
2025-12-19,rent,latam,491.02
2025-12-19,software_licenses,us,349.50
2025-12-19,software_licenses,eu,349.49
2025-12-19,software_licenses,apac,349.49
2025-12-19,software_licenses,latam,349.49
2025-12-19,logistics,us,2065.43
2025-12-19,logistics,eu,825.5
2025-12-19,logistics,apac,310.17
2025-12-19,logistics,latam,322.52
2025-12-19,packaging,us,465.88
2025-12-19,packaging,eu,204.35
2025-12-19,packaging,apac,93.93
2025-12-19,packaging,latam,72.52
2025-12-19,payment_processing_fees,us,412.88
2025-12-19,payment_processing_fees,eu,412.88
2025-12-19,payment_processing_fees,apac,412.88
2025-12-19,payment_processing_fees,latam,412.87
2025-12-19,customer_support_tooling,us,162.84
2025-12-19,customer_support_tooling,eu,162.83
2025-12-19,customer_support_tooling,apac,162.83
2025-12-19,customer_support_tooling,latam,162.83
2025-12-19,insurance,us,105.65
2025-12-19,insurance,eu,105.65
2025-12-19,insurance,apac,105.65
2025-12-19,insurance,latam,105.64
2025-12-20,rent,us,490.33
2025-12-20,rent,eu,490.32
2025-12-20,rent,apac,490.32
2025-12-20,rent,latam,490.32
2025-12-20,software_licenses,us,367.98
2025-12-20,software_licenses,eu,367.98
2025-12-20,software_licenses,apac,367.98
2025-12-20,software_licenses,latam,367.98
2025-12-20,logistics,us,1977.51
2025-12-20,logistics,eu,713.26
2025-12-20,logistics,apac,344.94
2025-12-20,logistics,latam,294.92
2025-12-20,packaging,us,444.02
2025-12-20,packaging,eu,209.46
2025-12-20,packaging,apac,87.13
2025-12-20,packaging,latam,74.51
2025-12-20,payment_processing_fees,us,415.53
2025-12-20,payment_processing_fees,eu,415.52
2025-12-20,payment_processing_fees,apac,415.52
2025-12-20,payment_processing_fees,latam,415.52
2025-12-20,customer_support_tooling,us,134.34
2025-12-20,customer_support_tooling,eu,134.34
2025-12-20,customer_support_tooling,apac,134.34
2025-12-20,customer_support_tooling,latam,134.34
2025-12-20,insurance,us,103.65
2025-12-20,insurance,eu,103.65
2025-12-20,insurance,apac,103.65
2025-12-20,insurance,latam,103.64
2025-12-21,rent,us,481.83
2025-12-21,rent,eu,481.83
2025-12-21,rent,apac,481.83
2025-12-21,rent,latam,481.83
2025-12-21,software_licenses,us,347.01
2025-12-21,software_licenses,eu,347.01
2025-12-21,software_licenses,apac,347.01
2025-12-21,software_licenses,latam,347.00
2025-12-21,logistics,us,2107.19
2025-12-21,logistics,eu,771.74
2025-12-21,logistics,apac,344.47
2025-12-21,logistics,latam,303.62
2025-12-21,packaging,us,449.5
2025-12-21,packaging,eu,173.89
2025-12-21,packaging,apac,88.15
2025-12-21,packaging,latam,83.05
2025-12-21,payment_processing_fees,us,388.92
2025-12-21,payment_processing_fees,eu,388.91
2025-12-21,payment_processing_fees,apac,388.91
2025-12-21,payment_processing_fees,latam,388.91
2025-12-21,customer_support_tooling,us,139.55
2025-12-21,customer_support_tooling,eu,139.55
2025-12-21,customer_support_tooling,apac,139.55
2025-12-21,customer_support_tooling,latam,139.54
2025-12-21,insurance,us,97.01
2025-12-21,insurance,eu,97.01
2025-12-21,insurance,apac,97.01
2025-12-21,insurance,latam,97.00
2025-12-22,rent,us,495.94
2025-12-22,rent,eu,495.94
2025-12-22,rent,apac,495.94
2025-12-22,rent,latam,495.93
2025-12-22,software_licenses,us,327.06
2025-12-22,software_licenses,eu,327.05
2025-12-22,software_licenses,apac,327.05
2025-12-22,software_licenses,latam,327.05
2025-12-22,logistics,us,1964.69
2025-12-22,logistics,eu,800.72
2025-12-22,logistics,apac,356.6
2025-12-22,logistics,latam,311.4
2025-12-22,packaging,us,488.36
2025-12-22,packaging,eu,191.62
2025-12-22,packaging,apac,97.07
2025-12-22,packaging,latam,76.78
2025-12-22,payment_processing_fees,us,414.06
2025-12-22,payment_processing_fees,eu,414.05
2025-12-22,payment_processing_fees,apac,414.05
2025-12-22,payment_processing_fees,latam,414.05
2025-12-22,customer_support_tooling,us,150.16
2025-12-22,customer_support_tooling,eu,150.15
2025-12-22,customer_support_tooling,apac,150.15
2025-12-22,customer_support_tooling,latam,150.15
2025-12-22,insurance,us,99.27
2025-12-22,insurance,eu,99.27
2025-12-22,insurance,apac,99.27
2025-12-22,insurance,latam,99.27
2025-12-23,rent,us,509.73
2025-12-23,rent,eu,509.72
2025-12-23,rent,apac,509.72
2025-12-23,rent,latam,509.72
2025-12-23,software_licenses,us,359.37
2025-12-23,software_licenses,eu,359.37
2025-12-23,software_licenses,apac,359.36
2025-12-23,software_licenses,latam,359.36
2025-12-23,logistics,us,1812.41
2025-12-23,logistics,eu,793.22
2025-12-23,logistics,apac,346.27
2025-12-23,logistics,latam,259.06
2025-12-23,packaging,us,470.72
2025-12-23,packaging,eu,223.87
2025-12-23,packaging,apac,83.55
2025-12-23,packaging,latam,71.79
2025-12-23,payment_processing_fees,us,424.25
2025-12-23,payment_processing_fees,eu,424.25
2025-12-23,payment_processing_fees,apac,424.25
2025-12-23,payment_processing_fees,latam,424.24
2025-12-23,customer_support_tooling,us,152.79
2025-12-23,customer_support_tooling,eu,152.79
2025-12-23,customer_support_tooling,apac,152.79
2025-12-23,customer_support_tooling,latam,152.78
2025-12-23,insurance,us,101.11
2025-12-23,insurance,eu,101.11
2025-12-23,insurance,apac,101.11
2025-12-23,insurance,latam,101.10
2025-12-24,rent,us,519.67
2025-12-24,rent,eu,519.67
2025-12-24,rent,apac,519.67
2025-12-24,rent,latam,519.67
2025-12-24,software_licenses,us,342.52
2025-12-24,software_licenses,eu,342.51
2025-12-24,software_licenses,apac,342.51
2025-12-24,software_licenses,latam,342.51
2025-12-24,logistics,us,1930.8
2025-12-24,logistics,eu,832.5
2025-12-24,logistics,apac,358.45
2025-12-24,logistics,latam,291.78
2025-12-24,packaging,us,462.66
2025-12-24,packaging,eu,200.46
2025-12-24,packaging,apac,78.6
2025-12-24,packaging,latam,69.07
2025-12-24,payment_processing_fees,us,428.40
2025-12-24,payment_processing_fees,eu,428.40
2025-12-24,payment_processing_fees,apac,428.39
2025-12-24,payment_processing_fees,latam,428.39
2025-12-24,customer_support_tooling,us,151.62
2025-12-24,customer_support_tooling,eu,151.62
2025-12-24,customer_support_tooling,apac,151.62
2025-12-24,customer_support_tooling,latam,151.61
2025-12-24,insurance,us,107.56
2025-12-24,insurance,eu,107.55
2025-12-24,insurance,apac,107.55
2025-12-24,insurance,latam,107.55
2025-12-25,rent,us,491.71
2025-12-25,rent,eu,491.71
2025-12-25,rent,apac,491.71
2025-12-25,rent,latam,491.71
2025-12-25,software_licenses,us,334.94
2025-12-25,software_licenses,eu,334.94
2025-12-25,software_licenses,apac,334.94
2025-12-25,software_licenses,latam,334.94
2025-12-25,logistics,us,1880.37
2025-12-25,logistics,eu,814.81
2025-12-25,logistics,apac,313.18
2025-12-25,logistics,latam,316.09
2025-12-25,packaging,us,427.44
2025-12-25,packaging,eu,183.47
2025-12-25,packaging,apac,92.07
2025-12-25,packaging,latam,73.9
2025-12-25,payment_processing_fees,us,402.58
2025-12-25,payment_processing_fees,eu,402.57
2025-12-25,payment_processing_fees,apac,402.57
2025-12-25,payment_processing_fees,latam,402.57
2025-12-25,customer_support_tooling,us,156.12
2025-12-25,customer_support_tooling,eu,156.12
2025-12-25,customer_support_tooling,apac,156.12
2025-12-25,customer_support_tooling,latam,156.11
2025-12-25,insurance,us,113.31
2025-12-25,insurance,eu,113.31
2025-12-25,insurance,apac,113.30
2025-12-25,insurance,latam,113.30
2025-12-26,rent,us,462.43
2025-12-26,rent,eu,462.43
2025-12-26,rent,apac,462.43
2025-12-26,rent,latam,462.42
2025-12-26,software_licenses,us,313.04
2025-12-26,software_licenses,eu,313.04
2025-12-26,software_licenses,apac,313.04
2025-12-26,software_licenses,latam,313.03
2025-12-26,logistics,us,1929.68
2025-12-26,logistics,eu,804.7
2025-12-26,logistics,apac,392.75
2025-12-26,logistics,latam,298.64
2025-12-26,packaging,us,492.05
2025-12-26,packaging,eu,204.82
2025-12-26,packaging,apac,78.14
2025-12-26,packaging,latam,70.65
2025-12-26,payment_processing_fees,us,417.84
2025-12-26,payment_processing_fees,eu,417.84
2025-12-26,payment_processing_fees,apac,417.84
2025-12-26,payment_processing_fees,latam,417.83
2025-12-26,customer_support_tooling,us,152.83
2025-12-26,customer_support_tooling,eu,152.83
2025-12-26,customer_support_tooling,apac,152.83
2025-12-26,customer_support_tooling,latam,152.83
2025-12-26,insurance,us,98.36
2025-12-26,insurance,eu,98.36
2025-12-26,insurance,apac,98.35
2025-12-26,insurance,latam,98.35
2025-12-27,rent,us,473.41
2025-12-27,rent,eu,473.40
2025-12-27,rent,apac,473.40
2025-12-27,rent,latam,473.40
2025-12-27,software_licenses,us,359.72
2025-12-27,software_licenses,eu,359.72
2025-12-27,software_licenses,apac,359.71
2025-12-27,software_licenses,latam,359.71
2025-12-27,logistics,us,1863.97
2025-12-27,logistics,eu,808.45
2025-12-27,logistics,apac,380.76
2025-12-27,logistics,latam,303.31
2025-12-27,packaging,us,454.66
2025-12-27,packaging,eu,197.31
2025-12-27,packaging,apac,84.14
2025-12-27,packaging,latam,77.89
2025-12-27,payment_processing_fees,us,417.21
2025-12-27,payment_processing_fees,eu,417.21
2025-12-27,payment_processing_fees,apac,417.21
2025-12-27,payment_processing_fees,latam,417.21
2025-12-27,customer_support_tooling,us,167.19
2025-12-27,customer_support_tooling,eu,167.19
2025-12-27,customer_support_tooling,apac,167.19
2025-12-27,customer_support_tooling,latam,167.18
2025-12-27,insurance,us,103.80
2025-12-27,insurance,eu,103.79
2025-12-27,insurance,apac,103.79
2025-12-27,insurance,latam,103.79
2025-12-28,rent,us,511.61
2025-12-28,rent,eu,511.61
2025-12-28,rent,apac,511.60
2025-12-28,rent,latam,511.60
2025-12-28,software_licenses,us,319.09
2025-12-28,software_licenses,eu,319.09
2025-12-28,software_licenses,apac,319.08
2025-12-28,software_licenses,latam,319.08
2025-12-28,logistics,us,1813.71
2025-12-28,logistics,eu,780.78
2025-12-28,logistics,apac,363.01
2025-12-28,logistics,latam,325.55
2025-12-28,packaging,us,523.67
2025-12-28,packaging,eu,205.92
2025-12-28,packaging,apac,86.83
2025-12-28,packaging,latam,87.58
2025-12-28,payment_processing_fees,us,404.59
2025-12-28,payment_processing_fees,eu,404.59
2025-12-28,payment_processing_fees,apac,404.59
2025-12-28,payment_processing_fees,latam,404.58
2025-12-28,customer_support_tooling,us,156.27
2025-12-28,customer_support_tooling,eu,156.26
2025-12-28,customer_support_tooling,apac,156.26
2025-12-28,customer_support_tooling,latam,156.26
2025-12-28,insurance,us,100.67
2025-12-28,insurance,eu,100.66
2025-12-28,insurance,apac,100.66
2025-12-28,insurance,latam,100.66
2025-12-29,rent,us,472.42
2025-12-29,rent,eu,472.41
2025-12-29,rent,apac,472.41
2025-12-29,rent,latam,472.41
2025-12-29,software_licenses,us,367.30
2025-12-29,software_licenses,eu,367.29
2025-12-29,software_licenses,apac,367.29
2025-12-29,software_licenses,latam,367.29
2025-12-29,logistics,us,1973.92
2025-12-29,logistics,eu,781.29
2025-12-29,logistics,apac,349.27
2025-12-29,logistics,latam,297.47
2025-12-29,packaging,us,445.78
2025-12-29,packaging,eu,202.11
2025-12-29,packaging,apac,89.0
2025-12-29,packaging,latam,68.61
2025-12-29,payment_processing_fees,us,406.11
2025-12-29,payment_processing_fees,eu,406.11
2025-12-29,payment_processing_fees,apac,406.11
2025-12-29,payment_processing_fees,latam,406.11
2025-12-29,customer_support_tooling,us,152.34
2025-12-29,customer_support_tooling,eu,152.34
2025-12-29,customer_support_tooling,apac,152.33
2025-12-29,customer_support_tooling,latam,152.33
2025-12-29,insurance,us,98.28
2025-12-29,insurance,eu,98.27
2025-12-29,insurance,apac,98.27
2025-12-29,insurance,latam,98.27
2025-12-30,rent,us,468.66
2025-12-30,rent,eu,468.65
2025-12-30,rent,apac,468.65
2025-12-30,rent,latam,468.65
2025-12-30,software_licenses,us,319.48
2025-12-30,software_licenses,eu,319.48
2025-12-30,software_licenses,apac,319.47
2025-12-30,software_licenses,latam,319.47
2025-12-30,logistics,us,1859.09
2025-12-30,logistics,eu,838.31
2025-12-30,logistics,apac,349.54
2025-12-30,logistics,latam,342.73
2025-12-30,packaging,us,477.23
2025-12-30,packaging,eu,191.91
2025-12-30,packaging,apac,79.56
2025-12-30,packaging,latam,87.53
2025-12-30,payment_processing_fees,us,388.47
2025-12-30,payment_processing_fees,eu,388.47
2025-12-30,payment_processing_fees,apac,388.47
2025-12-30,payment_processing_fees,latam,388.47
2025-12-30,customer_support_tooling,us,152.09
2025-12-30,customer_support_tooling,eu,152.09
2025-12-30,customer_support_tooling,apac,152.09
2025-12-30,customer_support_tooling,latam,152.08
2025-12-30,insurance,us,108.79
2025-12-30,insurance,eu,108.78
2025-12-30,insurance,apac,108.78
2025-12-30,insurance,latam,108.78
2026-01-01,rent,us,478.54
2026-01-01,rent,eu,478.54
2026-01-01,rent,apac,478.53
2026-01-01,rent,latam,478.53
2026-01-01,software_licenses,us,356.93
2026-01-01,software_licenses,eu,356.92
2026-01-01,software_licenses,apac,356.92
2026-01-01,software_licenses,latam,356.92
2026-01-01,logistics,us,1997.63
2026-01-01,logistics,eu,819.79
2026-01-01,logistics,apac,349.9
2026-01-01,logistics,latam,297.49
2026-01-01,packaging,us,458.3
2026-01-01,packaging,eu,189.96
2026-01-01,packaging,apac,79.71
2026-01-01,packaging,latam,70.37
2026-01-01,payment_processing_fees,us,397.05
2026-01-01,payment_processing_fees,eu,397.05
2026-01-01,payment_processing_fees,apac,397.05
2026-01-01,payment_processing_fees,latam,397.04
2026-01-01,customer_support_tooling,us,152.02
2026-01-01,customer_support_tooling,eu,152.01
2026-01-01,customer_support_tooling,apac,152.01
2026-01-01,customer_support_tooling,latam,152.01
2026-01-01,insurance,us,111.37
2026-01-01,insurance,eu,111.37
2026-01-01,insurance,apac,111.37
2026-01-01,insurance,latam,111.36
2026-01-02,rent,us,498.43
2026-01-02,rent,eu,498.43
2026-01-02,rent,apac,498.42
2026-01-02,rent,latam,498.42
2026-01-02,software_licenses,us,343.07
2026-01-02,software_licenses,eu,343.07
2026-01-02,software_licenses,apac,343.07
2026-01-02,software_licenses,latam,343.07
2026-01-02,logistics,us,2012.41
2026-01-02,logistics,eu,801.54
2026-01-02,logistics,apac,381.38
2026-01-02,logistics,latam,327.14
2026-01-02,packaging,us,487.81
2026-01-02,packaging,eu,214.85
2026-01-02,packaging,apac,82.21
2026-01-02,packaging,latam,77.36
2026-01-02,payment_processing_fees,us,394.09
2026-01-02,payment_processing_fees,eu,394.09
2026-01-02,payment_processing_fees,apac,394.08
2026-01-02,payment_processing_fees,latam,394.08
2026-01-02,customer_support_tooling,us,144.28
2026-01-02,customer_support_tooling,eu,144.28
2026-01-02,customer_support_tooling,apac,144.28
2026-01-02,customer_support_tooling,latam,144.27
2026-01-02,insurance,us,102.70
2026-01-02,insurance,eu,102.70
2026-01-02,insurance,apac,102.69
2026-01-02,insurance,latam,102.69
2026-01-03,rent,us,442.70
2026-01-03,rent,eu,442.70
2026-01-03,rent,apac,442.69
2026-01-03,rent,latam,442.69
2026-01-03,software_licenses,us,336.29
2026-01-03,software_licenses,eu,336.28
2026-01-03,software_licenses,apac,336.28
2026-01-03,software_licenses,latam,336.28
2026-01-03,logistics,us,1681.22
2026-01-03,logistics,eu,849.79
2026-01-03,logistics,apac,334.26
2026-01-03,logistics,latam,297.29
2026-01-03,packaging,us,453.44
2026-01-03,packaging,eu,174.85
2026-01-03,packaging,apac,83.04
2026-01-03,packaging,latam,81.66
2026-01-03,payment_processing_fees,us,412.85
2026-01-03,payment_processing_fees,eu,412.84
2026-01-03,payment_processing_fees,apac,412.84
2026-01-03,payment_processing_fees,latam,412.84
2026-01-03,customer_support_tooling,us,149.68
2026-01-03,customer_support_tooling,eu,149.67
2026-01-03,customer_support_tooling,apac,149.67
2026-01-03,customer_support_tooling,latam,149.67
2026-01-03,insurance,us,108.69
2026-01-03,insurance,eu,108.68
2026-01-03,insurance,apac,108.68
2026-01-03,insurance,latam,108.68
2026-01-04,rent,us,511.48
2026-01-04,rent,eu,511.48
2026-01-04,rent,apac,511.48
2026-01-04,rent,latam,511.47
2026-01-04,software_licenses,us,356.82
2026-01-04,software_licenses,eu,356.82
2026-01-04,software_licenses,apac,356.81
2026-01-04,software_licenses,latam,356.81
2026-01-04,logistics,us,1967.79
2026-01-04,logistics,eu,796.5
2026-01-04,logistics,apac,346.1
2026-01-04,logistics,latam,346.91
2026-01-04,packaging,us,438.44
2026-01-04,packaging,eu,186.11
2026-01-04,packaging,apac,95.45
2026-01-04,packaging,latam,67.29
2026-01-04,payment_processing_fees,us,411.73
2026-01-04,payment_processing_fees,eu,411.73
2026-01-04,payment_processing_fees,apac,411.73
2026-01-04,payment_processing_fees,latam,411.73
2026-01-04,customer_support_tooling,us,158.51
2026-01-04,customer_support_tooling,eu,158.51
2026-01-04,customer_support_tooling,apac,158.51
2026-01-04,customer_support_tooling,latam,158.50
2026-01-04,insurance,us,100.20
2026-01-04,insurance,eu,100.19
2026-01-04,insurance,apac,100.19
2026-01-04,insurance,latam,100.19
2026-01-05,rent,us,466.59
2026-01-05,rent,eu,466.59
2026-01-05,rent,apac,466.59
2026-01-05,rent,latam,466.58
2026-01-05,software_licenses,us,353.72
2026-01-05,software_licenses,eu,353.71
2026-01-05,software_licenses,apac,353.71
2026-01-05,software_licenses,latam,353.71
2026-01-05,logistics,us,1901.49
2026-01-05,logistics,eu,974.09
2026-01-05,logistics,apac,333.05
2026-01-05,logistics,latam,291.02
2026-01-05,packaging,us,402.96
2026-01-05,packaging,eu,200.71
2026-01-05,packaging,apac,76.14
2026-01-05,packaging,latam,74.89
2026-01-05,payment_processing_fees,us,403.28
2026-01-05,payment_processing_fees,eu,403.28
2026-01-05,payment_processing_fees,apac,403.27
2026-01-05,payment_processing_fees,latam,403.27
2026-01-05,customer_support_tooling,us,151.77
2026-01-05,customer_support_tooling,eu,151.77
2026-01-05,customer_support_tooling,apac,151.77
2026-01-05,customer_support_tooling,latam,151.77
2026-01-05,insurance,us,103.11
2026-01-05,insurance,eu,103.10
2026-01-05,insurance,apac,103.10
2026-01-05,insurance,latam,103.10
2026-01-06,rent,us,475.16
2026-01-06,rent,eu,475.15
2026-01-06,rent,apac,475.15
2026-01-06,rent,latam,475.15
2026-01-06,software_licenses,us,338.83
2026-01-06,software_licenses,eu,338.83
2026-01-06,software_licenses,apac,338.83
2026-01-06,software_licenses,latam,338.82
2026-01-06,logistics,us,1985.0
2026-01-06,logistics,eu,829.18
2026-01-06,logistics,apac,360.87
2026-01-06,logistics,latam,340.52
2026-01-06,packaging,us,491.85
2026-01-06,packaging,eu,250.91
2026-01-06,packaging,apac,86.03
2026-01-06,packaging,latam,72.77
2026-01-06,payment_processing_fees,us,409.46
2026-01-06,payment_processing_fees,eu,409.46
2026-01-06,payment_processing_fees,apac,409.46
2026-01-06,payment_processing_fees,latam,409.45
2026-01-06,customer_support_tooling,us,141.94
2026-01-06,customer_support_tooling,eu,141.94
2026-01-06,customer_support_tooling,apac,141.93
2026-01-06,customer_support_tooling,latam,141.93
2026-01-06,insurance,us,99.43
2026-01-06,insurance,eu,99.43
2026-01-06,insurance,apac,99.43
2026-01-06,insurance,latam,99.42
2026-01-07,rent,us,484.36
2026-01-07,rent,eu,484.35
2026-01-07,rent,apac,484.35
2026-01-07,rent,latam,484.35
2026-01-07,software_licenses,us,394.36
2026-01-07,software_licenses,eu,394.36
2026-01-07,software_licenses,apac,394.36
2026-01-07,software_licenses,latam,394.35
2026-01-07,logistics,us,1905.52
2026-01-07,logistics,eu,843.95
2026-01-07,logistics,apac,378.36
2026-01-07,logistics,latam,271.67
2026-01-07,packaging,us,474.8
2026-01-07,packaging,eu,189.06
2026-01-07,packaging,apac,86.19
2026-01-07,packaging,latam,73.66
2026-01-07,payment_processing_fees,us,419.82
2026-01-07,payment_processing_fees,eu,419.82
2026-01-07,payment_processing_fees,apac,419.82
2026-01-07,payment_processing_fees,latam,419.82
2026-01-07,customer_support_tooling,us,163.47
2026-01-07,customer_support_tooling,eu,163.46
2026-01-07,customer_support_tooling,apac,163.46
2026-01-07,customer_support_tooling,latam,163.46
2026-01-07,insurance,us,97.24
2026-01-07,insurance,eu,97.23
2026-01-07,insurance,apac,97.23
2026-01-07,insurance,latam,97.23
2026-01-08,rent,us,489.67
2026-01-08,rent,eu,489.67
2026-01-08,rent,apac,489.66
2026-01-08,rent,latam,489.66
2026-01-08,software_licenses,us,392.65
2026-01-08,software_licenses,eu,392.65
2026-01-08,software_licenses,apac,392.65
2026-01-08,software_licenses,latam,392.64
2026-01-08,logistics,us,2113.68
2026-01-08,logistics,eu,767.16
2026-01-08,logistics,apac,348.61
2026-01-08,logistics,latam,338.95
2026-01-08,packaging,us,508.79
2026-01-08,packaging,eu,208.51
2026-01-08,packaging,apac,86.7
2026-01-08,packaging,latam,71.21
2026-01-08,payment_processing_fees,us,404.20
2026-01-08,payment_processing_fees,eu,404.20
2026-01-08,payment_processing_fees,apac,404.19
2026-01-08,payment_processing_fees,latam,404.19
2026-01-08,customer_support_tooling,us,157.01
2026-01-08,customer_support_tooling,eu,157.01
2026-01-08,customer_support_tooling,apac,157.01
2026-01-08,customer_support_tooling,latam,157.01
2026-01-08,insurance,us,104.18
2026-01-08,insurance,eu,104.17
2026-01-08,insurance,apac,104.17
2026-01-08,insurance,latam,104.17
2026-01-09,rent,us,532.24
2026-01-09,rent,eu,532.24
2026-01-09,rent,apac,532.24
2026-01-09,rent,latam,532.24
2026-01-09,software_licenses,us,334.37
2026-01-09,software_licenses,eu,334.37
2026-01-09,software_licenses,apac,334.36
2026-01-09,software_licenses,latam,334.36
2026-01-09,logistics,us,1894.47
2026-01-09,logistics,eu,837.48
2026-01-09,logistics,apac,394.87
2026-01-09,logistics,latam,306.69
2026-01-09,packaging,us,457.6
2026-01-09,packaging,eu,188.63
2026-01-09,packaging,apac,78.12
2026-01-09,packaging,latam,73.07
2026-01-09,payment_processing_fees,us,421.31
2026-01-09,payment_processing_fees,eu,421.31
2026-01-09,payment_processing_fees,apac,421.31
2026-01-09,payment_processing_fees,latam,421.31
2026-01-09,customer_support_tooling,us,144.89
2026-01-09,customer_support_tooling,eu,144.89
2026-01-09,customer_support_tooling,apac,144.89
2026-01-09,customer_support_tooling,latam,144.89
2026-01-09,insurance,us,115.02
2026-01-09,insurance,eu,115.02
2026-01-09,insurance,apac,115.02
2026-01-09,insurance,latam,115.02
2026-01-10,rent,us,455.75
2026-01-10,rent,eu,455.75
2026-01-10,rent,apac,455.75
2026-01-10,rent,latam,455.75
2026-01-10,software_licenses,us,345.89
2026-01-10,software_licenses,eu,345.88
2026-01-10,software_licenses,apac,345.88
2026-01-10,software_licenses,latam,345.88
2026-01-10,logistics,us,1902.63
2026-01-10,logistics,eu,761.17
2026-01-10,logistics,apac,375.39
2026-01-10,logistics,latam,298.24
2026-01-10,packaging,us,479.48
2026-01-10,packaging,eu,185.74
2026-01-10,packaging,apac,80.42
2026-01-10,packaging,latam,77.63
2026-01-10,payment_processing_fees,us,381.99
2026-01-10,payment_processing_fees,eu,381.99
2026-01-10,payment_processing_fees,apac,381.99
2026-01-10,payment_processing_fees,latam,381.99
2026-01-10,customer_support_tooling,us,151.71
2026-01-10,customer_support_tooling,eu,151.70
2026-01-10,customer_support_tooling,apac,151.70
2026-01-10,customer_support_tooling,latam,151.70
2026-01-10,insurance,us,102.05
2026-01-10,insurance,eu,102.05
2026-01-10,insurance,apac,102.04
2026-01-10,insurance,latam,102.04
2026-01-11,rent,us,499.61
2026-01-11,rent,eu,499.61
2026-01-11,rent,apac,499.61
2026-01-11,rent,latam,499.61
2026-01-11,software_licenses,us,341.83
2026-01-11,software_licenses,eu,341.83
2026-01-11,software_licenses,apac,341.83
2026-01-11,software_licenses,latam,341.83
2026-01-11,logistics,us,1986.94
2026-01-11,logistics,eu,892.41
2026-01-11,logistics,apac,356.78
2026-01-11,logistics,latam,337.07
2026-01-11,packaging,us,460.31
2026-01-11,packaging,eu,175.86
2026-01-11,packaging,apac,89.82
2026-01-11,packaging,latam,64.71
2026-01-11,payment_processing_fees,us,421.45
2026-01-11,payment_processing_fees,eu,421.45
2026-01-11,payment_processing_fees,apac,421.45
2026-01-11,payment_processing_fees,latam,421.44
2026-01-11,customer_support_tooling,us,157.18
2026-01-11,customer_support_tooling,eu,157.18
2026-01-11,customer_support_tooling,apac,157.18
2026-01-11,customer_support_tooling,latam,157.17
2026-01-11,insurance,us,108.76
2026-01-11,insurance,eu,108.75
2026-01-11,insurance,apac,108.75
2026-01-11,insurance,latam,108.75
2026-01-12,rent,us,501.54
2026-01-12,rent,eu,501.53
2026-01-12,rent,apac,501.53
2026-01-12,rent,latam,501.53
2026-01-12,software_licenses,us,338.28
2026-01-12,software_licenses,eu,338.28
2026-01-12,software_licenses,apac,338.27
2026-01-12,software_licenses,latam,338.27
2026-01-12,logistics,us,2052.49
2026-01-12,logistics,eu,816.55
2026-01-12,logistics,apac,375.5
2026-01-12,logistics,latam,311.99
2026-01-12,packaging,us,480.16
2026-01-12,packaging,eu,167.44
2026-01-12,packaging,apac,79.03
2026-01-12,packaging,latam,68.4
2026-01-12,payment_processing_fees,us,450.10
2026-01-12,payment_processing_fees,eu,450.10
2026-01-12,payment_processing_fees,apac,450.10
2026-01-12,payment_processing_fees,latam,450.09
2026-01-12,customer_support_tooling,us,151.45
2026-01-12,customer_support_tooling,eu,151.45
2026-01-12,customer_support_tooling,apac,151.45
2026-01-12,customer_support_tooling,latam,151.45
2026-01-12,insurance,us,105.89
2026-01-12,insurance,eu,105.88
2026-01-12,insurance,apac,105.88
2026-01-12,insurance,latam,105.88
2026-01-13,rent,us,489.01
2026-01-13,rent,eu,489.01
2026-01-13,rent,apac,489.01
2026-01-13,rent,latam,489.00
2026-01-13,software_licenses,us,380.75
2026-01-13,software_licenses,eu,380.74
2026-01-13,software_licenses,apac,380.74
2026-01-13,software_licenses,latam,380.74
2026-01-13,logistics,us,1894.91
2026-01-13,logistics,eu,786.81
2026-01-13,logistics,apac,344.33
2026-01-13,logistics,latam,324.24
2026-01-13,packaging,us,547.13
2026-01-13,packaging,eu,209.49
2026-01-13,packaging,apac,89.5
2026-01-13,packaging,latam,74.03
2026-01-13,payment_processing_fees,us,407.03
2026-01-13,payment_processing_fees,eu,407.03
2026-01-13,payment_processing_fees,apac,407.03
2026-01-13,payment_processing_fees,latam,407.03
2026-01-13,customer_support_tooling,us,140.40
2026-01-13,customer_support_tooling,eu,140.40
2026-01-13,customer_support_tooling,apac,140.39
2026-01-13,customer_support_tooling,latam,140.39
2026-01-13,insurance,us,94.11
2026-01-13,insurance,eu,94.11
2026-01-13,insurance,apac,94.10
2026-01-13,insurance,latam,94.10
2026-01-14,rent,us,480.05
2026-01-14,rent,eu,480.05
2026-01-14,rent,apac,480.04
2026-01-14,rent,latam,480.04
2026-01-14,software_licenses,us,370.38
2026-01-14,software_licenses,eu,370.38
2026-01-14,software_licenses,apac,370.37
2026-01-14,software_licenses,latam,370.37
2026-01-14,logistics,us,1933.27
2026-01-14,logistics,eu,780.68
2026-01-14,logistics,apac,334.87
2026-01-14,logistics,latam,347.62
2026-01-14,packaging,us,471.07
2026-01-14,packaging,eu,189.5
2026-01-14,packaging,apac,83.6
2026-01-14,packaging,latam,74.38
2026-01-14,payment_processing_fees,us,400.20
2026-01-14,payment_processing_fees,eu,400.20
2026-01-14,payment_processing_fees,apac,400.20
2026-01-14,payment_processing_fees,latam,400.19
2026-01-14,customer_support_tooling,us,140.10
2026-01-14,customer_support_tooling,eu,140.10
2026-01-14,customer_support_tooling,apac,140.09
2026-01-14,customer_support_tooling,latam,140.09
2026-01-14,insurance,us,100.56
2026-01-14,insurance,eu,100.56
2026-01-14,insurance,apac,100.56
2026-01-14,insurance,latam,100.56
2026-01-15,rent,us,474.75
2026-01-15,rent,eu,474.75
2026-01-15,rent,apac,474.74
2026-01-15,rent,latam,474.74
2026-01-15,software_licenses,us,366.32
2026-01-15,software_licenses,eu,366.32
2026-01-15,software_licenses,apac,366.31
2026-01-15,software_licenses,latam,366.31
2026-01-15,logistics,us,2074.73
2026-01-15,logistics,eu,775.19
2026-01-15,logistics,apac,356.45
2026-01-15,logistics,latam,301.17
2026-01-15,packaging,us,409.2
2026-01-15,packaging,eu,208.54
2026-01-15,packaging,apac,90.17
2026-01-15,packaging,latam,73.12
2026-01-15,payment_processing_fees,us,414.76
2026-01-15,payment_processing_fees,eu,414.75
2026-01-15,payment_processing_fees,apac,414.75
2026-01-15,payment_processing_fees,latam,414.75
2026-01-15,customer_support_tooling,us,171.58
2026-01-15,customer_support_tooling,eu,171.58
2026-01-15,customer_support_tooling,apac,171.58
2026-01-15,customer_support_tooling,latam,171.58
2026-01-15,insurance,us,96.65
2026-01-15,insurance,eu,96.64
2026-01-15,insurance,apac,96.64
2026-01-15,insurance,latam,96.64
2026-01-16,rent,us,448.51
2026-01-16,rent,eu,448.51
2026-01-16,rent,apac,448.50
2026-01-16,rent,latam,448.50
2026-01-16,software_licenses,us,357.93
2026-01-16,software_licenses,eu,357.93
2026-01-16,software_licenses,apac,357.93
2026-01-16,software_licenses,latam,357.93
2026-01-16,logistics,us,1933.95
2026-01-16,logistics,eu,803.77
2026-01-16,logistics,apac,328.83
2026-01-16,logistics,latam,304.44
2026-01-16,packaging,us,497.34
2026-01-16,packaging,eu,188.55
2026-01-16,packaging,apac,97.11
2026-01-16,packaging,latam,70.85
2026-01-16,payment_processing_fees,us,482.68
2026-01-16,payment_processing_fees,eu,482.68
2026-01-16,payment_processing_fees,apac,482.68
2026-01-16,payment_processing_fees,latam,482.68
2026-01-16,customer_support_tooling,us,151.71
2026-01-16,customer_support_tooling,eu,151.70
2026-01-16,customer_support_tooling,apac,151.70
2026-01-16,customer_support_tooling,latam,151.70
2026-01-16,insurance,us,102.25
2026-01-16,insurance,eu,102.24
2026-01-16,insurance,apac,102.24
2026-01-16,insurance,latam,102.24
2026-01-17,rent,us,471.79
2026-01-17,rent,eu,471.79
2026-01-17,rent,apac,471.79
2026-01-17,rent,latam,471.78
2026-01-17,software_licenses,us,357.89
2026-01-17,software_licenses,eu,357.89
2026-01-17,software_licenses,apac,357.89
2026-01-17,software_licenses,latam,357.89
2026-01-17,logistics,us,1886.46
2026-01-17,logistics,eu,905.84
2026-01-17,logistics,apac,368.34
2026-01-17,logistics,latam,326.88
2026-01-17,packaging,us,478.78
2026-01-17,packaging,eu,203.12
2026-01-17,packaging,apac,77.51
2026-01-17,packaging,latam,85.56
2026-01-17,payment_processing_fees,us,400.15
2026-01-17,payment_processing_fees,eu,400.14
2026-01-17,payment_processing_fees,apac,400.14
2026-01-17,payment_processing_fees,latam,400.14
2026-01-17,customer_support_tooling,us,161.38
2026-01-17,customer_support_tooling,eu,161.38
2026-01-17,customer_support_tooling,apac,161.37
2026-01-17,customer_support_tooling,latam,161.37
2026-01-17,insurance,us,100.39
2026-01-17,insurance,eu,100.39
2026-01-17,insurance,apac,100.39
2026-01-17,insurance,latam,100.38
2026-01-18,rent,us,467.70
2026-01-18,rent,eu,467.70
2026-01-18,rent,apac,467.69
2026-01-18,rent,latam,467.69
2026-01-18,software_licenses,us,360.68
2026-01-18,software_licenses,eu,360.67
2026-01-18,software_licenses,apac,360.67
2026-01-18,software_licenses,latam,360.67
2026-01-18,logistics,us,1860.77
2026-01-18,logistics,eu,854.47
2026-01-18,logistics,apac,322.43
2026-01-18,logistics,latam,359.54
2026-01-18,packaging,us,440.56
2026-01-18,packaging,eu,182.27
2026-01-18,packaging,apac,84.11
2026-01-18,packaging,latam,70.65
2026-01-18,payment_processing_fees,us,429.57
2026-01-18,payment_processing_fees,eu,429.56
2026-01-18,payment_processing_fees,apac,429.56
2026-01-18,payment_processing_fees,latam,429.56
2026-01-18,customer_support_tooling,us,148.39
2026-01-18,customer_support_tooling,eu,148.39
2026-01-18,customer_support_tooling,apac,148.38
2026-01-18,customer_support_tooling,latam,148.38
2026-01-18,insurance,us,101.57
2026-01-18,insurance,eu,101.56
2026-01-18,insurance,apac,101.56
2026-01-18,insurance,latam,101.56
2026-01-19,rent,us,486.10
2026-01-19,rent,eu,486.09
2026-01-19,rent,apac,486.09
2026-01-19,rent,latam,486.09
2026-01-19,software_licenses,us,357.83
2026-01-19,software_licenses,eu,357.83
2026-01-19,software_licenses,apac,357.83
2026-01-19,software_licenses,latam,357.83
2026-01-19,logistics,us,1814.33
2026-01-19,logistics,eu,679.07
2026-01-19,logistics,apac,390.74
2026-01-19,logistics,latam,297.46
2026-01-19,packaging,us,519.89
2026-01-19,packaging,eu,203.64
2026-01-19,packaging,apac,85.51
2026-01-19,packaging,latam,83.12
2026-01-19,payment_processing_fees,us,444.30
2026-01-19,payment_processing_fees,eu,444.30
2026-01-19,payment_processing_fees,apac,444.29
2026-01-19,payment_processing_fees,latam,444.29
2026-01-19,customer_support_tooling,us,153.84
2026-01-19,customer_support_tooling,eu,153.84
2026-01-19,customer_support_tooling,apac,153.84
2026-01-19,customer_support_tooling,latam,153.84
2026-01-19,insurance,us,94.16
2026-01-19,insurance,eu,94.16
2026-01-19,insurance,apac,94.15
2026-01-19,insurance,latam,94.15
2026-01-20,rent,us,487.76
2026-01-20,rent,eu,487.76
2026-01-20,rent,apac,487.75
2026-01-20,rent,latam,487.75
2026-01-20,software_licenses,us,365.35
2026-01-20,software_licenses,eu,365.35
2026-01-20,software_licenses,apac,365.35
2026-01-20,software_licenses,latam,365.34
2026-01-20,logistics,us,1982.49
2026-01-20,logistics,eu,929.04
2026-01-20,logistics,apac,335.86
2026-01-20,logistics,latam,311.63
2026-01-20,packaging,us,526.0
2026-01-20,packaging,eu,196.5
2026-01-20,packaging,apac,84.14
2026-01-20,packaging,latam,65.51
2026-01-20,payment_processing_fees,us,444.88
2026-01-20,payment_processing_fees,eu,444.88
2026-01-20,payment_processing_fees,apac,444.88
2026-01-20,payment_processing_fees,latam,444.87
2026-01-20,customer_support_tooling,us,159.66
2026-01-20,customer_support_tooling,eu,159.66
2026-01-20,customer_support_tooling,apac,159.66
2026-01-20,customer_support_tooling,latam,159.66
2026-01-20,insurance,us,107.07
2026-01-20,insurance,eu,107.06
2026-01-20,insurance,apac,107.06
2026-01-20,insurance,latam,107.06
2026-01-21,rent,us,530.95
2026-01-21,rent,eu,530.95
2026-01-21,rent,apac,530.94
2026-01-21,rent,latam,530.94
2026-01-21,software_licenses,us,340.77
2026-01-21,software_licenses,eu,340.77
2026-01-21,software_licenses,apac,340.77
2026-01-21,software_licenses,latam,340.76
2026-01-21,logistics,us,1809.82
2026-01-21,logistics,eu,834.73
2026-01-21,logistics,apac,370.1
2026-01-21,logistics,latam,313.94
2026-01-21,packaging,us,438.49
2026-01-21,packaging,eu,208.87
2026-01-21,packaging,apac,88.08
2026-01-21,packaging,latam,82.52
2026-01-21,payment_processing_fees,us,431.61
2026-01-21,payment_processing_fees,eu,431.61
2026-01-21,payment_processing_fees,apac,431.61
2026-01-21,payment_processing_fees,latam,431.60
2026-01-21,customer_support_tooling,us,154.08
2026-01-21,customer_support_tooling,eu,154.07
2026-01-21,customer_support_tooling,apac,154.07
2026-01-21,customer_support_tooling,latam,154.07
2026-01-21,insurance,us,102.70
2026-01-21,insurance,eu,102.70
2026-01-21,insurance,apac,102.70
2026-01-21,insurance,latam,102.70
2026-01-22,rent,us,474.16
2026-01-22,rent,eu,474.16
2026-01-22,rent,apac,474.15
2026-01-22,rent,latam,474.15
2026-01-22,software_licenses,us,355.57
2026-01-22,software_licenses,eu,355.57
2026-01-22,software_licenses,apac,355.56
2026-01-22,software_licenses,latam,355.56
2026-01-22,logistics,us,1872.55
2026-01-22,logistics,eu,779.16
2026-01-22,logistics,apac,351.03
2026-01-22,logistics,latam,285.64
2026-01-22,packaging,us,386.12
2026-01-22,packaging,eu,184.94
2026-01-22,packaging,apac,91.33
2026-01-22,packaging,latam,76.41
2026-01-22,payment_processing_fees,us,440.01
2026-01-22,payment_processing_fees,eu,440.01
2026-01-22,payment_processing_fees,apac,440.00
2026-01-22,payment_processing_fees,latam,440.00
2026-01-22,customer_support_tooling,us,150.69
2026-01-22,customer_support_tooling,eu,150.69
2026-01-22,customer_support_tooling,apac,150.68
2026-01-22,customer_support_tooling,latam,150.68
2026-01-22,insurance,us,103.96
2026-01-22,insurance,eu,103.96
2026-01-22,insurance,apac,103.96
2026-01-22,insurance,latam,103.96
2026-01-23,rent,us,503.02
2026-01-23,rent,eu,503.02
2026-01-23,rent,apac,503.02
2026-01-23,rent,latam,503.01
2026-01-23,software_licenses,us,365.15
2026-01-23,software_licenses,eu,365.14
2026-01-23,software_licenses,apac,365.14
2026-01-23,software_licenses,latam,365.14
2026-01-23,logistics,us,1691.69
2026-01-23,logistics,eu,797.88
2026-01-23,logistics,apac,367.89
2026-01-23,logistics,latam,313.12
2026-01-23,packaging,us,465.54
2026-01-23,packaging,eu,189.79
2026-01-23,packaging,apac,90.88
2026-01-23,packaging,latam,74.76
2026-01-23,payment_processing_fees,us,373.58
2026-01-23,payment_processing_fees,eu,373.58
2026-01-23,payment_processing_fees,apac,373.58
2026-01-23,payment_processing_fees,latam,373.58
2026-01-23,customer_support_tooling,us,155.30
2026-01-23,customer_support_tooling,eu,155.29
2026-01-23,customer_support_tooling,apac,155.29
2026-01-23,customer_support_tooling,latam,155.29
2026-01-23,insurance,us,102.89
2026-01-23,insurance,eu,102.89
2026-01-23,insurance,apac,102.88
2026-01-23,insurance,latam,102.88
2026-01-24,rent,us,500.16
2026-01-24,rent,eu,500.16
2026-01-24,rent,apac,500.15
2026-01-24,rent,latam,500.15
2026-01-24,software_licenses,us,328.29
2026-01-24,software_licenses,eu,328.29
2026-01-24,software_licenses,apac,328.28
2026-01-24,software_licenses,latam,328.28
2026-01-24,logistics,us,1986.03
2026-01-24,logistics,eu,753.71
2026-01-24,logistics,apac,346.11
2026-01-24,logistics,latam,307.14
2026-01-24,packaging,us,440.3
2026-01-24,packaging,eu,177.61
2026-01-24,packaging,apac,77.15
2026-01-24,packaging,latam,78.95
2026-01-24,payment_processing_fees,us,375.38
2026-01-24,payment_processing_fees,eu,375.37
2026-01-24,payment_processing_fees,apac,375.37
2026-01-24,payment_processing_fees,latam,375.37
2026-01-24,customer_support_tooling,us,152.27
2026-01-24,customer_support_tooling,eu,152.26
2026-01-24,customer_support_tooling,apac,152.26
2026-01-24,customer_support_tooling,latam,152.26
2026-01-24,insurance,us,105.83
2026-01-24,insurance,eu,105.83
2026-01-24,insurance,apac,105.82
2026-01-24,insurance,latam,105.82
2026-01-25,rent,us,532.91
2026-01-25,rent,eu,532.91
2026-01-25,rent,apac,532.91
2026-01-25,rent,latam,532.91
2026-01-25,software_licenses,us,360.59
2026-01-25,software_licenses,eu,360.59
2026-01-25,software_licenses,apac,360.58
2026-01-25,software_licenses,latam,360.58
2026-01-25,logistics,us,1971.39
2026-01-25,logistics,eu,808.84
2026-01-25,logistics,apac,353.05
2026-01-25,logistics,latam,278.0
2026-01-25,packaging,us,470.38
2026-01-25,packaging,eu,179.01
2026-01-25,packaging,apac,84.0
2026-01-25,packaging,latam,78.76
2026-01-25,payment_processing_fees,us,464.06
2026-01-25,payment_processing_fees,eu,464.06
2026-01-25,payment_processing_fees,apac,464.06
2026-01-25,payment_processing_fees,latam,464.06
2026-01-25,customer_support_tooling,us,155.65
2026-01-25,customer_support_tooling,eu,155.65
2026-01-25,customer_support_tooling,apac,155.65
2026-01-25,customer_support_tooling,latam,155.64
2026-01-25,insurance,us,99.24
2026-01-25,insurance,eu,99.24
2026-01-25,insurance,apac,99.23
2026-01-25,insurance,latam,99.23
2026-01-26,rent,us,527.85
2026-01-26,rent,eu,527.84
2026-01-26,rent,apac,527.84
2026-01-26,rent,latam,527.84
2026-01-26,software_licenses,us,364.93
2026-01-26,software_licenses,eu,364.93
2026-01-26,software_licenses,apac,364.93
2026-01-26,software_licenses,latam,364.92
2026-01-26,logistics,us,1791.42
2026-01-26,logistics,eu,825.94
2026-01-26,logistics,apac,349.62
2026-01-26,logistics,latam,292.13
2026-01-26,packaging,us,490.8
2026-01-26,packaging,eu,206.65
2026-01-26,packaging,apac,91.23
2026-01-26,packaging,latam,77.41
2026-01-26,payment_processing_fees,us,405.02
2026-01-26,payment_processing_fees,eu,405.01
2026-01-26,payment_processing_fees,apac,405.01
2026-01-26,payment_processing_fees,latam,405.01
2026-01-26,customer_support_tooling,us,166.76
2026-01-26,customer_support_tooling,eu,166.76
2026-01-26,customer_support_tooling,apac,166.76
2026-01-26,customer_support_tooling,latam,166.76
2026-01-26,insurance,us,98.70
2026-01-26,insurance,eu,98.70
2026-01-26,insurance,apac,98.70
2026-01-26,insurance,latam,98.69
2026-01-27,rent,us,504.01
2026-01-27,rent,eu,504.00
2026-01-27,rent,apac,504.00
2026-01-27,rent,latam,504.00
2026-01-27,software_licenses,us,345.57
2026-01-27,software_licenses,eu,345.57
2026-01-27,software_licenses,apac,345.57
2026-01-27,software_licenses,latam,345.56
2026-01-27,logistics,us,1858.62
2026-01-27,logistics,eu,788.92
2026-01-27,logistics,apac,381.88
2026-01-27,logistics,latam,320.66
2026-01-27,packaging,us,421.78
2026-01-27,packaging,eu,196.62
2026-01-27,packaging,apac,88.19
2026-01-27,packaging,latam,73.53
2026-01-27,payment_processing_fees,us,431.35
2026-01-27,payment_processing_fees,eu,431.35
2026-01-27,payment_processing_fees,apac,431.35
2026-01-27,payment_processing_fees,latam,431.34
2026-01-27,customer_support_tooling,us,159.46
2026-01-27,customer_support_tooling,eu,159.46
2026-01-27,customer_support_tooling,apac,159.46
2026-01-27,customer_support_tooling,latam,159.46
2026-01-27,insurance,us,98.52
2026-01-27,insurance,eu,98.52
2026-01-27,insurance,apac,98.52
2026-01-27,insurance,latam,98.52
2026-01-28,rent,us,471.47
2026-01-28,rent,eu,471.47
2026-01-28,rent,apac,471.46
2026-01-28,rent,latam,471.46
2026-01-28,software_licenses,us,374.29
2026-01-28,software_licenses,eu,374.29
2026-01-28,software_licenses,apac,374.29
2026-01-28,software_licenses,latam,374.28
2026-01-28,logistics,us,1701.06
2026-01-28,logistics,eu,773.18
2026-01-28,logistics,apac,346.96
2026-01-28,logistics,latam,301.3
2026-01-28,packaging,us,437.09
2026-01-28,packaging,eu,193.74
2026-01-28,packaging,apac,81.64
2026-01-28,packaging,latam,80.85
2026-01-28,payment_processing_fees,us,453.85
2026-01-28,payment_processing_fees,eu,453.85
2026-01-28,payment_processing_fees,apac,453.85
2026-01-28,payment_processing_fees,latam,453.85
2026-01-28,customer_support_tooling,us,148.77
2026-01-28,customer_support_tooling,eu,148.77
2026-01-28,customer_support_tooling,apac,148.76
2026-01-28,customer_support_tooling,latam,148.76
2026-01-28,insurance,us,104.98
2026-01-28,insurance,eu,104.97
2026-01-28,insurance,apac,104.97
2026-01-28,insurance,latam,104.97
2026-01-29,rent,us,470.75
2026-01-29,rent,eu,470.75
2026-01-29,rent,apac,470.74
2026-01-29,rent,latam,470.74
2026-01-29,software_licenses,us,362.15
2026-01-29,software_licenses,eu,362.15
2026-01-29,software_licenses,apac,362.15
2026-01-29,software_licenses,latam,362.14
2026-01-29,logistics,us,2115.08
2026-01-29,logistics,eu,851.14
2026-01-29,logistics,apac,341.64
2026-01-29,logistics,latam,309.73
2026-01-29,packaging,us,461.51
2026-01-29,packaging,eu,196.64
2026-01-29,packaging,apac,86.36
2026-01-29,packaging,latam,77.93
2026-01-29,payment_processing_fees,us,413.01
2026-01-29,payment_processing_fees,eu,413.00
2026-01-29,payment_processing_fees,apac,413.00
2026-01-29,payment_processing_fees,latam,413.00
2026-01-29,customer_support_tooling,us,163.80
2026-01-29,customer_support_tooling,eu,163.80
2026-01-29,customer_support_tooling,apac,163.80
2026-01-29,customer_support_tooling,latam,163.80
2026-01-29,insurance,us,99.74
2026-01-29,insurance,eu,99.74
2026-01-29,insurance,apac,99.74
2026-01-29,insurance,latam,99.73
2026-01-30,rent,us,521.12
2026-01-30,rent,eu,521.12
2026-01-30,rent,apac,521.11
2026-01-30,rent,latam,521.11
2026-01-30,software_licenses,us,363.27
2026-01-30,software_licenses,eu,363.27
2026-01-30,software_licenses,apac,363.27
2026-01-30,software_licenses,latam,363.27
2026-01-30,logistics,us,2115.88
2026-01-30,logistics,eu,787.96
2026-01-30,logistics,apac,346.25
2026-01-30,logistics,latam,293.29
2026-01-30,packaging,us,474.28
2026-01-30,packaging,eu,180.29
2026-01-30,packaging,apac,86.13
2026-01-30,packaging,latam,67.82
2026-01-30,payment_processing_fees,us,435.47
2026-01-30,payment_processing_fees,eu,435.47
2026-01-30,payment_processing_fees,apac,435.47
2026-01-30,payment_processing_fees,latam,435.47
2026-01-30,customer_support_tooling,us,154.11
2026-01-30,customer_support_tooling,eu,154.10
2026-01-30,customer_support_tooling,apac,154.10
2026-01-30,customer_support_tooling,latam,154.10
2026-01-30,insurance,us,108.55
2026-01-30,insurance,eu,108.55
2026-01-30,insurance,apac,108.55
2026-01-30,insurance,latam,108.55
2026-01-31,rent,us,497.01
2026-01-31,rent,eu,497.01
2026-01-31,rent,apac,497.00
2026-01-31,rent,latam,497.00
2026-01-31,software_licenses,us,362.17
2026-01-31,software_licenses,eu,362.17
2026-01-31,software_licenses,apac,362.16
2026-01-31,software_licenses,latam,362.16
2026-01-31,logistics,us,1947.2
2026-01-31,logistics,eu,809.87
2026-01-31,logistics,apac,355.97
2026-01-31,logistics,latam,332.24
2026-01-31,packaging,us,435.01
2026-01-31,packaging,eu,208.06
2026-01-31,packaging,apac,79.08
2026-01-31,packaging,latam,73.85
2026-01-31,payment_processing_fees,us,452.78
2026-01-31,payment_processing_fees,eu,452.78
2026-01-31,payment_processing_fees,apac,452.78
2026-01-31,payment_processing_fees,latam,452.77
2026-01-31,customer_support_tooling,us,145.16
2026-01-31,customer_support_tooling,eu,145.16
2026-01-31,customer_support_tooling,apac,145.16
2026-01-31,customer_support_tooling,latam,145.15
2026-01-31,insurance,us,100.98
2026-01-31,insurance,eu,100.98
2026-01-31,insurance,apac,100.97
2026-01-31,insurance,latam,100.97
2026-02-01,rent,us,510.03
2026-02-01,rent,eu,510.03
2026-02-01,rent,apac,510.02
2026-02-01,rent,latam,510.02
2026-02-01,software_licenses,us,363.79
2026-02-01,software_licenses,eu,363.79
2026-02-01,software_licenses,apac,363.79
2026-02-01,software_licenses,latam,363.78
2026-02-01,logistics,us,1883.66
2026-02-01,logistics,eu,821.26
2026-02-01,logistics,apac,354.89
2026-02-01,logistics,latam,325.77
2026-02-01,packaging,us,512.49
2026-02-01,packaging,eu,192.48
2026-02-01,packaging,apac,87.08
2026-02-01,packaging,latam,78.98
2026-02-01,payment_processing_fees,us,404.39
2026-02-01,payment_processing_fees,eu,404.39
2026-02-01,payment_processing_fees,apac,404.39
2026-02-01,payment_processing_fees,latam,404.39
2026-02-01,customer_support_tooling,us,160.44
2026-02-01,customer_support_tooling,eu,160.44
2026-02-01,customer_support_tooling,apac,160.44
2026-02-01,customer_support_tooling,latam,160.44
2026-02-01,insurance,us,101.81
2026-02-01,insurance,eu,101.81
2026-02-01,insurance,apac,101.80
2026-02-01,insurance,latam,101.80
2026-02-02,rent,us,465.22
2026-02-02,rent,eu,465.21
2026-02-02,rent,apac,465.21
2026-02-02,rent,latam,465.21
2026-02-02,software_licenses,us,351.08
2026-02-02,software_licenses,eu,351.08
2026-02-02,software_licenses,apac,351.08
2026-02-02,software_licenses,latam,351.08
2026-02-02,logistics,us,1940.69
2026-02-02,logistics,eu,944.5
2026-02-02,logistics,apac,381.28
2026-02-02,logistics,latam,348.57
2026-02-02,packaging,us,411.56
2026-02-02,packaging,eu,189.54
2026-02-02,packaging,apac,91.52
2026-02-02,packaging,latam,86.24
2026-02-02,payment_processing_fees,us,373.41
2026-02-02,payment_processing_fees,eu,373.41
2026-02-02,payment_processing_fees,apac,373.40
2026-02-02,payment_processing_fees,latam,373.40
2026-02-02,customer_support_tooling,us,143.58
2026-02-02,customer_support_tooling,eu,143.58
2026-02-02,customer_support_tooling,apac,143.57
2026-02-02,customer_support_tooling,latam,143.57
2026-02-02,insurance,us,101.05
2026-02-02,insurance,eu,101.05
2026-02-02,insurance,apac,101.04
2026-02-02,insurance,latam,101.04
2026-02-03,rent,us,527.40
2026-02-03,rent,eu,527.40
2026-02-03,rent,apac,527.40
2026-02-03,rent,latam,527.40
2026-02-03,software_licenses,us,313.58
2026-02-03,software_licenses,eu,313.58
2026-02-03,software_licenses,apac,313.57
2026-02-03,software_licenses,latam,313.57
2026-02-03,logistics,us,2068.69
2026-02-03,logistics,eu,857.29
2026-02-03,logistics,apac,378.36
2026-02-03,logistics,latam,304.11
2026-02-03,packaging,us,485.31
2026-02-03,packaging,eu,186.85
2026-02-03,packaging,apac,86.57
2026-02-03,packaging,latam,69.76
2026-02-03,payment_processing_fees,us,433.56
2026-02-03,payment_processing_fees,eu,433.56
2026-02-03,payment_processing_fees,apac,433.56
2026-02-03,payment_processing_fees,latam,433.56
2026-02-03,customer_support_tooling,us,156.60
2026-02-03,customer_support_tooling,eu,156.60
2026-02-03,customer_support_tooling,apac,156.60
2026-02-03,customer_support_tooling,latam,156.60
2026-02-03,insurance,us,111.59
2026-02-03,insurance,eu,111.58
2026-02-03,insurance,apac,111.58
2026-02-03,insurance,latam,111.58
2026-02-04,rent,us,482.30
2026-02-04,rent,eu,482.30
2026-02-04,rent,apac,482.29
2026-02-04,rent,latam,482.29
2026-02-04,software_licenses,us,303.07
2026-02-04,software_licenses,eu,303.06
2026-02-04,software_licenses,apac,303.06
2026-02-04,software_licenses,latam,303.06
2026-02-04,logistics,us,1783.97
2026-02-04,logistics,eu,781.45
2026-02-04,logistics,apac,366.76
2026-02-04,logistics,latam,272.8
2026-02-04,packaging,us,448.94
2026-02-04,packaging,eu,175.85
2026-02-04,packaging,apac,89.91
2026-02-04,packaging,latam,77.54
2026-02-04,payment_processing_fees,us,436.84
2026-02-04,payment_processing_fees,eu,436.83
2026-02-04,payment_processing_fees,apac,436.83
2026-02-04,payment_processing_fees,latam,436.83
2026-02-04,customer_support_tooling,us,152.73
2026-02-04,customer_support_tooling,eu,152.73
2026-02-04,customer_support_tooling,apac,152.73
2026-02-04,customer_support_tooling,latam,152.73
2026-02-04,insurance,us,97.33
2026-02-04,insurance,eu,97.33
2026-02-04,insurance,apac,97.33
2026-02-04,insurance,latam,97.33
2026-02-05,rent,us,494.83
2026-02-05,rent,eu,494.83
2026-02-05,rent,apac,494.83
2026-02-05,rent,latam,494.82
2026-02-05,software_licenses,us,347.46
2026-02-05,software_licenses,eu,347.45
2026-02-05,software_licenses,apac,347.45
2026-02-05,software_licenses,latam,347.45
2026-02-05,logistics,us,1975.07
2026-02-05,logistics,eu,871.87
2026-02-05,logistics,apac,368.02
2026-02-05,logistics,latam,314.49
2026-02-05,packaging,us,427.57
2026-02-05,packaging,eu,220.05
2026-02-05,packaging,apac,80.2
2026-02-05,packaging,latam,63.08
2026-02-05,payment_processing_fees,us,420.14
2026-02-05,payment_processing_fees,eu,420.13
2026-02-05,payment_processing_fees,apac,420.13
2026-02-05,payment_processing_fees,latam,420.13
2026-02-05,customer_support_tooling,us,161.88
2026-02-05,customer_support_tooling,eu,161.88
2026-02-05,customer_support_tooling,apac,161.88
2026-02-05,customer_support_tooling,latam,161.87
2026-02-05,insurance,us,96.51
2026-02-05,insurance,eu,96.51
2026-02-05,insurance,apac,96.51
2026-02-05,insurance,latam,96.50
2026-02-06,rent,us,536.18
2026-02-06,rent,eu,536.18
2026-02-06,rent,apac,536.18
2026-02-06,rent,latam,536.17
2026-02-06,software_licenses,us,342.22
2026-02-06,software_licenses,eu,342.22
2026-02-06,software_licenses,apac,342.22
2026-02-06,software_licenses,latam,342.21
2026-02-06,logistics,us,1978.87
2026-02-06,logistics,eu,751.45
2026-02-06,logistics,apac,336.41
2026-02-06,logistics,latam,297.89
2026-02-06,packaging,us,441.18
2026-02-06,packaging,eu,181.5
2026-02-06,packaging,apac,85.23
2026-02-06,packaging,latam,75.37
2026-02-06,payment_processing_fees,us,420.91
2026-02-06,payment_processing_fees,eu,420.90
2026-02-06,payment_processing_fees,apac,420.90
2026-02-06,payment_processing_fees,latam,420.90
2026-02-06,customer_support_tooling,us,150.37
2026-02-06,customer_support_tooling,eu,150.37
2026-02-06,customer_support_tooling,apac,150.37
2026-02-06,customer_support_tooling,latam,150.36
2026-02-06,insurance,us,105.22
2026-02-06,insurance,eu,105.22
2026-02-06,insurance,apac,105.22
2026-02-06,insurance,latam,105.21
2026-02-07,rent,us,513.33
2026-02-07,rent,eu,513.33
2026-02-07,rent,apac,513.32
2026-02-07,rent,latam,513.32
2026-02-07,software_licenses,us,356.13
2026-02-07,software_licenses,eu,356.13
2026-02-07,software_licenses,apac,356.13
2026-02-07,software_licenses,latam,356.12
2026-02-07,logistics,us,1776.33
2026-02-07,logistics,eu,793.73
2026-02-07,logistics,apac,312.85
2026-02-07,logistics,latam,320.67
2026-02-07,packaging,us,440.04
2026-02-07,packaging,eu,187.43
2026-02-07,packaging,apac,83.85
2026-02-07,packaging,latam,85.01
2026-02-07,payment_processing_fees,us,463.95
2026-02-07,payment_processing_fees,eu,463.95
2026-02-07,payment_processing_fees,apac,463.94
2026-02-07,payment_processing_fees,latam,463.94
2026-02-07,customer_support_tooling,us,157.58
2026-02-07,customer_support_tooling,eu,157.58
2026-02-07,customer_support_tooling,apac,157.58
2026-02-07,customer_support_tooling,latam,157.57
2026-02-07,insurance,us,100.80
2026-02-07,insurance,eu,100.79
2026-02-07,insurance,apac,100.79
2026-02-07,insurance,latam,100.79
2026-02-08,rent,us,518.10
2026-02-08,rent,eu,518.09
2026-02-08,rent,apac,518.09
2026-02-08,rent,latam,518.09
2026-02-08,software_licenses,us,365.75
2026-02-08,software_licenses,eu,365.75
2026-02-08,software_licenses,apac,365.75
2026-02-08,software_licenses,latam,365.74
2026-02-08,logistics,us,1890.65
2026-02-08,logistics,eu,858.76
2026-02-08,logistics,apac,343.48
2026-02-08,logistics,latam,316.93
2026-02-08,packaging,us,493.94
2026-02-08,packaging,eu,210.38
2026-02-08,packaging,apac,65.07
2026-02-08,packaging,latam,78.52
2026-02-08,payment_processing_fees,us,441.70
2026-02-08,payment_processing_fees,eu,441.69
2026-02-08,payment_processing_fees,apac,441.69
2026-02-08,payment_processing_fees,latam,441.69
2026-02-08,customer_support_tooling,us,165.85
2026-02-08,customer_support_tooling,eu,165.84
2026-02-08,customer_support_tooling,apac,165.84
2026-02-08,customer_support_tooling,latam,165.84
2026-02-08,insurance,us,93.60
2026-02-08,insurance,eu,93.59
2026-02-08,insurance,apac,93.59
2026-02-08,insurance,latam,93.59
2026-02-09,rent,us,465.72
2026-02-09,rent,eu,465.72
2026-02-09,rent,apac,465.72
2026-02-09,rent,latam,465.71
2026-02-09,software_licenses,us,356.91
2026-02-09,software_licenses,eu,356.91
2026-02-09,software_licenses,apac,356.91
2026-02-09,software_licenses,latam,356.91
2026-02-09,logistics,us,1791.2
2026-02-09,logistics,eu,852.52
2026-02-09,logistics,apac,386.05
2026-02-09,logistics,latam,316.93
2026-02-09,packaging,us,449.16
2026-02-09,packaging,eu,186.83
2026-02-09,packaging,apac,86.99
2026-02-09,packaging,latam,82.95
2026-02-09,payment_processing_fees,us,400.69
2026-02-09,payment_processing_fees,eu,400.69
2026-02-09,payment_processing_fees,apac,400.69
2026-02-09,payment_processing_fees,latam,400.68
2026-02-09,customer_support_tooling,us,156.37
2026-02-09,customer_support_tooling,eu,156.37
2026-02-09,customer_support_tooling,apac,156.37
2026-02-09,customer_support_tooling,latam,156.37
2026-02-09,insurance,us,97.43
2026-02-09,insurance,eu,97.43
2026-02-09,insurance,apac,97.43
2026-02-09,insurance,latam,97.43
2026-02-10,rent,us,515.87
2026-02-10,rent,eu,515.87
2026-02-10,rent,apac,515.86
2026-02-10,rent,latam,515.86
2026-02-10,software_licenses,us,374.55
2026-02-10,software_licenses,eu,374.55
2026-02-10,software_licenses,apac,374.55
2026-02-10,software_licenses,latam,374.54
2026-02-10,logistics,us,2108.34
2026-02-10,logistics,eu,826.96
2026-02-10,logistics,apac,343.34
2026-02-10,logistics,latam,311.23
2026-02-10,packaging,us,382.51
2026-02-10,packaging,eu,163.7
2026-02-10,packaging,apac,83.42
2026-02-10,packaging,latam,70.62
2026-02-10,payment_processing_fees,us,417.16
2026-02-10,payment_processing_fees,eu,417.16
2026-02-10,payment_processing_fees,apac,417.16
2026-02-10,payment_processing_fees,latam,417.16
2026-02-10,customer_support_tooling,us,158.05
2026-02-10,customer_support_tooling,eu,158.05
2026-02-10,customer_support_tooling,apac,158.05
2026-02-10,customer_support_tooling,latam,158.05
2026-02-10,insurance,us,111.49
2026-02-10,insurance,eu,111.49
2026-02-10,insurance,apac,111.49
2026-02-10,insurance,latam,111.48
2026-02-11,rent,us,506.54
2026-02-11,rent,eu,506.53
2026-02-11,rent,apac,506.53
2026-02-11,rent,latam,506.53
2026-02-11,software_licenses,us,357.83
2026-02-11,software_licenses,eu,357.83
2026-02-11,software_licenses,apac,357.83
2026-02-11,software_licenses,latam,357.83
2026-02-11,logistics,us,2218.36
2026-02-11,logistics,eu,828.45
2026-02-11,logistics,apac,365.97
2026-02-11,logistics,latam,328.67
2026-02-11,packaging,us,489.08
2026-02-11,packaging,eu,201.4
2026-02-11,packaging,apac,83.03
2026-02-11,packaging,latam,70.21
2026-02-11,payment_processing_fees,us,447.74
2026-02-11,payment_processing_fees,eu,447.74
2026-02-11,payment_processing_fees,apac,447.73
2026-02-11,payment_processing_fees,latam,447.73
2026-02-11,customer_support_tooling,us,143.98
2026-02-11,customer_support_tooling,eu,143.98
2026-02-11,customer_support_tooling,apac,143.98
2026-02-11,customer_support_tooling,latam,143.97
2026-02-11,insurance,us,98.55
2026-02-11,insurance,eu,98.55
2026-02-11,insurance,apac,98.54
2026-02-11,insurance,latam,98.54
2026-02-12,rent,us,506.02
2026-02-12,rent,eu,506.02
2026-02-12,rent,apac,506.02
2026-02-12,rent,latam,506.02
2026-02-12,software_licenses,us,361.99
2026-02-12,software_licenses,eu,361.99
2026-02-12,software_licenses,apac,361.99
2026-02-12,software_licenses,latam,361.98
2026-02-12,logistics,us,1922.85
2026-02-12,logistics,eu,659.42
2026-02-12,logistics,apac,371.25
2026-02-12,logistics,latam,323.85
2026-02-12,packaging,us,522.26
2026-02-12,packaging,eu,177.02
2026-02-12,packaging,apac,87.1
2026-02-12,packaging,latam,76.24
2026-02-12,payment_processing_fees,us,427.67
2026-02-12,payment_processing_fees,eu,427.67
2026-02-12,payment_processing_fees,apac,427.67
2026-02-12,payment_processing_fees,latam,427.67
2026-02-12,customer_support_tooling,us,172.19
2026-02-12,customer_support_tooling,eu,172.19
2026-02-12,customer_support_tooling,apac,172.19
2026-02-12,customer_support_tooling,latam,172.18
2026-02-12,insurance,us,104.61
2026-02-12,insurance,eu,104.61
2026-02-12,insurance,apac,104.60
2026-02-12,insurance,latam,104.60
2026-02-13,rent,us,479.89
2026-02-13,rent,eu,479.89
2026-02-13,rent,apac,479.89
2026-02-13,rent,latam,479.89
2026-02-13,software_licenses,us,355.15
2026-02-13,software_licenses,eu,355.15
2026-02-13,software_licenses,apac,355.14
2026-02-13,software_licenses,latam,355.14
2026-02-13,logistics,us,1851.93
2026-02-13,logistics,eu,813.14
2026-02-13,logistics,apac,325.3
2026-02-13,logistics,latam,314.89
2026-02-13,packaging,us,457.72
2026-02-13,packaging,eu,185.99
2026-02-13,packaging,apac,84.21
2026-02-13,packaging,latam,72.57
2026-02-13,payment_processing_fees,us,407.07
2026-02-13,payment_processing_fees,eu,407.06
2026-02-13,payment_processing_fees,apac,407.06
2026-02-13,payment_processing_fees,latam,407.06
2026-02-13,customer_support_tooling,us,160.70
2026-02-13,customer_support_tooling,eu,160.69
2026-02-13,customer_support_tooling,apac,160.69
2026-02-13,customer_support_tooling,latam,160.69
2026-02-13,insurance,us,104.03
2026-02-13,insurance,eu,104.03
2026-02-13,insurance,apac,104.03
2026-02-13,insurance,latam,104.03
2026-02-14,rent,us,428.93
2026-02-14,rent,eu,428.93
2026-02-14,rent,apac,428.93
2026-02-14,rent,latam,428.93
2026-02-14,software_licenses,us,368.34
2026-02-14,software_licenses,eu,368.34
2026-02-14,software_licenses,apac,368.33
2026-02-14,software_licenses,latam,368.33
2026-02-14,logistics,us,1957.98
2026-02-14,logistics,eu,812.48
2026-02-14,logistics,apac,388.78
2026-02-14,logistics,latam,322.87
2026-02-14,packaging,us,449.27
2026-02-14,packaging,eu,195.85
2026-02-14,packaging,apac,78.58
2026-02-14,packaging,latam,81.4
2026-02-14,payment_processing_fees,us,456.29
2026-02-14,payment_processing_fees,eu,456.28
2026-02-14,payment_processing_fees,apac,456.28
2026-02-14,payment_processing_fees,latam,456.28
2026-02-14,customer_support_tooling,us,151.46
2026-02-14,customer_support_tooling,eu,151.45
2026-02-14,customer_support_tooling,apac,151.45
2026-02-14,customer_support_tooling,latam,151.45
2026-02-14,insurance,us,93.70
2026-02-14,insurance,eu,93.70
2026-02-14,insurance,apac,93.70
2026-02-14,insurance,latam,93.69
2026-02-15,rent,us,487.71
2026-02-15,rent,eu,487.71
2026-02-15,rent,apac,487.70
2026-02-15,rent,latam,487.70
2026-02-15,software_licenses,us,362.69
2026-02-15,software_licenses,eu,362.69
2026-02-15,software_licenses,apac,362.69
2026-02-15,software_licenses,latam,362.69
2026-02-15,logistics,us,1736.14
2026-02-15,logistics,eu,917.14
2026-02-15,logistics,apac,332.2
2026-02-15,logistics,latam,333.47
2026-02-15,packaging,us,438.03
2026-02-15,packaging,eu,193.53
2026-02-15,packaging,apac,87.7
2026-02-15,packaging,latam,73.3
2026-02-15,payment_processing_fees,us,396.95
2026-02-15,payment_processing_fees,eu,396.95
2026-02-15,payment_processing_fees,apac,396.95
2026-02-15,payment_processing_fees,latam,396.94
2026-02-15,customer_support_tooling,us,166.70
2026-02-15,customer_support_tooling,eu,166.69
2026-02-15,customer_support_tooling,apac,166.69
2026-02-15,customer_support_tooling,latam,166.69
2026-02-15,insurance,us,97.94
2026-02-15,insurance,eu,97.94
2026-02-15,insurance,apac,97.93
2026-02-15,insurance,latam,97.93
2026-02-16,rent,us,516.32
2026-02-16,rent,eu,516.32
2026-02-16,rent,apac,516.32
2026-02-16,rent,latam,516.32
2026-02-16,software_licenses,us,361.90
2026-02-16,software_licenses,eu,361.90
2026-02-16,software_licenses,apac,361.90
2026-02-16,software_licenses,latam,361.89
2026-02-16,logistics,us,1971.28
2026-02-16,logistics,eu,797.59
2026-02-16,logistics,apac,350.17
2026-02-16,logistics,latam,330.15
2026-02-16,packaging,us,444.73
2026-02-16,packaging,eu,177.27
2026-02-16,packaging,apac,83.04
2026-02-16,packaging,latam,74.5
2026-02-16,payment_processing_fees,us,382.80
2026-02-16,payment_processing_fees,eu,382.80
2026-02-16,payment_processing_fees,apac,382.80
2026-02-16,payment_processing_fees,latam,382.79
2026-02-16,customer_support_tooling,us,162.98
2026-02-16,customer_support_tooling,eu,162.98
2026-02-16,customer_support_tooling,apac,162.97
2026-02-16,customer_support_tooling,latam,162.97
2026-02-16,insurance,us,107.57
2026-02-16,insurance,eu,107.56
2026-02-16,insurance,apac,107.56
2026-02-16,insurance,latam,107.56
2026-02-17,rent,us,478.45
2026-02-17,rent,eu,478.44
2026-02-17,rent,apac,478.44
2026-02-17,rent,latam,478.44
2026-02-17,software_licenses,us,335.27
2026-02-17,software_licenses,eu,335.27
2026-02-17,software_licenses,apac,335.26
2026-02-17,software_licenses,latam,335.26
2026-02-17,logistics,us,2036.27
2026-02-17,logistics,eu,766.57
2026-02-17,logistics,apac,351.03
2026-02-17,logistics,latam,303.11
2026-02-17,packaging,us,474.4
2026-02-17,packaging,eu,186.75
2026-02-17,packaging,apac,80.97
2026-02-17,packaging,latam,69.95
2026-02-17,payment_processing_fees,us,474.76
2026-02-17,payment_processing_fees,eu,474.75
2026-02-17,payment_processing_fees,apac,474.75
2026-02-17,payment_processing_fees,latam,474.75
2026-02-17,customer_support_tooling,us,159.22
2026-02-17,customer_support_tooling,eu,159.22
2026-02-17,customer_support_tooling,apac,159.22
2026-02-17,customer_support_tooling,latam,159.22
2026-02-17,insurance,us,101.66
2026-02-17,insurance,eu,101.66
2026-02-17,insurance,apac,101.66
2026-02-17,insurance,latam,101.66
2026-02-18,rent,us,471.77
2026-02-18,rent,eu,471.77
2026-02-18,rent,apac,471.76
2026-02-18,rent,latam,471.76
2026-02-18,software_licenses,us,367.32
2026-02-18,software_licenses,eu,367.32
2026-02-18,software_licenses,apac,367.32
2026-02-18,software_licenses,latam,367.31
2026-02-18,logistics,us,1883.91
2026-02-18,logistics,eu,763.92
2026-02-18,logistics,apac,372.77
2026-02-18,logistics,latam,318.57
2026-02-18,packaging,us,522.18
2026-02-18,packaging,eu,201.75
2026-02-18,packaging,apac,94.55
2026-02-18,packaging,latam,73.43
2026-02-18,payment_processing_fees,us,416.21
2026-02-18,payment_processing_fees,eu,416.21
2026-02-18,payment_processing_fees,apac,416.21
2026-02-18,payment_processing_fees,latam,416.21
2026-02-18,customer_support_tooling,us,142.95
2026-02-18,customer_support_tooling,eu,142.95
2026-02-18,customer_support_tooling,apac,142.94
2026-02-18,customer_support_tooling,latam,142.94
2026-02-18,insurance,us,111.63
2026-02-18,insurance,eu,111.62
2026-02-18,insurance,apac,111.62
2026-02-18,insurance,latam,111.62
2026-02-19,rent,us,511.66
2026-02-19,rent,eu,511.65
2026-02-19,rent,apac,511.65
2026-02-19,rent,latam,511.65
2026-02-19,software_licenses,us,366.07
2026-02-19,software_licenses,eu,366.07
2026-02-19,software_licenses,apac,366.07
2026-02-19,software_licenses,latam,366.06
2026-02-19,logistics,us,1977.27
2026-02-19,logistics,eu,806.34
2026-02-19,logistics,apac,375.14
2026-02-19,logistics,latam,316.54
2026-02-19,packaging,us,466.69
2026-02-19,packaging,eu,180.12
2026-02-19,packaging,apac,87.23
2026-02-19,packaging,latam,68.15
2026-02-19,payment_processing_fees,us,420.73
2026-02-19,payment_processing_fees,eu,420.73
2026-02-19,payment_processing_fees,apac,420.73
2026-02-19,payment_processing_fees,latam,420.73
2026-02-19,customer_support_tooling,us,153.76
2026-02-19,customer_support_tooling,eu,153.76
2026-02-19,customer_support_tooling,apac,153.75
2026-02-19,customer_support_tooling,latam,153.75
2026-02-19,insurance,us,107.79
2026-02-19,insurance,eu,107.78
2026-02-19,insurance,apac,107.78
2026-02-19,insurance,latam,107.78
2026-02-20,rent,us,470.86
2026-02-20,rent,eu,470.86
2026-02-20,rent,apac,470.86
2026-02-20,rent,latam,470.86
2026-02-20,software_licenses,us,352.49
2026-02-20,software_licenses,eu,352.48
2026-02-20,software_licenses,apac,352.48
2026-02-20,software_licenses,latam,352.48
2026-02-20,logistics,us,1904.21
2026-02-20,logistics,eu,847.11
2026-02-20,logistics,apac,346.36
2026-02-20,logistics,latam,316.71
2026-02-20,packaging,us,411.47
2026-02-20,packaging,eu,225.76
2026-02-20,packaging,apac,91.12
2026-02-20,packaging,latam,72.85
2026-02-20,payment_processing_fees,us,423.93
2026-02-20,payment_processing_fees,eu,423.92
2026-02-20,payment_processing_fees,apac,423.92
2026-02-20,payment_processing_fees,latam,423.92
2026-02-20,customer_support_tooling,us,165.83
2026-02-20,customer_support_tooling,eu,165.82
2026-02-20,customer_support_tooling,apac,165.82
2026-02-20,customer_support_tooling,latam,165.82
2026-02-20,insurance,us,99.92
2026-02-20,insurance,eu,99.91
2026-02-20,insurance,apac,99.91
2026-02-20,insurance,latam,99.91
2026-02-21,rent,us,462.11
2026-02-21,rent,eu,462.11
2026-02-21,rent,apac,462.10
2026-02-21,rent,latam,462.10
2026-02-21,software_licenses,us,354.86
2026-02-21,software_licenses,eu,354.86
2026-02-21,software_licenses,apac,354.86
2026-02-21,software_licenses,latam,354.86
2026-02-21,logistics,us,1774.69
2026-02-21,logistics,eu,796.31
2026-02-21,logistics,apac,347.74
2026-02-21,logistics,latam,290.9
2026-02-21,packaging,us,493.17
2026-02-21,packaging,eu,203.5
2026-02-21,packaging,apac,91.34
2026-02-21,packaging,latam,78.01
2026-02-21,payment_processing_fees,us,415.35
2026-02-21,payment_processing_fees,eu,415.34
2026-02-21,payment_processing_fees,apac,415.34
2026-02-21,payment_processing_fees,latam,415.34
2026-02-21,customer_support_tooling,us,164.67
2026-02-21,customer_support_tooling,eu,164.67
2026-02-21,customer_support_tooling,apac,164.66
2026-02-21,customer_support_tooling,latam,164.66
2026-02-21,insurance,us,95.57
2026-02-21,insurance,eu,95.57
2026-02-21,insurance,apac,95.56
2026-02-21,insurance,latam,95.56
2026-02-22,rent,us,481.80
2026-02-22,rent,eu,481.79
2026-02-22,rent,apac,481.79
2026-02-22,rent,latam,481.79
2026-02-22,software_licenses,us,356.70
2026-02-22,software_licenses,eu,356.70
2026-02-22,software_licenses,apac,356.70
2026-02-22,software_licenses,latam,356.70
2026-02-22,logistics,us,1956.33
2026-02-22,logistics,eu,878.39
2026-02-22,logistics,apac,363.41
2026-02-22,logistics,latam,334.63
2026-02-22,packaging,us,442.62
2026-02-22,packaging,eu,213.91
2026-02-22,packaging,apac,80.86
2026-02-22,packaging,latam,76.7
2026-02-22,payment_processing_fees,us,437.91
2026-02-22,payment_processing_fees,eu,437.91
2026-02-22,payment_processing_fees,apac,437.91
2026-02-22,payment_processing_fees,latam,437.91
2026-02-22,customer_support_tooling,us,148.61
2026-02-22,customer_support_tooling,eu,148.60
2026-02-22,customer_support_tooling,apac,148.60
2026-02-22,customer_support_tooling,latam,148.60
2026-02-22,insurance,us,107.16
2026-02-22,insurance,eu,107.16
2026-02-22,insurance,apac,107.16
2026-02-22,insurance,latam,107.16
2026-02-23,rent,us,512.52
2026-02-23,rent,eu,512.52
2026-02-23,rent,apac,512.52
2026-02-23,rent,latam,512.52
2026-02-23,software_licenses,us,362.38
2026-02-23,software_licenses,eu,362.38
2026-02-23,software_licenses,apac,362.37
2026-02-23,software_licenses,latam,362.37
2026-02-23,logistics,us,1864.48
2026-02-23,logistics,eu,755.09
2026-02-23,logistics,apac,354.87
2026-02-23,logistics,latam,342.74
2026-02-23,packaging,us,433.58
2026-02-23,packaging,eu,177.6
2026-02-23,packaging,apac,91.79
2026-02-23,packaging,latam,69.31
2026-02-23,payment_processing_fees,us,460.23
2026-02-23,payment_processing_fees,eu,460.22
2026-02-23,payment_processing_fees,apac,460.22
2026-02-23,payment_processing_fees,latam,460.22
2026-02-23,customer_support_tooling,us,161.89
2026-02-23,customer_support_tooling,eu,161.89
2026-02-23,customer_support_tooling,apac,161.88
2026-02-23,customer_support_tooling,latam,161.88
2026-02-23,insurance,us,104.30
2026-02-23,insurance,eu,104.30
2026-02-23,insurance,apac,104.30
2026-02-23,insurance,latam,104.30
2026-02-24,rent,us,456.85
2026-02-24,rent,eu,456.85
2026-02-24,rent,apac,456.85
2026-02-24,rent,latam,456.85
2026-02-24,software_licenses,us,356.38
2026-02-24,software_licenses,eu,356.38
2026-02-24,software_licenses,apac,356.37
2026-02-24,software_licenses,latam,356.37
2026-02-24,logistics,us,1877.19
2026-02-24,logistics,eu,743.06
2026-02-24,logistics,apac,360.33
2026-02-24,logistics,latam,301.13
2026-02-24,packaging,us,433.53
2026-02-24,packaging,eu,185.1
2026-02-24,packaging,apac,95.95
2026-02-24,packaging,latam,74.5
2026-02-24,payment_processing_fees,us,427.41
2026-02-24,payment_processing_fees,eu,427.41
2026-02-24,payment_processing_fees,apac,427.41
2026-02-24,payment_processing_fees,latam,427.41
2026-02-24,customer_support_tooling,us,157.23
2026-02-24,customer_support_tooling,eu,157.23
2026-02-24,customer_support_tooling,apac,157.22
2026-02-24,customer_support_tooling,latam,157.22
2026-02-24,insurance,us,98.70
2026-02-24,insurance,eu,98.70
2026-02-24,insurance,apac,98.69
2026-02-24,insurance,latam,98.69
2026-02-25,rent,us,490.08
2026-02-25,rent,eu,490.08
2026-02-25,rent,apac,490.08
2026-02-25,rent,latam,490.08
2026-02-25,software_licenses,us,368.28
2026-02-25,software_licenses,eu,368.28
2026-02-25,software_licenses,apac,368.28
2026-02-25,software_licenses,latam,368.28
2026-02-25,logistics,us,1922.75
2026-02-25,logistics,eu,719.42
2026-02-25,logistics,apac,336.16
2026-02-25,logistics,latam,340.8
2026-02-25,packaging,us,437.38
2026-02-25,packaging,eu,171.69
2026-02-25,packaging,apac,89.15
2026-02-25,packaging,latam,71.95
2026-02-25,payment_processing_fees,us,417.98
2026-02-25,payment_processing_fees,eu,417.98
2026-02-25,payment_processing_fees,apac,417.98
2026-02-25,payment_processing_fees,latam,417.98
2026-02-25,customer_support_tooling,us,160.97
2026-02-25,customer_support_tooling,eu,160.96
2026-02-25,customer_support_tooling,apac,160.96
2026-02-25,customer_support_tooling,latam,160.96
2026-02-25,insurance,us,101.44
2026-02-25,insurance,eu,101.44
2026-02-25,insurance,apac,101.44
2026-02-25,insurance,latam,101.44
2026-02-26,rent,us,485.23
2026-02-26,rent,eu,485.22
2026-02-26,rent,apac,485.22
2026-02-26,rent,latam,485.22
2026-02-26,software_licenses,us,328.10
2026-02-26,software_licenses,eu,328.09
2026-02-26,software_licenses,apac,328.09
2026-02-26,software_licenses,latam,328.09
2026-02-26,logistics,us,2254.33
2026-02-26,logistics,eu,695.4
2026-02-26,logistics,apac,375.97
2026-02-26,logistics,latam,341.8
2026-02-26,packaging,us,469.82
2026-02-26,packaging,eu,199.48
2026-02-26,packaging,apac,91.65
2026-02-26,packaging,latam,80.1
2026-02-26,payment_processing_fees,us,411.65
2026-02-26,payment_processing_fees,eu,411.64
2026-02-26,payment_processing_fees,apac,411.64
2026-02-26,payment_processing_fees,latam,411.64
2026-02-26,customer_support_tooling,us,152.79
2026-02-26,customer_support_tooling,eu,152.79
2026-02-26,customer_support_tooling,apac,152.79
2026-02-26,customer_support_tooling,latam,152.79
2026-02-26,insurance,us,107.35
2026-02-26,insurance,eu,107.35
2026-02-26,insurance,apac,107.34
2026-02-26,insurance,latam,107.34
2026-02-27,rent,us,516.45
2026-02-27,rent,eu,516.45
2026-02-27,rent,apac,516.45
2026-02-27,rent,latam,516.45
2026-02-27,software_licenses,us,367.22
2026-02-27,software_licenses,eu,367.22
2026-02-27,software_licenses,apac,367.21
2026-02-27,software_licenses,latam,367.21
2026-02-27,logistics,us,2066.25
2026-02-27,logistics,eu,853.02
2026-02-27,logistics,apac,368.16
2026-02-27,logistics,latam,315.04
2026-02-27,packaging,us,480.33
2026-02-27,packaging,eu,213.38
2026-02-27,packaging,apac,79.18
2026-02-27,packaging,latam,72.25
2026-02-27,payment_processing_fees,us,461.20
2026-02-27,payment_processing_fees,eu,461.19
2026-02-27,payment_processing_fees,apac,461.19
2026-02-27,payment_processing_fees,latam,461.19
2026-02-27,customer_support_tooling,us,162.19
2026-02-27,customer_support_tooling,eu,162.18
2026-02-27,customer_support_tooling,apac,162.18
2026-02-27,customer_support_tooling,latam,162.18
2026-02-27,insurance,us,97.35
2026-02-27,insurance,eu,97.35
2026-02-27,insurance,apac,97.35
2026-02-27,insurance,latam,97.35
2026-02-28,rent,us,476.75
2026-02-28,rent,eu,476.75
2026-02-28,rent,apac,476.75
2026-02-28,rent,latam,476.75
2026-02-28,software_licenses,us,367.66
2026-02-28,software_licenses,eu,367.66
2026-02-28,software_licenses,apac,367.66
2026-02-28,software_licenses,latam,367.66
2026-02-28,logistics,us,1993.86
2026-02-28,logistics,eu,833.34
2026-02-28,logistics,apac,406.58
2026-02-28,logistics,latam,314.48
2026-02-28,packaging,us,428.23
2026-02-28,packaging,eu,189.68
2026-02-28,packaging,apac,80.47
2026-02-28,packaging,latam,77.62
2026-02-28,payment_processing_fees,us,429.37
2026-02-28,payment_processing_fees,eu,429.37
2026-02-28,payment_processing_fees,apac,429.37
2026-02-28,payment_processing_fees,latam,429.36
2026-02-28,customer_support_tooling,us,143.49
2026-02-28,customer_support_tooling,eu,143.49
2026-02-28,customer_support_tooling,apac,143.48
2026-02-28,customer_support_tooling,latam,143.48
2026-02-28,insurance,us,107.55
2026-02-28,insurance,eu,107.54
2026-02-28,insurance,apac,107.54
2026-02-28,insurance,latam,107.54
2026-02-28,rent,us,521.92
2026-02-28,rent,eu,521.91
2026-02-28,rent,apac,521.91
2026-02-28,rent,latam,521.91
2026-02-28,software_licenses,us,383.11
2026-02-28,software_licenses,eu,383.11
2026-02-28,software_licenses,apac,383.11
2026-02-28,software_licenses,latam,383.11
2026-02-28,logistics,us,1841.72
2026-02-28,logistics,eu,798.59
2026-02-28,logistics,apac,360.83
2026-02-28,logistics,latam,336.19
2026-02-28,packaging,us,468.5
2026-02-28,packaging,eu,184.87
2026-02-28,packaging,apac,85.1
2026-02-28,packaging,latam,78.97
2026-02-28,payment_processing_fees,us,415.53
2026-02-28,payment_processing_fees,eu,415.53
2026-02-28,payment_processing_fees,apac,415.52
2026-02-28,payment_processing_fees,latam,415.52
2026-02-28,customer_support_tooling,us,154.14
2026-02-28,customer_support_tooling,eu,154.14
2026-02-28,customer_support_tooling,apac,154.14
2026-02-28,customer_support_tooling,latam,154.14
2026-02-28,insurance,us,106.14
2026-02-28,insurance,eu,106.14
2026-02-28,insurance,apac,106.14
2026-02-28,insurance,latam,106.14
2026-02-28,rent,us,488.87
2026-02-28,rent,eu,488.87
2026-02-28,rent,apac,488.87
2026-02-28,rent,latam,488.86
2026-02-28,software_licenses,us,376.63
2026-02-28,software_licenses,eu,376.63
2026-02-28,software_licenses,apac,376.63
2026-02-28,software_licenses,latam,376.63
2026-02-28,logistics,us,2066.74
2026-02-28,logistics,eu,878.34
2026-02-28,logistics,apac,333.8
2026-02-28,logistics,latam,296.32
2026-02-28,packaging,us,418.42
2026-02-28,packaging,eu,184.62
2026-02-28,packaging,apac,78.7
2026-02-28,packaging,latam,72.01
2026-02-28,payment_processing_fees,us,432.90
2026-02-28,payment_processing_fees,eu,432.90
2026-02-28,payment_processing_fees,apac,432.89
2026-02-28,payment_processing_fees,latam,432.89
2026-02-28,customer_support_tooling,us,163.46
2026-02-28,customer_support_tooling,eu,163.45
2026-02-28,customer_support_tooling,apac,163.45
2026-02-28,customer_support_tooling,latam,163.45
2026-02-28,insurance,us,101.32
2026-02-28,insurance,eu,101.32
2026-02-28,insurance,apac,101.32
2026-02-28,insurance,latam,101.31
2026-02-28,rent,us,513.44
2026-02-28,rent,eu,513.44
2026-02-28,rent,apac,513.43
2026-02-28,rent,latam,513.43
2026-02-28,software_licenses,us,366.87
2026-02-28,software_licenses,eu,366.87
2026-02-28,software_licenses,apac,366.87
2026-02-28,software_licenses,latam,366.87
2026-02-28,logistics,us,1926.86
2026-02-28,logistics,eu,744.15
2026-02-28,logistics,apac,383.24
2026-02-28,logistics,latam,305.48
2026-02-28,packaging,us,474.87
2026-02-28,packaging,eu,201.77
2026-02-28,packaging,apac,85.75
2026-02-28,packaging,latam,76.15
2026-02-28,payment_processing_fees,us,427.48
2026-02-28,payment_processing_fees,eu,427.47
2026-02-28,payment_processing_fees,apac,427.47
2026-02-28,payment_processing_fees,latam,427.47
2026-02-28,customer_support_tooling,us,151.12
2026-02-28,customer_support_tooling,eu,151.12
2026-02-28,customer_support_tooling,apac,151.12
2026-02-28,customer_support_tooling,latam,151.12
2026-02-28,insurance,us,90.66
2026-02-28,insurance,eu,90.65
2026-02-28,insurance,apac,90.65
2026-02-28,insurance,latam,90.65
2026-03-01,rent,us,470.15
2026-03-01,rent,eu,470.15
2026-03-01,rent,apac,470.14
2026-03-01,rent,latam,470.14
2026-03-01,software_licenses,us,342.01
2026-03-01,software_licenses,eu,342.01
2026-03-01,software_licenses,apac,342.01
2026-03-01,software_licenses,latam,342.01
2026-03-01,logistics,us,1792.43
2026-03-01,logistics,eu,818.03
2026-03-01,logistics,apac,339.87
2026-03-01,logistics,latam,318.35
2026-03-01,packaging,us,421.74
2026-03-01,packaging,eu,210.27
2026-03-01,packaging,apac,84.45
2026-03-01,packaging,latam,79.91
2026-03-01,payment_processing_fees,us,389.28
2026-03-01,payment_processing_fees,eu,389.28
2026-03-01,payment_processing_fees,apac,389.27
2026-03-01,payment_processing_fees,latam,389.27
2026-03-01,customer_support_tooling,us,161.24
2026-03-01,customer_support_tooling,eu,161.24
2026-03-01,customer_support_tooling,apac,161.24
2026-03-01,customer_support_tooling,latam,161.23
2026-03-01,insurance,us,108.76
2026-03-01,insurance,eu,108.75
2026-03-01,insurance,apac,108.75
2026-03-01,insurance,latam,108.75
2026-03-02,rent,us,473.93
2026-03-02,rent,eu,473.93
2026-03-02,rent,apac,473.93
2026-03-02,rent,latam,473.92
2026-03-02,software_licenses,us,368.92
2026-03-02,software_licenses,eu,368.92
2026-03-02,software_licenses,apac,368.92
2026-03-02,software_licenses,latam,368.91
2026-03-02,logistics,us,1972.49
2026-03-02,logistics,eu,778.77
2026-03-02,logistics,apac,372.56
2026-03-02,logistics,latam,322.85
2026-03-02,packaging,us,483.61
2026-03-02,packaging,eu,172.06
2026-03-02,packaging,apac,82.25
2026-03-02,packaging,latam,72.33
2026-03-02,payment_processing_fees,us,458.59
2026-03-02,payment_processing_fees,eu,458.59
2026-03-02,payment_processing_fees,apac,458.59
2026-03-02,payment_processing_fees,latam,458.59
2026-03-02,customer_support_tooling,us,147.51
2026-03-02,customer_support_tooling,eu,147.51
2026-03-02,customer_support_tooling,apac,147.50
2026-03-02,customer_support_tooling,latam,147.50
2026-03-02,insurance,us,101.64
2026-03-02,insurance,eu,101.64
2026-03-02,insurance,apac,101.64
2026-03-02,insurance,latam,101.64
2026-03-03,rent,us,503.90
2026-03-03,rent,eu,503.90
2026-03-03,rent,apac,503.90
2026-03-03,rent,latam,503.90
2026-03-03,software_licenses,us,360.45
2026-03-03,software_licenses,eu,360.45
2026-03-03,software_licenses,apac,360.45
2026-03-03,software_licenses,latam,360.45
2026-03-03,logistics,us,1865.29
2026-03-03,logistics,eu,744.76
2026-03-03,logistics,apac,405.58
2026-03-03,logistics,latam,311.2
2026-03-03,packaging,us,459.46
2026-03-03,packaging,eu,195.86
2026-03-03,packaging,apac,71.9
2026-03-03,packaging,latam,70.67
2026-03-03,payment_processing_fees,us,411.09
2026-03-03,payment_processing_fees,eu,411.09
2026-03-03,payment_processing_fees,apac,411.08
2026-03-03,payment_processing_fees,latam,411.08
2026-03-03,customer_support_tooling,us,139.90
2026-03-03,customer_support_tooling,eu,139.90
2026-03-03,customer_support_tooling,apac,139.90
2026-03-03,customer_support_tooling,latam,139.89
2026-03-03,insurance,us,101.53
2026-03-03,insurance,eu,101.53
2026-03-03,insurance,apac,101.53
2026-03-03,insurance,latam,101.53
2026-03-04,rent,us,482.95
2026-03-04,rent,eu,482.95
2026-03-04,rent,apac,482.95
2026-03-04,rent,latam,482.95
2026-03-04,software_licenses,us,339.60
2026-03-04,software_licenses,eu,339.60
2026-03-04,software_licenses,apac,339.60
2026-03-04,software_licenses,latam,339.59
2026-03-04,logistics,us,1866.3
2026-03-04,logistics,eu,782.85
2026-03-04,logistics,apac,385.09
2026-03-04,logistics,latam,308.59
2026-03-04,packaging,us,449.99
2026-03-04,packaging,eu,198.69
2026-03-04,packaging,apac,81.63
2026-03-04,packaging,latam,84.78
2026-03-04,payment_processing_fees,us,440.15
2026-03-04,payment_processing_fees,eu,440.14
2026-03-04,payment_processing_fees,apac,440.14
2026-03-04,payment_processing_fees,latam,440.14
2026-03-04,customer_support_tooling,us,151.11
2026-03-04,customer_support_tooling,eu,151.11
2026-03-04,customer_support_tooling,apac,151.11
2026-03-04,customer_support_tooling,latam,151.11
2026-03-04,insurance,us,110.53
2026-03-04,insurance,eu,110.52
2026-03-04,insurance,apac,110.52
2026-03-04,insurance,latam,110.52
2026-03-05,rent,us,496.63
2026-03-05,rent,eu,496.63
2026-03-05,rent,apac,496.63
2026-03-05,rent,latam,496.63
2026-03-05,software_licenses,us,357.03
2026-03-05,software_licenses,eu,357.03
2026-03-05,software_licenses,apac,357.03
2026-03-05,software_licenses,latam,357.03
2026-03-05,logistics,us,1935.67
2026-03-05,logistics,eu,783.9
2026-03-05,logistics,apac,311.01
2026-03-05,logistics,latam,299.71
2026-03-05,packaging,us,440.35
2026-03-05,packaging,eu,196.45
2026-03-05,packaging,apac,83.37
2026-03-05,packaging,latam,69.44
2026-03-05,payment_processing_fees,us,395.31
2026-03-05,payment_processing_fees,eu,395.31
2026-03-05,payment_processing_fees,apac,395.30
2026-03-05,payment_processing_fees,latam,395.30
2026-03-05,customer_support_tooling,us,156.77
2026-03-05,customer_support_tooling,eu,156.77
2026-03-05,customer_support_tooling,apac,156.76
2026-03-05,customer_support_tooling,latam,156.76
2026-03-05,insurance,us,105.14
2026-03-05,insurance,eu,105.14
2026-03-05,insurance,apac,105.13
2026-03-05,insurance,latam,105.13
2026-03-06,rent,us,440.88
2026-03-06,rent,eu,440.88
2026-03-06,rent,apac,440.88
2026-03-06,rent,latam,440.87
2026-03-06,software_licenses,us,361.80
2026-03-06,software_licenses,eu,361.79
2026-03-06,software_licenses,apac,361.79
2026-03-06,software_licenses,latam,361.79
2026-03-06,logistics,us,1821.28
2026-03-06,logistics,eu,811.7
2026-03-06,logistics,apac,333.82
2026-03-06,logistics,latam,313.06
2026-03-06,packaging,us,448.63
2026-03-06,packaging,eu,177.77
2026-03-06,packaging,apac,91.53
2026-03-06,packaging,latam,75.85
2026-03-06,payment_processing_fees,us,439.15
2026-03-06,payment_processing_fees,eu,439.15
2026-03-06,payment_processing_fees,apac,439.15
2026-03-06,payment_processing_fees,latam,439.14
2026-03-06,customer_support_tooling,us,157.50
2026-03-06,customer_support_tooling,eu,157.50
2026-03-06,customer_support_tooling,apac,157.49
2026-03-06,customer_support_tooling,latam,157.49
2026-03-06,insurance,us,97.57
2026-03-06,insurance,eu,97.56
2026-03-06,insurance,apac,97.56
2026-03-06,insurance,latam,97.56
2026-03-07,rent,us,538.67
2026-03-07,rent,eu,538.66
2026-03-07,rent,apac,538.66
2026-03-07,rent,latam,538.66
2026-03-07,software_licenses,us,382.57
2026-03-07,software_licenses,eu,382.56
2026-03-07,software_licenses,apac,382.56
2026-03-07,software_licenses,latam,382.56
2026-03-07,logistics,us,1775.66
2026-03-07,logistics,eu,862.95
2026-03-07,logistics,apac,364.03
2026-03-07,logistics,latam,300.94
2026-03-07,packaging,us,474.11
2026-03-07,packaging,eu,192.26
2026-03-07,packaging,apac,88.66
2026-03-07,packaging,latam,70.17
2026-03-07,payment_processing_fees,us,441.07
2026-03-07,payment_processing_fees,eu,441.07
2026-03-07,payment_processing_fees,apac,441.07
2026-03-07,payment_processing_fees,latam,441.06
2026-03-07,customer_support_tooling,us,136.48
2026-03-07,customer_support_tooling,eu,136.47
2026-03-07,customer_support_tooling,apac,136.47
2026-03-07,customer_support_tooling,latam,136.47
2026-03-07,insurance,us,104.84
2026-03-07,insurance,eu,104.84
2026-03-07,insurance,apac,104.84
2026-03-07,insurance,latam,104.83
2026-03-08,rent,us,496.78
2026-03-08,rent,eu,496.78
2026-03-08,rent,apac,496.78
2026-03-08,rent,latam,496.78
2026-03-08,software_licenses,us,326.27
2026-03-08,software_licenses,eu,326.27
2026-03-08,software_licenses,apac,326.27
2026-03-08,software_licenses,latam,326.26
2026-03-08,logistics,us,2192.66
2026-03-08,logistics,eu,816.71
2026-03-08,logistics,apac,353.47
2026-03-08,logistics,latam,296.74
2026-03-08,packaging,us,464.95
2026-03-08,packaging,eu,173.29
2026-03-08,packaging,apac,93.56
2026-03-08,packaging,latam,68.78
2026-03-08,payment_processing_fees,us,407.67
2026-03-08,payment_processing_fees,eu,407.66
2026-03-08,payment_processing_fees,apac,407.66
2026-03-08,payment_processing_fees,latam,407.66
2026-03-08,customer_support_tooling,us,157.82
2026-03-08,customer_support_tooling,eu,157.82
2026-03-08,customer_support_tooling,apac,157.81
2026-03-08,customer_support_tooling,latam,157.81
2026-03-08,insurance,us,104.39
2026-03-08,insurance,eu,104.39
2026-03-08,insurance,apac,104.39
2026-03-08,insurance,latam,104.39
2026-03-09,rent,us,482.26
2026-03-09,rent,eu,482.25
2026-03-09,rent,apac,482.25
2026-03-09,rent,latam,482.25
2026-03-09,software_licenses,us,368.82
2026-03-09,software_licenses,eu,368.82
2026-03-09,software_licenses,apac,368.81
2026-03-09,software_licenses,latam,368.81
2026-03-09,logistics,us,1895.9
2026-03-09,logistics,eu,704.69
2026-03-09,logistics,apac,344.64
2026-03-09,logistics,latam,334.03
2026-03-09,packaging,us,437.47
2026-03-09,packaging,eu,177.88
2026-03-09,packaging,apac,78.92
2026-03-09,packaging,latam,67.47
2026-03-09,payment_processing_fees,us,408.05
2026-03-09,payment_processing_fees,eu,408.05
2026-03-09,payment_processing_fees,apac,408.05
2026-03-09,payment_processing_fees,latam,408.05
2026-03-09,customer_support_tooling,us,149.05
2026-03-09,customer_support_tooling,eu,149.05
2026-03-09,customer_support_tooling,apac,149.04
2026-03-09,customer_support_tooling,latam,149.04
2026-03-09,insurance,us,103.40
2026-03-09,insurance,eu,103.40
2026-03-09,insurance,apac,103.40
2026-03-09,insurance,latam,103.40
2026-03-10,rent,us,503.12
2026-03-10,rent,eu,503.12
2026-03-10,rent,apac,503.12
2026-03-10,rent,latam,503.11
2026-03-10,software_licenses,us,350.17
2026-03-10,software_licenses,eu,350.16
2026-03-10,software_licenses,apac,350.16
2026-03-10,software_licenses,latam,350.16
2026-03-10,logistics,us,1787.89
2026-03-10,logistics,eu,810.57
2026-03-10,logistics,apac,342.68
2026-03-10,logistics,latam,310.49
2026-03-10,packaging,us,479.2
2026-03-10,packaging,eu,193.97
2026-03-10,packaging,apac,78.51
2026-03-10,packaging,latam,79.46
2026-03-10,payment_processing_fees,us,457.61
2026-03-10,payment_processing_fees,eu,457.61
2026-03-10,payment_processing_fees,apac,457.61
2026-03-10,payment_processing_fees,latam,457.61
2026-03-10,customer_support_tooling,us,157.21
2026-03-10,customer_support_tooling,eu,157.20
2026-03-10,customer_support_tooling,apac,157.20
2026-03-10,customer_support_tooling,latam,157.20
2026-03-10,insurance,us,99.52
2026-03-10,insurance,eu,99.52
2026-03-10,insurance,apac,99.51
2026-03-10,insurance,latam,99.51
2026-03-11,rent,us,496.55
2026-03-11,rent,eu,496.55
2026-03-11,rent,apac,496.55
2026-03-11,rent,latam,496.55
2026-03-11,software_licenses,us,359.84
2026-03-11,software_licenses,eu,359.84
2026-03-11,software_licenses,apac,359.83
2026-03-11,software_licenses,latam,359.83
2026-03-11,logistics,us,2061.4
2026-03-11,logistics,eu,814.78
2026-03-11,logistics,apac,369.6
2026-03-11,logistics,latam,302.67
2026-03-11,packaging,us,467.95
2026-03-11,packaging,eu,197.52
2026-03-11,packaging,apac,94.49
2026-03-11,packaging,latam,67.7
2026-03-11,payment_processing_fees,us,405.35
2026-03-11,payment_processing_fees,eu,405.34
2026-03-11,payment_processing_fees,apac,405.34
2026-03-11,payment_processing_fees,latam,405.34
2026-03-11,customer_support_tooling,us,158.69
2026-03-11,customer_support_tooling,eu,158.69
2026-03-11,customer_support_tooling,apac,158.69
2026-03-11,customer_support_tooling,latam,158.69
2026-03-11,insurance,us,101.64
2026-03-11,insurance,eu,101.63
2026-03-11,insurance,apac,101.63
2026-03-11,insurance,latam,101.63
2026-03-12,rent,us,488.72
2026-03-12,rent,eu,488.72
2026-03-12,rent,apac,488.72
2026-03-12,rent,latam,488.72
2026-03-12,software_licenses,us,380.90
2026-03-12,software_licenses,eu,380.90
2026-03-12,software_licenses,apac,380.90
2026-03-12,software_licenses,latam,380.89
2026-03-12,logistics,us,2099.29
2026-03-12,logistics,eu,848.8
2026-03-12,logistics,apac,364.76
2026-03-12,logistics,latam,330.04
2026-03-12,packaging,us,442.21
2026-03-12,packaging,eu,205.65
2026-03-12,packaging,apac,91.68
2026-03-12,packaging,latam,81.62
2026-03-12,payment_processing_fees,us,413.45
2026-03-12,payment_processing_fees,eu,413.45
2026-03-12,payment_processing_fees,apac,413.44
2026-03-12,payment_processing_fees,latam,413.44
2026-03-12,customer_support_tooling,us,154.39
2026-03-12,customer_support_tooling,eu,154.39
2026-03-12,customer_support_tooling,apac,154.38
2026-03-12,customer_support_tooling,latam,154.38
2026-03-12,insurance,us,99.76
2026-03-12,insurance,eu,99.76
2026-03-12,insurance,apac,99.76
2026-03-12,insurance,latam,99.75
2026-03-13,rent,us,493.13
2026-03-13,rent,eu,493.12
2026-03-13,rent,apac,493.12
2026-03-13,rent,latam,493.12
2026-03-13,software_licenses,us,358.76
2026-03-13,software_licenses,eu,358.76
2026-03-13,software_licenses,apac,358.75
2026-03-13,software_licenses,latam,358.75
2026-03-13,logistics,us,2074.52
2026-03-13,logistics,eu,793.35
2026-03-13,logistics,apac,340.27
2026-03-13,logistics,latam,284.31
2026-03-13,packaging,us,402.8
2026-03-13,packaging,eu,195.12
2026-03-13,packaging,apac,85.84
2026-03-13,packaging,latam,84.73
2026-03-13,payment_processing_fees,us,386.98
2026-03-13,payment_processing_fees,eu,386.98
2026-03-13,payment_processing_fees,apac,386.97
2026-03-13,payment_processing_fees,latam,386.97
2026-03-13,customer_support_tooling,us,148.06
2026-03-13,customer_support_tooling,eu,148.06
2026-03-13,customer_support_tooling,apac,148.06
2026-03-13,customer_support_tooling,latam,148.06
2026-03-13,insurance,us,105.14
2026-03-13,insurance,eu,105.14
2026-03-13,insurance,apac,105.13
2026-03-13,insurance,latam,105.13
2026-03-14,rent,us,517.79
2026-03-14,rent,eu,517.79
2026-03-14,rent,apac,517.79
2026-03-14,rent,latam,517.79
2026-03-14,software_licenses,us,343.92
2026-03-14,software_licenses,eu,343.91
2026-03-14,software_licenses,apac,343.91
2026-03-14,software_licenses,latam,343.91
2026-03-14,logistics,us,1995.65
2026-03-14,logistics,eu,788.21
2026-03-14,logistics,apac,360.95
2026-03-14,logistics,latam,279.04
2026-03-14,packaging,us,527.49
2026-03-14,packaging,eu,199.34
2026-03-14,packaging,apac,89.65
2026-03-14,packaging,latam,77.5
2026-03-14,payment_processing_fees,us,446.93
2026-03-14,payment_processing_fees,eu,446.93
2026-03-14,payment_processing_fees,apac,446.93
2026-03-14,payment_processing_fees,latam,446.93
2026-03-14,customer_support_tooling,us,154.09
2026-03-14,customer_support_tooling,eu,154.08
2026-03-14,customer_support_tooling,apac,154.08
2026-03-14,customer_support_tooling,latam,154.08
2026-03-14,insurance,us,104.98
2026-03-14,insurance,eu,104.98
2026-03-14,insurance,apac,104.98
2026-03-14,insurance,latam,104.98
2026-03-15,rent,us,505.78
2026-03-15,rent,eu,505.78
2026-03-15,rent,apac,505.78
2026-03-15,rent,latam,505.77
2026-03-15,software_licenses,us,342.61
2026-03-15,software_licenses,eu,342.61
2026-03-15,software_licenses,apac,342.61
2026-03-15,software_licenses,latam,342.60
2026-03-15,logistics,us,2048.17
2026-03-15,logistics,eu,823.82
2026-03-15,logistics,apac,303.21
2026-03-15,logistics,latam,297.05
2026-03-15,packaging,us,469.01
2026-03-15,packaging,eu,184.1
2026-03-15,packaging,apac,92.26
2026-03-15,packaging,latam,82.66
2026-03-15,payment_processing_fees,us,419.76
2026-03-15,payment_processing_fees,eu,419.76
2026-03-15,payment_processing_fees,apac,419.76
2026-03-15,payment_processing_fees,latam,419.76
2026-03-15,customer_support_tooling,us,155.04
2026-03-15,customer_support_tooling,eu,155.04
2026-03-15,customer_support_tooling,apac,155.04
2026-03-15,customer_support_tooling,latam,155.03
2026-03-15,insurance,us,98.77
2026-03-15,insurance,eu,98.77
2026-03-15,insurance,apac,98.77
2026-03-15,insurance,latam,98.77
2026-03-16,rent,us,481.01
2026-03-16,rent,eu,481.01
2026-03-16,rent,apac,481.01
2026-03-16,rent,latam,481.00
2026-03-16,software_licenses,us,366.77
2026-03-16,software_licenses,eu,366.76
2026-03-16,software_licenses,apac,366.76
2026-03-16,software_licenses,latam,366.76
2026-03-16,logistics,us,2119.95
2026-03-16,logistics,eu,850.55
2026-03-16,logistics,apac,355.07
2026-03-16,logistics,latam,322.12
2026-03-16,packaging,us,472.07
2026-03-16,packaging,eu,200.85
2026-03-16,packaging,apac,72.35
2026-03-16,packaging,latam,71.09
2026-03-16,payment_processing_fees,us,404.01
2026-03-16,payment_processing_fees,eu,404.01
2026-03-16,payment_processing_fees,apac,404.01
2026-03-16,payment_processing_fees,latam,404.01
2026-03-16,customer_support_tooling,us,139.51
2026-03-16,customer_support_tooling,eu,139.50
2026-03-16,customer_support_tooling,apac,139.50
2026-03-16,customer_support_tooling,latam,139.50
2026-03-16,insurance,us,101.10
2026-03-16,insurance,eu,101.10
2026-03-16,insurance,apac,101.10
2026-03-16,insurance,latam,101.10
2026-03-17,rent,us,481.76
2026-03-17,rent,eu,481.76
2026-03-17,rent,apac,481.76
2026-03-17,rent,latam,481.76
2026-03-17,software_licenses,us,366.51
2026-03-17,software_licenses,eu,366.50
2026-03-17,software_licenses,apac,366.50
2026-03-17,software_licenses,latam,366.50
2026-03-17,logistics,us,2009.23
2026-03-17,logistics,eu,851.14
2026-03-17,logistics,apac,353.06
2026-03-17,logistics,latam,328.9
2026-03-17,packaging,us,455.22
2026-03-17,packaging,eu,185.46
2026-03-17,packaging,apac,81.57
2026-03-17,packaging,latam,77.84
2026-03-17,payment_processing_fees,us,405.98
2026-03-17,payment_processing_fees,eu,405.98
2026-03-17,payment_processing_fees,apac,405.97
2026-03-17,payment_processing_fees,latam,405.97
2026-03-17,customer_support_tooling,us,163.32
2026-03-17,customer_support_tooling,eu,163.32
2026-03-17,customer_support_tooling,apac,163.32
2026-03-17,customer_support_tooling,latam,163.31
2026-03-17,insurance,us,104.10
2026-03-17,insurance,eu,104.09
2026-03-17,insurance,apac,104.09
2026-03-17,insurance,latam,104.09
2026-03-18,rent,us,467.86
2026-03-18,rent,eu,467.85
2026-03-18,rent,apac,467.85
2026-03-18,rent,latam,467.85
2026-03-18,software_licenses,us,364.96
2026-03-18,software_licenses,eu,364.96
2026-03-18,software_licenses,apac,364.96
2026-03-18,software_licenses,latam,364.95
2026-03-18,logistics,us,1957.11
2026-03-18,logistics,eu,722.1
2026-03-18,logistics,apac,326.42
2026-03-18,logistics,latam,340.44
2026-03-18,packaging,us,442.62
2026-03-18,packaging,eu,188.39
2026-03-18,packaging,apac,93.42
2026-03-18,packaging,latam,81.63
2026-03-18,payment_processing_fees,us,447.81
2026-03-18,payment_processing_fees,eu,447.81
2026-03-18,payment_processing_fees,apac,447.81
2026-03-18,payment_processing_fees,latam,447.80
2026-03-18,customer_support_tooling,us,162.31
2026-03-18,customer_support_tooling,eu,162.30
2026-03-18,customer_support_tooling,apac,162.30
2026-03-18,customer_support_tooling,latam,162.30
2026-03-18,insurance,us,111.99
2026-03-18,insurance,eu,111.99
2026-03-18,insurance,apac,111.99
2026-03-18,insurance,latam,111.99
2026-03-19,rent,us,479.02
2026-03-19,rent,eu,479.02
2026-03-19,rent,apac,479.01
2026-03-19,rent,latam,479.01
2026-03-19,software_licenses,us,327.47
2026-03-19,software_licenses,eu,327.47
2026-03-19,software_licenses,apac,327.47
2026-03-19,software_licenses,latam,327.46
2026-03-19,logistics,us,1859.67
2026-03-19,logistics,eu,819.62
2026-03-19,logistics,apac,367.52
2026-03-19,logistics,latam,299.41
2026-03-19,packaging,us,432.92
2026-03-19,packaging,eu,181.47
2026-03-19,packaging,apac,89.06
2026-03-19,packaging,latam,74.5
2026-03-19,payment_processing_fees,us,396.80
2026-03-19,payment_processing_fees,eu,396.80
2026-03-19,payment_processing_fees,apac,396.79
2026-03-19,payment_processing_fees,latam,396.79
2026-03-19,customer_support_tooling,us,160.84
2026-03-19,customer_support_tooling,eu,160.84
2026-03-19,customer_support_tooling,apac,160.84
2026-03-19,customer_support_tooling,latam,160.84
2026-03-19,insurance,us,97.16
2026-03-19,insurance,eu,97.16
2026-03-19,insurance,apac,97.16
2026-03-19,insurance,latam,97.16
2026-03-20,rent,us,470.16
2026-03-20,rent,eu,470.16
2026-03-20,rent,apac,470.16
2026-03-20,rent,latam,470.15
2026-03-20,software_licenses,us,364.31
2026-03-20,software_licenses,eu,364.31
2026-03-20,software_licenses,apac,364.30
2026-03-20,software_licenses,latam,364.30
2026-03-20,logistics,us,1803.84
2026-03-20,logistics,eu,838.6
2026-03-20,logistics,apac,373.26
2026-03-20,logistics,latam,304.8
2026-03-20,packaging,us,437.86
2026-03-20,packaging,eu,191.21
2026-03-20,packaging,apac,91.13
2026-03-20,packaging,latam,79.04
2026-03-20,payment_processing_fees,us,440.73
2026-03-20,payment_processing_fees,eu,440.73
2026-03-20,payment_processing_fees,apac,440.73
2026-03-20,payment_processing_fees,latam,440.72
2026-03-20,customer_support_tooling,us,166.53
2026-03-20,customer_support_tooling,eu,166.53
2026-03-20,customer_support_tooling,apac,166.53
2026-03-20,customer_support_tooling,latam,166.53
2026-03-20,insurance,us,100.74
2026-03-20,insurance,eu,100.73
2026-03-20,insurance,apac,100.73
2026-03-20,insurance,latam,100.73
2026-03-21,rent,us,460.07
2026-03-21,rent,eu,460.07
2026-03-21,rent,apac,460.06
2026-03-21,rent,latam,460.06
2026-03-21,software_licenses,us,337.95
2026-03-21,software_licenses,eu,337.94
2026-03-21,software_licenses,apac,337.94
2026-03-21,software_licenses,latam,337.94
2026-03-21,logistics,us,2061.67
2026-03-21,logistics,eu,807.09
2026-03-21,logistics,apac,354.56
2026-03-21,logistics,latam,284.83
2026-03-21,packaging,us,476.69
2026-03-21,packaging,eu,205.91
2026-03-21,packaging,apac,83.35
2026-03-21,packaging,latam,75.35
2026-03-21,payment_processing_fees,us,451.14
2026-03-21,payment_processing_fees,eu,451.14
2026-03-21,payment_processing_fees,apac,451.14
2026-03-21,payment_processing_fees,latam,451.13
2026-03-21,customer_support_tooling,us,153.67
2026-03-21,customer_support_tooling,eu,153.67
2026-03-21,customer_support_tooling,apac,153.66
2026-03-21,customer_support_tooling,latam,153.66
2026-03-21,insurance,us,110.53
2026-03-21,insurance,eu,110.52
2026-03-21,insurance,apac,110.52
2026-03-21,insurance,latam,110.52
2026-03-22,rent,us,484.73
2026-03-22,rent,eu,484.72
2026-03-22,rent,apac,484.72
2026-03-22,rent,latam,484.72
2026-03-22,software_licenses,us,372.34
2026-03-22,software_licenses,eu,372.33
2026-03-22,software_licenses,apac,372.33
2026-03-22,software_licenses,latam,372.33
2026-03-22,logistics,us,1888.28
2026-03-22,logistics,eu,835.35
2026-03-22,logistics,apac,377.37
2026-03-22,logistics,latam,354.07
2026-03-22,packaging,us,406.09
2026-03-22,packaging,eu,179.38
2026-03-22,packaging,apac,97.33
2026-03-22,packaging,latam,75.2
2026-03-22,payment_processing_fees,us,400.40
2026-03-22,payment_processing_fees,eu,400.40
2026-03-22,payment_processing_fees,apac,400.39
2026-03-22,payment_processing_fees,latam,400.39
2026-03-22,customer_support_tooling,us,136.88
2026-03-22,customer_support_tooling,eu,136.87
2026-03-22,customer_support_tooling,apac,136.87
2026-03-22,customer_support_tooling,latam,136.87
2026-03-22,insurance,us,104.74
2026-03-22,insurance,eu,104.74
2026-03-22,insurance,apac,104.74
2026-03-22,insurance,latam,104.73
2026-03-23,rent,us,467.09
2026-03-23,rent,eu,467.09
2026-03-23,rent,apac,467.08
2026-03-23,rent,latam,467.08
2026-03-23,software_licenses,us,326.68
2026-03-23,software_licenses,eu,326.68
2026-03-23,software_licenses,apac,326.68
2026-03-23,software_licenses,latam,326.67
2026-03-23,logistics,us,2017.34
2026-03-23,logistics,eu,727.65
2026-03-23,logistics,apac,358.25
2026-03-23,logistics,latam,306.6
2026-03-23,packaging,us,463.42
2026-03-23,packaging,eu,205.77
2026-03-23,packaging,apac,96.75
2026-03-23,packaging,latam,76.84
2026-03-23,payment_processing_fees,us,440.32
2026-03-23,payment_processing_fees,eu,440.32
2026-03-23,payment_processing_fees,apac,440.31
2026-03-23,payment_processing_fees,latam,440.31
2026-03-23,customer_support_tooling,us,151.24
2026-03-23,customer_support_tooling,eu,151.24
2026-03-23,customer_support_tooling,apac,151.23
2026-03-23,customer_support_tooling,latam,151.23
2026-03-23,insurance,us,99.12
2026-03-23,insurance,eu,99.12
2026-03-23,insurance,apac,99.11
2026-03-23,insurance,latam,99.11
2026-03-24,rent,us,511.62
2026-03-24,rent,eu,511.62
2026-03-24,rent,apac,511.61
2026-03-24,rent,latam,511.61
2026-03-24,software_licenses,us,361.53
2026-03-24,software_licenses,eu,361.52
2026-03-24,software_licenses,apac,361.52
2026-03-24,software_licenses,latam,361.52
2026-03-24,logistics,us,2035.06
2026-03-24,logistics,eu,843.86
2026-03-24,logistics,apac,351.95
2026-03-24,logistics,latam,311.92
2026-03-24,packaging,us,455.41
2026-03-24,packaging,eu,194.35
2026-03-24,packaging,apac,84.29
2026-03-24,packaging,latam,82.83
2026-03-24,payment_processing_fees,us,435.27
2026-03-24,payment_processing_fees,eu,435.27
2026-03-24,payment_processing_fees,apac,435.26
2026-03-24,payment_processing_fees,latam,435.26
2026-03-24,customer_support_tooling,us,158.65
2026-03-24,customer_support_tooling,eu,158.65
2026-03-24,customer_support_tooling,apac,158.65
2026-03-24,customer_support_tooling,latam,158.64
2026-03-24,insurance,us,114.11
2026-03-24,insurance,eu,114.10
2026-03-24,insurance,apac,114.10
2026-03-24,insurance,latam,114.10
2026-03-25,rent,us,463.36
2026-03-25,rent,eu,463.36
2026-03-25,rent,apac,463.35
2026-03-25,rent,latam,463.35
2026-03-25,software_licenses,us,393.83
2026-03-25,software_licenses,eu,393.83
2026-03-25,software_licenses,apac,393.83
2026-03-25,software_licenses,latam,393.82
2026-03-25,logistics,us,2124.08
2026-03-25,logistics,eu,747.69
2026-03-25,logistics,apac,398.23
2026-03-25,logistics,latam,294.64
2026-03-25,packaging,us,477.97
2026-03-25,packaging,eu,193.42
2026-03-25,packaging,apac,87.11
2026-03-25,packaging,latam,77.24
2026-03-25,payment_processing_fees,us,429.80
2026-03-25,payment_processing_fees,eu,429.80
2026-03-25,payment_processing_fees,apac,429.80
2026-03-25,payment_processing_fees,latam,429.79
2026-03-25,customer_support_tooling,us,164.78
2026-03-25,customer_support_tooling,eu,164.78
2026-03-25,customer_support_tooling,apac,164.78
2026-03-25,customer_support_tooling,latam,164.78
2026-03-25,insurance,us,104.77
2026-03-25,insurance,eu,104.76
2026-03-25,insurance,apac,104.76
2026-03-25,insurance,latam,104.76
2026-03-26,rent,us,491.55
2026-03-26,rent,eu,491.55
2026-03-26,rent,apac,491.55
2026-03-26,rent,latam,491.54
2026-03-26,software_licenses,us,399.32
2026-03-26,software_licenses,eu,399.31
2026-03-26,software_licenses,apac,399.31
2026-03-26,software_licenses,latam,399.31
2026-03-26,logistics,us,1782.48
2026-03-26,logistics,eu,812.29
2026-03-26,logistics,apac,331.92
2026-03-26,logistics,latam,282.64
2026-03-26,packaging,us,474.51
2026-03-26,packaging,eu,180.06
2026-03-26,packaging,apac,84.56
2026-03-26,packaging,latam,71.9
2026-03-26,payment_processing_fees,us,427.47
2026-03-26,payment_processing_fees,eu,427.47
2026-03-26,payment_processing_fees,apac,427.46
2026-03-26,payment_processing_fees,latam,427.46
2026-03-26,customer_support_tooling,us,164.40
2026-03-26,customer_support_tooling,eu,164.40
2026-03-26,customer_support_tooling,apac,164.40
2026-03-26,customer_support_tooling,latam,164.39
2026-03-26,insurance,us,111.07
2026-03-26,insurance,eu,111.07
2026-03-26,insurance,apac,111.07
2026-03-26,insurance,latam,111.07
2026-03-27,rent,us,522.38
2026-03-27,rent,eu,522.37
2026-03-27,rent,apac,522.37
2026-03-27,rent,latam,522.37
2026-03-27,software_licenses,us,347.74
2026-03-27,software_licenses,eu,347.74
2026-03-27,software_licenses,apac,347.73
2026-03-27,software_licenses,latam,347.73
2026-03-27,logistics,us,1776.92
2026-03-27,logistics,eu,874.24
2026-03-27,logistics,apac,316.37
2026-03-27,logistics,latam,329.84
2026-03-27,packaging,us,469.15
2026-03-27,packaging,eu,207.41
2026-03-27,packaging,apac,82.22
2026-03-27,packaging,latam,80.51
2026-03-27,payment_processing_fees,us,439.38
2026-03-27,payment_processing_fees,eu,439.38
2026-03-27,payment_processing_fees,apac,439.38
2026-03-27,payment_processing_fees,latam,439.38
2026-03-27,customer_support_tooling,us,155.46
2026-03-27,customer_support_tooling,eu,155.46
2026-03-27,customer_support_tooling,apac,155.46
2026-03-27,customer_support_tooling,latam,155.46
2026-03-27,insurance,us,104.52
2026-03-27,insurance,eu,104.52
2026-03-27,insurance,apac,104.52
2026-03-27,insurance,latam,104.52
2026-03-28,rent,us,529.06
2026-03-28,rent,eu,529.06
2026-03-28,rent,apac,529.06
2026-03-28,rent,latam,529.06
2026-03-28,software_licenses,us,326.16
2026-03-28,software_licenses,eu,326.15
2026-03-28,software_licenses,apac,326.15
2026-03-28,software_licenses,latam,326.15
2026-03-28,logistics,us,1876.58
2026-03-28,logistics,eu,822.71
2026-03-28,logistics,apac,372.9
2026-03-28,logistics,latam,279.76
2026-03-28,packaging,us,439.01
2026-03-28,packaging,eu,177.1
2026-03-28,packaging,apac,98.66
2026-03-28,packaging,latam,68.43
2026-03-28,payment_processing_fees,us,443.58
2026-03-28,payment_processing_fees,eu,443.58
2026-03-28,payment_processing_fees,apac,443.57
2026-03-28,payment_processing_fees,latam,443.57
2026-03-28,customer_support_tooling,us,158.67
2026-03-28,customer_support_tooling,eu,158.67
2026-03-28,customer_support_tooling,apac,158.66
2026-03-28,customer_support_tooling,latam,158.66
2026-03-28,insurance,us,112.47
2026-03-28,insurance,eu,112.47
2026-03-28,insurance,apac,112.47
2026-03-28,insurance,latam,112.47
2026-03-29,rent,us,493.83
2026-03-29,rent,eu,493.82
2026-03-29,rent,apac,493.82
2026-03-29,rent,latam,493.82
2026-03-29,software_licenses,us,391.64
2026-03-29,software_licenses,eu,391.64
2026-03-29,software_licenses,apac,391.63
2026-03-29,software_licenses,latam,391.63
2026-03-29,logistics,us,2029.64
2026-03-29,logistics,eu,882.99
2026-03-29,logistics,apac,392.16
2026-03-29,logistics,latam,343.42
2026-03-29,packaging,us,572.55
2026-03-29,packaging,eu,184.5
2026-03-29,packaging,apac,80.03
2026-03-29,packaging,latam,76.51
2026-03-29,payment_processing_fees,us,436.24
2026-03-29,payment_processing_fees,eu,436.23
2026-03-29,payment_processing_fees,apac,436.23
2026-03-29,payment_processing_fees,latam,436.23
2026-03-29,customer_support_tooling,us,163.26
2026-03-29,customer_support_tooling,eu,163.26
2026-03-29,customer_support_tooling,apac,163.25
2026-03-29,customer_support_tooling,latam,163.25
2026-03-29,insurance,us,93.78
2026-03-29,insurance,eu,93.77
2026-03-29,insurance,apac,93.77
2026-03-29,insurance,latam,93.77
2026-03-30,rent,us,495.63
2026-03-30,rent,eu,495.63
2026-03-30,rent,apac,495.63
2026-03-30,rent,latam,495.62
2026-03-30,software_licenses,us,335.80
2026-03-30,software_licenses,eu,335.79
2026-03-30,software_licenses,apac,335.79
2026-03-30,software_licenses,latam,335.79
2026-03-30,logistics,us,2065.09
2026-03-30,logistics,eu,775.16
2026-03-30,logistics,apac,299.89
2026-03-30,logistics,latam,336.95
2026-03-30,packaging,us,450.48
2026-03-30,packaging,eu,213.21
2026-03-30,packaging,apac,91.42
2026-03-30,packaging,latam,66.41
2026-03-30,payment_processing_fees,us,419.12
2026-03-30,payment_processing_fees,eu,419.12
2026-03-30,payment_processing_fees,apac,419.12
2026-03-30,payment_processing_fees,latam,419.12
2026-03-30,customer_support_tooling,us,150.94
2026-03-30,customer_support_tooling,eu,150.94
2026-03-30,customer_support_tooling,apac,150.94
2026-03-30,customer_support_tooling,latam,150.94
2026-03-30,insurance,us,109.48
2026-03-30,insurance,eu,109.48
2026-03-30,insurance,apac,109.47
2026-03-30,insurance,latam,109.47
2026-04-01,rent,us,461.66
2026-04-01,rent,eu,461.65
2026-04-01,rent,apac,461.65
2026-04-01,rent,latam,461.65
2026-04-01,software_licenses,us,372.61
2026-04-01,software_licenses,eu,372.61
2026-04-01,software_licenses,apac,372.61
2026-04-01,software_licenses,latam,372.61
2026-04-01,logistics,us,1979.86
2026-04-01,logistics,eu,796.83
2026-04-01,logistics,apac,361.43
2026-04-01,logistics,latam,497.65
2026-04-01,packaging,us,521.72
2026-04-01,packaging,eu,188.19
2026-04-01,packaging,apac,88.03
2026-04-01,packaging,latam,67.77
2026-04-01,payment_processing_fees,us,451.72
2026-04-01,payment_processing_fees,eu,451.71
2026-04-01,payment_processing_fees,apac,451.71
2026-04-01,payment_processing_fees,latam,451.71
2026-04-01,customer_support_tooling,us,162.81
2026-04-01,customer_support_tooling,eu,162.81
2026-04-01,customer_support_tooling,apac,162.81
2026-04-01,customer_support_tooling,latam,162.80
2026-04-01,insurance,us,112.47
2026-04-01,insurance,eu,112.47
2026-04-01,insurance,apac,112.47
2026-04-01,insurance,latam,112.47
2026-04-02,rent,us,456.04
2026-04-02,rent,eu,456.04
2026-04-02,rent,apac,456.04
2026-04-02,rent,latam,456.03
2026-04-02,software_licenses,us,343.16
2026-04-02,software_licenses,eu,343.16
2026-04-02,software_licenses,apac,343.15
2026-04-02,software_licenses,latam,343.15
2026-04-02,logistics,us,1803.19
2026-04-02,logistics,eu,832.63
2026-04-02,logistics,apac,362.13
2026-04-02,logistics,latam,542.39
2026-04-02,packaging,us,503.11
2026-04-02,packaging,eu,181.18
2026-04-02,packaging,apac,88.69
2026-04-02,packaging,latam,75.74
2026-04-02,payment_processing_fees,us,419.27
2026-04-02,payment_processing_fees,eu,419.27
2026-04-02,payment_processing_fees,apac,419.26
2026-04-02,payment_processing_fees,latam,419.26
2026-04-02,customer_support_tooling,us,154.26
2026-04-02,customer_support_tooling,eu,154.26
2026-04-02,customer_support_tooling,apac,154.26
2026-04-02,customer_support_tooling,latam,154.25
2026-04-02,insurance,us,98.30
2026-04-02,insurance,eu,98.30
2026-04-02,insurance,apac,98.30
2026-04-02,insurance,latam,98.30
2026-04-03,rent,us,475.24
2026-04-03,rent,eu,475.23
2026-04-03,rent,apac,475.23
2026-04-03,rent,latam,475.23
2026-04-03,software_licenses,us,371.16
2026-04-03,software_licenses,eu,371.16
2026-04-03,software_licenses,apac,371.16
2026-04-03,software_licenses,latam,371.15
2026-04-03,logistics,us,1865.96
2026-04-03,logistics,eu,858.36
2026-04-03,logistics,apac,360.75
2026-04-03,logistics,latam,474.98
2026-04-03,packaging,us,505.69
2026-04-03,packaging,eu,210.52
2026-04-03,packaging,apac,94.22
2026-04-03,packaging,latam,83.59
2026-04-03,payment_processing_fees,us,449.62
2026-04-03,payment_processing_fees,eu,449.62
2026-04-03,payment_processing_fees,apac,449.62
2026-04-03,payment_processing_fees,latam,449.62
2026-04-03,customer_support_tooling,us,161.12
2026-04-03,customer_support_tooling,eu,161.12
2026-04-03,customer_support_tooling,apac,161.12
2026-04-03,customer_support_tooling,latam,161.12
2026-04-03,insurance,us,99.80
2026-04-03,insurance,eu,99.80
2026-04-03,insurance,apac,99.79
2026-04-03,insurance,latam,99.79
2026-04-04,rent,us,455.40
2026-04-04,rent,eu,455.40
2026-04-04,rent,apac,455.39
2026-04-04,rent,latam,455.39
2026-04-04,software_licenses,us,393.03
2026-04-04,software_licenses,eu,393.02
2026-04-04,software_licenses,apac,393.02
2026-04-04,software_licenses,latam,393.02
2026-04-04,logistics,us,2050.85
2026-04-04,logistics,eu,775.9
2026-04-04,logistics,apac,420.29
2026-04-04,logistics,latam,522.17
2026-04-04,packaging,us,444.31
2026-04-04,packaging,eu,192.12
2026-04-04,packaging,apac,83.25
2026-04-04,packaging,latam,71.28
2026-04-04,payment_processing_fees,us,456.02
2026-04-04,payment_processing_fees,eu,456.02
2026-04-04,payment_processing_fees,apac,456.02
2026-04-04,payment_processing_fees,latam,456.01
2026-04-04,customer_support_tooling,us,161.32
2026-04-04,customer_support_tooling,eu,161.32
2026-04-04,customer_support_tooling,apac,161.32
2026-04-04,customer_support_tooling,latam,161.31
2026-04-04,insurance,us,103.25
2026-04-04,insurance,eu,103.25
2026-04-04,insurance,apac,103.25
2026-04-04,insurance,latam,103.24
2026-04-05,rent,us,494.63
2026-04-05,rent,eu,494.63
2026-04-05,rent,apac,494.63
2026-04-05,rent,latam,494.63
2026-04-05,software_licenses,us,384.11
2026-04-05,software_licenses,eu,384.11
2026-04-05,software_licenses,apac,384.10
2026-04-05,software_licenses,latam,384.10
2026-04-05,logistics,us,1906.46
2026-04-05,logistics,eu,905.88
2026-04-05,logistics,apac,356.65
2026-04-05,logistics,latam,558.29
2026-04-05,packaging,us,491.51
2026-04-05,packaging,eu,186.47
2026-04-05,packaging,apac,87.88
2026-04-05,packaging,latam,75.26
2026-04-05,payment_processing_fees,us,441.26
2026-04-05,payment_processing_fees,eu,441.26
2026-04-05,payment_processing_fees,apac,441.25
2026-04-05,payment_processing_fees,latam,441.25
2026-04-05,customer_support_tooling,us,158.53
2026-04-05,customer_support_tooling,eu,158.53
2026-04-05,customer_support_tooling,apac,158.53
2026-04-05,customer_support_tooling,latam,158.52
2026-04-05,insurance,us,105.48
2026-04-05,insurance,eu,105.48
2026-04-05,insurance,apac,105.47
2026-04-05,insurance,latam,105.47
2026-04-06,rent,us,505.80
2026-04-06,rent,eu,505.80
2026-04-06,rent,apac,505.80
2026-04-06,rent,latam,505.80
2026-04-06,software_licenses,us,357.08
2026-04-06,software_licenses,eu,357.08
2026-04-06,software_licenses,apac,357.07
2026-04-06,software_licenses,latam,357.07
2026-04-06,logistics,us,1689.06
2026-04-06,logistics,eu,855.95
2026-04-06,logistics,apac,382.61
2026-04-06,logistics,latam,497.81
2026-04-06,packaging,us,460.54
2026-04-06,packaging,eu,207.38
2026-04-06,packaging,apac,88.76
2026-04-06,packaging,latam,75.16
2026-04-06,payment_processing_fees,us,442.81
2026-04-06,payment_processing_fees,eu,442.81
2026-04-06,payment_processing_fees,apac,442.81
2026-04-06,payment_processing_fees,latam,442.80
2026-04-06,customer_support_tooling,us,160.52
2026-04-06,customer_support_tooling,eu,160.52
2026-04-06,customer_support_tooling,apac,160.52
2026-04-06,customer_support_tooling,latam,160.52
2026-04-06,insurance,us,100.76
2026-04-06,insurance,eu,100.76
2026-04-06,insurance,apac,100.75
2026-04-06,insurance,latam,100.75
2026-04-07,rent,us,502.52
2026-04-07,rent,eu,502.52
2026-04-07,rent,apac,502.52
2026-04-07,rent,latam,502.52
2026-04-07,software_licenses,us,380.43
2026-04-07,software_licenses,eu,380.43
2026-04-07,software_licenses,apac,380.43
2026-04-07,software_licenses,latam,380.43
2026-04-07,logistics,us,1947.54
2026-04-07,logistics,eu,713.44
2026-04-07,logistics,apac,365.97
2026-04-07,logistics,latam,549.68
2026-04-07,packaging,us,485.76
2026-04-07,packaging,eu,184.47
2026-04-07,packaging,apac,94.99
2026-04-07,packaging,latam,77.09
2026-04-07,payment_processing_fees,us,419.21
2026-04-07,payment_processing_fees,eu,419.21
2026-04-07,payment_processing_fees,apac,419.20
2026-04-07,payment_processing_fees,latam,419.20
2026-04-07,customer_support_tooling,us,160.36
2026-04-07,customer_support_tooling,eu,160.36
2026-04-07,customer_support_tooling,apac,160.36
2026-04-07,customer_support_tooling,latam,160.36
2026-04-07,insurance,us,101.22
2026-04-07,insurance,eu,101.22
2026-04-07,insurance,apac,101.21
2026-04-07,insurance,latam,101.21
2026-04-08,rent,us,504.06
2026-04-08,rent,eu,504.06
2026-04-08,rent,apac,504.06
2026-04-08,rent,latam,504.06
2026-04-08,software_licenses,us,355.76
2026-04-08,software_licenses,eu,355.76
2026-04-08,software_licenses,apac,355.75
2026-04-08,software_licenses,latam,355.75
2026-04-08,logistics,us,2087.63
2026-04-08,logistics,eu,844.38
2026-04-08,logistics,apac,368.38
2026-04-08,logistics,latam,527.49
2026-04-08,packaging,us,473.68
2026-04-08,packaging,eu,199.19
2026-04-08,packaging,apac,80.47
2026-04-08,packaging,latam,76.29
2026-04-08,payment_processing_fees,us,453.10
2026-04-08,payment_processing_fees,eu,453.10
2026-04-08,payment_processing_fees,apac,453.10
2026-04-08,payment_processing_fees,latam,453.10
2026-04-08,customer_support_tooling,us,157.15
2026-04-08,customer_support_tooling,eu,157.15
2026-04-08,customer_support_tooling,apac,157.14
2026-04-08,customer_support_tooling,latam,157.14
2026-04-08,insurance,us,98.55
2026-04-08,insurance,eu,98.55
2026-04-08,insurance,apac,98.54
2026-04-08,insurance,latam,98.54
2026-04-09,rent,us,494.57
2026-04-09,rent,eu,494.57
2026-04-09,rent,apac,494.57
2026-04-09,rent,latam,494.56
2026-04-09,software_licenses,us,369.78
2026-04-09,software_licenses,eu,369.78
2026-04-09,software_licenses,apac,369.78
2026-04-09,software_licenses,latam,369.78
2026-04-09,logistics,us,2068.25
2026-04-09,logistics,eu,771.11
2026-04-09,logistics,apac,348.52
2026-04-09,logistics,latam,496.2
2026-04-09,packaging,us,448.23
2026-04-09,packaging,eu,177.58
2026-04-09,packaging,apac,85.03
2026-04-09,packaging,latam,73.75
2026-04-09,payment_processing_fees,us,423.58
2026-04-09,payment_processing_fees,eu,423.58
2026-04-09,payment_processing_fees,apac,423.57
2026-04-09,payment_processing_fees,latam,423.57
2026-04-09,customer_support_tooling,us,159.55
2026-04-09,customer_support_tooling,eu,159.55
2026-04-09,customer_support_tooling,apac,159.55
2026-04-09,customer_support_tooling,latam,159.55
2026-04-09,insurance,us,108.45
2026-04-09,insurance,eu,108.45
2026-04-09,insurance,apac,108.45
2026-04-09,insurance,latam,108.45
2026-04-10,rent,us,469.96
2026-04-10,rent,eu,469.96
2026-04-10,rent,apac,469.96
2026-04-10,rent,latam,469.95
2026-04-10,software_licenses,us,354.58
2026-04-10,software_licenses,eu,354.58
2026-04-10,software_licenses,apac,354.58
2026-04-10,software_licenses,latam,354.58
2026-04-10,logistics,us,1820.47
2026-04-10,logistics,eu,787.85
2026-04-10,logistics,apac,353.73
2026-04-10,logistics,latam,491.76
2026-04-10,packaging,us,451.82
2026-04-10,packaging,eu,168.26
2026-04-10,packaging,apac,83.57
2026-04-10,packaging,latam,81.58
2026-04-10,payment_processing_fees,us,446.32
2026-04-10,payment_processing_fees,eu,446.31
2026-04-10,payment_processing_fees,apac,446.31
2026-04-10,payment_processing_fees,latam,446.31
2026-04-10,customer_support_tooling,us,153.62
2026-04-10,customer_support_tooling,eu,153.62
2026-04-10,customer_support_tooling,apac,153.61
2026-04-10,customer_support_tooling,latam,153.61
2026-04-10,insurance,us,106.07
2026-04-10,insurance,eu,106.06
2026-04-10,insurance,apac,106.06
2026-04-10,insurance,latam,106.06
2026-04-11,rent,us,466.72
2026-04-11,rent,eu,466.71
2026-04-11,rent,apac,466.71
2026-04-11,rent,latam,466.71
2026-04-11,software_licenses,us,360.30
2026-04-11,software_licenses,eu,360.30
2026-04-11,software_licenses,apac,360.30
2026-04-11,software_licenses,latam,360.30
2026-04-11,logistics,us,2071.16
2026-04-11,logistics,eu,825.23
2026-04-11,logistics,apac,337.46
2026-04-11,logistics,latam,536.51
2026-04-11,packaging,us,461.07
2026-04-11,packaging,eu,185.76
2026-04-11,packaging,apac,85.12
2026-04-11,packaging,latam,73.26
2026-04-11,payment_processing_fees,us,441.27
2026-04-11,payment_processing_fees,eu,441.27
2026-04-11,payment_processing_fees,apac,441.27
2026-04-11,payment_processing_fees,latam,441.27
2026-04-11,customer_support_tooling,us,155.27
2026-04-11,customer_support_tooling,eu,155.27
2026-04-11,customer_support_tooling,apac,155.26
2026-04-11,customer_support_tooling,latam,155.26
2026-04-11,insurance,us,107.04
2026-04-11,insurance,eu,107.03
2026-04-11,insurance,apac,107.03
2026-04-11,insurance,latam,107.03
2026-04-12,rent,us,477.03
2026-04-12,rent,eu,477.03
2026-04-12,rent,apac,477.03
2026-04-12,rent,latam,477.02
2026-04-12,software_licenses,us,368.88
2026-04-12,software_licenses,eu,368.87
2026-04-12,software_licenses,apac,368.87
2026-04-12,software_licenses,latam,368.87
2026-04-12,logistics,us,1861.25
2026-04-12,logistics,eu,840.78
2026-04-12,logistics,apac,340.6
2026-04-12,logistics,latam,443.18
2026-04-12,packaging,us,422.24
2026-04-12,packaging,eu,205.79
2026-04-12,packaging,apac,82.81
2026-04-12,packaging,latam,75.77
2026-04-12,payment_processing_fees,us,443.95
2026-04-12,payment_processing_fees,eu,443.95
2026-04-12,payment_processing_fees,apac,443.94
2026-04-12,payment_processing_fees,latam,443.94
2026-04-12,customer_support_tooling,us,170.68
2026-04-12,customer_support_tooling,eu,170.68
2026-04-12,customer_support_tooling,apac,170.68
2026-04-12,customer_support_tooling,latam,170.67
2026-04-12,insurance,us,101.14
2026-04-12,insurance,eu,101.14
2026-04-12,insurance,apac,101.14
2026-04-12,insurance,latam,101.13
2026-04-13,rent,us,481.43
2026-04-13,rent,eu,481.43
2026-04-13,rent,apac,481.43
2026-04-13,rent,latam,481.43
2026-04-13,software_licenses,us,355.93
2026-04-13,software_licenses,eu,355.93
2026-04-13,software_licenses,apac,355.93
2026-04-13,software_licenses,latam,355.93
2026-04-13,logistics,us,2230.21
2026-04-13,logistics,eu,802.14
2026-04-13,logistics,apac,351.83
2026-04-13,logistics,latam,565.95
2026-04-13,packaging,us,504.44
2026-04-13,packaging,eu,211.33
2026-04-13,packaging,apac,89.67
2026-04-13,packaging,latam,74.07
2026-04-13,payment_processing_fees,us,424.65
2026-04-13,payment_processing_fees,eu,424.64
2026-04-13,payment_processing_fees,apac,424.64
2026-04-13,payment_processing_fees,latam,424.64
2026-04-13,customer_support_tooling,us,156.87
2026-04-13,customer_support_tooling,eu,156.86
2026-04-13,customer_support_tooling,apac,156.86
2026-04-13,customer_support_tooling,latam,156.86
2026-04-13,insurance,us,99.19
2026-04-13,insurance,eu,99.19
2026-04-13,insurance,apac,99.18
2026-04-13,insurance,latam,99.18
2026-04-14,rent,us,475.50
2026-04-14,rent,eu,475.50
2026-04-14,rent,apac,475.50
2026-04-14,rent,latam,475.50
2026-04-14,software_licenses,us,403.71
2026-04-14,software_licenses,eu,403.71
2026-04-14,software_licenses,apac,403.71
2026-04-14,software_licenses,latam,403.70
2026-04-14,logistics,us,1701.97
2026-04-14,logistics,eu,848.76
2026-04-14,logistics,apac,351.42
2026-04-14,logistics,latam,554.96
2026-04-14,packaging,us,414.31
2026-04-14,packaging,eu,204.2
2026-04-14,packaging,apac,87.52
2026-04-14,packaging,latam,79.21
2026-04-14,payment_processing_fees,us,455.10
2026-04-14,payment_processing_fees,eu,455.10
2026-04-14,payment_processing_fees,apac,455.10
2026-04-14,payment_processing_fees,latam,455.09
2026-04-14,customer_support_tooling,us,164.86
2026-04-14,customer_support_tooling,eu,164.86
2026-04-14,customer_support_tooling,apac,164.86
2026-04-14,customer_support_tooling,latam,164.85
2026-04-14,insurance,us,104.44
2026-04-14,insurance,eu,104.43
2026-04-14,insurance,apac,104.43
2026-04-14,insurance,latam,104.43
2026-04-15,rent,us,489.62
2026-04-15,rent,eu,489.61
2026-04-15,rent,apac,489.61
2026-04-15,rent,latam,489.61
2026-04-15,software_licenses,us,387.80
2026-04-15,software_licenses,eu,387.79
2026-04-15,software_licenses,apac,387.79
2026-04-15,software_licenses,latam,387.79
2026-04-15,logistics,us,1791.76
2026-04-15,logistics,eu,805.27
2026-04-15,logistics,apac,336.02
2026-04-15,logistics,latam,504.66
2026-04-15,packaging,us,464.3
2026-04-15,packaging,eu,195.76
2026-04-15,packaging,apac,83.92
2026-04-15,packaging,latam,73.25
2026-04-15,payment_processing_fees,us,438.60
2026-04-15,payment_processing_fees,eu,438.59
2026-04-15,payment_processing_fees,apac,438.59
2026-04-15,payment_processing_fees,latam,438.59
2026-04-15,customer_support_tooling,us,158.96
2026-04-15,customer_support_tooling,eu,158.96
2026-04-15,customer_support_tooling,apac,158.95
2026-04-15,customer_support_tooling,latam,158.95
2026-04-15,insurance,us,100.17
2026-04-15,insurance,eu,100.17
2026-04-15,insurance,apac,100.16
2026-04-15,insurance,latam,100.16
2026-04-16,rent,us,499.25
2026-04-16,rent,eu,499.25
2026-04-16,rent,apac,499.25
2026-04-16,rent,latam,499.25
2026-04-16,software_licenses,us,375.80
2026-04-16,software_licenses,eu,375.80
2026-04-16,software_licenses,apac,375.80
2026-04-16,software_licenses,latam,375.79
2026-04-16,logistics,us,2065.84
2026-04-16,logistics,eu,808.74
2026-04-16,logistics,apac,369.03
2026-04-16,logistics,latam,526.56
2026-04-16,packaging,us,457.54
2026-04-16,packaging,eu,187.28
2026-04-16,packaging,apac,87.21
2026-04-16,packaging,latam,70.48
2026-04-16,payment_processing_fees,us,425.42
2026-04-16,payment_processing_fees,eu,425.42
2026-04-16,payment_processing_fees,apac,425.42
2026-04-16,payment_processing_fees,latam,425.42
2026-04-16,customer_support_tooling,us,155.06
2026-04-16,customer_support_tooling,eu,155.06
2026-04-16,customer_support_tooling,apac,155.06
2026-04-16,customer_support_tooling,latam,155.06
2026-04-16,insurance,us,100.68
2026-04-16,insurance,eu,100.67
2026-04-16,insurance,apac,100.67
2026-04-16,insurance,latam,100.67
2026-04-17,rent,us,490.39
2026-04-17,rent,eu,490.38
2026-04-17,rent,apac,490.38
2026-04-17,rent,latam,490.38
2026-04-17,software_licenses,us,369.85
2026-04-17,software_licenses,eu,369.84
2026-04-17,software_licenses,apac,369.84
2026-04-17,software_licenses,latam,369.84
2026-04-17,logistics,us,2009.96
2026-04-17,logistics,eu,950.16
2026-04-17,logistics,apac,364.38
2026-04-17,logistics,latam,558.65
2026-04-17,packaging,us,479.18
2026-04-17,packaging,eu,180.05
2026-04-17,packaging,apac,84.94
2026-04-17,packaging,latam,80.73
2026-04-17,payment_processing_fees,us,418.56
2026-04-17,payment_processing_fees,eu,418.56
2026-04-17,payment_processing_fees,apac,418.56
2026-04-17,payment_processing_fees,latam,418.56
2026-04-17,customer_support_tooling,us,168.22
2026-04-17,customer_support_tooling,eu,168.22
2026-04-17,customer_support_tooling,apac,168.22
2026-04-17,customer_support_tooling,latam,168.21
2026-04-17,insurance,us,100.33
2026-04-17,insurance,eu,100.33
2026-04-17,insurance,apac,100.33
2026-04-17,insurance,latam,100.32
2026-04-18,rent,us,472.94
2026-04-18,rent,eu,472.94
2026-04-18,rent,apac,472.93
2026-04-18,rent,latam,472.93
2026-04-18,software_licenses,us,362.68
2026-04-18,software_licenses,eu,362.67
2026-04-18,software_licenses,apac,362.67
2026-04-18,software_licenses,latam,362.67
2026-04-18,logistics,us,2029.07
2026-04-18,logistics,eu,772.31
2026-04-18,logistics,apac,362.2
2026-04-18,logistics,latam,494.55
2026-04-18,packaging,us,461.63
2026-04-18,packaging,eu,187.23
2026-04-18,packaging,apac,87.11
2026-04-18,packaging,latam,75.57
2026-04-18,payment_processing_fees,us,439.35
2026-04-18,payment_processing_fees,eu,439.34
2026-04-18,payment_processing_fees,apac,439.34
2026-04-18,payment_processing_fees,latam,439.34
2026-04-18,customer_support_tooling,us,148.32
2026-04-18,customer_support_tooling,eu,148.31
2026-04-18,customer_support_tooling,apac,148.31
2026-04-18,customer_support_tooling,latam,148.31
2026-04-18,insurance,us,106.40
2026-04-18,insurance,eu,106.40
2026-04-18,insurance,apac,106.40
2026-04-18,insurance,latam,106.39
2026-04-19,rent,us,493.47
2026-04-19,rent,eu,493.47
2026-04-19,rent,apac,493.47
2026-04-19,rent,latam,493.46
2026-04-19,software_licenses,us,366.87
2026-04-19,software_licenses,eu,366.87
2026-04-19,software_licenses,apac,366.87
2026-04-19,software_licenses,latam,366.87
2026-04-19,logistics,us,2033.86
2026-04-19,logistics,eu,849.58
2026-04-19,logistics,apac,395.83
2026-04-19,logistics,latam,526.75
2026-04-19,packaging,us,476.42
2026-04-19,packaging,eu,205.69
2026-04-19,packaging,apac,79.87
2026-04-19,packaging,latam,75.63
2026-04-19,payment_processing_fees,us,423.59
2026-04-19,payment_processing_fees,eu,423.59
2026-04-19,payment_processing_fees,apac,423.59
2026-04-19,payment_processing_fees,latam,423.59
2026-04-19,customer_support_tooling,us,170.77
2026-04-19,customer_support_tooling,eu,170.77
2026-04-19,customer_support_tooling,apac,170.77
2026-04-19,customer_support_tooling,latam,170.77
2026-04-19,insurance,us,91.89
2026-04-19,insurance,eu,91.89
2026-04-19,insurance,apac,91.88
2026-04-19,insurance,latam,91.88
2026-04-20,rent,us,507.91
2026-04-20,rent,eu,507.91
2026-04-20,rent,apac,507.91
2026-04-20,rent,latam,507.90
2026-04-20,software_licenses,us,355.16
2026-04-20,software_licenses,eu,355.16
2026-04-20,software_licenses,apac,355.16
2026-04-20,software_licenses,latam,355.16
2026-04-20,logistics,us,1860.17
2026-04-20,logistics,eu,842.91
2026-04-20,logistics,apac,360.43
2026-04-20,logistics,latam,536.8
2026-04-20,packaging,us,504.75
2026-04-20,packaging,eu,195.78
2026-04-20,packaging,apac,89.1
2026-04-20,packaging,latam,80.01
2026-04-20,payment_processing_fees,us,436.36
2026-04-20,payment_processing_fees,eu,436.36
2026-04-20,payment_processing_fees,apac,436.35
2026-04-20,payment_processing_fees,latam,436.35
2026-04-20,customer_support_tooling,us,159.04
2026-04-20,customer_support_tooling,eu,159.03
2026-04-20,customer_support_tooling,apac,159.03
2026-04-20,customer_support_tooling,latam,159.03
2026-04-20,insurance,us,104.48
2026-04-20,insurance,eu,104.48
2026-04-20,insurance,apac,104.48
2026-04-20,insurance,latam,104.48
2026-04-21,rent,us,492.86
2026-04-21,rent,eu,492.86
2026-04-21,rent,apac,492.86
2026-04-21,rent,latam,492.85
2026-04-21,software_licenses,us,407.86
2026-04-21,software_licenses,eu,407.85
2026-04-21,software_licenses,apac,407.85
2026-04-21,software_licenses,latam,407.85
2026-04-21,logistics,us,2153.83
2026-04-21,logistics,eu,809.09
2026-04-21,logistics,apac,316.11
2026-04-21,logistics,latam,489.37
2026-04-21,packaging,us,420.58
2026-04-21,packaging,eu,217.33
2026-04-21,packaging,apac,84.29
2026-04-21,packaging,latam,66.51
2026-04-21,payment_processing_fees,us,416.26
2026-04-21,payment_processing_fees,eu,416.26
2026-04-21,payment_processing_fees,apac,416.26
2026-04-21,payment_processing_fees,latam,416.25
2026-04-21,customer_support_tooling,us,168.95
2026-04-21,customer_support_tooling,eu,168.95
2026-04-21,customer_support_tooling,apac,168.94
2026-04-21,customer_support_tooling,latam,168.94
2026-04-21,insurance,us,102.12
2026-04-21,insurance,eu,102.12
2026-04-21,insurance,apac,102.11
2026-04-21,insurance,latam,102.11
2026-04-22,rent,us,478.52
2026-04-22,rent,eu,478.52
2026-04-22,rent,apac,478.51
2026-04-22,rent,latam,478.51
2026-04-22,software_licenses,us,353.80
2026-04-22,software_licenses,eu,353.80
2026-04-22,software_licenses,apac,353.80
2026-04-22,software_licenses,latam,353.80
2026-04-22,logistics,us,1885.93
2026-04-22,logistics,eu,792.63
2026-04-22,logistics,apac,382.44
2026-04-22,logistics,latam,562.14
2026-04-22,packaging,us,463.49
2026-04-22,packaging,eu,216.5
2026-04-22,packaging,apac,84.25
2026-04-22,packaging,latam,75.62
2026-04-22,payment_processing_fees,us,458.62
2026-04-22,payment_processing_fees,eu,458.62
2026-04-22,payment_processing_fees,apac,458.62
2026-04-22,payment_processing_fees,latam,458.61
2026-04-22,customer_support_tooling,us,155.73
2026-04-22,customer_support_tooling,eu,155.73
2026-04-22,customer_support_tooling,apac,155.73
2026-04-22,customer_support_tooling,latam,155.73
2026-04-22,insurance,us,107.53
2026-04-22,insurance,eu,107.53
2026-04-22,insurance,apac,107.53
2026-04-22,insurance,latam,107.52
2026-04-23,rent,us,509.38
2026-04-23,rent,eu,509.37
2026-04-23,rent,apac,509.37
2026-04-23,rent,latam,509.37
2026-04-23,software_licenses,us,352.96
2026-04-23,software_licenses,eu,352.96
2026-04-23,software_licenses,apac,352.95
2026-04-23,software_licenses,latam,352.95
2026-04-23,logistics,us,2063.39
2026-04-23,logistics,eu,908.79
2026-04-23,logistics,apac,354.95
2026-04-23,logistics,latam,509.11
2026-04-23,packaging,us,523.72
2026-04-23,packaging,eu,193.69
2026-04-23,packaging,apac,84.65
2026-04-23,packaging,latam,74.23
2026-04-23,payment_processing_fees,us,469.72
2026-04-23,payment_processing_fees,eu,469.72
2026-04-23,payment_processing_fees,apac,469.72
2026-04-23,payment_processing_fees,latam,469.72
2026-04-23,customer_support_tooling,us,159.33
2026-04-23,customer_support_tooling,eu,159.33
2026-04-23,customer_support_tooling,apac,159.33
2026-04-23,customer_support_tooling,latam,159.33
2026-04-23,insurance,us,111.18
2026-04-23,insurance,eu,111.18
2026-04-23,insurance,apac,111.18
2026-04-23,insurance,latam,111.18
2026-04-24,rent,us,512.85
2026-04-24,rent,eu,512.85
2026-04-24,rent,apac,512.85
2026-04-24,rent,latam,512.85
2026-04-24,software_licenses,us,379.81
2026-04-24,software_licenses,eu,379.81
2026-04-24,software_licenses,apac,379.81
2026-04-24,software_licenses,latam,379.80
2026-04-24,logistics,us,1796.97
2026-04-24,logistics,eu,729.51
2026-04-24,logistics,apac,377.35
2026-04-24,logistics,latam,520.81
2026-04-24,packaging,us,418.32
2026-04-24,packaging,eu,194.19
2026-04-24,packaging,apac,81.49
2026-04-24,packaging,latam,76.34
2026-04-24,payment_processing_fees,us,443.38
2026-04-24,payment_processing_fees,eu,443.38
2026-04-24,payment_processing_fees,apac,443.38
2026-04-24,payment_processing_fees,latam,443.38
2026-04-24,customer_support_tooling,us,155.34
2026-04-24,customer_support_tooling,eu,155.34
2026-04-24,customer_support_tooling,apac,155.33
2026-04-24,customer_support_tooling,latam,155.33
2026-04-24,insurance,us,112.12
2026-04-24,insurance,eu,112.12
2026-04-24,insurance,apac,112.12
2026-04-24,insurance,latam,112.12
2026-04-25,rent,us,506.17
2026-04-25,rent,eu,506.17
2026-04-25,rent,apac,506.17
2026-04-25,rent,latam,506.17
2026-04-25,software_licenses,us,385.96
2026-04-25,software_licenses,eu,385.96
2026-04-25,software_licenses,apac,385.96
2026-04-25,software_licenses,latam,385.95
2026-04-25,logistics,us,2220.4
2026-04-25,logistics,eu,856.04
2026-04-25,logistics,apac,365.2
2026-04-25,logistics,latam,511.69
2026-04-25,packaging,us,460.09
2026-04-25,packaging,eu,195.85
2026-04-25,packaging,apac,86.72
2026-04-25,packaging,latam,81.68
2026-04-25,payment_processing_fees,us,473.81
2026-04-25,payment_processing_fees,eu,473.81
2026-04-25,payment_processing_fees,apac,473.81
2026-04-25,payment_processing_fees,latam,473.80
2026-04-25,customer_support_tooling,us,146.38
2026-04-25,customer_support_tooling,eu,146.38
2026-04-25,customer_support_tooling,apac,146.37
2026-04-25,customer_support_tooling,latam,146.37
2026-04-25,insurance,us,97.00
2026-04-25,insurance,eu,97.00
2026-04-25,insurance,apac,96.99
2026-04-25,insurance,latam,96.99
2026-04-26,rent,us,486.85
2026-04-26,rent,eu,486.85
2026-04-26,rent,apac,486.85
2026-04-26,rent,latam,486.85
2026-04-26,software_licenses,us,360.74
2026-04-26,software_licenses,eu,360.74
2026-04-26,software_licenses,apac,360.74
2026-04-26,software_licenses,latam,360.73
2026-04-26,logistics,us,1948.96
2026-04-26,logistics,eu,767.49
2026-04-26,logistics,apac,321.29
2026-04-26,logistics,latam,504.2
2026-04-26,packaging,us,512.98
2026-04-26,packaging,eu,194.59
2026-04-26,packaging,apac,67.08
2026-04-26,packaging,latam,75.52
2026-04-26,payment_processing_fees,us,422.03
2026-04-26,payment_processing_fees,eu,422.03
2026-04-26,payment_processing_fees,apac,422.03
2026-04-26,payment_processing_fees,latam,422.03
2026-04-26,customer_support_tooling,us,153.34
2026-04-26,customer_support_tooling,eu,153.33
2026-04-26,customer_support_tooling,apac,153.33
2026-04-26,customer_support_tooling,latam,153.33
2026-04-26,insurance,us,99.97
2026-04-26,insurance,eu,99.97
2026-04-26,insurance,apac,99.97
2026-04-26,insurance,latam,99.97
2026-04-27,rent,us,521.49
2026-04-27,rent,eu,521.49
2026-04-27,rent,apac,521.49
2026-04-27,rent,latam,521.48
2026-04-27,software_licenses,us,378.85
2026-04-27,software_licenses,eu,378.85
2026-04-27,software_licenses,apac,378.85
2026-04-27,software_licenses,latam,378.85
2026-04-27,logistics,us,1940.69
2026-04-27,logistics,eu,784.55
2026-04-27,logistics,apac,375.77
2026-04-27,logistics,latam,513.71
2026-04-27,packaging,us,430.02
2026-04-27,packaging,eu,191.04
2026-04-27,packaging,apac,82.78
2026-04-27,packaging,latam,76.97
2026-04-27,payment_processing_fees,us,443.55
2026-04-27,payment_processing_fees,eu,443.55
2026-04-27,payment_processing_fees,apac,443.55
2026-04-27,payment_processing_fees,latam,443.54
2026-04-27,customer_support_tooling,us,167.81
2026-04-27,customer_support_tooling,eu,167.81
2026-04-27,customer_support_tooling,apac,167.81
2026-04-27,customer_support_tooling,latam,167.81
2026-04-27,insurance,us,111.71
2026-04-27,insurance,eu,111.71
2026-04-27,insurance,apac,111.71
2026-04-27,insurance,latam,111.70
2026-04-28,rent,us,521.35
2026-04-28,rent,eu,521.35
2026-04-28,rent,apac,521.35
2026-04-28,rent,latam,521.34
2026-04-28,software_licenses,us,379.19
2026-04-28,software_licenses,eu,379.18
2026-04-28,software_licenses,apac,379.18
2026-04-28,software_licenses,latam,379.18
2026-04-28,logistics,us,1933.95
2026-04-28,logistics,eu,774.24
2026-04-28,logistics,apac,369.64
2026-04-28,logistics,latam,516.17
2026-04-28,packaging,us,437.96
2026-04-28,packaging,eu,178.6
2026-04-28,packaging,apac,94.05
2026-04-28,packaging,latam,77.41
2026-04-28,payment_processing_fees,us,452.42
2026-04-28,payment_processing_fees,eu,452.42
2026-04-28,payment_processing_fees,apac,452.41
2026-04-28,payment_processing_fees,latam,452.41
2026-04-28,customer_support_tooling,us,165.59
2026-04-28,customer_support_tooling,eu,165.59
2026-04-28,customer_support_tooling,apac,165.59
2026-04-28,customer_support_tooling,latam,165.59
2026-04-28,insurance,us,93.39
2026-04-28,insurance,eu,93.39
2026-04-28,insurance,apac,93.39
2026-04-28,insurance,latam,93.39
2026-04-29,rent,us,496.89
2026-04-29,rent,eu,496.89
2026-04-29,rent,apac,496.89
2026-04-29,rent,latam,496.88
2026-04-29,software_licenses,us,395.11
2026-04-29,software_licenses,eu,395.11
2026-04-29,software_licenses,apac,395.10
2026-04-29,software_licenses,latam,395.10
2026-04-29,logistics,us,1810.28
2026-04-29,logistics,eu,844.91
2026-04-29,logistics,apac,367.62
2026-04-29,logistics,latam,488.25
2026-04-29,packaging,us,478.29
2026-04-29,packaging,eu,203.05
2026-04-29,packaging,apac,82.02
2026-04-29,packaging,latam,79.91
2026-04-29,payment_processing_fees,us,448.41
2026-04-29,payment_processing_fees,eu,448.41
2026-04-29,payment_processing_fees,apac,448.41
2026-04-29,payment_processing_fees,latam,448.41
2026-04-29,customer_support_tooling,us,162.77
2026-04-29,customer_support_tooling,eu,162.77
2026-04-29,customer_support_tooling,apac,162.77
2026-04-29,customer_support_tooling,latam,162.76
2026-04-29,insurance,us,104.72
2026-04-29,insurance,eu,104.71
2026-04-29,insurance,apac,104.71
2026-04-29,insurance,latam,104.71
2026-04-30,rent,us,508.33
2026-04-30,rent,eu,508.32
2026-04-30,rent,apac,508.32
2026-04-30,rent,latam,508.32
2026-04-30,software_licenses,us,414.17
2026-04-30,software_licenses,eu,414.17
2026-04-30,software_licenses,apac,414.17
2026-04-30,software_licenses,latam,414.16
2026-04-30,logistics,us,2008.19
2026-04-30,logistics,eu,796.99
2026-04-30,logistics,apac,378.21
2026-04-30,logistics,latam,581.93
2026-04-30,packaging,us,521.58
2026-04-30,packaging,eu,203.23
2026-04-30,packaging,apac,77.62
2026-04-30,packaging,latam,74.86
2026-04-30,payment_processing_fees,us,415.00
2026-04-30,payment_processing_fees,eu,415.00
2026-04-30,payment_processing_fees,apac,415.00
2026-04-30,payment_processing_fees,latam,415.00
2026-04-30,customer_support_tooling,us,154.68
2026-04-30,customer_support_tooling,eu,154.67
2026-04-30,customer_support_tooling,apac,154.67
2026-04-30,customer_support_tooling,latam,154.67
2026-04-30,insurance,us,98.32
2026-04-30,insurance,eu,98.32
2026-04-30,insurance,apac,98.31
2026-04-30,insurance,latam,98.31
2026-04-30,rent,us,473.38
2026-04-30,rent,eu,473.37
2026-04-30,rent,apac,473.37
2026-04-30,rent,latam,473.37
2026-04-30,software_licenses,us,367.30
2026-04-30,software_licenses,eu,367.30
2026-04-30,software_licenses,apac,367.30
2026-04-30,software_licenses,latam,367.29
2026-04-30,logistics,us,1966.92
2026-04-30,logistics,eu,780.48
2026-04-30,logistics,apac,362.29
2026-04-30,logistics,latam,527.75
2026-04-30,packaging,us,444.77
2026-04-30,packaging,eu,217.61
2026-04-30,packaging,apac,95.07
2026-04-30,packaging,latam,73.41
2026-04-30,payment_processing_fees,us,459.65
2026-04-30,payment_processing_fees,eu,459.65
2026-04-30,payment_processing_fees,apac,459.64
2026-04-30,payment_processing_fees,latam,459.64
2026-04-30,customer_support_tooling,us,152.66
2026-04-30,customer_support_tooling,eu,152.66
2026-04-30,customer_support_tooling,apac,152.65
2026-04-30,customer_support_tooling,latam,152.65
2026-04-30,insurance,us,105.77
2026-04-30,insurance,eu,105.77
2026-04-30,insurance,apac,105.77
2026-04-30,insurance,latam,105.76
2026-05-01,rent,us,470.32
2026-05-01,rent,eu,470.31
2026-05-01,rent,apac,470.31
2026-05-01,rent,latam,470.31
2026-05-01,software_licenses,us,367.84
2026-05-01,software_licenses,eu,367.84
2026-05-01,software_licenses,apac,367.84
2026-05-01,software_licenses,latam,367.83
2026-05-01,logistics,us,2044.71
2026-05-01,logistics,eu,783.81
2026-05-01,logistics,apac,337.08
2026-05-01,logistics,latam,533.39
2026-05-01,packaging,us,466.32
2026-05-01,packaging,eu,215.32
2026-05-01,packaging,apac,91.25
2026-05-01,packaging,latam,77.64
2026-05-01,payment_processing_fees,us,412.36
2026-05-01,payment_processing_fees,eu,412.36
2026-05-01,payment_processing_fees,apac,412.35
2026-05-01,payment_processing_fees,latam,412.35
2026-05-01,customer_support_tooling,us,154.47
2026-05-01,customer_support_tooling,eu,154.47
2026-05-01,customer_support_tooling,apac,154.46
2026-05-01,customer_support_tooling,latam,154.46
2026-05-01,insurance,us,106.16
2026-05-01,insurance,eu,106.16
2026-05-01,insurance,apac,106.16
2026-05-01,insurance,latam,106.15
2026-05-02,rent,us,537.37
2026-05-02,rent,eu,537.36
2026-05-02,rent,apac,537.36
2026-05-02,rent,latam,537.36
2026-05-02,software_licenses,us,342.39
2026-05-02,software_licenses,eu,342.38
2026-05-02,software_licenses,apac,342.38
2026-05-02,software_licenses,latam,342.38
2026-05-02,logistics,us,2063.07
2026-05-02,logistics,eu,742.83
2026-05-02,logistics,apac,347.54
2026-05-02,logistics,latam,541.58
2026-05-02,packaging,us,490.72
2026-05-02,packaging,eu,169.84
2026-05-02,packaging,apac,90.82
2026-05-02,packaging,latam,76.64
2026-05-02,payment_processing_fees,us,412.25
2026-05-02,payment_processing_fees,eu,412.25
2026-05-02,payment_processing_fees,apac,412.25
2026-05-02,payment_processing_fees,latam,412.25
2026-05-02,customer_support_tooling,us,154.93
2026-05-02,customer_support_tooling,eu,154.93
2026-05-02,customer_support_tooling,apac,154.92
2026-05-02,customer_support_tooling,latam,154.92
2026-05-02,insurance,us,104.36
2026-05-02,insurance,eu,104.36
2026-05-02,insurance,apac,104.36
2026-05-02,insurance,latam,104.35
2026-05-03,rent,us,538.10
2026-05-03,rent,eu,538.10
2026-05-03,rent,apac,538.09
2026-05-03,rent,latam,538.09
2026-05-03,software_licenses,us,365.51
2026-05-03,software_licenses,eu,365.51
2026-05-03,software_licenses,apac,365.51
2026-05-03,software_licenses,latam,365.51
2026-05-03,logistics,us,1584.75
2026-05-03,logistics,eu,788.93
2026-05-03,logistics,apac,331.45
2026-05-03,logistics,latam,485.67
2026-05-03,packaging,us,507.15
2026-05-03,packaging,eu,197.94
2026-05-03,packaging,apac,85.41
2026-05-03,packaging,latam,71.8
2026-05-03,payment_processing_fees,us,448.04
2026-05-03,payment_processing_fees,eu,448.04
2026-05-03,payment_processing_fees,apac,448.04
2026-05-03,payment_processing_fees,latam,448.04
2026-05-03,customer_support_tooling,us,148.90
2026-05-03,customer_support_tooling,eu,148.90
2026-05-03,customer_support_tooling,apac,148.90
2026-05-03,customer_support_tooling,latam,148.90
2026-05-03,insurance,us,97.36
2026-05-03,insurance,eu,97.36
2026-05-03,insurance,apac,97.35
2026-05-03,insurance,latam,97.35
2026-05-04,rent,us,499.84
2026-05-04,rent,eu,499.83
2026-05-04,rent,apac,499.83
2026-05-04,rent,latam,499.83
2026-05-04,software_licenses,us,361.74
2026-05-04,software_licenses,eu,361.74
2026-05-04,software_licenses,apac,361.74
2026-05-04,software_licenses,latam,361.74
2026-05-04,logistics,us,1895.08
2026-05-04,logistics,eu,796.53
2026-05-04,logistics,apac,359.9
2026-05-04,logistics,latam,495.98
2026-05-04,packaging,us,428.51
2026-05-04,packaging,eu,207.65
2026-05-04,packaging,apac,92.64
2026-05-04,packaging,latam,78.77
2026-05-04,payment_processing_fees,us,420.75
2026-05-04,payment_processing_fees,eu,420.74
2026-05-04,payment_processing_fees,apac,420.74
2026-05-04,payment_processing_fees,latam,420.74
2026-05-04,customer_support_tooling,us,150.88
2026-05-04,customer_support_tooling,eu,150.88
2026-05-04,customer_support_tooling,apac,150.88
2026-05-04,customer_support_tooling,latam,150.88
2026-05-04,insurance,us,117.22
2026-05-04,insurance,eu,117.21
2026-05-04,insurance,apac,117.21
2026-05-04,insurance,latam,117.21
2026-05-05,rent,us,523.77
2026-05-05,rent,eu,523.76
2026-05-05,rent,apac,523.76
2026-05-05,rent,latam,523.76
2026-05-05,software_licenses,us,358.57
2026-05-05,software_licenses,eu,358.57
2026-05-05,software_licenses,apac,358.57
2026-05-05,software_licenses,latam,358.56
2026-05-05,logistics,us,2106.45
2026-05-05,logistics,eu,697.72
2026-05-05,logistics,apac,323.93
2026-05-05,logistics,latam,518.42
2026-05-05,packaging,us,435.06
2026-05-05,packaging,eu,224.78
2026-05-05,packaging,apac,80.63
2026-05-05,packaging,latam,80.59
2026-05-05,payment_processing_fees,us,459.41
2026-05-05,payment_processing_fees,eu,459.41
2026-05-05,payment_processing_fees,apac,459.41
2026-05-05,payment_processing_fees,latam,459.40
2026-05-05,customer_support_tooling,us,168.68
2026-05-05,customer_support_tooling,eu,168.67
2026-05-05,customer_support_tooling,apac,168.67
2026-05-05,customer_support_tooling,latam,168.67
2026-05-05,insurance,us,106.17
2026-05-05,insurance,eu,106.17
2026-05-05,insurance,apac,106.17
2026-05-05,insurance,latam,106.17
2026-05-06,rent,us,494.52
2026-05-06,rent,eu,494.52
2026-05-06,rent,apac,494.51
2026-05-06,rent,latam,494.51
2026-05-06,software_licenses,us,386.31
2026-05-06,software_licenses,eu,386.31
2026-05-06,software_licenses,apac,386.31
2026-05-06,software_licenses,latam,386.30
2026-05-06,logistics,us,1810.25
2026-05-06,logistics,eu,849.54
2026-05-06,logistics,apac,382.78
2026-05-06,logistics,latam,505.59
2026-05-06,packaging,us,401.62
2026-05-06,packaging,eu,187.37
2026-05-06,packaging,apac,84.99
2026-05-06,packaging,latam,74.0
2026-05-06,payment_processing_fees,us,455.43
2026-05-06,payment_processing_fees,eu,455.43
2026-05-06,payment_processing_fees,apac,455.43
2026-05-06,payment_processing_fees,latam,455.42
2026-05-06,customer_support_tooling,us,153.97
2026-05-06,customer_support_tooling,eu,153.96
2026-05-06,customer_support_tooling,apac,153.96
2026-05-06,customer_support_tooling,latam,153.96
2026-05-06,insurance,us,103.92
2026-05-06,insurance,eu,103.92
2026-05-06,insurance,apac,103.91
2026-05-06,insurance,latam,103.91
2026-05-07,rent,us,495.99
2026-05-07,rent,eu,495.99
2026-05-07,rent,apac,495.99
2026-05-07,rent,latam,495.99
2026-05-07,software_licenses,us,374.76
2026-05-07,software_licenses,eu,374.75
2026-05-07,software_licenses,apac,374.75
2026-05-07,software_licenses,latam,374.75
2026-05-07,logistics,us,1843.38
2026-05-07,logistics,eu,858.31
2026-05-07,logistics,apac,385.61
2026-05-07,logistics,latam,571.26
2026-05-07,packaging,us,440.72
2026-05-07,packaging,eu,198.54
2026-05-07,packaging,apac,103.6
2026-05-07,packaging,latam,66.42
2026-05-07,payment_processing_fees,us,473.81
2026-05-07,payment_processing_fees,eu,473.81
2026-05-07,payment_processing_fees,apac,473.81
2026-05-07,payment_processing_fees,latam,473.80
2026-05-07,customer_support_tooling,us,164.15
2026-05-07,customer_support_tooling,eu,164.15
2026-05-07,customer_support_tooling,apac,164.15
2026-05-07,customer_support_tooling,latam,164.15
2026-05-07,insurance,us,99.02
2026-05-07,insurance,eu,99.02
2026-05-07,insurance,apac,99.02
2026-05-07,insurance,latam,99.01
2026-05-08,rent,us,476.03
2026-05-08,rent,eu,476.03
2026-05-08,rent,apac,476.03
2026-05-08,rent,latam,476.03
2026-05-08,software_licenses,us,350.02
2026-05-08,software_licenses,eu,350.02
2026-05-08,software_licenses,apac,350.01
2026-05-08,software_licenses,latam,350.01
2026-05-08,logistics,us,2009.89
2026-05-08,logistics,eu,828.02
2026-05-08,logistics,apac,377.29
2026-05-08,logistics,latam,498.5
2026-05-08,packaging,us,469.28
2026-05-08,packaging,eu,218.77
2026-05-08,packaging,apac,88.72
2026-05-08,packaging,latam,78.56
2026-05-08,payment_processing_fees,us,457.83
2026-05-08,payment_processing_fees,eu,457.83
2026-05-08,payment_processing_fees,apac,457.82
2026-05-08,payment_processing_fees,latam,457.82
2026-05-08,customer_support_tooling,us,172.47
2026-05-08,customer_support_tooling,eu,172.47
2026-05-08,customer_support_tooling,apac,172.46
2026-05-08,customer_support_tooling,latam,172.46
2026-05-08,insurance,us,100.56
2026-05-08,insurance,eu,100.55
2026-05-08,insurance,apac,100.55
2026-05-08,insurance,latam,100.55
2026-05-09,rent,us,539.20
2026-05-09,rent,eu,539.20
2026-05-09,rent,apac,539.20
2026-05-09,rent,latam,539.20
2026-05-09,software_licenses,us,390.30
2026-05-09,software_licenses,eu,390.29
2026-05-09,software_licenses,apac,390.29
2026-05-09,software_licenses,latam,390.29
2026-05-09,logistics,us,1957.88
2026-05-09,logistics,eu,907.45
2026-05-09,logistics,apac,373.98
2026-05-09,logistics,latam,536.32
2026-05-09,packaging,us,440.07
2026-05-09,packaging,eu,199.46
2026-05-09,packaging,apac,92.86
2026-05-09,packaging,latam,76.49
2026-05-09,payment_processing_fees,us,394.12
2026-05-09,payment_processing_fees,eu,394.12
2026-05-09,payment_processing_fees,apac,394.12
2026-05-09,payment_processing_fees,latam,394.11
2026-05-09,customer_support_tooling,us,165.45
2026-05-09,customer_support_tooling,eu,165.45
2026-05-09,customer_support_tooling,apac,165.44
2026-05-09,customer_support_tooling,latam,165.44
2026-05-09,insurance,us,106.27
2026-05-09,insurance,eu,106.26
2026-05-09,insurance,apac,106.26
2026-05-09,insurance,latam,106.26
2026-05-10,rent,us,508.08
2026-05-10,rent,eu,508.08
2026-05-10,rent,apac,508.07
2026-05-10,rent,latam,508.07
2026-05-10,software_licenses,us,364.64
2026-05-10,software_licenses,eu,364.64
2026-05-10,software_licenses,apac,364.64
2026-05-10,software_licenses,latam,364.63
2026-05-10,logistics,us,1873.56
2026-05-10,logistics,eu,862.86
2026-05-10,logistics,apac,361.37
2026-05-10,logistics,latam,485.08
2026-05-10,packaging,us,519.78
2026-05-10,packaging,eu,216.79
2026-05-10,packaging,apac,82.0
2026-05-10,packaging,latam,74.85
2026-05-10,payment_processing_fees,us,436.40
2026-05-10,payment_processing_fees,eu,436.40
2026-05-10,payment_processing_fees,apac,436.40
2026-05-10,payment_processing_fees,latam,436.40
2026-05-10,customer_support_tooling,us,152.50
2026-05-10,customer_support_tooling,eu,152.50
2026-05-10,customer_support_tooling,apac,152.50
2026-05-10,customer_support_tooling,latam,152.50
2026-05-10,insurance,us,100.63
2026-05-10,insurance,eu,100.63
2026-05-10,insurance,apac,100.63
2026-05-10,insurance,latam,100.63
2026-05-11,rent,us,528.10
2026-05-11,rent,eu,528.10
2026-05-11,rent,apac,528.10
2026-05-11,rent,latam,528.09
2026-05-11,software_licenses,us,390.11
2026-05-11,software_licenses,eu,390.11
2026-05-11,software_licenses,apac,390.11
2026-05-11,software_licenses,latam,390.10
2026-05-11,logistics,us,1718.96
2026-05-11,logistics,eu,795.5
2026-05-11,logistics,apac,292.42
2026-05-11,logistics,latam,491.27
2026-05-11,packaging,us,433.2
2026-05-11,packaging,eu,220.89
2026-05-11,packaging,apac,81.17
2026-05-11,packaging,latam,70.92
2026-05-11,payment_processing_fees,us,441.49
2026-05-11,payment_processing_fees,eu,441.49
2026-05-11,payment_processing_fees,apac,441.48
2026-05-11,payment_processing_fees,latam,441.48
2026-05-11,customer_support_tooling,us,154.43
2026-05-11,customer_support_tooling,eu,154.42
2026-05-11,customer_support_tooling,apac,154.42
2026-05-11,customer_support_tooling,latam,154.42
2026-05-11,insurance,us,101.46
2026-05-11,insurance,eu,101.45
2026-05-11,insurance,apac,101.45
2026-05-11,insurance,latam,101.45
2026-05-12,rent,us,451.37
2026-05-12,rent,eu,451.37
2026-05-12,rent,apac,451.37
2026-05-12,rent,latam,451.36
2026-05-12,software_licenses,us,395.25
2026-05-12,software_licenses,eu,395.24
2026-05-12,software_licenses,apac,395.24
2026-05-12,software_licenses,latam,395.24
2026-05-12,logistics,us,2027.6
2026-05-12,logistics,eu,730.81
2026-05-12,logistics,apac,368.24
2026-05-12,logistics,latam,500.72
2026-05-12,packaging,us,545.46
2026-05-12,packaging,eu,200.83
2026-05-12,packaging,apac,90.38
2026-05-12,packaging,latam,74.34
2026-05-12,payment_processing_fees,us,415.89
2026-05-12,payment_processing_fees,eu,415.89
2026-05-12,payment_processing_fees,apac,415.89
2026-05-12,payment_processing_fees,latam,415.88
2026-05-12,customer_support_tooling,us,149.30
2026-05-12,customer_support_tooling,eu,149.30
2026-05-12,customer_support_tooling,apac,149.30
2026-05-12,customer_support_tooling,latam,149.29
2026-05-12,insurance,us,107.98
2026-05-12,insurance,eu,107.97
2026-05-12,insurance,apac,107.97
2026-05-12,insurance,latam,107.97
2026-05-13,rent,us,490.01
2026-05-13,rent,eu,490.01
2026-05-13,rent,apac,490.01
2026-05-13,rent,latam,490.01
2026-05-13,software_licenses,us,393.75
2026-05-13,software_licenses,eu,393.75
2026-05-13,software_licenses,apac,393.75
2026-05-13,software_licenses,latam,393.74
2026-05-13,logistics,us,1893.66
2026-05-13,logistics,eu,778.51
2026-05-13,logistics,apac,392.31
2026-05-13,logistics,latam,469.15
2026-05-13,packaging,us,402.16
2026-05-13,packaging,eu,170.25
2026-05-13,packaging,apac,78.3
2026-05-13,packaging,latam,79.95
2026-05-13,payment_processing_fees,us,444.14
2026-05-13,payment_processing_fees,eu,444.13
2026-05-13,payment_processing_fees,apac,444.13
2026-05-13,payment_processing_fees,latam,444.13
2026-05-13,customer_support_tooling,us,158.28
2026-05-13,customer_support_tooling,eu,158.27
2026-05-13,customer_support_tooling,apac,158.27
2026-05-13,customer_support_tooling,latam,158.27
2026-05-13,insurance,us,104.96
2026-05-13,insurance,eu,104.95
2026-05-13,insurance,apac,104.95
2026-05-13,insurance,latam,104.95
2026-05-14,rent,us,494.29
2026-05-14,rent,eu,494.28
2026-05-14,rent,apac,494.28
2026-05-14,rent,latam,494.28
2026-05-14,software_licenses,us,375.61
2026-05-14,software_licenses,eu,375.61
2026-05-14,software_licenses,apac,375.60
2026-05-14,software_licenses,latam,375.60
2026-05-14,logistics,us,2170.19
2026-05-14,logistics,eu,800.72
2026-05-14,logistics,apac,352.75
2026-05-14,logistics,latam,478.1
2026-05-14,packaging,us,540.3
2026-05-14,packaging,eu,198.79
2026-05-14,packaging,apac,85.24
2026-05-14,packaging,latam,64.29
2026-05-14,payment_processing_fees,us,461.72
2026-05-14,payment_processing_fees,eu,461.72
2026-05-14,payment_processing_fees,apac,461.71
2026-05-14,payment_processing_fees,latam,461.71
2026-05-14,customer_support_tooling,us,143.19
2026-05-14,customer_support_tooling,eu,143.19
2026-05-14,customer_support_tooling,apac,143.19
2026-05-14,customer_support_tooling,latam,143.18
2026-05-14,insurance,us,102.22
2026-05-14,insurance,eu,102.22
2026-05-14,insurance,apac,102.22
2026-05-14,insurance,latam,102.21
2026-05-15,rent,us,538.74
2026-05-15,rent,eu,538.74
2026-05-15,rent,apac,538.74
2026-05-15,rent,latam,538.74
2026-05-15,software_licenses,us,398.58
2026-05-15,software_licenses,eu,398.57
2026-05-15,software_licenses,apac,398.57
2026-05-15,software_licenses,latam,398.57
2026-05-15,logistics,us,2296.75
2026-05-15,logistics,eu,757.65
2026-05-15,logistics,apac,370.43
2026-05-15,logistics,latam,582.44
2026-05-15,packaging,us,447.17
2026-05-15,packaging,eu,219.03
2026-05-15,packaging,apac,95.08
2026-05-15,packaging,latam,76.9
2026-05-15,payment_processing_fees,us,475.39
2026-05-15,payment_processing_fees,eu,475.39
2026-05-15,payment_processing_fees,apac,475.39
2026-05-15,payment_processing_fees,latam,475.39
2026-05-15,customer_support_tooling,us,157.20
2026-05-15,customer_support_tooling,eu,157.20
2026-05-15,customer_support_tooling,apac,157.20
2026-05-15,customer_support_tooling,latam,157.20
2026-05-15,insurance,us,102.35
2026-05-15,insurance,eu,102.35
2026-05-15,insurance,apac,102.35
2026-05-15,insurance,latam,102.34
2026-05-16,rent,us,489.38
2026-05-16,rent,eu,489.38
2026-05-16,rent,apac,489.38
2026-05-16,rent,latam,489.37
2026-05-16,software_licenses,us,413.94
2026-05-16,software_licenses,eu,413.94
2026-05-16,software_licenses,apac,413.93
2026-05-16,software_licenses,latam,413.93
2026-05-16,logistics,us,2118.66
2026-05-16,logistics,eu,873.2
2026-05-16,logistics,apac,364.25
2026-05-16,logistics,latam,521.36
2026-05-16,packaging,us,476.56
2026-05-16,packaging,eu,179.48
2026-05-16,packaging,apac,94.0
2026-05-16,packaging,latam,77.43
2026-05-16,payment_processing_fees,us,438.74
2026-05-16,payment_processing_fees,eu,438.73
2026-05-16,payment_processing_fees,apac,438.73
2026-05-16,payment_processing_fees,latam,438.73
2026-05-16,customer_support_tooling,us,147.84
2026-05-16,customer_support_tooling,eu,147.83
2026-05-16,customer_support_tooling,apac,147.83
2026-05-16,customer_support_tooling,latam,147.83
2026-05-16,insurance,us,100.89
2026-05-16,insurance,eu,100.89
2026-05-16,insurance,apac,100.89
2026-05-16,insurance,latam,100.89
2026-05-17,rent,us,523.12
2026-05-17,rent,eu,523.12
2026-05-17,rent,apac,523.12
2026-05-17,rent,latam,523.12
2026-05-17,software_licenses,us,380.64
2026-05-17,software_licenses,eu,380.63
2026-05-17,software_licenses,apac,380.63
2026-05-17,software_licenses,latam,380.63
2026-05-17,logistics,us,2091.07
2026-05-17,logistics,eu,852.66
2026-05-17,logistics,apac,352.58
2026-05-17,logistics,latam,582.09
2026-05-17,packaging,us,467.5
2026-05-17,packaging,eu,214.36
2026-05-17,packaging,apac,83.1
2026-05-17,packaging,latam,64.33
2026-05-17,payment_processing_fees,us,414.29
2026-05-17,payment_processing_fees,eu,414.28
2026-05-17,payment_processing_fees,apac,414.28
2026-05-17,payment_processing_fees,latam,414.28
2026-05-17,customer_support_tooling,us,167.73
2026-05-17,customer_support_tooling,eu,167.73
2026-05-17,customer_support_tooling,apac,167.73
2026-05-17,customer_support_tooling,latam,167.72
2026-05-17,insurance,us,106.92
2026-05-17,insurance,eu,106.92
2026-05-17,insurance,apac,106.92
2026-05-17,insurance,latam,106.92
2026-05-18,rent,us,535.20
2026-05-18,rent,eu,535.20
2026-05-18,rent,apac,535.20
2026-05-18,rent,latam,535.19
2026-05-18,software_licenses,us,434.53
2026-05-18,software_licenses,eu,434.53
2026-05-18,software_licenses,apac,434.52
2026-05-18,software_licenses,latam,434.52
2026-05-18,logistics,us,1987.93
2026-05-18,logistics,eu,763.54
2026-05-18,logistics,apac,374.81
2026-05-18,logistics,latam,502.57
2026-05-18,packaging,us,491.02
2026-05-18,packaging,eu,196.7
2026-05-18,packaging,apac,87.86
2026-05-18,packaging,latam,74.95
2026-05-18,payment_processing_fees,us,422.91
2026-05-18,payment_processing_fees,eu,422.91
2026-05-18,payment_processing_fees,apac,422.91
2026-05-18,payment_processing_fees,latam,422.91
2026-05-18,customer_support_tooling,us,162.75
2026-05-18,customer_support_tooling,eu,162.75
2026-05-18,customer_support_tooling,apac,162.74
2026-05-18,customer_support_tooling,latam,162.74
2026-05-18,insurance,us,103.87
2026-05-18,insurance,eu,103.87
2026-05-18,insurance,apac,103.87
2026-05-18,insurance,latam,103.86
2026-05-19,rent,us,489.15
2026-05-19,rent,eu,489.15
2026-05-19,rent,apac,489.15
2026-05-19,rent,latam,489.15
2026-05-19,software_licenses,us,363.60
2026-05-19,software_licenses,eu,363.59
2026-05-19,software_licenses,apac,363.59
2026-05-19,software_licenses,latam,363.59
2026-05-19,logistics,us,2047.8
2026-05-19,logistics,eu,772.42
2026-05-19,logistics,apac,359.68
2026-05-19,logistics,latam,538.02
2026-05-19,packaging,us,475.67
2026-05-19,packaging,eu,196.51
2026-05-19,packaging,apac,86.27
2026-05-19,packaging,latam,71.29
2026-05-19,payment_processing_fees,us,399.71
2026-05-19,payment_processing_fees,eu,399.71
2026-05-19,payment_processing_fees,apac,399.71
2026-05-19,payment_processing_fees,latam,399.70
2026-05-19,customer_support_tooling,us,161.90
2026-05-19,customer_support_tooling,eu,161.90
2026-05-19,customer_support_tooling,apac,161.90
2026-05-19,customer_support_tooling,latam,161.89
2026-05-19,insurance,us,110.71
2026-05-19,insurance,eu,110.71
2026-05-19,insurance,apac,110.71
2026-05-19,insurance,latam,110.70
2026-05-20,rent,us,513.03
2026-05-20,rent,eu,513.03
2026-05-20,rent,apac,513.02
2026-05-20,rent,latam,513.02
2026-05-20,software_licenses,us,339.35
2026-05-20,software_licenses,eu,339.34
2026-05-20,software_licenses,apac,339.34
2026-05-20,software_licenses,latam,339.34
2026-05-20,logistics,us,1790.95
2026-05-20,logistics,eu,859.42
2026-05-20,logistics,apac,370.61
2026-05-20,logistics,latam,470.64
2026-05-20,packaging,us,449.38
2026-05-20,packaging,eu,213.53
2026-05-20,packaging,apac,96.82
2026-05-20,packaging,latam,77.17
2026-05-20,payment_processing_fees,us,423.46
2026-05-20,payment_processing_fees,eu,423.46
2026-05-20,payment_processing_fees,apac,423.46
2026-05-20,payment_processing_fees,latam,423.45
2026-05-20,customer_support_tooling,us,155.28
2026-05-20,customer_support_tooling,eu,155.27
2026-05-20,customer_support_tooling,apac,155.27
2026-05-20,customer_support_tooling,latam,155.27
2026-05-20,insurance,us,107.62
2026-05-20,insurance,eu,107.62
2026-05-20,insurance,apac,107.62
2026-05-20,insurance,latam,107.61
2026-05-21,rent,us,488.44
2026-05-21,rent,eu,488.43
2026-05-21,rent,apac,488.43
2026-05-21,rent,latam,488.43
2026-05-21,software_licenses,us,352.63
2026-05-21,software_licenses,eu,352.62
2026-05-21,software_licenses,apac,352.62
2026-05-21,software_licenses,latam,352.62
2026-05-21,logistics,us,2039.29
2026-05-21,logistics,eu,885.37
2026-05-21,logistics,apac,359.37
2026-05-21,logistics,latam,481.45
2026-05-21,packaging,us,472.01
2026-05-21,packaging,eu,210.26
2026-05-21,packaging,apac,96.21
2026-05-21,packaging,latam,80.32
2026-05-21,payment_processing_fees,us,430.71
2026-05-21,payment_processing_fees,eu,430.71
2026-05-21,payment_processing_fees,apac,430.71
2026-05-21,payment_processing_fees,latam,430.70
2026-05-21,customer_support_tooling,us,165.86
2026-05-21,customer_support_tooling,eu,165.85
2026-05-21,customer_support_tooling,apac,165.85
2026-05-21,customer_support_tooling,latam,165.85
2026-05-21,insurance,us,113.78
2026-05-21,insurance,eu,113.78
2026-05-21,insurance,apac,113.78
2026-05-21,insurance,latam,113.77
2026-05-22,rent,us,547.18
2026-05-22,rent,eu,547.17
2026-05-22,rent,apac,547.17
2026-05-22,rent,latam,547.17
2026-05-22,software_licenses,us,403.61
2026-05-22,software_licenses,eu,403.61
2026-05-22,software_licenses,apac,403.60
2026-05-22,software_licenses,latam,403.60
2026-05-22,logistics,us,1979.25
2026-05-22,logistics,eu,852.4
2026-05-22,logistics,apac,365.45
2026-05-22,logistics,latam,442.76
2026-05-22,packaging,us,492.48
2026-05-22,packaging,eu,208.94
2026-05-22,packaging,apac,89.98
2026-05-22,packaging,latam,85.47
2026-05-22,payment_processing_fees,us,404.51
2026-05-22,payment_processing_fees,eu,404.51
2026-05-22,payment_processing_fees,apac,404.50
2026-05-22,payment_processing_fees,latam,404.50
2026-05-22,customer_support_tooling,us,149.73
2026-05-22,customer_support_tooling,eu,149.73
2026-05-22,customer_support_tooling,apac,149.73
2026-05-22,customer_support_tooling,latam,149.73
2026-05-22,insurance,us,109.58
2026-05-22,insurance,eu,109.58
2026-05-22,insurance,apac,109.58
2026-05-22,insurance,latam,109.58
2026-05-23,rent,us,513.28
2026-05-23,rent,eu,513.27
2026-05-23,rent,apac,513.27
2026-05-23,rent,latam,513.27
2026-05-23,software_licenses,us,379.28
2026-05-23,software_licenses,eu,379.28
2026-05-23,software_licenses,apac,379.28
2026-05-23,software_licenses,latam,379.28
2026-05-23,logistics,us,2176.75
2026-05-23,logistics,eu,832.43
2026-05-23,logistics,apac,351.78
2026-05-23,logistics,latam,524.35
2026-05-23,packaging,us,417.54
2026-05-23,packaging,eu,192.42
2026-05-23,packaging,apac,76.08
2026-05-23,packaging,latam,80.31
2026-05-23,payment_processing_fees,us,456.85
2026-05-23,payment_processing_fees,eu,456.85
2026-05-23,payment_processing_fees,apac,456.85
2026-05-23,payment_processing_fees,latam,456.84
2026-05-23,customer_support_tooling,us,145.22
2026-05-23,customer_support_tooling,eu,145.22
2026-05-23,customer_support_tooling,apac,145.22
2026-05-23,customer_support_tooling,latam,145.22
2026-05-23,insurance,us,95.97
2026-05-23,insurance,eu,95.96
2026-05-23,insurance,apac,95.96
2026-05-23,insurance,latam,95.96
2026-05-24,rent,us,463.56
2026-05-24,rent,eu,463.56
2026-05-24,rent,apac,463.55
2026-05-24,rent,latam,463.55
2026-05-24,software_licenses,us,391.39
2026-05-24,software_licenses,eu,391.39
2026-05-24,software_licenses,apac,391.39
2026-05-24,software_licenses,latam,391.38
2026-05-24,logistics,us,1951.63
2026-05-24,logistics,eu,761.05
2026-05-24,logistics,apac,333.94
2026-05-24,logistics,latam,552.55
2026-05-24,packaging,us,494.89
2026-05-24,packaging,eu,183.04
2026-05-24,packaging,apac,79.91
2026-05-24,packaging,latam,69.23
2026-05-24,payment_processing_fees,us,398.07
2026-05-24,payment_processing_fees,eu,398.06
2026-05-24,payment_processing_fees,apac,398.06
2026-05-24,payment_processing_fees,latam,398.06
2026-05-24,customer_support_tooling,us,167.16
2026-05-24,customer_support_tooling,eu,167.16
2026-05-24,customer_support_tooling,apac,167.16
2026-05-24,customer_support_tooling,latam,167.16
2026-05-24,insurance,us,104.44
2026-05-24,insurance,eu,104.43
2026-05-24,insurance,apac,104.43
2026-05-24,insurance,latam,104.43
2026-05-25,rent,us,496.04
2026-05-25,rent,eu,496.04
2026-05-25,rent,apac,496.04
2026-05-25,rent,latam,496.04
2026-05-25,software_licenses,us,366.25
2026-05-25,software_licenses,eu,366.25
2026-05-25,software_licenses,apac,366.25
2026-05-25,software_licenses,latam,366.25
2026-05-25,logistics,us,2344.77
2026-05-25,logistics,eu,797.35
2026-05-25,logistics,apac,369.61
2026-05-25,logistics,latam,497.97
2026-05-25,packaging,us,367.82
2026-05-25,packaging,eu,199.36
2026-05-25,packaging,apac,86.11
2026-05-25,packaging,latam,75.14
2026-05-25,payment_processing_fees,us,416.29
2026-05-25,payment_processing_fees,eu,416.29
2026-05-25,payment_processing_fees,apac,416.29
2026-05-25,payment_processing_fees,latam,416.29
2026-05-25,customer_support_tooling,us,161.01
2026-05-25,customer_support_tooling,eu,161.00
2026-05-25,customer_support_tooling,apac,161.00
2026-05-25,customer_support_tooling,latam,161.00
2026-05-25,insurance,us,102.59
2026-05-25,insurance,eu,102.58
2026-05-25,insurance,apac,102.58
2026-05-25,insurance,latam,102.58
2026-05-26,rent,us,479.68
2026-05-26,rent,eu,479.68
2026-05-26,rent,apac,479.67
2026-05-26,rent,latam,479.67
2026-05-26,software_licenses,us,397.28
2026-05-26,software_licenses,eu,397.28
2026-05-26,software_licenses,apac,397.28
2026-05-26,software_licenses,latam,397.28
2026-05-26,logistics,us,1829.34
2026-05-26,logistics,eu,812.28
2026-05-26,logistics,apac,364.09
2026-05-26,logistics,latam,499.49
2026-05-26,packaging,us,423.23
2026-05-26,packaging,eu,202.2
2026-05-26,packaging,apac,84.58
2026-05-26,packaging,latam,75.78
2026-05-26,payment_processing_fees,us,467.07
2026-05-26,payment_processing_fees,eu,467.07
2026-05-26,payment_processing_fees,apac,467.06
2026-05-26,payment_processing_fees,latam,467.06
2026-05-26,customer_support_tooling,us,158.29
2026-05-26,customer_support_tooling,eu,158.29
2026-05-26,customer_support_tooling,apac,158.29
2026-05-26,customer_support_tooling,latam,158.28
2026-05-26,insurance,us,101.67
2026-05-26,insurance,eu,101.66
2026-05-26,insurance,apac,101.66
2026-05-26,insurance,latam,101.66
2026-05-27,rent,us,481.58
2026-05-27,rent,eu,481.58
2026-05-27,rent,apac,481.58
2026-05-27,rent,latam,481.58
2026-05-27,software_licenses,us,392.07
2026-05-27,software_licenses,eu,392.07
2026-05-27,software_licenses,apac,392.06
2026-05-27,software_licenses,latam,392.06
2026-05-27,logistics,us,2084.65
2026-05-27,logistics,eu,898.15
2026-05-27,logistics,apac,382.84
2026-05-27,logistics,latam,533.65
2026-05-27,packaging,us,437.79
2026-05-27,packaging,eu,204.9
2026-05-27,packaging,apac,73.97
2026-05-27,packaging,latam,83.08
2026-05-27,payment_processing_fees,us,435.57
2026-05-27,payment_processing_fees,eu,435.57
2026-05-27,payment_processing_fees,apac,435.57
2026-05-27,payment_processing_fees,latam,435.56
2026-05-27,customer_support_tooling,us,163.15
2026-05-27,customer_support_tooling,eu,163.15
2026-05-27,customer_support_tooling,apac,163.14
2026-05-27,customer_support_tooling,latam,163.14
2026-05-27,insurance,us,110.50
2026-05-27,insurance,eu,110.50
2026-05-27,insurance,apac,110.50
2026-05-27,insurance,latam,110.50
2026-05-28,rent,us,491.49
2026-05-28,rent,eu,491.49
2026-05-28,rent,apac,491.48
2026-05-28,rent,latam,491.48
2026-05-28,software_licenses,us,377.35
2026-05-28,software_licenses,eu,377.34
2026-05-28,software_licenses,apac,377.34
2026-05-28,software_licenses,latam,377.34
2026-05-28,logistics,us,1894.7
2026-05-28,logistics,eu,795.18
2026-05-28,logistics,apac,402.32
2026-05-28,logistics,latam,522.01
2026-05-28,packaging,us,501.64
2026-05-28,packaging,eu,198.32
2026-05-28,packaging,apac,88.1
2026-05-28,packaging,latam,79.08
2026-05-28,payment_processing_fees,us,444.20
2026-05-28,payment_processing_fees,eu,444.20
2026-05-28,payment_processing_fees,apac,444.20
2026-05-28,payment_processing_fees,latam,444.20
2026-05-28,customer_support_tooling,us,161.63
2026-05-28,customer_support_tooling,eu,161.63
2026-05-28,customer_support_tooling,apac,161.63
2026-05-28,customer_support_tooling,latam,161.63
2026-05-28,insurance,us,101.31
2026-05-28,insurance,eu,101.31
2026-05-28,insurance,apac,101.31
2026-05-28,insurance,latam,101.31
2026-05-29,rent,us,506.45
2026-05-29,rent,eu,506.44
2026-05-29,rent,apac,506.44
2026-05-29,rent,latam,506.44
2026-05-29,software_licenses,us,372.17
2026-05-29,software_licenses,eu,372.16
2026-05-29,software_licenses,apac,372.16
2026-05-29,software_licenses,latam,372.16
2026-05-29,logistics,us,1955.87
2026-05-29,logistics,eu,811.98
2026-05-29,logistics,apac,374.83
2026-05-29,logistics,latam,505.16
2026-05-29,packaging,us,409.36
2026-05-29,packaging,eu,171.61
2026-05-29,packaging,apac,89.98
2026-05-29,packaging,latam,77.38
2026-05-29,payment_processing_fees,us,491.42
2026-05-29,payment_processing_fees,eu,491.42
2026-05-29,payment_processing_fees,apac,491.42
2026-05-29,payment_processing_fees,latam,491.42
2026-05-29,customer_support_tooling,us,156.33
2026-05-29,customer_support_tooling,eu,156.33
2026-05-29,customer_support_tooling,apac,156.33
2026-05-29,customer_support_tooling,latam,156.33
2026-05-29,insurance,us,107.46
2026-05-29,insurance,eu,107.46
2026-05-29,insurance,apac,107.46
2026-05-29,insurance,latam,107.46
2026-05-30,rent,us,485.62
2026-05-30,rent,eu,485.62
2026-05-30,rent,apac,485.62
2026-05-30,rent,latam,485.61
2026-05-30,software_licenses,us,394.70
2026-05-30,software_licenses,eu,394.70
2026-05-30,software_licenses,apac,394.69
2026-05-30,software_licenses,latam,394.69
2026-05-30,logistics,us,1931.88
2026-05-30,logistics,eu,850.53
2026-05-30,logistics,apac,346.17
2026-05-30,logistics,latam,540.97
2026-05-30,packaging,us,468.87
2026-05-30,packaging,eu,228.13
2026-05-30,packaging,apac,89.88
2026-05-30,packaging,latam,63.89
2026-05-30,payment_processing_fees,us,442.41
2026-05-30,payment_processing_fees,eu,442.41
2026-05-30,payment_processing_fees,apac,442.40
2026-05-30,payment_processing_fees,latam,442.40
2026-05-30,customer_support_tooling,us,159.43
2026-05-30,customer_support_tooling,eu,159.43
2026-05-30,customer_support_tooling,apac,159.43
2026-05-30,customer_support_tooling,latam,159.42
2026-05-30,insurance,us,103.62
2026-05-30,insurance,eu,103.62
2026-05-30,insurance,apac,103.62
2026-05-30,insurance,latam,103.62
2026-06-01,rent,us,535.65
2026-06-01,rent,eu,535.65
2026-06-01,rent,apac,535.65
2026-06-01,rent,latam,535.64
2026-06-01,software_licenses,us,360.00
2026-06-01,software_licenses,eu,359.99
2026-06-01,software_licenses,apac,359.99
2026-06-01,software_licenses,latam,359.99
2026-06-01,logistics,us,2164.19
2026-06-01,logistics,eu,883.57
2026-06-01,logistics,apac,403.13
2026-06-01,logistics,latam,473.99
2026-06-01,packaging,us,472.53
2026-06-01,packaging,eu,186.97
2026-06-01,packaging,apac,90.55
2026-06-01,packaging,latam,76.97
2026-06-01,payment_processing_fees,us,432.79
2026-06-01,payment_processing_fees,eu,432.79
2026-06-01,payment_processing_fees,apac,432.79
2026-06-01,payment_processing_fees,latam,432.79
2026-06-01,customer_support_tooling,us,177.50
2026-06-01,customer_support_tooling,eu,177.50
2026-06-01,customer_support_tooling,apac,177.50
2026-06-01,customer_support_tooling,latam,177.49
2026-06-01,insurance,us,111.75
2026-06-01,insurance,eu,111.75
2026-06-01,insurance,apac,111.75
2026-06-01,insurance,latam,111.74
2026-06-02,rent,us,464.74
2026-06-02,rent,eu,464.74
2026-06-02,rent,apac,464.73
2026-06-02,rent,latam,464.73
2026-06-02,software_licenses,us,412.62
2026-06-02,software_licenses,eu,412.62
2026-06-02,software_licenses,apac,412.62
2026-06-02,software_licenses,latam,412.61
2026-06-02,logistics,us,1762.43
2026-06-02,logistics,eu,804.02
2026-06-02,logistics,apac,351.88
2026-06-02,logistics,latam,554.33
2026-06-02,packaging,us,512.54
2026-06-02,packaging,eu,181.93
2026-06-02,packaging,apac,92.12
2026-06-02,packaging,latam,73.85
2026-06-02,payment_processing_fees,us,443.40
2026-06-02,payment_processing_fees,eu,443.40
2026-06-02,payment_processing_fees,apac,443.40
2026-06-02,payment_processing_fees,latam,443.40
2026-06-02,customer_support_tooling,us,155.69
2026-06-02,customer_support_tooling,eu,155.68
2026-06-02,customer_support_tooling,apac,155.68
2026-06-02,customer_support_tooling,latam,155.68
2026-06-02,insurance,us,105.42
2026-06-02,insurance,eu,105.42
2026-06-02,insurance,apac,105.42
2026-06-02,insurance,latam,105.41
2026-06-03,rent,us,509.48
2026-06-03,rent,eu,509.48
2026-06-03,rent,apac,509.48
2026-06-03,rent,latam,509.48
2026-06-03,software_licenses,us,386.58
2026-06-03,software_licenses,eu,386.58
2026-06-03,software_licenses,apac,386.57
2026-06-03,software_licenses,latam,386.57
2026-06-03,logistics,us,1948.33
2026-06-03,logistics,eu,864.73
2026-06-03,logistics,apac,358.93
2026-06-03,logistics,latam,500.67
2026-06-03,packaging,us,443.7
2026-06-03,packaging,eu,186.99
2026-06-03,packaging,apac,86.88
2026-06-03,packaging,latam,73.91
2026-06-03,payment_processing_fees,us,423.23
2026-06-03,payment_processing_fees,eu,423.23
2026-06-03,payment_processing_fees,apac,423.23
2026-06-03,payment_processing_fees,latam,423.23
2026-06-03,customer_support_tooling,us,157.79
2026-06-03,customer_support_tooling,eu,157.79
2026-06-03,customer_support_tooling,apac,157.79
2026-06-03,customer_support_tooling,latam,157.79
2026-06-03,insurance,us,104.94
2026-06-03,insurance,eu,104.94
2026-06-03,insurance,apac,104.94
2026-06-03,insurance,latam,104.93
2026-06-04,rent,us,489.15
2026-06-04,rent,eu,489.15
2026-06-04,rent,apac,489.14
2026-06-04,rent,latam,489.14
2026-06-04,software_licenses,us,384.05
2026-06-04,software_licenses,eu,384.04
2026-06-04,software_licenses,apac,384.04
2026-06-04,software_licenses,latam,384.04
2026-06-04,logistics,us,2262.87
2026-06-04,logistics,eu,787.37
2026-06-04,logistics,apac,358.33
2026-06-04,logistics,latam,563.81
2026-06-04,packaging,us,474.01
2026-06-04,packaging,eu,216.32
2026-06-04,packaging,apac,80.13
2026-06-04,packaging,latam,76.99
2026-06-04,payment_processing_fees,us,411.07
2026-06-04,payment_processing_fees,eu,411.07
2026-06-04,payment_processing_fees,apac,411.07
2026-06-04,payment_processing_fees,latam,411.06
2026-06-04,customer_support_tooling,us,162.78
2026-06-04,customer_support_tooling,eu,162.78
2026-06-04,customer_support_tooling,apac,162.78
2026-06-04,customer_support_tooling,latam,162.77
2026-06-04,insurance,us,95.18
2026-06-04,insurance,eu,95.17
2026-06-04,insurance,apac,95.17
2026-06-04,insurance,latam,95.17
2026-06-05,rent,us,512.17
2026-06-05,rent,eu,512.17
2026-06-05,rent,apac,512.17
2026-06-05,rent,latam,512.16
2026-06-05,software_licenses,us,345.42
2026-06-05,software_licenses,eu,345.41
2026-06-05,software_licenses,apac,345.41
2026-06-05,software_licenses,latam,345.41
2026-06-05,logistics,us,1928.97
2026-06-05,logistics,eu,819.3
2026-06-05,logistics,apac,363.1
2026-06-05,logistics,latam,521.98
2026-06-05,packaging,us,485.78
2026-06-05,packaging,eu,202.17
2026-06-05,packaging,apac,86.94
2026-06-05,packaging,latam,80.27
2026-06-05,payment_processing_fees,us,442.47
2026-06-05,payment_processing_fees,eu,442.46
2026-06-05,payment_processing_fees,apac,442.46
2026-06-05,payment_processing_fees,latam,442.46
2026-06-05,customer_support_tooling,us,159.86
2026-06-05,customer_support_tooling,eu,159.85
2026-06-05,customer_support_tooling,apac,159.85
2026-06-05,customer_support_tooling,latam,159.85
2026-06-05,insurance,us,95.58
2026-06-05,insurance,eu,95.58
2026-06-05,insurance,apac,95.57
2026-06-05,insurance,latam,95.57
2026-06-06,rent,us,496.17
2026-06-06,rent,eu,496.16
2026-06-06,rent,apac,496.16
2026-06-06,rent,latam,496.16
2026-06-06,software_licenses,us,380.84
2026-06-06,software_licenses,eu,380.83
2026-06-06,software_licenses,apac,380.83
2026-06-06,software_licenses,latam,380.83
2026-06-06,logistics,us,1921.13
2026-06-06,logistics,eu,852.62
2026-06-06,logistics,apac,368.99
2026-06-06,logistics,latam,531.76
2026-06-06,packaging,us,489.28
2026-06-06,packaging,eu,206.1
2026-06-06,packaging,apac,90.5
2026-06-06,packaging,latam,71.17
2026-06-06,payment_processing_fees,us,423.89
2026-06-06,payment_processing_fees,eu,423.89
2026-06-06,payment_processing_fees,apac,423.88
2026-06-06,payment_processing_fees,latam,423.88
2026-06-06,customer_support_tooling,us,155.59
2026-06-06,customer_support_tooling,eu,155.59
2026-06-06,customer_support_tooling,apac,155.59
2026-06-06,customer_support_tooling,latam,155.59
2026-06-06,insurance,us,111.05
2026-06-06,insurance,eu,111.05
2026-06-06,insurance,apac,111.04
2026-06-06,insurance,latam,111.04
2026-06-07,rent,us,483.69
2026-06-07,rent,eu,483.68
2026-06-07,rent,apac,483.68
2026-06-07,rent,latam,483.68
2026-06-07,software_licenses,us,393.60
2026-06-07,software_licenses,eu,393.60
2026-06-07,software_licenses,apac,393.60
2026-06-07,software_licenses,latam,393.60
2026-06-07,logistics,us,1920.24
2026-06-07,logistics,eu,831.96
2026-06-07,logistics,apac,395.77
2026-06-07,logistics,latam,529.98
2026-06-07,packaging,us,436.92
2026-06-07,packaging,eu,178.86
2026-06-07,packaging,apac,86.32
2026-06-07,packaging,latam,77.81
2026-06-07,payment_processing_fees,us,426.43
2026-06-07,payment_processing_fees,eu,426.43
2026-06-07,payment_processing_fees,apac,426.43
2026-06-07,payment_processing_fees,latam,426.43
2026-06-07,customer_support_tooling,us,161.67
2026-06-07,customer_support_tooling,eu,161.67
2026-06-07,customer_support_tooling,apac,161.67
2026-06-07,customer_support_tooling,latam,161.67
2026-06-07,insurance,us,94.93
2026-06-07,insurance,eu,94.93
2026-06-07,insurance,apac,94.92
2026-06-07,insurance,latam,94.92
2026-06-08,rent,us,485.06
2026-06-08,rent,eu,485.06
2026-06-08,rent,apac,485.05
2026-06-08,rent,latam,485.05
2026-06-08,software_licenses,us,392.08
2026-06-08,software_licenses,eu,392.08
2026-06-08,software_licenses,apac,392.08
2026-06-08,software_licenses,latam,392.07
2026-06-08,logistics,us,1751.35
2026-06-08,logistics,eu,805.54
2026-06-08,logistics,apac,359.94
2026-06-08,logistics,latam,534.66
2026-06-08,packaging,us,485.61
2026-06-08,packaging,eu,204.93
2026-06-08,packaging,apac,96.96
2026-06-08,packaging,latam,76.36
2026-06-08,payment_processing_fees,us,452.46
2026-06-08,payment_processing_fees,eu,452.46
2026-06-08,payment_processing_fees,apac,452.46
2026-06-08,payment_processing_fees,latam,452.46
2026-06-08,customer_support_tooling,us,162.39
2026-06-08,customer_support_tooling,eu,162.38
2026-06-08,customer_support_tooling,apac,162.38
2026-06-08,customer_support_tooling,latam,162.38
2026-06-08,insurance,us,98.04
2026-06-08,insurance,eu,98.04
2026-06-08,insurance,apac,98.03
2026-06-08,insurance,latam,98.03
2026-06-09,rent,us,460.13
2026-06-09,rent,eu,460.13
2026-06-09,rent,apac,460.13
2026-06-09,rent,latam,460.13
2026-06-09,software_licenses,us,393.92
2026-06-09,software_licenses,eu,393.92
2026-06-09,software_licenses,apac,393.92
2026-06-09,software_licenses,latam,393.92
2026-06-09,logistics,us,1983.75
2026-06-09,logistics,eu,834.08
2026-06-09,logistics,apac,394.17
2026-06-09,logistics,latam,535.77
2026-06-09,packaging,us,494.46
2026-06-09,packaging,eu,195.5
2026-06-09,packaging,apac,90.42
2026-06-09,packaging,latam,74.21
2026-06-09,payment_processing_fees,us,456.85
2026-06-09,payment_processing_fees,eu,456.85
2026-06-09,payment_processing_fees,apac,456.85
2026-06-09,payment_processing_fees,latam,456.85
2026-06-09,customer_support_tooling,us,171.94
2026-06-09,customer_support_tooling,eu,171.93
2026-06-09,customer_support_tooling,apac,171.93
2026-06-09,customer_support_tooling,latam,171.93
2026-06-09,insurance,us,110.54
2026-06-09,insurance,eu,110.54
2026-06-09,insurance,apac,110.53
2026-06-09,insurance,latam,110.53
2026-06-10,rent,us,481.43
2026-06-10,rent,eu,481.43
2026-06-10,rent,apac,481.42
2026-06-10,rent,latam,481.42
2026-06-10,software_licenses,us,370.02
2026-06-10,software_licenses,eu,370.01
2026-06-10,software_licenses,apac,370.01
2026-06-10,software_licenses,latam,370.01
2026-06-10,logistics,us,2040.55
2026-06-10,logistics,eu,780.73
2026-06-10,logistics,apac,351.88
2026-06-10,logistics,latam,512.92
2026-06-10,packaging,us,539.41
2026-06-10,packaging,eu,197.29
2026-06-10,packaging,apac,86.73
2026-06-10,packaging,latam,81.16
2026-06-10,payment_processing_fees,us,423.32
2026-06-10,payment_processing_fees,eu,423.32
2026-06-10,payment_processing_fees,apac,423.32
2026-06-10,payment_processing_fees,latam,423.32
2026-06-10,customer_support_tooling,us,178.94
2026-06-10,customer_support_tooling,eu,178.94
2026-06-10,customer_support_tooling,apac,178.94
2026-06-10,customer_support_tooling,latam,178.94
2026-06-10,insurance,us,98.05
2026-06-10,insurance,eu,98.04
2026-06-10,insurance,apac,98.04
2026-06-10,insurance,latam,98.04
2026-06-11,rent,us,465.72
2026-06-11,rent,eu,465.72
2026-06-11,rent,apac,465.71
2026-06-11,rent,latam,465.71
2026-06-11,software_licenses,us,376.73
2026-06-11,software_licenses,eu,376.73
2026-06-11,software_licenses,apac,376.72
2026-06-11,software_licenses,latam,376.72
2026-06-11,logistics,us,2086.55
2026-06-11,logistics,eu,836.44
2026-06-11,logistics,apac,389.65
2026-06-11,logistics,latam,541.56
2026-06-11,packaging,us,524.93
2026-06-11,packaging,eu,204.36
2026-06-11,packaging,apac,90.58
2026-06-11,packaging,latam,70.69
2026-06-11,payment_processing_fees,us,417.86
2026-06-11,payment_processing_fees,eu,417.86
2026-06-11,payment_processing_fees,apac,417.85
2026-06-11,payment_processing_fees,latam,417.85
2026-06-11,customer_support_tooling,us,150.13
2026-06-11,customer_support_tooling,eu,150.12
2026-06-11,customer_support_tooling,apac,150.12
2026-06-11,customer_support_tooling,latam,150.12
2026-06-11,insurance,us,101.95
2026-06-11,insurance,eu,101.95
2026-06-11,insurance,apac,101.95
2026-06-11,insurance,latam,101.94
2026-06-12,rent,us,502.84
2026-06-12,rent,eu,502.84
2026-06-12,rent,apac,502.84
2026-06-12,rent,latam,502.83
2026-06-12,software_licenses,us,406.13
2026-06-12,software_licenses,eu,406.13
2026-06-12,software_licenses,apac,406.12
2026-06-12,software_licenses,latam,406.12
2026-06-12,logistics,us,1882.74
2026-06-12,logistics,eu,900.73
2026-06-12,logistics,apac,368.63
2026-06-12,logistics,latam,501.87
2026-06-12,packaging,us,414.88
2026-06-12,packaging,eu,248.17
2026-06-12,packaging,apac,87.08
2026-06-12,packaging,latam,74.28
2026-06-12,payment_processing_fees,us,391.15
2026-06-12,payment_processing_fees,eu,391.15
2026-06-12,payment_processing_fees,apac,391.15
2026-06-12,payment_processing_fees,latam,391.14
2026-06-12,customer_support_tooling,us,178.42
2026-06-12,customer_support_tooling,eu,178.42
2026-06-12,customer_support_tooling,apac,178.42
2026-06-12,customer_support_tooling,latam,178.42
2026-06-12,insurance,us,108.88
2026-06-12,insurance,eu,108.88
2026-06-12,insurance,apac,108.88
2026-06-12,insurance,latam,108.88
2026-06-13,rent,us,493.76
2026-06-13,rent,eu,493.75
2026-06-13,rent,apac,493.75
2026-06-13,rent,latam,493.75
2026-06-13,software_licenses,us,342.77
2026-06-13,software_licenses,eu,342.77
2026-06-13,software_licenses,apac,342.77
2026-06-13,software_licenses,latam,342.77
2026-06-13,logistics,us,2119.29
2026-06-13,logistics,eu,860.57
2026-06-13,logistics,apac,344.26
2026-06-13,logistics,latam,489.39
2026-06-13,packaging,us,469.08
2026-06-13,packaging,eu,211.54
2026-06-13,packaging,apac,80.75
2026-06-13,packaging,latam,71.8
2026-06-13,payment_processing_fees,us,449.88
2026-06-13,payment_processing_fees,eu,449.87
2026-06-13,payment_processing_fees,apac,449.87
2026-06-13,payment_processing_fees,latam,449.87
2026-06-13,customer_support_tooling,us,160.46
2026-06-13,customer_support_tooling,eu,160.46
2026-06-13,customer_support_tooling,apac,160.46
2026-06-13,customer_support_tooling,latam,160.45
2026-06-13,insurance,us,104.41
2026-06-13,insurance,eu,104.41
2026-06-13,insurance,apac,104.41
2026-06-13,insurance,latam,104.41
2026-06-14,rent,us,464.49
2026-06-14,rent,eu,464.49
2026-06-14,rent,apac,464.48
2026-06-14,rent,latam,464.48
2026-06-14,software_licenses,us,357.37
2026-06-14,software_licenses,eu,357.37
2026-06-14,software_licenses,apac,357.36
2026-06-14,software_licenses,latam,357.36
2026-06-14,logistics,us,1902.0
2026-06-14,logistics,eu,722.06
2026-06-14,logistics,apac,361.9
2026-06-14,logistics,latam,573.77
2026-06-14,packaging,us,429.06
2026-06-14,packaging,eu,221.09
2026-06-14,packaging,apac,86.69
2026-06-14,packaging,latam,76.33
2026-06-14,payment_processing_fees,us,436.15
2026-06-14,payment_processing_fees,eu,436.15
2026-06-14,payment_processing_fees,apac,436.14
2026-06-14,payment_processing_fees,latam,436.14
2026-06-14,customer_support_tooling,us,148.79
2026-06-14,customer_support_tooling,eu,148.79
2026-06-14,customer_support_tooling,apac,148.79
2026-06-14,customer_support_tooling,latam,148.79
2026-06-14,insurance,us,110.48
2026-06-14,insurance,eu,110.48
2026-06-14,insurance,apac,110.48
2026-06-14,insurance,latam,110.48
2026-06-15,rent,us,447.42
2026-06-15,rent,eu,447.41
2026-06-15,rent,apac,447.41
2026-06-15,rent,latam,447.41
2026-06-15,software_licenses,us,356.13
2026-06-15,software_licenses,eu,356.13
2026-06-15,software_licenses,apac,356.13
2026-06-15,software_licenses,latam,356.13
2026-06-15,logistics,us,1789.99
2026-06-15,logistics,eu,819.07
2026-06-15,logistics,apac,349.71
2026-06-15,logistics,latam,500.08
2026-06-15,packaging,us,461.44
2026-06-15,packaging,eu,191.66
2026-06-15,packaging,apac,85.57
2026-06-15,packaging,latam,79.54
2026-06-15,payment_processing_fees,us,426.76
2026-06-15,payment_processing_fees,eu,426.75
2026-06-15,payment_processing_fees,apac,426.75
2026-06-15,payment_processing_fees,latam,426.75
2026-06-15,customer_support_tooling,us,155.92
2026-06-15,customer_support_tooling,eu,155.92
2026-06-15,customer_support_tooling,apac,155.92
2026-06-15,customer_support_tooling,latam,155.91
2026-06-15,insurance,us,105.52
2026-06-15,insurance,eu,105.51
2026-06-15,insurance,apac,105.51
2026-06-15,insurance,latam,105.51
2026-06-16,rent,us,498.07
2026-06-16,rent,eu,498.06
2026-06-16,rent,apac,498.06
2026-06-16,rent,latam,498.06
2026-06-16,software_licenses,us,378.53
2026-06-16,software_licenses,eu,378.53
2026-06-16,software_licenses,apac,378.52
2026-06-16,software_licenses,latam,378.52
2026-06-16,logistics,us,1926.17
2026-06-16,logistics,eu,727.82
2026-06-16,logistics,apac,353.85
2026-06-16,logistics,latam,585.85
2026-06-16,packaging,us,480.35
2026-06-16,packaging,eu,197.22
2026-06-16,packaging,apac,89.97
2026-06-16,packaging,latam,80.72
2026-06-16,payment_processing_fees,us,458.31
2026-06-16,payment_processing_fees,eu,458.31
2026-06-16,payment_processing_fees,apac,458.31
2026-06-16,payment_processing_fees,latam,458.30
2026-06-16,customer_support_tooling,us,163.70
2026-06-16,customer_support_tooling,eu,163.70
2026-06-16,customer_support_tooling,apac,163.70
2026-06-16,customer_support_tooling,latam,163.70
2026-06-16,insurance,us,106.93
2026-06-16,insurance,eu,106.93
2026-06-16,insurance,apac,106.93
2026-06-16,insurance,latam,106.92
2026-06-17,rent,us,519.98
2026-06-17,rent,eu,519.98
2026-06-17,rent,apac,519.98
2026-06-17,rent,latam,519.98
2026-06-17,software_licenses,us,372.93
2026-06-17,software_licenses,eu,372.93
2026-06-17,software_licenses,apac,372.93
2026-06-17,software_licenses,latam,372.92
2026-06-17,logistics,us,2072.89
2026-06-17,logistics,eu,785.63
2026-06-17,logistics,apac,387.78
2026-06-17,logistics,latam,505.49
2026-06-17,packaging,us,442.14
2026-06-17,packaging,eu,182.0
2026-06-17,packaging,apac,88.47
2026-06-17,packaging,latam,73.41
2026-06-17,payment_processing_fees,us,444.57
2026-06-17,payment_processing_fees,eu,444.57
2026-06-17,payment_processing_fees,apac,444.57
2026-06-17,payment_processing_fees,latam,444.56
2026-06-17,customer_support_tooling,us,154.39
2026-06-17,customer_support_tooling,eu,154.39
2026-06-17,customer_support_tooling,apac,154.39
2026-06-17,customer_support_tooling,latam,154.38
2026-06-17,insurance,us,107.14
2026-06-17,insurance,eu,107.14
2026-06-17,insurance,apac,107.14
2026-06-17,insurance,latam,107.14
2026-06-18,rent,us,480.41
2026-06-18,rent,eu,480.41
2026-06-18,rent,apac,480.41
2026-06-18,rent,latam,480.40
2026-06-18,software_licenses,us,393.45
2026-06-18,software_licenses,eu,393.45
2026-06-18,software_licenses,apac,393.44
2026-06-18,software_licenses,latam,393.44
2026-06-18,logistics,us,1718.97
2026-06-18,logistics,eu,805.33
2026-06-18,logistics,apac,386.93
2026-06-18,logistics,latam,543.12
2026-06-18,packaging,us,489.19
2026-06-18,packaging,eu,183.06
2026-06-18,packaging,apac,88.16
2026-06-18,packaging,latam,75.31
2026-06-18,payment_processing_fees,us,414.17
2026-06-18,payment_processing_fees,eu,414.17
2026-06-18,payment_processing_fees,apac,414.17
2026-06-18,payment_processing_fees,latam,414.16
2026-06-18,customer_support_tooling,us,154.03
2026-06-18,customer_support_tooling,eu,154.03
2026-06-18,customer_support_tooling,apac,154.03
2026-06-18,customer_support_tooling,latam,154.03
2026-06-18,insurance,us,104.61
2026-06-18,insurance,eu,104.61
2026-06-18,insurance,apac,104.61
2026-06-18,insurance,latam,104.61
2026-06-19,rent,us,505.02
2026-06-19,rent,eu,505.02
2026-06-19,rent,apac,505.01
2026-06-19,rent,latam,505.01
2026-06-19,software_licenses,us,384.57
2026-06-19,software_licenses,eu,384.56
2026-06-19,software_licenses,apac,384.56
2026-06-19,software_licenses,latam,384.56
2026-06-19,logistics,us,1994.66
2026-06-19,logistics,eu,767.24
2026-06-19,logistics,apac,340.62
2026-06-19,logistics,latam,551.46
2026-06-19,packaging,us,419.4
2026-06-19,packaging,eu,214.94
2026-06-19,packaging,apac,81.99
2026-06-19,packaging,latam,71.75
2026-06-19,payment_processing_fees,us,437.37
2026-06-19,payment_processing_fees,eu,437.37
2026-06-19,payment_processing_fees,apac,437.37
2026-06-19,payment_processing_fees,latam,437.36
2026-06-19,customer_support_tooling,us,171.74
2026-06-19,customer_support_tooling,eu,171.74
2026-06-19,customer_support_tooling,apac,171.74
2026-06-19,customer_support_tooling,latam,171.73
2026-06-19,insurance,us,105.83
2026-06-19,insurance,eu,105.83
2026-06-19,insurance,apac,105.83
2026-06-19,insurance,latam,105.82
2026-06-20,rent,us,502.91
2026-06-20,rent,eu,502.91
2026-06-20,rent,apac,502.91
2026-06-20,rent,latam,502.91
2026-06-20,software_licenses,us,387.19
2026-06-20,software_licenses,eu,387.19
2026-06-20,software_licenses,apac,387.19
2026-06-20,software_licenses,latam,387.18
2026-06-20,logistics,us,2178.59
2026-06-20,logistics,eu,761.2
2026-06-20,logistics,apac,370.33
2026-06-20,logistics,latam,526.2
2026-06-20,packaging,us,442.63
2026-06-20,packaging,eu,209.4
2026-06-20,packaging,apac,85.26
2026-06-20,packaging,latam,73.71
2026-06-20,payment_processing_fees,us,429.40
2026-06-20,payment_processing_fees,eu,429.40
2026-06-20,payment_processing_fees,apac,429.40
2026-06-20,payment_processing_fees,latam,429.40
2026-06-20,customer_support_tooling,us,165.96
2026-06-20,customer_support_tooling,eu,165.96
2026-06-20,customer_support_tooling,apac,165.96
2026-06-20,customer_support_tooling,latam,165.95
2026-06-20,insurance,us,112.21
2026-06-20,insurance,eu,112.21
2026-06-20,insurance,apac,112.21
2026-06-20,insurance,latam,112.21
2026-06-21,rent,us,473.75
2026-06-21,rent,eu,473.75
2026-06-21,rent,apac,473.74
2026-06-21,rent,latam,473.74
2026-06-21,software_licenses,us,353.70
2026-06-21,software_licenses,eu,353.70
2026-06-21,software_licenses,apac,353.70
2026-06-21,software_licenses,latam,353.69
2026-06-21,logistics,us,1967.96
2026-06-21,logistics,eu,807.81
2026-06-21,logistics,apac,349.88
2026-06-21,logistics,latam,557.01
2026-06-21,packaging,us,494.07
2026-06-21,packaging,eu,177.87
2026-06-21,packaging,apac,96.39
2026-06-21,packaging,latam,77.42
2026-06-21,payment_processing_fees,us,454.84
2026-06-21,payment_processing_fees,eu,454.83
2026-06-21,payment_processing_fees,apac,454.83
2026-06-21,payment_processing_fees,latam,454.83
2026-06-21,customer_support_tooling,us,164.50
2026-06-21,customer_support_tooling,eu,164.49
2026-06-21,customer_support_tooling,apac,164.49
2026-06-21,customer_support_tooling,latam,164.49
2026-06-21,insurance,us,99.45
2026-06-21,insurance,eu,99.45
2026-06-21,insurance,apac,99.44
2026-06-21,insurance,latam,99.44
2026-06-22,rent,us,503.69
2026-06-22,rent,eu,503.68
2026-06-22,rent,apac,503.68
2026-06-22,rent,latam,503.68
2026-06-22,software_licenses,us,386.81
2026-06-22,software_licenses,eu,386.81
2026-06-22,software_licenses,apac,386.81
2026-06-22,software_licenses,latam,386.80
2026-06-22,logistics,us,1950.92
2026-06-22,logistics,eu,888.12
2026-06-22,logistics,apac,332.59
2026-06-22,logistics,latam,507.79
2026-06-22,packaging,us,445.6
2026-06-22,packaging,eu,218.29
2026-06-22,packaging,apac,83.16
2026-06-22,packaging,latam,78.19
2026-06-22,payment_processing_fees,us,396.29
2026-06-22,payment_processing_fees,eu,396.29
2026-06-22,payment_processing_fees,apac,396.28
2026-06-22,payment_processing_fees,latam,396.28
2026-06-22,customer_support_tooling,us,157.64
2026-06-22,customer_support_tooling,eu,157.64
2026-06-22,customer_support_tooling,apac,157.63
2026-06-22,customer_support_tooling,latam,157.63
2026-06-22,insurance,us,97.26
2026-06-22,insurance,eu,97.26
2026-06-22,insurance,apac,97.25
2026-06-22,insurance,latam,97.25
2026-06-23,rent,us,483.00
2026-06-23,rent,eu,483.00
2026-06-23,rent,apac,483.00
2026-06-23,rent,latam,483.00
2026-06-23,software_licenses,us,366.57
2026-06-23,software_licenses,eu,366.57
2026-06-23,software_licenses,apac,366.57
2026-06-23,software_licenses,latam,366.57
2026-06-23,logistics,us,2058.43
2026-06-23,logistics,eu,918.52
2026-06-23,logistics,apac,396.2
2026-06-23,logistics,latam,551.3
2026-06-23,packaging,us,514.33
2026-06-23,packaging,eu,198.57
2026-06-23,packaging,apac,87.12
2026-06-23,packaging,latam,84.57
2026-06-23,payment_processing_fees,us,413.61
2026-06-23,payment_processing_fees,eu,413.61
2026-06-23,payment_processing_fees,apac,413.61
2026-06-23,payment_processing_fees,latam,413.61
2026-06-23,customer_support_tooling,us,151.65
2026-06-23,customer_support_tooling,eu,151.65
2026-06-23,customer_support_tooling,apac,151.65
2026-06-23,customer_support_tooling,latam,151.64
2026-06-23,insurance,us,101.26
2026-06-23,insurance,eu,101.26
2026-06-23,insurance,apac,101.26
2026-06-23,insurance,latam,101.26
2026-06-24,rent,us,500.11
2026-06-24,rent,eu,500.11
2026-06-24,rent,apac,500.11
2026-06-24,rent,latam,500.11
2026-06-24,software_licenses,us,368.18
2026-06-24,software_licenses,eu,368.17
2026-06-24,software_licenses,apac,368.17
2026-06-24,software_licenses,latam,368.17
2026-06-24,logistics,us,1695.37
2026-06-24,logistics,eu,922.0
2026-06-24,logistics,apac,325.48
2026-06-24,logistics,latam,433.98
2026-06-24,packaging,us,413.57
2026-06-24,packaging,eu,206.64
2026-06-24,packaging,apac,90.16
2026-06-24,packaging,latam,62.53
2026-06-24,payment_processing_fees,us,450.89
2026-06-24,payment_processing_fees,eu,450.89
2026-06-24,payment_processing_fees,apac,450.89
2026-06-24,payment_processing_fees,latam,450.88
2026-06-24,customer_support_tooling,us,178.13
2026-06-24,customer_support_tooling,eu,178.13
2026-06-24,customer_support_tooling,apac,178.13
2026-06-24,customer_support_tooling,latam,178.13
2026-06-24,insurance,us,100.78
2026-06-24,insurance,eu,100.78
2026-06-24,insurance,apac,100.77
2026-06-24,insurance,latam,100.77
2026-06-25,rent,us,489.64
2026-06-25,rent,eu,489.64
2026-06-25,rent,apac,489.64
2026-06-25,rent,latam,489.63
2026-06-25,software_licenses,us,385.53
2026-06-25,software_licenses,eu,385.53
2026-06-25,software_licenses,apac,385.53
2026-06-25,software_licenses,latam,385.52
2026-06-25,logistics,us,1775.4
2026-06-25,logistics,eu,832.53
2026-06-25,logistics,apac,366.72
2026-06-25,logistics,latam,506.98
2026-06-25,packaging,us,488.45
2026-06-25,packaging,eu,184.36
2026-06-25,packaging,apac,78.28
2026-06-25,packaging,latam,72.58
2026-06-25,payment_processing_fees,us,414.16
2026-06-25,payment_processing_fees,eu,414.16
2026-06-25,payment_processing_fees,apac,414.16
2026-06-25,payment_processing_fees,latam,414.16
2026-06-25,customer_support_tooling,us,167.16
2026-06-25,customer_support_tooling,eu,167.16
2026-06-25,customer_support_tooling,apac,167.16
2026-06-25,customer_support_tooling,latam,167.15
2026-06-25,insurance,us,117.75
2026-06-25,insurance,eu,117.75
2026-06-25,insurance,apac,117.75
2026-06-25,insurance,latam,117.74
2026-06-26,rent,us,500.77
2026-06-26,rent,eu,500.77
2026-06-26,rent,apac,500.76
2026-06-26,rent,latam,500.76
2026-06-26,software_licenses,us,377.34
2026-06-26,software_licenses,eu,377.34
2026-06-26,software_licenses,apac,377.33
2026-06-26,software_licenses,latam,377.33
2026-06-26,logistics,us,1936.15
2026-06-26,logistics,eu,884.22
2026-06-26,logistics,apac,355.67
2026-06-26,logistics,latam,483.77
2026-06-26,packaging,us,432.4
2026-06-26,packaging,eu,183.46
2026-06-26,packaging,apac,87.19
2026-06-26,packaging,latam,76.94
2026-06-26,payment_processing_fees,us,473.48
2026-06-26,payment_processing_fees,eu,473.48
2026-06-26,payment_processing_fees,apac,473.47
2026-06-26,payment_processing_fees,latam,473.47
2026-06-26,customer_support_tooling,us,167.14
2026-06-26,customer_support_tooling,eu,167.14
2026-06-26,customer_support_tooling,apac,167.14
2026-06-26,customer_support_tooling,latam,167.13
2026-06-26,insurance,us,106.06
2026-06-26,insurance,eu,106.06
2026-06-26,insurance,apac,106.05
2026-06-26,insurance,latam,106.05
2026-06-27,rent,us,515.27
2026-06-27,rent,eu,515.27
2026-06-27,rent,apac,515.27
2026-06-27,rent,latam,515.26
2026-06-27,software_licenses,us,344.06
2026-06-27,software_licenses,eu,344.05
2026-06-27,software_licenses,apac,344.05
2026-06-27,software_licenses,latam,344.05
2026-06-27,logistics,us,1824.89
2026-06-27,logistics,eu,747.55
2026-06-27,logistics,apac,384.9
2026-06-27,logistics,latam,524.3
2026-06-27,packaging,us,463.12
2026-06-27,packaging,eu,218.13
2026-06-27,packaging,apac,91.63
2026-06-27,packaging,latam,71.56
2026-06-27,payment_processing_fees,us,413.06
2026-06-27,payment_processing_fees,eu,413.06
2026-06-27,payment_processing_fees,apac,413.05
2026-06-27,payment_processing_fees,latam,413.05
2026-06-27,customer_support_tooling,us,164.32
2026-06-27,customer_support_tooling,eu,164.31
2026-06-27,customer_support_tooling,apac,164.31
2026-06-27,customer_support_tooling,latam,164.31
2026-06-27,insurance,us,105.99
2026-06-27,insurance,eu,105.99
2026-06-27,insurance,apac,105.99
2026-06-27,insurance,latam,105.99
2026-06-28,rent,us,489.23
2026-06-28,rent,eu,489.23
2026-06-28,rent,apac,489.23
2026-06-28,rent,latam,489.22
2026-06-28,software_licenses,us,385.30
2026-06-28,software_licenses,eu,385.29
2026-06-28,software_licenses,apac,385.29
2026-06-28,software_licenses,latam,385.29
2026-06-28,logistics,us,2079.01
2026-06-28,logistics,eu,764.53
2026-06-28,logistics,apac,364.29
2026-06-28,logistics,latam,517.75
2026-06-28,packaging,us,503.3
2026-06-28,packaging,eu,183.29
2026-06-28,packaging,apac,87.91
2026-06-28,packaging,latam,75.74
2026-06-28,payment_processing_fees,us,416.28
2026-06-28,payment_processing_fees,eu,416.28
2026-06-28,payment_processing_fees,apac,416.27
2026-06-28,payment_processing_fees,latam,416.27
2026-06-28,customer_support_tooling,us,172.85
2026-06-28,customer_support_tooling,eu,172.84
2026-06-28,customer_support_tooling,apac,172.84
2026-06-28,customer_support_tooling,latam,172.84
2026-06-28,insurance,us,107.95
2026-06-28,insurance,eu,107.95
2026-06-28,insurance,apac,107.95
2026-06-28,insurance,latam,107.94
2026-06-29,rent,us,498.31
2026-06-29,rent,eu,498.30
2026-06-29,rent,apac,498.30
2026-06-29,rent,latam,498.30
2026-06-29,software_licenses,us,370.54
2026-06-29,software_licenses,eu,370.54
2026-06-29,software_licenses,apac,370.54
2026-06-29,software_licenses,latam,370.54
2026-06-29,logistics,us,1907.85
2026-06-29,logistics,eu,900.15
2026-06-29,logistics,apac,371.89
2026-06-29,logistics,latam,551.14
2026-06-29,packaging,us,453.15
2026-06-29,packaging,eu,182.67
2026-06-29,packaging,apac,74.24
2026-06-29,packaging,latam,73.94
2026-06-29,payment_processing_fees,us,432.47
2026-06-29,payment_processing_fees,eu,432.47
2026-06-29,payment_processing_fees,apac,432.46
2026-06-29,payment_processing_fees,latam,432.46
2026-06-29,customer_support_tooling,us,162.79
2026-06-29,customer_support_tooling,eu,162.79
2026-06-29,customer_support_tooling,apac,162.79
2026-06-29,customer_support_tooling,latam,162.78
2026-06-29,insurance,us,110.33
2026-06-29,insurance,eu,110.33
2026-06-29,insurance,apac,110.33
2026-06-29,insurance,latam,110.32
2026-06-30,rent,us,510.50
2026-06-30,rent,eu,510.49
2026-06-30,rent,apac,510.49
2026-06-30,rent,latam,510.49
2026-06-30,software_licenses,us,387.47
2026-06-30,software_licenses,eu,387.46
2026-06-30,software_licenses,apac,387.46
2026-06-30,software_licenses,latam,387.46
2026-06-30,logistics,us,1956.41
2026-06-30,logistics,eu,857.74
2026-06-30,logistics,apac,389.19
2026-06-30,logistics,latam,486.05
2026-06-30,packaging,us,525.59
2026-06-30,packaging,eu,196.43
2026-06-30,packaging,apac,88.46
2026-06-30,packaging,latam,75.39
2026-06-30,payment_processing_fees,us,433.24
2026-06-30,payment_processing_fees,eu,433.24
2026-06-30,payment_processing_fees,apac,433.23
2026-06-30,payment_processing_fees,latam,433.23
2026-06-30,customer_support_tooling,us,182.74
2026-06-30,customer_support_tooling,eu,182.73
2026-06-30,customer_support_tooling,apac,182.73
2026-06-30,customer_support_tooling,latam,182.73
2026-06-30,insurance,us,97.01
2026-06-30,insurance,eu,97.01
2026-06-30,insurance,apac,97.01
2026-06-30,insurance,latam,97.00
2026-06-30,rent,us,478.90
2026-06-30,rent,eu,478.90
2026-06-30,rent,apac,478.90
2026-06-30,rent,latam,478.90
2026-06-30,software_licenses,us,383.84
2026-06-30,software_licenses,eu,383.84
2026-06-30,software_licenses,apac,383.84
2026-06-30,software_licenses,latam,383.83
2026-06-30,logistics,us,1742.17
2026-06-30,logistics,eu,765.11
2026-06-30,logistics,apac,386.4
2026-06-30,logistics,latam,492.12
2026-06-30,packaging,us,512.06
2026-06-30,packaging,eu,193.52
2026-06-30,packaging,apac,77.56
2026-06-30,packaging,latam,73.05
2026-06-30,payment_processing_fees,us,436.51
2026-06-30,payment_processing_fees,eu,436.51
2026-06-30,payment_processing_fees,apac,436.51
2026-06-30,payment_processing_fees,latam,436.50
2026-06-30,customer_support_tooling,us,169.46
2026-06-30,customer_support_tooling,eu,169.45
2026-06-30,customer_support_tooling,apac,169.45
2026-06-30,customer_support_tooling,latam,169.45
2026-06-30,insurance,us,110.28
2026-06-30,insurance,eu,110.28
2026-06-30,insurance,apac,110.28
2026-06-30,insurance,latam,110.27
